# Apple ModelIO OBJ File: trashPilw_04
mtllib trashPilw_04.mtl
g trashPileAlem_01:Patch_initialShadingGroup
v -0.546822 12.5665 -1.76885
v -0.525909 12.7254 -1.64977
v -0.473857 12.6229 -1.86843
v -0.442119 12.7832 -1.7611
v -0.504638 12.8904 -1.53609
v -0.410329 12.9505 -1.65809
v -0.342806 12.8296 -1.88261
v -0.301676 13.0006 -1.79188
v -0.38479 12.6672 -1.97604
v -0.597484 12.4999 -1.67786
v -0.586617 12.6578 -1.54888
v -0.627819 12.4257 -1.59615
v -0.624218 12.5822 -1.45846
v -0.624282 12.7446 -1.32621
v -0.57682 12.8215 -1.42563
v -0.562345 12.4136 -1.88946
v -0.605704 12.3477 -1.80844
v -0.571004 12.2702 -2.0097
v -0.610095 12.204 -1.93823
v -0.632792 12.2752 -1.73529
v -0.637003 12.1329 -1.87272
v -0.500058 12.4707 -1.97732
v -0.422202 12.5156 -2.07076
v -0.449028 12.3773 -2.16415
v -0.516846 12.3293 -2.08563
v -0.488041 13.0613 -1.43173
v -0.383974 13.1238 -1.5622
v -0.47395 13.2373 -1.33426
v -0.362391 13.3022 -1.47108
v -0.238233 13.3616 -1.61997
v -0.266827 13.1782 -1.70522
v -0.571812 12.9911 -1.31223
v -0.630306 12.9127 -1.20338
v -0.633123 13.087 -1.08584
v -0.566275 13.1666 -1.20541
v -0.654613 12.0592 -1.8147
v -0.646267 12.1988 -1.67104
v -0.6696 11.9851 -1.7635
v -0.655118 12.1202 -1.61459
v -0.643687 12.2631 -1.46105
v -0.639802 12.3464 -1.52444
v -0.638319 12.001 -2.0053
v -0.66137 11.9293 -1.95181
v -0.622857 11.8776 -2.12776
v -0.650415 11.8067 -2.07661
v -0.674822 11.7383 -2.02976
v -0.681773 11.8586 -1.90387
v -0.609479 12.0717 -2.06482
v -0.571328 12.1393 -2.1277
v -0.553803 12.0195 -2.23994
v -0.591981 11.9491 -2.18348
v -0.638687 12.5005 -1.3785
v -0.640666 12.4131 -1.30681
v -0.647218 12.5694 -1.15705
v -0.64443 12.6604 -1.23729
v -0.658541 12.8254 -1.10484
v -0.664506 12.7315 -1.01697
v -0.677608 12.8964 -0.881819
v -0.668253 12.9953 -0.976867
v -0.660798 13.1699 -0.849072
v -0.623564 13.2681 -0.969438
v -0.671604 13.0611 -0.746829
v -0.623137 13.3458 -0.718
v -0.637048 13.2183 -0.609636
v -0.586304 13.4554 -0.85004
v -0.554889 13.3482 -1.10189
v -0.524934 13.5313 -0.998285
v -0.460198 13.4178 -1.24127
v -0.438314 13.5938 -1.14964
v -0.506014 13.6482 -0.723515
v -0.463687 13.7117 -0.891194
v -0.373702 13.8768 -0.590569
v -0.372876 13.8869 -0.836126
v -0.351576 13.8709 -0.983947
v -0.399829 13.7565 -1.05626
v -0.542232 13.5194 -0.580196
v -0.564494 13.361 -0.467875
v -0.436592 13.6671 -0.424279
v -0.470968 13.4793 -0.315756
v -0.568541 11.5104 -2.22546
v -0.500102 11.406 -2.30558
v -0.595177 11.4502 -2.17851
v -0.531799 11.3466 -2.25575
v -0.427706 11.3057 -2.37781
v -0.466263 11.2463 -2.32439
v -0.570448 11.296 -2.21399
v -0.512612 11.1968 -2.28013
v -0.627574 11.3973 -2.13804
v -0.540295 11.5779 -2.27624
v -0.46775 11.474 -2.35948
v -0.510494 11.651 -2.32992
v -0.434681 11.5488 -2.41627
v -0.351243 11.4511 -2.49608
v -0.389352 11.3746 -2.43531
v -0.631929 11.6217 -2.13524
v -0.60562 11.6892 -2.18335
v -0.576734 11.7607 -2.23486
v -0.655205 11.56 -2.09084
v -0.682415 11.5041 -2.05162
v -0.696247 11.6743 -1.98693
v -0.720779 11.6151 -1.94889
v 1.48479 12.0197 -3.56313
v 1.2211 12.1698 -3.47066
v 1.61322 12.2437 -3.57297
v 1.33927 12.3802 -3.48371
v 0.984224 12.2926 -3.34702
v 1.09219 12.496 -3.36153
v 1.44629 12.6047 -3.49471
v 1.19248 12.7137 -3.3767
v 1.7228 12.4834 -3.57855
v 1.33296 11.8296 -3.54923
v 1.09149 11.9839 -3.45695
v 1.17002 11.6684 -3.529
v 0.95487 11.8207 -3.43987
v 0.747362 11.9488 -3.32244
v 0.868176 12.1107 -3.33514
v 1.77341 11.8353 -3.60988
v 1.58613 11.6415 -3.59863
v 2.10421 11.5943 -3.60273
v 1.80185 11.4197 -3.59655
v 1.3813 11.4887 -3.57811
v 1.56256 11.2879 -3.57951
v 1.91084 12.0841 -3.6156
v 2.0154 12.3525 -3.61671
v 2.21972 11.94 -3.61263
v 2.31114 12.2315 -3.61291
v 0.625097 11.8052 -3.30546
v 0.448207 11.9134 -3.17789
v 0.559021 12.056 -3.18844
v 0.507692 11.6745 -3.27422
v 0.343063 11.783 -3.15552
v 0.192565 11.8772 -3.0279
v 0.288104 12.0055 -3.04231
v 0.390155 12.1458 -3.04709
v 0.815685 11.678 -3.41668
v 1.00828 11.5309 -3.50018
v 0.681509 11.5503 -3.37667
v 0.854572 11.4108 -3.45218
v 0.669445 12.2161 -3.19712
v 0.493077 12.3038 -3.05185
v 0.776001 12.3949 -3.20675
v 0.592596 12.4802 -3.0584
v 0.875214 12.5938 -3.22018
v 0.684437 12.6758 -3.06853
v 0.967992 12.8075 -3.236
v 0.769917 12.887 -3.08164
v 0.241073 12.2219 -2.90763
v 0.336855 12.3778 -2.90834
v 0.110194 12.2863 -2.77365
v 0.198662 12.4393 -2.76862
v 0.430169 12.5518 -2.9105
v 0.285774 12.6105 -2.76409
v 0.147871 12.0839 -2.90704
v 0.061138 11.9587 -2.89867
v -0.053115 12.0303 -2.77478
v 0.025619 12.1513 -2.77781
v 0.515966 12.7443 -2.91546
v 0.366283 12.7998 -2.76141
v 0.595356 12.9531 -2.92262
v 0.440606 13.0057 -2.75955
v 0.850355 13.1104 -3.09712
v 0.669449 13.1761 -2.93141
v 0.509158 13.2266 -2.75743
v 0.74268 13.4089 -2.9334
v 0.576147 13.4594 -2.74746
v 0.929778 13.3407 -3.10648
v 1.05524 13.0309 -3.25282
v 1.14025 13.2575 -3.26325
v 1.28548 12.9382 -3.39055
v 1.37398 13.1623 -3.39734
v 0.156465 12.657 -2.6202
v 0.231869 12.8426 -2.60686
v 0.038065 12.6903 -2.47978
v 0.108114 12.8713 -2.45307
v 0.301964 13.0445 -2.59302
v 0.174105 13.0681 -2.42493
v 0.076383 12.4898 -2.63476
v -0.004061 12.3409 -2.64874
v -0.105114 12.3839 -2.53278
v -0.034112 12.5275 -2.50713
v 0.366117 13.2608 -2.57693
v 0.234107 13.2778 -2.39328
v 0.427367 13.4893 -2.55214
v 0.28963 13.4989 -2.35288
v 0.156225 13.4882 -2.15514
v 0.342184 13.7301 -2.29847
v 0.199844 13.7089 -2.0886
v 0.02452 13.4597 -1.96412
v 0.059803 13.6685 -1.88811
v 0.246362 13.9341 -2.00165
v 0.094668 13.8804 -1.79497
v 0.401635 13.9661 -2.22114
v 0.106912 13.2765 -2.20987
v 0.051706 13.0748 -2.25713
v -0.06767 13.0652 -2.09345
v -0.018164 13.2582 -2.03135
v 0.488754 13.7279 -2.51221
v 0.560642 13.9698 -2.44796
v 0.727944 13.9426 -2.67199
v 0.645778 13.7007 -2.72203
v 4.15787 11.5748 1.39786
v 4.09006 11.4368 1.42497
v 4.23683 11.501 1.36073
v 4.18387 11.3864 1.38267
v 4.0409 11.2882 1.43869
v 4.14722 11.2535 1.39232
v 4.26925 11.354 1.33813
v 4.24427 11.2268 1.34093
v 4.28765 11.4447 1.33261
v 4.05428 11.6543 1.44118
v 3.97319 11.4921 1.47149
v 3.93292 11.7384 1.4927
v 3.84484 11.5615 1.5253
v 3.74802 11.3574 1.53817
v 3.91442 11.3238 1.48589
v 4.24626 11.6973 1.357
v 4.1472 11.8052 1.39963
v 4.34748 11.8103 1.28864
v 4.247 11.9548 1.32767
v 4.11628 12.0846 1.37901
v 4.02447 11.9081 1.45103
v 4.31725 11.5906 1.32182
v 4.35662 11.478 1.29684
v 4.41499 11.6657 1.25673
v 4.45112 11.5191 1.23203
v -3.90516 10.4568 0.813652
v -3.96103 10.5859 0.75642
v -4.01329 10.52 0.610225
v -3.97328 10.4055 0.643985
v -4.00671 10.7034 0.673586
v -4.04459 10.6202 0.553844
v -4.06098 10.5672 0.475059
v -4.04975 10.4851 0.480504
v -4.02139 10.3773 0.490901
v -3.80842 10.5287 1.00258
v -3.88499 10.6753 0.924025
v -3.66282 10.6276 1.22331
v -3.79736 10.7957 1.08472
v -3.95097 10.8082 0.812996
v -3.88169 10.9348 0.95265
v -3.84732 10.3213 0.838069
v -3.74093 10.3723 1.02613
v -3.78846 10.1868 0.838208
v -3.67911 10.222 1.01894
v -3.60099 10.4145 1.20765
v -3.5443 10.2528 1.18902
v -3.925 10.284 0.660805
v -3.98168 10.2619 0.49559
v -3.87195 10.1555 0.655465
v -3.93465 10.1428 0.49095
v -4.0581 10.3744 0.351725
v -4.02505 10.2562 0.343673
v -4.08363 10.3889 0.223896
v -4.05496 10.2633 0.204707
v -4.01607 10.1414 0.188442
v -3.98296 10.1381 0.334123
v -4.07841 10.489 0.362318
v -4.08247 10.5979 0.394961
v -4.09854 10.516 0.25089
v -4.09776 10.6425 0.295634
v -4.03315 10.153 0.057369
v -3.98833 10.0333 0.037385
v -3.9705 10.0251 0.170221
v -4.03712 10.1693 -0.05984
v -3.99223 10.0456 -0.080038
v -3.91463 9.96059 -0.101911
v -3.91102 9.95149 0.019001
v -3.89714 9.9456 0.154955
v -4.07127 10.2798 0.078342
v -4.09817 10.4127 0.104851
v -4.07518 10.3016 -0.036148
v -4.10107 10.4417 -0.005401
v -3.93558 10.024 0.319034
v -3.86994 9.94455 0.314573
v -3.86056 9.9649 0.421352
v -3.88435 10.0241 0.473362
v -3.80318 11.0831 1.07312
v -3.92511 11.0553 0.814154
v -3.84934 11.1985 0.92487
v -3.71404 11.2394 1.17311
v -3.76043 11.3454 1.02108
v -3.86176 11.3016 0.771387
v -3.77227 11.4433 0.859522
v -3.93845 11.1603 0.672696
v -3.71033 10.9544 1.21018
v -3.57424 10.8416 1.34083
v -3.62001 11.1264 1.30619
v -3.48995 11.0238 1.42676
v -3.98669 10.9233 0.692004
v -3.99927 11.0233 0.565622
v -4.03396 10.8041 0.57236
v -4.04574 10.8916 0.460602
v -4.06676 10.6993 0.46916
v -4.07936 10.7662 0.368072
v -3.9325 11.2523 0.531739
v -3.85337 11.3932 0.61864
v -3.76264 11.5322 0.697846
v -3.83128 11.4743 0.468999
v -3.73953 11.6128 0.539027
v -3.91287 11.3323 0.393372
v -3.99582 11.1109 0.438421
v -3.97981 11.1866 0.312572
v -4.04506 10.9698 0.346173
v -4.03323 11.0385 0.231712
v -2.65308 12.6462 0.112525
v -2.76087 12.5728 0.143955
v -2.78889 12.5985 0.266021
v -2.66452 12.6761 0.21112
v -2.88187 12.4892 0.165301
v -2.92686 12.5075 0.304028
v -2.96199 12.5123 0.493179
v -2.7875 12.623 0.393992
v -2.65172 12.7021 0.315659
v -2.61701 12.609 0.028397
v -2.71424 12.5344 0.048421
v -2.5627 12.5641 -0.041629
v -2.65284 12.4851 -0.024616
v -2.82283 12.4525 0.062772
v -2.75236 12.4009 -0.010563
v -2.56562 12.7037 0.085066
v -2.53343 12.6704 0.015981
v -2.50608 12.7339 0.072182
v -2.46582 12.7226 0.022731
v -2.48045 12.6322 -0.044968
v -2.4088 12.6924 -0.030214
v -2.56632 12.7352 0.162578
v -2.54329 12.7616 0.247013
v -2.48632 12.7686 0.114303
v -2.45405 12.7976 0.183061
v -2.86275 12.3177 -0.016109
v -2.94052 12.3692 0.058168
v -2.97989 12.2307 -0.040757
v -3.06314 12.2805 0.035588
v -3.13715 12.3048 0.140891
v -3.00896 12.4006 0.162506
v -2.67308 12.3378 -0.061712
v -2.77793 12.2494 -0.065305
v -2.59011 12.2699 -0.105906
v -2.69012 12.1751 -0.10776
v -2.88978 12.1585 -0.087821
v -2.79646 12.0784 -0.127195
v -2.58053 12.4266 -0.079189
v -2.49654 12.511 -0.097916
v -2.50285 12.3639 -0.125414
v -2.42368 12.4534 -0.145396
v -3.06583 12.4081 0.30189
v -3.19957 12.3008 0.274829
v -3.12196 12.3847 0.464687
v -3.25422 12.2681 0.429165
v -2.70356 12.0047 -0.180471
v -2.90269 11.9788 -0.160429
v -2.80286 11.9025 -0.211117
v -2.61418 11.9416 -0.248089
v -2.70753 11.8384 -0.280096
v -2.89858 11.7965 -0.247933
v -2.79777 11.7323 -0.318176
v -3.00484 11.8733 -0.199254
v -2.60338 12.1051 -0.161812
v -2.50857 12.204 -0.158379
v -2.42986 12.1437 -0.218987
v -2.5199 12.0433 -0.227119
v -3.00334 12.0619 -0.12711
v -3.11242 11.956 -0.170268
v -3.21457 12.0276 -0.130092
v -3.09967 12.1353 -0.084012
v -3.09891 11.759 -0.235464
v -2.98803 11.6851 -0.2851
v -2.88273 11.622 -0.357364
v -3.06934 11.5652 -0.320336
v -2.95939 11.5036 -0.395025
v -3.18426 11.6352 -0.268146
v -3.21082 11.837 -0.20439
v -3.29951 11.7071 -0.233121
v -3.40896 11.7684 -0.190387
v -3.31707 11.9039 -0.163213
v -3.41096 11.9445 -0.083268
v -3.30455 12.071 -0.04784
v -3.50648 11.8061 -0.115069
v -3.48728 11.955 0.025096
v -3.58534 11.8159 -0.013935
v -3.37907 12.0837 0.064672
v -3.18654 12.182 -0.003985
v -3.26144 12.1998 0.105775
v -3.43483 12.0631 0.195629
v -3.32183 12.186 0.238069
v -3.47773 12.0172 0.341235
v -3.37094 12.1454 0.387438
v -3.54081 11.9319 0.15153
v -3.63881 11.7931 0.106244
v -3.58016 11.8843 0.292283
v -3.67724 11.7466 0.241042
v -3.26026 11.5013 -0.296386
v -3.14065 11.4342 -0.351361
v -3.02471 11.3731 -0.428523
v -3.204 11.2946 -0.381096
v -3.08146 11.2327 -0.459362
v -3.32876 11.3604 -0.324643
v -3.37947 11.5686 -0.260108
v -3.45193 11.4244 -0.287942
v -3.56712 11.4769 -0.248009
v -3.49206 11.6251 -0.218627
v -3.59182 11.6596 -0.148045
v -3.66793 11.508 -0.181864
v -3.67251 11.6684 -0.053406
v -3.74962 11.5152 -0.093557
v -3.7279 11.6473 0.060245
v -3.80746 11.496 0.012858
v -3.76795 11.6038 0.187971
v -3.84984 11.4561 0.132299
v -3.71093 11.6853 0.386031
v -3.80261 11.5453 0.324832
v -3.88514 11.4008 0.259681
v -3.61393 11.8215 0.443606
v -3.64207 11.7479 0.603029
v -3.54247 11.8793 0.661906
v -3.51361 11.9539 0.497694
v -3.39161 11.2155 -0.357376
v -3.26145 11.1489 -0.412462
v -3.13237 11.0849 -0.489048
v -3.3166 11.0009 -0.446433
v -3.18237 10.9336 -0.520279
v -3.45008 11.0696 -0.393751
v -3.51814 11.2776 -0.319214
v -3.57746 11.1297 -0.353867
v -3.63491 11.3266 -0.278609
v -3.69386 11.1748 -0.311947
v -3.73576 11.3541 -0.216192
v -3.79438 11.1984 -0.253153
v -3.81749 11.3591 -0.134631
v -3.87607 11.2006 -0.178325
v -3.87688 11.3406 -0.036593
v -3.93599 11.1817 -0.088303
v -3.92045 11.3032 0.073254
v -3.97941 11.146 0.012548
v -3.95472 11.2513 0.190247
v -4.01158 11.0978 0.119862
v -3.50545 10.9252 -0.432935
v -3.37304 10.8543 -0.483986
v -3.23638 10.7827 -0.555756
v -3.43162 10.7121 -0.522647
v -3.29767 10.6324 -0.594214
v -3.55614 10.7879 -0.471888
v -3.62926 10.9822 -0.391843
v -3.67166 10.8395 -0.430505
v -3.7424 11.022 -0.349545
v -3.77874 10.8701 -0.389328
v -3.84281 11.041 -0.294871
v -3.87793 10.8828 -0.339186
v -3.92528 11.04 -0.226339
v -3.96078 10.8781 -0.276186
v -3.98461 11.02 -0.142465
v -4.01888 10.8565 -0.196432
v -4.02632 10.9855 -0.048112
v -4.05836 10.8233 -0.10586
v -3.60056 10.6633 -0.507571
v -3.49318 10.5774 -0.559945
v -3.36953 10.483 -0.634391
v -3.47259 10.3213 -0.663818
v -3.57127 10.4763 -0.577723
v -3.62787 10.5705 -0.531902
v -3.70282 10.7059 -0.467212
v -3.70974 10.5737 -0.507731
v -3.80111 10.721 -0.429218
v -3.80685 10.5729 -0.470595
v -3.89659 10.7247 -0.383935
v -3.89978 10.5672 -0.42627
v -3.97821 10.7157 -0.325378
v -3.97859 10.5541 -0.368524
v -1.35067 11.7139 2.51687
v -1.31363 11.8613 2.43172
v -1.44771 11.7068 2.45951
v -1.42546 11.83 2.37879
v -1.29272 12.0088 2.33648
v -1.4234 11.9562 2.28462
v -1.5364 11.7746 2.34914
v -1.55623 11.8812 2.24937
v -1.52317 11.6995 2.42084
v -1.23838 11.7132 2.57903
v -1.18697 11.8757 2.48919
v -1.11097 11.6973 2.63492
v -1.04536 11.8689 2.54045
v -0.991404 12.0389 2.43581
v -1.14865 12.0369 2.38981
v -1.41537 11.5731 2.60132
v -1.30852 11.5589 2.66835
v -1.4987 11.4411 2.69075
v -1.3911 11.4181 2.76329
v -1.19003 11.5354 2.72691
v -1.27644 11.3905 2.82459
v -1.5101 11.5866 2.53372
v -1.59202 11.6185 2.45673
v -1.59843 11.4683 2.61174
v -1.6941 11.5105 2.52119
v -0.884067 12.9149 0.834618
v -0.991945 12.9055 0.999941
v -0.725232 12.9143 0.92588
v -0.816385 12.911 1.07638
v -1.07969 12.8811 1.1764
v -0.893065 12.8943 1.23836
v -0.641299 12.8874 1.13321
v -0.704165 12.8742 1.28449
v -0.567638 12.8903 0.994466
v -1.04341 12.8953 0.71408
v -1.16289 12.8719 0.899994
v -1.2201 12.857 0.547497
v -1.33272 12.8252 0.807765
v -1.25496 12.8347 1.09901
v -1.41944 12.7702 1.02258
v -0.760953 12.9299 0.69749
v -0.895833 12.924 0.571284
v -0.631274 12.9475 0.585207
v -0.739634 12.9515 0.46071
v -1.00507 12.9004 0.412932
v -0.83124 12.9378 0.314912
v -0.623833 12.9209 0.796486
v -0.484922 12.8933 0.874053
v -0.395038 12.9025 0.773978
v -0.515934 12.9326 0.688656
v -0.412019 12.8392 1.04698
v -0.471777 12.8339 1.17433
v -0.522088 12.821 1.3144
v -0.311652 12.7591 1.204
v -0.351481 12.7452 1.33274
v -0.262391 12.7674 1.08759
v -0.344668 12.8432 0.935974
v -0.206994 12.7741 0.985875
v -0.144471 12.7864 0.902296
v -0.270008 12.8531 0.844091
v -0.29987 12.9242 0.696246
v -0.405281 12.9513 0.602849
v -0.202732 12.9729 0.646652
v -0.296997 12.9984 0.544128
v -0.503704 12.9647 0.494419
v -0.384755 13.0094 0.429243
v -0.188321 12.876 0.774101
v -0.073831 12.8114 0.84031
v 0.002315 12.859 0.809335
v -0.102146 12.9241 0.73367
v -0.12277 12.6809 1.1205
v -0.075824 12.6894 1.02738
v 0.008905 12.5912 1.15549
v 0.052217 12.5987 1.07113
v 0.101203 12.6163 1.00315
v -0.022053 12.7047 0.951891
v -0.164755 12.6718 1.2265
v -0.196994 12.6578 1.34416
v -0.030447 12.5847 1.24934
v -0.058229 12.5726 1.35371
v 0.040406 12.7346 0.89877
v 0.157574 12.6529 0.958427
v 0.217045 12.7076 0.945208
v 0.108207 12.7846 0.877798
v 0.134695 12.5096 1.20237
v 0.180503 12.512 1.12777
v 0.251688 12.4396 1.26928
v 0.306757 12.4362 1.2035
v 0.229254 12.5294 1.06635
v 0.360254 12.453 1.14706
v 0.091914 12.5105 1.28006
v 0.065213 12.5038 1.36641
v 0.14959 12.4595 1.38224
v 0.196631 12.4488 1.33145
v 0.28086 12.5734 1.02823
v 0.410599 12.5043 1.1129
v 0.330346 12.6349 1.01771
v 0.452106 12.5748 1.10072
v 0.372733 12.7047 1.03912
v 0.275328 12.7792 0.971748
v 0.479093 12.6489 1.11022
v 0.498471 12.7124 1.12679
v 0.431091 12.7719 1.08714
v 0.346555 12.8591 1.02811
v 0.178004 12.86 0.898758
v 0.257703 12.9537 0.95146
v 0.166568 13.0466 0.860578
v 0.081357 12.9392 0.818784
v -3.1499 12.3383 0.868264
v -3.24763 12.2414 0.8167
v -3.19379 12.2531 1.03617
v -3.28346 12.1571 0.988063
v -3.3464 12.1281 0.767861
v -3.37349 12.0464 0.939299
v -3.29214 12.0701 1.14959
v -3.37927 11.9611 1.10425
v -3.2059 12.1656 1.19271
v -3.075 12.4229 0.691714
v -3.18818 12.3232 0.639266
v -3.3049 12.2062 0.595662
v -3.05508 12.4105 0.927743
v -2.97855 12.4949 0.765487
v -2.96388 12.46 0.985656
v -2.89241 12.5388 0.843286
v -2.8745 12.5785 0.618832
v -2.79749 12.6142 0.713557
v -3.10114 12.3286 1.08614
v -3.11527 12.2446 1.23524
v -3.02183 12.3023 1.26649
v -3.00794 12.3827 1.1294
v -3.44429 12.0067 0.716556
v -3.41199 12.0826 0.548425
v -3.46719 11.9265 0.88736
v -3.5643 11.7996 0.830776
v -3.57093 11.715 0.999484
v -3.47259 11.8422 1.05507
v 1.67904 10.4092 2.72778
v 1.43965 10.3568 2.8286
v 1.41369 10.2483 2.76246
v 1.64496 10.3031 2.65778
v 1.18273 10.3171 2.8893
v 1.16492 10.2086 2.83118
v 1.14006 10.1112 2.75081
v 1.38043 10.1478 2.67498
v 1.60503 10.1999 2.56974
v 1.70276 10.5134 2.77335
v 1.45497 10.4658 2.86317
v 1.71867 10.6169 2.79394
v 1.46408 10.5749 2.87072
v 1.19739 10.5405 2.91106
v 1.19187 10.4284 2.91323
v 1.8919 10.4624 2.60712
v 1.92488 10.5628 2.6558
v 2.08558 10.5062 2.48171
v 2.12624 10.604 2.52874
v 1.95062 10.6607 2.68383
v 2.16129 10.6969 2.56012
v 1.85202 10.3566 2.53993
v 1.8093 10.2496 2.45695
v 1.99815 10.2903 2.34462
v 2.04187 10.4003 2.42038
v 2.22153 10.4255 2.3106
v 2.26744 10.5306 2.36663
v 2.17646 10.3156 2.24076
v 2.34421 10.3272 2.14334
v 2.39006 10.4344 2.20786
v 2.43642 10.5375 2.25867
v 2.31178 10.6268 2.41041
v 2.48125 10.6329 2.29761
v 2.35209 10.7165 2.44257
v 2.52231 10.7213 2.32716
v 2.59151 10.529 2.15462
v 2.63439 10.6238 2.18713
v 2.72955 10.514 2.04819
v 2.76584 10.6085 2.07306
v 2.79406 10.6999 2.08779
v 2.67126 10.7133 2.2099
v 2.54653 10.4289 2.10945
v 2.50136 10.3266 2.05037
v 2.64806 10.3196 1.95749
v 2.6897 10.4169 2.00988
v 1.10975 10.0332 2.66015
v 1.34319 10.0623 2.57639
v 1.08305 9.98401 2.55795
v 1.31207 10.0054 2.47412
v 1.56374 10.1041 2.47005
v 1.5268 10.0354 2.37635
v 0.888464 10.1077 2.77539
v 0.866991 10.03 2.70153
v 0.636474 10.1237 2.77242
v 0.622689 10.0454 2.71409
v 0.609573 9.9914 2.63619
v 0.847278 9.97911 2.61046
v 0.905343 10.2001 2.84115
v 0.917263 10.3022 2.8896
v 0.647259 10.2095 2.82379
v 0.655415 10.3026 2.86339
v 1.76783 10.1452 2.36091
v 1.71972 10.0659 2.28205
v 1.95746 10.1806 2.25431
v 1.89826 10.0867 2.15865
v 2.13463 10.2051 2.15557
v 2.10227 10.1229 2.06521
v 2.2647 10.1392 1.98509
v 2.30093 10.2195 2.06331
v 2.45791 10.2248 1.97615
v 2.41226 10.1484 1.91249
v 2.6064 10.2243 1.89041
v 2.54914 10.1457 1.81255
v 2.74722 10.2215 1.80243
v 2.78446 10.312 1.86036
v 2.71542 10.1558 1.73074
v 2.85434 10.1572 1.65594
v 2.88382 10.2212 1.71131
v 2.91336 10.309 1.75936
v 2.81835 10.406 1.90366
v 2.93644 10.4007 1.79377
v 2.95197 10.4946 1.81522
v 2.84744 10.5013 1.9331
v 3.03759 10.3157 1.65487
v 3.04794 10.4056 1.68319
v 3.16411 10.3305 1.55376
v 3.16018 10.4211 1.58069
v 3.14924 10.5121 1.59691
v 3.04996 10.4976 1.70042
v 3.01962 10.2282 1.61614
v 2.98975 10.1631 1.58004
v 3.12819 10.1613 1.47204
v 3.16151 10.2378 1.51638
v -2.47029 11.1611 -1.26
v -2.55573 11.1214 -1.10489
v -2.50789 11.2524 -1.03263
v -2.42205 11.2878 -1.17529
v -2.64742 11.105 -0.954138
v -2.60197 11.2409 -0.895609
v -2.55076 11.3702 -0.834736
v -2.45684 11.3788 -0.958854
v -2.37269 11.4119 -1.08931
v -2.51648 11.0329 -1.34306
v -2.60007 10.987 -1.17587
v -2.55699 10.9014 -1.42442
v -2.63921 10.8488 -1.24562
v -2.72517 10.8197 -1.06922
v -2.68837 10.9644 -1.01198
v -2.3891 11.2234 -1.41465
v -2.43285 11.1001 -1.50755
v -2.3018 11.2975 -1.56043
v -2.34052 11.1786 -1.66124
v -2.47092 10.9747 -1.59786
v -2.37359 11.0588 -1.75807
v -2.34381 11.3465 -1.31904
v -2.29817 11.4682 -1.22143
v -2.26117 11.4168 -1.45528
v -2.22033 11.536 -1.347
v -2.40282 11.4994 -0.883336
v -2.32313 11.5323 -1.00245
v -2.49253 11.491 -0.769859
v -2.42843 11.6034 -0.703791
v -2.34521 11.6123 -0.807741
v -2.27193 11.6454 -0.91578
v -2.25335 11.5876 -1.12256
v -2.20846 11.7005 -1.02346
v -2.18101 11.6543 -1.23677
v -2.14275 11.7672 -1.12536
v -2.12623 11.6032 -1.45776
v -2.16211 11.4872 -1.57542
v -2.01629 11.6626 -1.54894
v -2.04718 11.5511 -1.67537
v -2.07821 11.4422 -1.79677
v -2.19806 11.3726 -1.68892
v -2.09367 11.7214 -1.33819
v -2.06272 11.8351 -1.21608
v -1.99022 11.7799 -1.42111
v -1.96597 11.8946 -1.29004
v -2.28338 11.7154 -0.733737
v -2.21762 11.7474 -0.830349
v -2.3596 11.7075 -0.639345
v -2.22256 11.8089 -0.667556
v -2.29039 11.8053 -0.582496
v -2.16526 11.8366 -0.751891
v -2.16264 11.803 -0.925193
v -2.11863 11.8914 -0.831611
v -2.10509 11.8703 -1.01358
v -2.06881 11.9597 -0.904042
v -2.03162 11.9379 -1.09081
v -2.00193 12.0281 -0.966509
v -1.94051 11.9984 -1.15385
v -1.91719 12.0923 -1.01836
v -2.11992 11.9109 -0.686134
v -2.16799 11.8928 -0.615426
v -2.22516 11.8988 -0.53922
v -2.11641 11.971 -0.584429
v -2.16124 11.9882 -0.511063
v -2.09571 11.9648 -0.644267
v -2.07919 11.9621 -0.746565
v -2.05695 12.0144 -0.664947
v -2.03466 12.0315 -0.799408
v -2.01236 12.0868 -0.697648
v -1.97518 12.1041 -0.84735
v -1.95797 12.1657 -0.732057
v -1.89933 12.1769 -0.889376
v -1.89047 12.248 -0.764605
v -1.81376 12.1481 -1.05896
v -1.83005 12.0449 -1.19969
v -1.69806 12.189 -1.08441
v -1.70794 12.0751 -1.22743
v -1.72285 11.9602 -1.37237
v -1.85011 11.9362 -1.34164
v -1.80567 12.2466 -0.924471
v -1.80653 12.3303 -0.791723
v -1.69788 12.3007 -0.945803
v -1.70662 12.3958 -0.805034
v -2.01167 12.1265 -0.596739
v -1.95691 12.2124 -0.619362
v -2.03253 12.1604 -0.501693
v -1.97411 12.2518 -0.514386
v -1.89411 12.3013 -0.641767
v -1.91254 12.3443 -0.526104
v -2.06457 12.0475 -0.581647
v -2.09596 12.074 -0.499569
v -1.81708 12.3894 -0.656204
v -1.83967 12.434 -0.525304
v -1.72349 12.4602 -0.655541
v -1.75085 12.5065 -0.505689
v -1.79108 12.5473 -0.363846
v -1.68483 12.5907 -0.286109
v -1.64145 12.5475 -0.460963
v -1.84728 12.5827 -0.242343
v -1.75011 12.627 -0.136008
v -1.62602 12.6733 0.025239
v -1.55753 12.6197 -0.210663
v -1.5163 12.571 -0.411559
v -1.87669 12.4741 -0.406411
v -1.94808 12.3844 -0.42286
v -1.99867 12.424 -0.335037
v -1.92806 12.5112 -0.304868
v -1.61101 12.4971 -0.632643
v -1.48639 12.5148 -0.599946
v -1.59118 12.4275 -0.796162
v -1.46644 12.44 -0.774332
v 1.16894 12.4605 1.52225
v 1.08214 12.3164 1.57871
v 1.45552 12.4283 1.62912
v 1.33112 12.2487 1.70984
v 0.952241 12.2124 1.63799
v 1.14428 12.1173 1.78789
v 1.3613 11.9671 1.95615
v 1.59547 12.1606 1.82081
v 1.82902 12.3851 1.72731
v 0.934754 12.4857 1.41458
v 0.874305 12.3688 1.45347
v 0.743656 12.509 1.30681
v 0.698883 12.4125 1.33325
v 0.631337 12.3452 1.37058
v 0.782945 12.2862 1.49926
v 1.1955 12.6251 1.4681
v 0.953761 12.6206 1.37801
v 1.17109 12.8056 1.41122
v 0.930849 12.7707 1.3391
v 0.757453 12.619 1.2857
v 0.735047 12.7417 1.26272
v 1.48595 12.6283 1.55267
v 1.80381 12.6493 1.61845
v 1.45196 12.8441 1.47574
v 1.75717 12.8882 1.52899
v -2.91662 12.4146 1.15737
v -2.87699 12.4891 1.03252
v -2.92717 12.3341 1.27578
v -2.83149 12.4235 1.16992
v -2.83879 12.3461 1.26796
v -2.7963 12.4935 1.06488
v -2.81018 12.5543 0.907812
v -2.73549 12.5469 0.958547
v -2.72198 12.614 0.792908
v -2.65511 12.5931 0.860555
v 1.90254 12.9497 -3.57341
v 1.97988 13.1654 -3.55683
v 2.18073 12.8419 -3.60541
v 2.24916 13.0624 -3.58783
v 2.05318 13.3658 -3.52723
v 2.31275 13.2663 -3.55838
v 2.51324 12.9671 -3.58454
v 2.56718 13.1753 -3.55653
v 2.4548 12.7413 -3.60105
v 1.63085 13.0581 -3.50239
v 1.71451 13.2722 -3.49082
v 1.46074 13.3788 -3.39134
v 1.79641 13.4722 -3.46384
v 1.54909 13.5826 -3.36715
v 1.81804 12.7206 -3.57967
v 1.54246 12.8332 -3.50231
v 2.10409 12.6052 -3.61418
v 2.38847 12.4974 -3.60978
v 2.12556 13.5491 -3.48189
v 2.37491 13.4532 -3.51402
v 2.19726 13.7146 -3.42285
v 2.43546 13.6229 -3.45587
v 2.62004 13.3663 -3.51333
v 2.67098 13.5404 -3.45596
v 1.87955 13.6549 -3.41765
v 1.64233 13.7686 -3.31938
v 1.96387 13.8184 -3.35671
v 1.73995 13.9339 -3.25527
v 1.22631 13.4808 -3.25989
v 1.31786 13.6936 -3.23607
v 1.01221 13.5723 -3.10124
v 1.10383 13.7964 -3.0737
v 1.41937 13.8884 -3.18514
v 1.21079 14.0038 -3.01618
v 1.53017 14.0611 -3.11637
v 1.33372 14.19 -2.93811
v 1.84143 14.0754 -3.18209
v 1.64962 14.2072 -3.039
v 1.47326 14.35 -2.84895
v 1.77506 14.3249 -2.9615
v 1.62507 14.4748 -2.76667
v 1.94493 14.1938 -3.10469
v 2.04934 13.9609 -3.28548
v 2.13444 14.0844 -3.20658
v 2.33804 13.9924 -3.27106
v 2.26854 13.8616 -3.35215
v 2.04864 14.2896 -3.02792
v 1.90385 14.4125 -2.89233
v 1.78487 14.555 -2.70927
v 2.02954 14.4754 -2.83014
v 1.94274 14.603 -2.66569
v 2.1466 14.3662 -2.95303
v 2.21763 14.1906 -3.12263
v 2.29361 14.2823 -3.0345
v 2.40439 14.1092 -3.18086
v 2.46296 14.2151 -3.08109
v 2.23285 14.4267 -2.88125
v 2.35706 14.3622 -2.94306
v 2.29645 14.4687 -2.82004
v 2.3949 14.4419 -2.83972
v 2.50915 14.3128 -2.97132
v 2.5365 14.409 -2.8481
v 2.14568 14.519 -2.77355
v 2.08882 14.6312 -2.62489
v 2.26345 14.5395 -2.73224
v 2.23078 14.6414 -2.59138
v 1.14983 14.3109 -2.71863
v 1.01676 14.1044 -2.81368
v 0.908098 13.8821 -2.88312
v 0.832536 14.177 -2.58819
v 0.968167 14.4021 -2.47286
v 1.3117 14.498 -2.60471
v 1.14345 14.6158 -2.32825
v 1.38594 14.8314 -2.1623
v 1.49523 14.6404 -2.50989
v 1.69328 14.7127 -2.47212
v 1.66804 14.8696 -2.21351
v 1.8865 14.7419 -2.4595
v 1.87611 14.8798 -2.23322
v 1.30172 11.5909 2.32682
v 1.03024 11.6059 2.35385
v 1.01273 11.4467 2.50035
v 1.27846 11.4329 2.47487
v 0.760669 11.6214 2.38013
v 0.746119 11.4637 2.51998
v 0.729364 11.3069 2.63743
v 0.995223 11.2936 2.62288
v 1.25954 11.284 2.59846
v 1.33023 11.7606 2.15721
v 1.04529 11.7733 2.19014
v 1.02252 11.9311 2.02053
v 0.753025 11.9281 2.07042
v 0.767938 11.7796 2.22837
v 1.56609 11.5624 2.30107
v 1.60746 11.7159 2.14414
v 1.81598 11.5287 2.27142
v 1.86454 11.6585 2.13452
v 1.69195 11.8771 1.99629
v 1.94697 11.7913 2.00778
v 1.53797 11.4155 2.43903
v 1.51889 11.2755 2.55646
v 1.76892 11.2713 2.50327
v 1.78623 11.3985 2.39495
v 2.04403 11.4983 2.23267
v 2.08902 11.6078 2.11195
v 2.25035 11.4673 2.18443
v 2.28564 11.5586 2.07459
v 2.34273 11.6503 1.97484
v 2.161 11.7181 2.00114
v 2.01825 11.386 2.34476
v 2.00529 11.2741 2.44528
v 2.23109 11.373 2.28821
v 2.22301 11.2763 2.38149
v -2.35538 12.0925 -0.287587
v -2.44187 11.9932 -0.303339
v -2.28508 12.0498 -0.360998
v -2.36704 11.9529 -0.383917
v -2.53141 11.893 -0.330493
v -2.45096 11.8548 -0.417918
v -2.34922 12.2429 -0.225495
v -2.27551 12.1908 -0.284003
v -2.27455 12.3385 -0.233769
v -2.20101 12.2867 -0.284729
v -2.133 12.2398 -0.344955
v -2.20666 12.1454 -0.349265
v -2.42537 12.3016 -0.173408
v -2.34922 12.395 -0.189002
v -2.21891 12.0148 -0.436037
v -2.29315 11.9201 -0.462297
v -2.36857 11.8231 -0.500602
v -2.14507 12.1065 -0.421614
v -2.07491 12.1979 -0.41752
v -2.27555 12.4809 -0.187265
v -2.20244 12.4279 -0.230933
v -2.3479 12.5345 -0.14496
v -2.27661 12.6076 -0.123246
v -2.2052 12.5587 -0.165057
v -2.13303 12.5101 -0.210395
v -2.13064 12.3787 -0.281906
v -2.06225 12.4656 -0.265635
v -2.06533 12.3332 -0.344306
v -2.0117 12.2915 -0.422249
v -1.99375 12.5464 -0.226013
v -2.06648 12.584 -0.165565
v -1.92259 12.6129 -0.153509
v -2.00468 12.6448 -0.090438
v -1.84623 12.6566 -0.038591
v -1.94951 12.6882 0.020991
v -1.78998 12.6977 0.118855
v -1.91549 12.7245 0.168108
v -0.674497 12.9633 0.235103
v -0.741791 12.9323 0.086467
v -0.896319 12.8999 0.147562
v -0.54041 13.0085 0.172814
v -0.608765 12.9817 0.033265
v -0.669613 12.9357 -0.110308
v -0.795708 12.8814 -0.068156
v -0.93975 12.8423 -0.027563
v -0.594289 12.9714 0.371462
v -0.465816 13.0153 0.305139
v -1.06527 12.8563 0.217496
v -1.0932 12.7962 0.012004
v -1.24593 12.8123 0.271473
v -1.2567 12.7498 0.039566
v -0.360234 13.1148 0.263341
v -0.434545 13.105 0.127356
v -0.280939 13.1099 0.393798
v -0.194691 13.2563 0.381131
v -0.278762 13.2599 0.239382
v -0.358348 13.2447 0.093807
v -0.504325 13.0763 -0.012985
v -0.433051 13.2095 -0.054258
v -0.570001 13.0276 -0.154549
v -0.505042 13.1524 -0.200476
v -0.222621 13.4406 0.226578
v -0.313265 13.4194 0.067244
v -0.128444 13.4388 0.384286
v -0.06004 13.6454 0.380723
v -0.168312 13.644 0.204774
v -0.27247 13.6168 0.028743
v -0.399519 13.3749 -0.092524
v -0.373491 13.5632 -0.147492
v -0.482908 13.3053 -0.247683
v -3.24846 10.5664 1.55947
v -3.10928 10.5254 1.73198
v -3.09773 10.6794 1.77722
v -3.22529 10.7276 1.61077
v -2.992 10.4791 1.91023
v -2.9889 10.6304 1.95217
v -2.97289 10.7855 1.99467
v -3.07372 10.8374 1.82598
v -3.18662 10.8912 1.6682
v -3.24422 10.4115 1.51972
v -3.10394 10.3788 1.69146
v -3.22403 10.27 1.48914
v -3.08744 10.2436 1.6548
v -2.96084 10.2035 1.82771
v -2.98141 10.3362 1.86937
v -3.43557 10.5966 1.40556
v -3.42267 10.4254 1.36532
v -3.38446 10.2709 1.33982
v -3.39834 10.7738 1.46983
v -3.33542 10.9494 1.54128
v -2.8706 10.4332 2.08136
v -2.85627 10.2921 2.04232
v -2.83039 10.1614 1.99882
v -2.70199 10.1181 2.16997
v -2.73499 10.2471 2.21513
v -2.75337 10.3876 2.2523
v -2.87204 10.5815 2.11858
v -2.75769 10.5338 2.28482
v -2.74791 10.6822 2.31375
v -2.86029 10.7331 2.1543
v -2.6241 10.2014 2.39262
v -2.64864 10.3426 2.43
v -2.58152 10.0746 2.34299
v -2.51067 10.1606 2.5647
v -2.45765 10.0371 2.50729
v -2.54391 10.3013 2.6062
v -2.65639 10.4881 2.45926
v -2.55772 10.4462 2.63621
v -2.55183 10.592 2.65533
v -2.64772 10.6347 2.48187
v -3.19932 10.149 1.46535
v -3.06552 10.1235 1.62114
v -3.15237 10.0548 1.42457
v -3.03385 10.0348 1.5855
v -2.934 10.0832 1.78336
v -2.88461 9.98064 1.7215
v -3.34579 10.1435 1.31977
v -3.49064 10.1207 1.17091
v -3.30242 10.0588 1.29152
v -3.42315 10.0237 1.12816
v 2.25533 15.6821 -0.9341
v 2.27759 15.6359 -0.961407
v 2.23707 15.6506 -0.890596
v 2.25609 15.6082 -0.913318
v 2.27725 15.5835 -0.993088
v 2.25197 15.5607 -0.938791
v 2.23887 15.5831 -0.86074
v 2.23409 15.5397 -0.879293
v 2.22125 15.6217 -0.843074
v 2.27572 15.7153 -0.972714
v 2.30481 15.665 -1.00412
v 2.30112 15.751 -1.00253
v 2.33781 15.6974 -1.03779
v 2.35738 15.633 -1.07735
v 2.31329 15.6067 -1.04109
v 2.22243 15.7188 -0.90617
v 2.23913 15.7546 -0.938328
v 2.18164 15.7453 -0.87722
v 2.19621 15.7828 -0.901997
v 2.26105 15.7912 -0.960667
v 2.21665 15.8193 -0.915745
v 2.20829 15.6844 -0.867151
v 2.1967 15.653 -0.823471
v 2.1657 15.6767 -0.802452
v 2.17197 15.7093 -0.842716
v 2.20814 15.5963 -0.792406
v 2.22451 15.5616 -0.804552
v 2.22022 15.5218 -0.815683
v 2.21642 15.5429 -0.746194
v 2.21181 15.5052 -0.749604
v 2.2025 15.575 -0.739601
v 2.18764 15.6261 -0.777329
v 2.18476 15.6043 -0.728974
v 2.16076 15.628 -0.716046
v 2.16134 15.6494 -0.760395
v 2.12756 15.6647 -0.742678
v 2.12875 15.6926 -0.780536
v 2.12806 15.6431 -0.702549
v 2.09311 15.6539 -0.689786
v 2.09204 15.6751 -0.724699
v 2.09067 15.703 -0.757451
v 2.13036 15.725 -0.817021
v 2.08838 15.734 -0.789372
v 2.1357 15.7609 -0.846853
v 2.08983 15.7685 -0.814306
v 2.16584 15.6127 -0.668904
v 2.13155 15.6296 -0.659252
v 2.17548 15.6044 -0.621229
v 2.13765 15.6235 -0.61458
v 2.0945 15.6427 -0.651383
v 2.09666 15.6395 -0.610607
v 2.19168 15.5883 -0.678656
v 2.20907 15.5587 -0.68567
v 2.2254 15.5485 -0.63351
v 2.20575 15.579 -0.628876
v 2.06232 15.6646 -0.67906
v 2.06038 15.6558 -0.646979
v 2.05692 15.6552 -0.610985
v 2.03226 15.6715 -0.649591
v 2.02225 15.6731 -0.618138
v 2.04221 15.6748 -0.671822
v 2.06051 15.6841 -0.706978
v 2.03391 15.6903 -0.687131
v 2.05627 15.7103 -0.732921
v 2.02605 15.7148 -0.707485
v 2.18853 15.6038 -0.575281
v 2.14599 15.6243 -0.570324
v 2.20609 15.6121 -0.533454
v 2.15844 15.6343 -0.5304
v 2.10006 15.642 -0.568571
v 2.10737 15.6539 -0.530826
v 2.22432 15.5776 -0.582134
v 2.24904 15.5455 -0.586018
v 2.27953 15.5495 -0.543561
v 2.24795 15.5842 -0.539569
v 2.85331 14.5653 -2.49624
v 3.02138 14.5307 -2.45296
v 3.04022 14.4073 -2.62548
v 2.86732 14.4474 -2.66563
v 3.18918 14.4906 -2.39756
v 3.21309 14.3611 -2.57225
v 3.22574 14.2347 -2.7353
v 3.04884 14.2865 -2.78624
v 2.87148 14.3326 -2.82285
v 2.83414 14.6903 -2.31775
v 2.99512 14.6607 -2.27245
v 2.81081 14.8182 -2.1368
v 2.96252 14.7941 -2.09125
v 3.15534 14.6267 -2.21528
v 3.11275 14.7667 -2.03342
v 2.68784 14.5946 -2.52796
v 2.67425 14.7154 -2.35218
v 2.52788 14.6182 -2.55137
v 2.51693 14.7354 -2.37846
v 2.50796 14.8552 -2.19709
v 2.65896 14.8387 -2.17146
v 2.69822 14.4816 -2.6922
v 2.69803 14.373 -2.84297
v 2.53857 14.51 -2.70801
v 2.05153 14.8808 -2.23602
v 2.0555 14.7555 -2.44016
v 2.20791 14.8756 -2.22807
v 2.21099 14.7569 -2.4186
v 1.92687 15.0041 -2.00849
v 2.08271 14.9961 -2.02909
v 2.01175 15.1118 -1.80629
v 2.13516 15.0968 -1.84071
v 2.25454 15.086 -1.85657
v 2.22538 14.9874 -2.03394
v 1.74806 15.0096 -1.96608
v 1.56393 15.0187 -1.86576
v 1.87884 15.1301 -1.75073
v 1.74682 15.1506 -1.65865
v 2.3647 14.9797 -2.02908
v 2.35883 14.8673 -2.21553
v 2.37537 15.0806 -1.85652
v 2.50321 14.971 -2.01507
v 2.49857 15.0769 -1.84431
v 2.36365 14.7497 -2.39932
v 2.37633 14.6354 -2.56969
v 2.64346 14.9591 -1.99244
v 2.62504 15.0711 -1.82372
v 2.78431 14.9446 -1.96003
v 2.75267 15.0632 -1.79346
v 2.28652 15.1652 -1.71635
v 2.38498 15.1635 -1.71435
v 2.31096 15.2121 -1.63136
v 2.38011 15.2281 -1.60096
v 2.48995 15.1668 -1.69671
v 2.47156 15.2401 -1.57194
v 2.195 15.178 -1.69221
v 2.10368 15.1999 -1.64764
v 2.26486 15.2379 -1.58356
v 2.19995 15.2678 -1.52806
v 2.33442 15.79 -1.01966
v 2.2908 15.8278 -0.970229
v 2.24392 15.8524 -0.917163
v 2.32714 15.8624 -0.967338
v 2.27718 15.8835 -0.908429
v 2.37473 15.8269 -1.02231
v 2.37669 15.7346 -1.05874
v 2.42196 15.771 -1.06484
v 2.4611 15.6991 -1.09998
v 2.40682 15.6655 -1.0964
v 2.16698 15.8363 -0.871325
v 2.19183 15.8683 -0.867169
v 2.11635 15.8434 -0.826957
v 2.13818 15.8752 -0.819091
v 2.22283 15.8964 -0.854105
v 2.16711 15.9007 -0.803037
v 2.14809 15.7993 -0.864754
v 2.09969 15.8064 -0.826099
v 2.05093 15.7391 -0.759074
v 2.04924 15.7709 -0.778819
v 2.01849 15.7412 -0.728866
v 2.0144 15.7698 -0.744313
v 2.05593 15.8063 -0.785534
v 2.01692 15.8008 -0.746867
v 2.06903 15.8415 -0.782194
v 2.02528 15.8323 -0.739796
v 1.98579 15.7665 -0.714714
v 1.98278 15.792 -0.713904
v 1.97037 15.7627 -0.692674
v 1.95961 15.7774 -0.684521
v 1.98536 15.8178 -0.702527
v 1.95624 15.7978 -0.668472
v 1.99152 15.7413 -0.701485
v 2.00048 15.7165 -0.681682
v 1.97921 15.7198 -0.65566
v 1.96989 15.7442 -0.677278
v 2.01318 15.6925 -0.662772
v 1.99651 15.6953 -0.634488
v 2.57537 14.0038 1.23997
v 2.78258 14.0421 1.16735
v 2.50361 14.2141 1.16499
v 2.70851 14.2517 1.09227
v 2.97893 14.0748 1.08053
v 2.90331 14.2817 1.0099
v 2.83947 14.473 0.935065
v 2.64417 14.4476 1.01277
v 2.43945 14.4115 1.08295
v 2.65249 13.7803 1.31742
v 2.86454 13.8183 1.2467
v 2.732 13.5489 1.39544
v 2.94946 13.5861 1.32785
v 3.15311 13.6178 1.23646
v 3.06417 13.8514 1.15647
v 2.3571 13.9599 1.29381
v 2.42581 13.7377 1.36324
v 2.13825 13.9138 1.32211
v 2.18663 13.6961 1.3792
v 2.49638 13.5069 1.4335
v 2.23621 13.4661 1.43876
v 2.28935 14.1688 1.22355
v 2.22595 14.3644 1.13999
v 2.07648 14.1152 1.25859
v 2.01159 14.303 1.17426
v 1.8758 14.0528 1.26077
v 1.92934 13.8689 1.31815
v 1.80429 14.2243 1.17613
v 1.6062 14.1237 1.1588
v 1.69511 13.9594 1.24772
v 1.7763 13.8355 1.29455
v 1.93708 13.6612 1.36037
v 1.711 13.6833 1.31142
v 1.59707 13.4302 1.33744
v 1.94511 13.4329 1.40795
v -2.76422 12.3445 1.24788
v -2.75685 12.4085 1.1669
v -2.7104 12.3399 1.22246
v -2.68932 12.3775 1.16208
v -2.72371 12.4695 1.07928
v -2.65409 12.4318 1.08241
v -2.81596 12.271 1.35328
v -2.73868 12.2827 1.31224
v -2.76924 12.1981 1.42846
v -2.68806 12.2226 1.36852
v -2.67512 12.3002 1.25267
v -2.61718 12.2522 1.28926
v -2.90671 12.2508 1.38116
v -3.00278 12.2143 1.38892
v -2.95633 12.1246 1.49243
v -2.86096 12.1677 1.47179
v -2.79562 12.0879 1.54595
v -2.70489 12.1273 1.49605
v -2.888 12.0389 1.57274
v -2.80997 11.9642 1.65054
v -2.72042 12.017 1.61985
v -2.6295 12.0629 1.56694
v -2.62017 12.1639 1.42524
v -2.53778 12.1092 1.49
v -2.54245 12.2065 1.33281
v -2.45109 12.1644 1.388
v 2.11877 15.2049 -0.230245
v 2.2353 15.2063 -0.183685
v 2.28228 15.2742 -0.296989
v 2.18949 15.2756 -0.341772
v 2.35829 15.2128 -0.160523
v 2.38407 15.2791 -0.272466
v 2.40403 15.3447 -0.360254
v 2.31994 15.3401 -0.38429
v 2.24467 15.342 -0.424725
v 2.03672 15.1312 -0.084519
v 2.18318 15.1381 -0.040741
v 1.96189 15.0546 0.092889
v 2.13605 15.0717 0.12881
v 2.33022 15.1479 -0.022368
v 2.30581 15.0881 0.139452
v 2.01272 15.2115 -0.303243
v 1.89066 15.1286 -0.157734
v 1.92991 15.2293 -0.405275
v 1.77357 15.1405 -0.272552
v 1.5683 15.0217 -0.081792
v 1.7798 15.0371 0.027725
v 2.11162 15.286 -0.409458
v 2.18475 15.3523 -0.484157
v 2.05269 15.3042 -0.498253
v 2.14115 15.3684 -0.559816
v 2.34404 15.402 -0.449228
v 2.28015 15.4027 -0.484733
v 2.41465 15.4077 -0.425946
v 2.35225 15.4599 -0.490283
v 2.41199 15.4681 -0.466404
v 2.297 15.4577 -0.522878
v 2.22951 15.411 -0.535114
v 2.25202 15.4625 -0.566396
v 2.22166 15.473 -0.619961
v 2.19454 15.4246 -0.598289
v 2.29634 15.507 -0.540242
v 2.25841 15.5072 -0.582068
v 2.23133 15.5137 -0.63112
v 2.34221 15.5134 -0.505934
v 2.39207 15.5259 -0.478487
v 2.31638 15.5605 -0.506507
v 2.35755 15.5781 -0.476013
v 2.27721 15.599 -0.502322
v 2.31109 15.6215 -0.472797
v 2.22921 15.6305 -0.498141
v 2.2573 15.6575 -0.472503
v 2.48376 15.2216 -0.15772
v 2.48889 15.2874 -0.26556
v 2.61155 15.2323 -0.173415
v 2.59527 15.2986 -0.275691
v 2.57757 15.3663 -0.354828
v 2.49044 15.3539 -0.350021
v 2.47801 15.1592 -0.02537
v 2.47468 15.1034 0.128775
v 2.62851 15.1699 -0.04763
v 2.64612 15.1139 0.09896
v 2.48546 15.4185 -0.412237
v 2.55638 15.4329 -0.411194
v 2.47045 15.4816 -0.449035
v 2.52937 15.4995 -0.44285
v 2.44195 15.5439 -0.457242
v 2.49421 15.5676 -0.447855
v 2.44878 15.6318 -0.443688
v 2.40097 15.6017 -0.453237
v 2.74152 15.2443 -0.205745
v 2.70173 15.312 -0.30228
v 2.87084 15.2495 -0.262625
v 2.8034 15.3217 -0.350865
v 2.66382 15.3805 -0.375912
v 2.74441 15.392 -0.416681
v 2.78365 15.1776 -0.087032
v 2.82361 15.116 0.052186
v 3.01588 15.0962 -0.019656
v 2.94712 15.1713 -0.152764
v 2.62734 15.4496 -0.425913
v 2.69349 15.465 -0.45927
v 2.59043 15.5213 -0.452522
v 2.6479 15.5421 -0.480953
v 2.99665 15.2398 -0.351972
v 2.8954 15.3219 -0.426984
v 3.10092 15.2201 -0.47215
v 2.96845 15.3145 -0.525614
v 2.81459 15.3968 -0.480542
v 2.86887 15.3954 -0.56214
v 3.12262 15.1395 -0.254012
v 3.23163 15.0407 -0.124675
v 3.49757 14.9263 -0.278393
v 3.27547 15.0952 -0.398906
v -1.80502 11.3943 2.6087
v -1.6985 11.3509 2.70387
v -1.91657 11.2762 2.70363
v -1.8021 11.2366 2.80132
v -1.5916 11.32 2.79086
v -1.68746 11.2079 2.89501
v -1.78951 11.5782 2.41407
v -1.91567 11.4555 2.505
v -1.89901 11.674 2.2725
v -2.03875 11.518 2.40689
v -2.03408 11.3291 2.60526
v -2.15664 11.3868 2.5091
v -1.66042 11.6876 2.36151
v -1.70678 11.7863 2.24582
v -1.47982 11.2961 2.87
v -1.56943 11.1874 2.98141
v -1.36409 11.27 2.93617
v -1.44851 11.1659 3.05299
v -2.02054 11.1624 2.79041
v -1.90104 11.1276 2.89527
v -2.11514 11.049 2.86559
v -1.99226 11.019 2.98096
v -1.77968 11.1028 2.99656
v -1.86409 10.9979 3.08972
v -2.13994 11.2083 2.68579
v -2.25931 11.2609 2.58061
v -2.23319 11.0887 2.74738
v -2.34758 11.1359 2.62661
v -2.19859 10.9321 2.92573
v -2.07267 10.9059 3.05363
v -2.26643 10.8074 2.9692
v -2.13617 10.7844 3.10794
v -1.93653 10.8863 3.1687
v -1.9909 10.766 3.22641
v -2.31379 10.9659 2.79082
v -2.42226 11.0074 2.65232
v -2.3792 10.8369 2.81848
v -2.48213 10.8742 2.66307
v -2.47595 11.9602 1.74576
v -2.54966 12.0089 1.65204
v -2.57184 11.913 1.80613
v -2.64508 11.9605 1.70975
v -2.73442 11.9071 1.74654
v -2.65839 11.8602 1.85051
v -2.36077 12.0106 1.6693
v -2.44363 12.0611 1.57035
v -2.21049 12.0867 1.56496
v -2.34321 12.1274 1.45951
v -2.41894 11.9119 1.84257
v -2.31223 11.9488 1.78984
v -2.38178 11.8755 1.91264
v -2.30003 11.8814 1.91264
v -2.18391 11.9848 1.75539
v -2.18005 11.8948 1.90955
v -2.50293 11.8694 1.89951
v -2.57892 11.816 1.95223
v -2.48887 11.7755 2.04148
v -2.42537 11.8347 1.97516
v -2.74555 11.7928 1.87899
v -2.6616 11.7465 1.99228
v -2.83163 11.7095 1.89153
v -2.74641 11.6598 2.01637
v -2.64926 11.6075 2.13398
v -2.56625 11.7 2.09647
v -2.82222 11.8398 1.76546
v -2.8976 11.8969 1.66083
v -2.90727 11.7575 1.76804
v -2.98173 11.8149 1.65411
v -2.91496 11.6087 1.88807
v -2.82881 11.5549 2.02119
v -2.98933 11.491 1.86802
v -2.90164 11.4335 2.0067
v -2.80168 11.3728 2.14065
v -2.72965 11.4974 2.14786
v -2.98837 11.6592 1.75582
v -3.06082 11.7183 1.63379
v -3.06508 11.545 1.73158
v -3.1406 11.6072 1.60601
v 1.1912 11.3629 -3.54458
v 1.34941 11.1816 -3.54498
v 1.01694 11.2563 -3.49011
v 1.1582 11.0936 -3.48828
v -1.48419 12.6914 1.21368
v -1.32033 12.7648 1.28112
v -1.52847 12.5942 1.38727
v -1.36348 12.6717 1.44932
v -1.14242 12.8212 1.34696
v -1.18484 12.7349 1.50957
v -1.57371 12.7033 0.963533
v -1.63343 12.6138 1.15366
v -1.7184 12.6433 0.918665
v -1.77181 12.5431 1.10171
v -1.82031 12.4364 1.2777
v -1.67937 12.5122 1.32954
v -1.50495 12.7807 0.754482
v -1.45097 12.8159 0.527778
v -1.67019 12.7415 0.727023
v -1.63448 12.7945 0.519718
v -1.9554 12.3776 1.23339
v -2.00062 12.2564 1.40939
v -1.85381 12.3186 1.44821
v -2.08279 12.3391 1.19347
v -2.13998 12.22 1.36842
v -2.03008 12.1358 1.58363
v -1.8728 12.197 1.61351
v -1.90309 12.4904 1.05851
v -1.85416 12.5998 0.884788
v -1.98167 12.5714 0.861763
v -2.02722 12.4556 1.02467
v -1.70682 12.3983 1.49586
v -1.72023 12.2782 1.65456
v -1.5538 12.4841 1.54958
v -1.56584 12.3667 1.70334
v -1.3889 12.5648 1.60662
v -1.40312 12.45 1.75637
v -1.22986 12.5192 1.80889
v -1.21165 12.6318 1.66222
v -1.87778 12.0789 1.77387
v -1.72406 12.1581 1.80759
v -1.87879 11.9587 1.93269
v -1.72322 12.0352 1.95765
v -1.56949 12.1262 1.99307
v -1.57025 12.2477 1.85131
v -2.03508 12.0247 1.75327
v -2.03536 11.9162 1.91645
v -1.41266 12.3333 1.90191
v -1.41849 12.2125 2.04067
v -1.24652 12.4042 1.95357
v -1.26192 12.2826 2.09246
v -2.30989 12.3268 1.12136
v -2.41159 12.3404 1.09703
v -2.37524 12.2366 1.25997
v -2.47271 12.2636 1.21804
v -2.50323 12.3638 1.08314
v -2.55635 12.2978 1.18798
v -2.25471 12.4356 0.987619
v -2.35975 12.442 0.985884
v -2.21563 12.5509 0.85212
v -2.32539 12.5501 0.87403
v -2.45545 12.4549 0.993169
v -2.42578 12.5498 0.905579
v -2.20062 12.3242 1.15481
v -2.14415 12.4388 1.00079
v -2.10161 12.5566 0.849452
v -2.26459 12.2177 1.31436
v -2.07943 12.6729 0.69795
v -2.19856 12.6603 0.70823
v -1.95453 12.6883 0.704486
v -2.0617 12.7571 0.538065
v -1.93621 12.766 0.538707
v -2.19726 12.7583 0.533472
v -2.3167 12.6461 0.750896
v -2.33686 12.7209 0.63023
v -2.42699 12.6274 0.807861
v -2.45484 12.6859 0.707427
v -2.51168 12.546 0.937166
v -2.52259 12.601 0.861041
v -2.56124 12.6414 0.780525
v -2.60405 12.5663 0.920167
v -2.57425 12.5362 0.957419
v -2.53799 12.4711 1.00705
v -2.60945 12.4928 1.01263
v -2.58233 12.3954 1.08098
v -0.951042 12.8477 1.40219
v -0.992989 12.7741 1.56193
v -0.754496 12.8401 1.4425
v -0.793734 12.7805 1.59959
v -0.561095 12.7941 1.46355
v -0.59287 12.7452 1.61576
v -0.378582 12.7216 1.47145
v -0.400534 12.6797 1.61688
v -0.214703 12.6345 1.47228
v -0.226865 12.5952 1.6094
v -0.066835 12.5484 1.46961
v -0.067181 12.5083 1.59695
v 0.067643 12.4789 1.467
v 0.083197 12.4357 1.58315
v 0.184126 12.4283 1.45304
v 0.221353 12.3807 1.56201
v -1.02158 12.6766 1.71161
v -1.0439 12.5652 1.85615
v -0.849393 12.5824 1.89245
v -0.823318 12.6908 1.74809
v -0.621485 12.6662 1.76497
v -0.650535 12.5652 1.91205
v -0.453439 12.5186 1.91519
v -0.42492 12.6109 1.76579
v -0.242466 12.533 1.75409
v -0.264223 12.4474 1.90209
v -0.070183 12.4487 1.73564
v -0.080361 12.3667 1.88077
v -1.06703 12.4498 2.00047
v -1.09149 12.3256 2.14043
v -0.878102 12.4664 2.03708
v -0.910415 12.3389 2.17852
v 0.167383 13.5611 0.722353
v 0.066548 13.3628 0.684432
v 0.164579 13.2802 0.813229
v 0.277743 13.4541 0.867269
v -0.016002 13.194 0.645004
v 0.075182 13.1289 0.758859
v 0.261225 13.1758 0.926633
v 0.384176 13.3178 0.992217
v 0.053324 13.6213 0.55671
v -0.03159 13.4143 0.539178
v -0.106532 13.2354 0.517717
v 0.31317 13.7804 0.731844
v 0.172917 13.8464 0.54508
v 0.51368 14.0438 0.708219
v 0.298257 14.0754 0.483668
v 0.032682 13.8639 0.347898
v 0.138152 14.0834 0.277587
v 0.438243 13.6412 0.894674
v 0.554268 13.464 1.0326
v 0.639622 13.8153 0.91327
v 0.760828 13.6057 1.05951
v 0.981661 10.7041 -3.21381
v 0.814931 10.6744 -3.12005
v 0.762966 10.7821 -3.16629
v 0.916126 10.8244 -3.27129
v 0.654846 10.6493 -3.02687
v 0.622001 10.7468 -3.06375
v 0.571072 10.8457 -3.08089
v 0.692401 10.8936 -3.19013
v 0.829374 10.9498 -3.30258
v 1.02715 10.5917 -3.13487
v 0.851758 10.5728 -3.05624
v 1.05745 10.4911 -3.03988
v 0.878089 10.4796 -2.98098
v 0.677803 10.5556 -2.97588
v 0.695429 10.467 -2.91721
v 1.15835 10.7363 -3.29757
v 1.2074 10.6101 -3.20193
v 1.34662 10.7728 -3.36398
v 1.39479 10.6305 -3.25183
v 1.23626 10.5003 -3.08565
v 1.41761 10.5095 -3.11513
v 1.08423 10.8733 -3.36674
v 0.984747 11.0164 -3.40472
v 1.26792 10.9298 -3.44452
v 0.493861 10.9438 -3.07269
v 0.599771 11.0067 -3.18677
v 0.396148 11.0422 -3.0448
v 0.48885 11.1191 -3.15984
v 0.720238 11.0776 -3.30291
v 0.593298 11.2037 -3.27446
v 0.462632 10.8039 -2.98837
v 0.398142 10.8848 -2.97494
v 0.383397 10.7786 -2.92899
v 0.317701 10.822 -2.89815
v 0.308957 10.9676 -2.9436
v 0.228043 10.8916 -2.86006
v 0.490484 10.7187 -2.9757
v 0.498091 10.6308 -2.94482
v 0.368872 10.7137 -2.90311
v 0.347802 10.6315 -2.87175
v -1.11775 12.1874 2.27188
v -1.2764 12.1501 2.22174
v -0.947303 12.196 2.3133
v -1.42157 12.0852 2.17008
v -1.56604 12.0012 2.12821
v -0.968584 11.6588 2.67349
v -0.888688 11.8366 2.57477
v -0.806578 11.5966 2.69983
v -0.7135 11.7802 2.59544
v -0.63773 11.9639 2.48025
v -0.82123 12.0132 2.46563
v -1.0604 11.4937 2.76909
v -1.15552 11.3491 2.86991
v -0.918723 11.4322 2.79943
v -1.0324 11.2931 2.90201
v -0.766729 12.1746 2.33877
v -0.577506 12.1285 2.34824
v -0.528852 12.2753 2.20651
v -0.721939 12.3205 2.20069
v -0.62031 11.5101 2.71905
v -0.764113 11.3494 2.82247
v -0.911153 11.2215 2.92368
v -0.63245 11.2392 2.85078
v -0.810607 11.1313 2.94786
v -0.390194 11.3846 2.74023
v -0.516342 11.7015 2.60577
v -0.293707 11.6229 2.60277
v -0.440509 11.8953 2.48065
v -0.226786 11.8204 2.46957
v -1.02657 10.2745 -2.3657
v -1.08408 10.3346 -2.40087
v -0.926152 10.3542 -2.35851
v -1.0111 10.4049 -2.40571
v -1.13216 10.3747 -2.42577
v -1.10819 10.4307 -2.44654
v -0.959854 10.4969 -2.41495
v -1.08588 10.5136 -2.4716
v -0.807271 10.4635 -2.34663
v -1.12787 10.2254 -2.35565
v -1.17139 10.2936 -2.39055
v -1.23191 10.1936 -2.33615
v -1.26982 10.2676 -2.37545
v -1.20437 10.361 -2.42438
v -1.30379 10.3432 -2.41404
v -0.973994 10.1984 -2.33063
v -1.08597 10.1496 -2.31781
v -0.939414 10.1332 -2.28909
v -1.05538 10.0893 -2.27083
v -1.19589 10.1171 -2.29604
v -1.16989 10.0584 -2.24721
v -0.856073 10.2756 -2.32692
v -0.726463 10.3508 -2.32423
v -0.820478 10.1991 -2.29802
v -0.689068 10.26 -2.28116
v 2.61242 10.5445 -2.92172
v 2.81349 10.5387 -2.82905
v 2.51057 10.4053 -2.70086
v 2.69663 10.396 -2.61021
v 3.012 10.5294 -2.71823
v 2.88281 10.3841 -2.50522
v 2.58656 10.3076 -2.42529
v 2.74043 10.283 -2.29603
v 2.42312 10.319 -2.50042
v 2.68682 10.7339 -3.11098
v 2.90366 10.73 -3.01493
v 2.73513 10.9648 -3.26397
v 2.96889 10.9584 -3.16423
v 3.19316 10.9476 -3.04328
v 3.1154 10.7211 -2.89834
v 2.40704 10.5457 -2.99851
v 2.46297 10.7316 -3.18775
v 2.20077 10.5435 -3.05743
v 2.23714 10.722 -3.24308
v 2.4876 10.9662 -3.343
v 2.23717 10.9524 -3.39741
v 2.3216 10.4119 -2.78015
v 2.25045 10.3296 -2.57053
v 2.0455 10.3315 -2.62936
v 2.1334 10.4166 -2.84587
v 2.75868 11.2289 -3.37605
v 3.01091 11.2128 -3.27336
v 2.77895 11.5107 -3.44933
v 3.04155 11.4822 -3.34653
v 3.24541 11.197 -3.1508
v 3.27975 11.4603 -3.22589
v 2.47914 11.2461 -3.4594
v 2.19549 11.2346 -3.51497
v 2.47873 11.5484 -3.53432
v 3.47174 11.1805 -3.00787
v 3.4122 10.9331 -2.90063
v 3.50676 11.4424 -3.0874
v 3.69509 11.1603 -2.83629
v 3.73037 11.4266 -2.92305
v 3.62755 10.9114 -2.72987
v 3.32394 10.7087 -2.75997
v 3.52991 10.6891 -2.59527
v 3.40724 10.5005 -2.43261
v 3.20968 10.5176 -2.58703
v 3.71853 11.971 -3.05983
v 3.71293 12.2229 -3.10309
v 3.89824 11.9815 -2.92763
v 3.87432 12.2337 -2.99343
v 3.71429 12.4554 -3.13201
v 3.86335 12.46 -3.03628
v 3.99418 12.4797 -2.94011
v 4.0153 12.2632 -2.8838
v 4.05507 12.0176 -2.79735
v 3.52771 11.9752 -3.18497
v 3.53711 12.2279 -3.21217
v 3.32377 11.9935 -3.30156
v 3.34591 12.2483 -3.31785
v 3.55016 12.4651 -3.22891
v 3.36986 12.4894 -3.32473
v 3.73126 11.7012 -2.99869
v 3.52151 11.7103 -3.1449
v 3.30379 11.7283 -3.27352
v 3.93855 11.7007 -2.83145
v 4.12077 11.738 -2.67059
v 4.21149 11.4052 -2.46889
v 3.95833 11.4113 -2.72485
v 4.12987 12.3141 -2.77478
v 4.17725 12.0901 -2.67799
v 4.10358 12.5155 -2.84189
v 4.19232 12.5663 -2.74053
v 4.21956 12.3825 -2.66549
v 4.26769 12.1857 -2.56486
v 4.25528 11.8427 -2.54352
v 4.34724 11.9811 -2.43447
v 4.35872 11.6165 -2.35507
v 4.44519 11.7943 -2.26386
v 1.90845 15.2576 -1.50702
v 2.00586 15.2284 -1.58836
v 2.05245 15.3421 -1.39378
v 2.12763 15.3061 -1.46672
v 1.6261 15.1721 -1.51468
v 1.81837 15.2811 -1.39627
v 1.53415 15.1894 -1.33753
v 1.74603 15.2948 -1.26318
v 1.91724 15.3752 -1.19824
v 1.97896 15.3656 -1.3035
v 1.39216 15.0377 -1.67144
v 1.15348 14.8717 -1.85193
v 0.926925 14.8845 -1.51056
v 1.26873 15.0601 -1.42609
v 2.65903 12.4074 -3.57041
v 2.59705 12.14 -3.57083
v 2.71413 12.6545 -3.56297
v 2.95465 12.5829 -3.49906
v 2.9107 12.336 -3.50369
v 2.86445 12.0729 -3.49955
v 2.52749 11.85 -3.56513
v 2.81737 11.7949 -3.48596
v 2.76303 12.8831 -3.54764
v 2.80852 13.094 -3.52087
v 3.03319 13.0238 -3.46204
v 2.99485 12.8121 -3.4863
v 2.85337 13.2876 -3.47913
v 2.89632 13.4645 -3.42328
v 3.10821 13.3962 -3.36962
v 3.07151 13.2184 -3.42291
v 2.71916 13.6979 -3.38541
v 2.93608 13.625 -3.3542
v 2.76394 13.8416 -3.30142
v 2.97211 13.7723 -3.27123
v 3.17129 13.7067 -3.22188
v 3.14165 13.5579 -3.30289
v 2.49423 13.7753 -3.38509
v 2.55023 13.9132 -3.30202
v 2.60247 14.0391 -3.207
v 2.80469 13.9744 -3.20373
v 2.64702 14.1557 -3.09933
v 2.83817 14.0989 -3.09172
v 3.00385 13.9096 -3.17373
v 3.02879 14.0394 -3.06079
v 3.19656 13.8461 -3.12576
v 3.21543 13.9789 -3.01313
v 2.67992 14.2657 -2.97833
v 2.8611 14.2174 -2.96482
v 3.0444 14.1645 -2.93148
v 3.22584 14.1079 -2.88262
v 2.39403 14.5329 -2.71588
v -3.15382 10.5689 -0.698021
v -3.21844 10.4151 -0.740966
v -3.01416 10.5265 -0.832421
v -3.06382 10.3732 -0.877785
v -3.28175 10.261 -0.787213
v -3.1146 10.2228 -0.924088
v -3.09979 10.7233 -0.659002
v -3.05273 10.8776 -0.623651
v -2.93149 10.8373 -0.752547
v -2.97094 10.6819 -0.791019
v -2.89276 10.5099 -0.995771
v -2.92958 10.3567 -1.04296
v -2.78688 10.5197 -1.18107
v -2.81096 10.3646 -1.23362
v -2.83343 10.2083 -1.27535
v -2.96711 10.2058 -1.08641
v -2.85752 10.664 -0.949101
v -2.82245 10.8169 -0.902964
v -2.75814 10.6714 -1.12592
v -3.00907 11.0308 -0.591709
v -2.96495 11.1804 -0.561503
v -2.85382 11.1397 -0.681307
v -2.89313 10.9903 -0.715974
v -2.78615 10.9668 -0.857373
v -2.74738 11.1129 -0.812564
v -2.67144 10.7061 -1.31416
v -2.58819 10.7651 -1.50402
v -2.69377 10.5561 -1.38131
v -2.60468 10.6193 -1.5827
v -2.91654 11.3235 -0.53136
v -2.85901 11.4568 -0.497544
v -2.76011 11.4197 -0.611778
v -2.81148 11.2843 -0.648551
v -2.70489 11.2542 -0.768775
v -2.6546 11.3873 -0.721609
v -2.78754 11.5767 -0.456321
v -2.70653 11.687 -0.411849
v -2.61711 11.6525 -0.513676
v -2.69369 11.5415 -0.565061
v -2.59242 11.5089 -0.66667
v -2.52173 11.6207 -0.60838
v -2.62039 11.7917 -0.368285
v -2.53526 11.7558 -0.4629
v 3.69553 14.6021 -1.64343
v 3.55053 14.6595 -1.76912
v 3.45819 14.8239 -1.58658
v 3.58856 14.7784 -1.45036
v 3.40581 14.7012 -1.87452
v 3.32767 14.8554 -1.69699
v 3.23367 14.9977 -1.53418
v 3.34503 14.9746 -1.42251
v 3.45459 14.9404 -1.28192
v 3.77605 14.4206 -1.84364
v 3.62157 14.4914 -1.96074
v 3.83079 14.2479 -2.0467
v 3.67259 14.3287 -2.15438
v 3.46827 14.5445 -2.06088
v 3.51509 14.3916 -2.24845
v 3.84196 14.5198 -1.49519
v 3.93491 14.3234 -1.70841
v 3.99463 14.4091 -1.33785
v 4.09305 14.2087 -1.55459
v 4.18215 13.9813 -1.78733
v 3.99412 14.141 -1.9249
v 3.7194 14.7084 -1.28248
v 3.5627 14.8852 -1.10424
v 3.68669 14.8051 -0.862368
v 3.86866 14.5987 -1.11374
v 3.8604 14.0977 -2.24833
v 3.70486 14.1806 -2.34294
v 3.87177 13.9648 -2.43777
v 3.72159 14.0446 -2.52021
v 3.56361 14.1143 -2.59962
v 3.54628 14.249 -2.42955
v 4.01546 13.9944 -2.14744
v 4.15803 13.8646 -2.07104
v 4.14238 13.7607 -2.2888
v 4.01412 13.8712 -2.3561
v 3.35385 14.4449 -2.32944
v 3.38206 14.3087 -2.50647
v 3.39782 14.1775 -2.67221
v 3.31296 14.5888 -2.14525
v 3.2602 14.7363 -1.9619
v -4.05596 10.9414 0.051859
v -4.08538 10.7836 -0.010403
v -4.10048 10.739 0.089276
v -4.07426 10.8891 0.155904
v -4.03493 10.6926 -0.247557
v -4.03334 10.5306 -0.291125
v -4.06928 10.5015 -0.201444
v -4.07268 10.6608 -0.157833
v -4.09737 10.6258 -0.063564
v -4.09165 10.4716 -0.106851
v -4.10946 10.5887 0.035957
v -3.7933 10.4239 -0.514838
v -3.88847 10.411 -0.463339
v -3.77459 10.2745 -0.553937
v -3.86992 10.259 -0.491916
v -3.93796 10.2422 -0.4218
v -3.96292 10.3947 -0.400232
v -3.67944 10.4354 -0.557827
v -3.64648 10.2894 -0.607813
v -4.01468 10.373 -0.32242
v -3.98423 10.2239 -0.343637
v -4.01358 10.205 -0.257616
v -4.04818 10.3487 -0.234106
v -0.196208 13.0949 0.517559
v -0.106936 13.0635 0.630991
v -0.014019 13.0093 0.730464
v 4.67515 12.3196 -1.65383
v 4.59408 12.3856 -1.78702
v 4.66625 12.496 -1.60614
v 4.59236 12.5622 -1.72315
v 4.52035 12.4684 -1.91634
v 4.52577 12.6379 -1.84219
v 4.59489 12.7314 -1.65956
v 4.53306 12.8044 -1.77421
v 4.66418 12.6589 -1.55228
v 4.6837 12.1329 -1.69824
v 4.5976 12.2046 -1.85212
v 4.68593 11.9405 -1.73816
v 4.5962 12.0213 -1.91743
v 4.51738 12.2985 -1.99705
v 4.50984 12.1297 -2.0829
v 4.75715 12.2756 -1.52113
v 4.77004 12.0883 -1.54132
v 4.83925 12.2586 -1.39268
v 4.85812 12.0702 -1.3887
v 4.77439 11.8916 -1.55498
v 4.86549 11.871 -1.3783
v 4.74049 12.4448 -1.49635
v 4.73371 12.5917 -1.45849
v 4.7882 12.5387 -1.39361
v 4.81183 12.424 -1.3929
v 4.6041 12.8903 -1.59533
v 4.6761 12.8051 -1.48935
v 4.54165 12.9653 -1.71199
v 4.54947 13.1236 -1.65462
v 4.61694 13.043 -1.53102
v 4.69592 12.9417 -1.42033
v 4.75049 12.7122 -1.39907
v 4.78 12.8203 -1.32579
v 4.81991 12.598 -1.33181
v 4.86261 12.6751 -1.2507
v -0.274582 11.6216 -2.62154
v -0.23342 11.7156 -2.67939
v -0.132349 11.6274 -2.77813
v -0.177142 11.5299 -2.71166
v -0.184917 11.815 -2.72693
v -0.080119 11.7314 -2.83455
v 0.03814 11.6414 -2.94284
v -0.020356 11.5351 -2.87522
v -0.071221 11.4364 -2.79829
v -0.364379 11.7127 -2.53142
v -0.323478 11.8013 -2.58267
v -0.443502 11.8072 -2.43925
v -0.400538 11.8889 -2.48696
v -0.350836 11.9728 -2.52578
v -0.275473 11.894 -2.62401
v -0.313421 11.5334 -2.5593
v -0.400835 11.6284 -2.47477
v -0.479192 11.7277 -2.38558
v -0.219709 11.4392 -2.64144
v -0.119368 11.3447 -2.71894
v -0.262126 11.3549 -2.57153
v -0.1679 11.2594 -2.64198
v -0.508919 11.9092 -2.34294
v -0.545729 11.8345 -2.28944
v -0.462615 11.9833 -2.39122
v -0.504339 12.0868 -2.29335
v -0.447923 12.1481 -2.34197
v -0.41005 12.0558 -2.43224
v -0.294929 12.0589 -2.55281
v -0.217705 11.9908 -2.65096
v -0.234602 12.1528 -2.56377
v -0.152091 12.0952 -2.66318
v -0.124054 11.9191 -2.75828
v -0.354461 12.1253 -2.46397
v -0.388888 12.2007 -2.38412
v -0.337359 12.2385 -2.41332
v -0.29946 12.2025 -2.47646
v -0.344919 13.4849 -1.3824
v -0.325735 13.6633 -1.29102
v -0.194923 13.737 -1.4381
v -0.215869 13.5499 -1.53345
v -0.299015 13.8289 -1.19176
v -0.272574 13.9649 -1.06438
v -0.142052 14.078 -1.18727
v -0.170588 13.9167 -1.32641
v 4.33186 13.49 -2.22541
v 4.38102 13.3513 -2.20407
v 4.35154 13.3041 -2.34115
v 4.30059 13.4307 -2.37657
v 4.40632 13.2202 -2.18653
v 4.38133 13.1789 -2.30823
v 4.32036 13.242 -2.4663
v 4.35397 13.1193 -2.42415
v 4.26783 13.3603 -2.50891
v 4.36278 13.5316 -2.05447
v 4.41126 13.3755 -2.05537
v 4.40407 13.5434 -1.87614
v 4.44732 13.3737 -1.90122
v 4.43248 13.2331 -2.05799
v 4.4627 13.2199 -1.92448
v 4.25031 13.63 -2.24945
v 4.27609 13.7025 -2.04987
v 4.3206 13.7369 -1.83989
v 4.2232 13.5518 -2.41654
v 4.19415 13.469 -2.55663
v 4.12341 13.6628 -2.46625
v 4.10091 13.5667 -2.61182
v 4.28506 13.1734 -2.57927
v 4.23246 13.2851 -2.62337
v 4.32067 13.0517 -2.53535
v 4.24555 13.1048 -2.68004
v 4.27925 12.9839 -2.64051
v 4.19627 13.2097 -2.72052
v 4.16252 13.383 -2.67519
v 4.13031 13.2947 -2.77283
v 4.07465 13.4681 -2.73395
v 4.04645 13.3649 -2.83334
v 4.16107 13.1388 -2.80088
v 4.20175 13.0431 -2.76863
v 4.22756 12.9235 -2.73832
v 4.14699 13.0004 -2.84763
v 4.16245 12.8774 -2.82898
v 4.12992 13.0826 -2.85112
v 4.0995 13.205 -2.85015
v 4.07822 13.1059 -2.9011
v 4.01815 13.2548 -2.91065
v 3.99569 13.1336 -2.9636
v 0.582747 13.0198 1.17921
v 0.486456 13.1701 1.09796
v 0.444855 12.9386 1.10437
v 0.355209 13.0586 1.02571
v 0.772747 13.1051 1.23133
v 0.66738 13.2837 1.14464
v 1.00729 13.1973 1.26977
v 0.887973 13.3998 1.17621
v 0.671211 12.8762 1.23067
v 0.865541 12.9332 1.29318
v 1.10501 12.9978 1.34661
v 0.528489 12.8258 1.1565
v 0.587501 12.7208 1.18541
v 1.2788 13.2992 1.30353
v 1.38315 13.071 1.39356
v 1.68599 13.1388 1.43737
v 1.13823 13.5189 1.20308
v 1.37178 13.6527 1.22384
v 1.22238 13.8611 1.10954
v 0.993183 13.7344 1.0847
v 0.819484 13.6472 -2.92017
v 0.6534 14.2085 -2.3502
v 0.477847 14.2017 -2.11196
v 0.778392 14.4419 -2.21578
v 0.582705 14.4331 -1.96382
v 0.946986 14.6681 -2.04153
v 0.728096 14.6566 -1.76963
v 0.304376 14.1595 -1.88568
v 0.136095 14.0916 -1.67635
v 0.3833 14.3782 -1.73343
v 0.190264 14.2921 -1.52588
v 0.492549 14.5831 -1.53761
v 0.263353 14.4722 -1.33721
v 0.601005 14.7444 -1.30444
v 0.345126 14.6151 -1.12009
v -0.079864 13.6133 -1.70254
v -0.053609 13.812 -1.60661
v -0.108114 13.4158 -1.78503
v -0.023889 14.0074 -1.48893
v 0.013687 14.1895 -1.34246
v 4.08076 12.8524 -2.91271
v 4.0746 12.9889 -2.91963
v 3.98252 12.8437 -2.99301
v 3.98505 12.9971 -2.98989
v 4.17542 12.732 -2.79415
v 4.08881 12.6948 -2.88734
v 3.98441 12.6723 -2.97647
v 4.24453 12.7854 -2.69489
v 4.29848 12.8509 -2.59104
v 4.26115 12.6316 -2.63494
v 4.31331 12.7082 -2.52747
v 3.86187 12.663 -3.06359
v 3.72243 12.6669 -3.15013
v 3.86774 12.8464 -3.07337
v 3.73635 12.8601 -3.15357
v 3.87881 13.0135 -3.06366
v 3.75501 13.0379 -3.13842
v 3.89548 13.1648 -3.03216
v 3.77666 13.2 -3.1028
v 3.56732 12.6835 -3.23756
v 3.39526 12.713 -3.32452
v 3.58828 12.8846 -3.2334
v 3.42241 12.9199 -3.31254
v 3.10469 12.025 -3.4081
v 3.13838 12.2837 -3.41726
v 3.1723 12.5282 -3.41721
v 3.07261 11.7554 -3.38798
v -1.07968 10.7234 -2.51301
v -1.08941 10.8382 -2.5082
v -0.935211 10.7161 -2.45829
v -0.942705 10.8296 -2.45665
v -1.1047 10.951 -2.48163
v -0.957666 10.9401 -2.43419
v -0.821768 10.9286 -2.38121
v -0.8041 10.8213 -2.40032
v -0.793694 10.7106 -2.40105
v -1.23301 10.7258 -2.52996
v -1.24793 10.84 -2.52692
v -1.38877 10.7199 -2.52162
v -1.41076 10.8323 -2.52093
v -1.26518 10.9538 -2.50345
v -1.43178 10.9461 -2.5019
v -1.07744 10.6132 -2.49728
v -1.22227 10.6174 -2.51617
v -1.21605 10.5189 -2.49076
v -1.3678 10.6126 -2.50898
v -1.34762 10.5132 -2.48508
v -0.937742 10.6029 -2.43844
v -0.793222 10.5961 -2.38055
v -0.669872 10.8203 -2.36731
v -0.649228 10.7136 -2.37651
v -0.694678 10.9242 -2.34279
v -0.544606 10.8296 -2.36211
v -0.579849 10.9317 -2.32823
v -0.509389 10.7253 -2.38515
v -0.633939 10.6024 -2.36456
v -0.473459 10.6161 -2.39068
v -0.614006 10.4934 -2.34718
v -0.442342 10.5087 -2.38828
v -1.44984 11.0574 -2.45954
v -1.2829 11.0614 -2.45593
v -1.46483 11.1666 -2.39787
v -1.29975 11.1653 -2.38997
v -1.14377 11.1547 -2.36479
v -1.12362 11.0554 -2.43206
v -1.59712 10.9257 -2.47927
v -1.6189 11.0391 -2.43922
v -1.76045 10.8902 -2.4399
v -1.78774 11.0045 -2.3988
v -1.807 11.1191 -2.33999
v -1.6354 11.1518 -2.38044
v -1.57037 10.8126 -2.49835
v -1.54055 10.7021 -2.50046
v -1.68784 10.6699 -2.4682
v -1.72643 10.7782 -2.46229
v -0.977537 11.0439 -2.39159
v -1.0005 11.1419 -2.33038
v -0.870332 11.131 -2.29308
v -0.844025 11.0327 -2.34652
v -0.722448 11.0276 -2.30882
v -0.753672 11.1262 -2.25926
v -0.615856 11.0341 -2.29019
v -0.653886 11.1333 -2.24093
v -0.480736 10.9558 -2.34681
v -0.527295 11.0581 -2.30236
v -0.574343 11.158 -2.2501
v -0.455639 11.0965 -2.33711
v -0.397819 10.9944 -2.38867
v -0.432885 10.8527 -2.38922
v -0.337439 10.89 -2.43855
v -0.271868 10.7807 -2.48934
v -0.381752 10.7456 -2.4274
v -0.788836 11.2164 -2.18801
v -0.6952 11.2261 -2.17339
v -0.900152 11.2206 -2.2177
v -0.823596 11.3058 -2.1018
v -0.928534 11.3096 -2.12734
v -0.736773 11.3186 -2.09209
v -0.62366 11.2542 -2.1843
v -0.673102 11.3512 -2.1067
v -0.399761 11.1463 -2.38628
v -0.352443 11.2066 -2.44439
v -0.274712 11.1075 -2.507
v -0.331578 11.0454 -2.44395
v 2.55057 15.8744 -0.915286
v 2.596 15.8211 -0.95141
v 2.56448 15.8253 -0.993838
v 2.5124 15.8802 -0.95163
v 2.63704 15.7492 -0.978059
v 2.60991 15.7531 -1.02662
v 2.57263 15.7486 -1.06555
v 2.5245 15.8198 -1.02923
v 2.46872 15.8748 -0.983597
v 2.58157 15.8594 -0.877025
v 2.62098 15.8113 -0.905595
v 2.6002 15.8387 -0.846839
v 2.63337 15.8023 -0.855572
v 2.65956 15.7435 -0.924876
v 2.67283 15.7387 -0.866971
v 2.50311 15.9034 -0.864816
v 2.54328 15.8823 -0.831599
v 2.45524 15.9147 -0.806102
v 2.50501 15.8887 -0.775744
v 2.58335 15.849 -0.807218
v 2.55603 15.8516 -0.752272
v 2.45908 15.9148 -0.898023
v 2.41352 15.9126 -0.928197
v 2.35866 15.9333 -0.867981
v 2.40583 15.9316 -0.838144
v 2.40856 15.9145 -0.745248
v 2.46567 15.8869 -0.715889
v 2.36306 15.9037 -0.685851
v 2.42533 15.8781 -0.655079
v 2.52508 15.8489 -0.692146
v 2.4908 15.8422 -0.629215
v 2.35398 15.9328 -0.777122
v 2.30387 15.937 -0.807894
v 2.25117 15.9267 -0.750331
v 2.30441 15.9208 -0.718386
v 2.42116 15.8561 -1.00873
v 2.4741 15.8005 -1.05395
v 2.5197 15.7287 -1.08985
v 2.36879 15.8929 -0.952314
v 2.3156 15.9139 -0.891722
v 2.26017 15.9221 -0.833951
v 2.20509 15.919 -0.779333
v 2.20256 15.9059 -0.697685
v 2.15296 15.9061 -0.728198
v 2.11302 15.896 -0.753896
v 2.10511 15.8869 -0.67929
v 2.06328 15.883 -0.7063
v 2.15775 15.8803 -0.648485
v 2.25803 15.8978 -0.665367
v 2.21478 15.8696 -0.617031
v 2.31874 15.8831 -0.631505
v 2.27634 15.8559 -0.583234
v 2.11647 15.8557 -0.601261
v 2.1746 15.8422 -0.572344
v 2.07928 15.8273 -0.560147
v 2.138 15.8112 -0.535182
v 2.20029 15.7902 -0.510786
v 2.23658 15.825 -0.542064
v 2.06289 15.8646 -0.631352
v 2.0206 15.8628 -0.659866
v 1.98659 15.8374 -0.617887
v 2.02689 15.8378 -0.588594
v 2.08655 15.8729 -0.771771
v 2.03871 15.8623 -0.726371
v 1.99637 15.8443 -0.684052
v 1.96414 15.8209 -0.645387
v 1.94661 15.7942 -0.610946
v 1.96283 15.8091 -0.583654
v 1.94489 15.7722 -0.63572
v 1.95056 15.7446 -0.603871
v 1.94746 15.7669 -0.579063
v 1.95984 15.7833 -0.565892
v 1.99773 15.8052 -0.555226
v 1.97801 15.7717 -0.5391
v 2.04678 15.7904 -0.529277
v 2.02265 15.7521 -0.514877
v -2.45542 11.6525 2.18266
v -2.38112 11.7399 2.10803
v -2.53786 11.5514 2.23574
v -2.41569 11.4948 2.32824
v -2.32793 11.6067 2.2577
v -2.25129 11.71 2.16137
v -2.32615 11.814 2.01837
v -2.20225 11.8046 2.0451
v -2.61723 11.436 2.26077
v -2.6891 11.3092 2.2629
v -2.57226 11.2465 2.38126
v -2.49808 11.3743 2.3671
v -2.28623 11.441 2.41806
v -2.18261 11.5651 2.32845
v -2.09503 11.6866 2.21096
v -2.37873 11.3161 2.47404
v -2.45951 11.1886 2.50353
v -2.85962 11.2367 2.11485
v -2.74905 11.174 2.24728
v -2.90634 11.0916 2.07789
v -2.79754 11.0318 2.22043
v -2.6354 11.1129 2.37771
v -2.68636 10.9738 2.3621
v -2.95778 11.2975 1.97283
v -3.04856 11.3568 1.83076
v -3.09834 11.2097 1.78172
v -3.00265 11.1503 1.92712
v -2.52796 11.0569 2.51367
v -2.58287 10.9206 2.5103
v -3.14433 11.0532 1.72636
v -3.04166 10.9957 1.87706
v -2.94473 10.9402 2.0372
v -3.20529 11.2715 1.65531
v -3.27126 11.1158 1.60307
v -3.31571 11.3435 1.54088
v -3.4036 11.1909 1.49213
v -3.13698 11.4152 1.69811
v -3.2268 11.4823 1.57694
v -2.83504 10.884 2.18884
v -2.72399 10.8295 2.34015
v -2.623 10.7794 2.49929
v -2.52598 10.7352 2.66418
v -2.42687 10.6989 2.83273
v -2.45236 10.5554 2.83082
v -2.31424 10.6706 2.99438
v -2.33649 10.5274 2.99614
v 1.9535 15.755 -0.656594
v 1.96185 15.729 -0.629563
v 3.13074 15.1953 -1.06284
v 3.29309 15.0791 -1.15562
v 3.07551 15.2074 -1.17673
v 3.21157 15.1015 -1.28629
v 3.12361 15.1184 -1.39195
v 3.00985 15.2193 -1.27229
v 3.17368 15.1824 -0.929124
v 3.36735 15.0458 -0.994491
v 3.19004 15.1792 -0.780408
v 3.40359 15.0278 -0.806577
v 2.99421 15.2898 -0.994931
v 3.02201 15.2869 -0.884052
v 2.88641 15.3774 -0.947413
v 2.90757 15.3778 -0.854168
v 3.03074 15.2897 -0.764745
v 2.91427 15.3812 -0.755719
v 2.95454 15.2949 -1.09266
v 2.90473 15.3024 -1.17722
v 2.81642 15.3826 -1.10582
v 2.85556 15.3787 -1.0314
v 2.78545 15.4731 -0.99024
v 2.81029 15.4731 -0.915797
v 2.75311 15.4746 -1.05715
v 2.70727 15.5711 -1.02424
v 2.7351 15.5701 -0.962736
v 2.75547 15.5696 -0.894844
v 2.82561 15.4737 -0.834364
v 2.76542 15.5692 -0.821174
v 2.82921 15.4755 -0.749459
v 2.76514 15.569 -0.744672
v 2.71159 15.6597 -0.879315
v 2.71631 15.6586 -0.811132
v 2.67223 15.7374 -0.804245
v 2.71164 15.658 -0.740064
v 2.66192 15.7372 -0.738011
v 2.69536 15.6617 -0.942436
v 2.67136 15.6642 -1.00011
v 2.62712 15.8007 -0.80052
v 2.60919 15.8014 -0.740887
v 2.7704 15.3898 -1.17035
v 2.71528 15.4785 -1.11598
v 2.71573 15.3948 -1.2241
v 2.66833 15.4787 -1.1641
v 2.63295 15.5688 -1.12227
v 2.67496 15.5727 -1.07876
v 2.84648 15.3122 -1.2486
v 2.93565 15.2319 -1.35106
v 2.77979 15.3206 -1.30788
v 2.85366 15.2434 -1.41553
v 2.64329 15.6666 -1.05195
v 2.60491 15.6618 -1.09299
v 2.65066 15.3922 -1.26613
v 2.70467 15.3244 -1.35616
v 2.76463 15.252 -1.4682
v 2.62152 15.322 -1.3966
v 2.66971 15.2551 -1.51038
v 2.57497 15.3831 -1.3024
v 2.60868 15.469 -1.19887
v 2.53562 15.4528 -1.2284
v 2.50496 15.5306 -1.17256
v 2.57603 15.5531 -1.15079
v 2.55002 15.6429 -1.11829
v 2.48444 15.6158 -1.13282
v 2.42048 15.5064 -1.1958
v 2.414 15.5866 -1.14154
v 2.30765 15.4747 -1.21811
v 2.34608 15.5604 -1.1321
v 2.44849 15.4337 -1.26078
v 2.48845 15.3689 -1.33886
v 2.39483 15.347 -1.38319
v 2.34995 15.4061 -1.30588
v 3.01322 15.3013 -0.641734
v 3.16559 15.1958 -0.621523
v 2.90173 15.3886 -0.656121
v 3.37105 15.0511 -0.595571
v 3.61051 14.869 -0.560037
v 3.03004 15.1353 -1.47808
v 3.12012 15.0199 -1.62506
v 2.93044 15.1502 -1.54711
v 3.0026 15.0391 -1.6971
v 2.82441 15.1613 -1.60149
v 2.87932 15.053 -1.75224
v 2.71395 15.1678 -1.64312
v 2.57006 15.2501 -1.54336
v 2.60103 15.1689 -1.67392
v 2.53075 15.3122 -1.43236
v 2.43761 15.2959 -1.46966
v 2.34735 15.2741 -1.51471
v 2.29783 15.3151 -1.44308
v 2.24266 15.3644 -1.37354
v 2.18247 15.4068 -1.30182
v 1.87738 15.3701 -1.08037
v 1.70185 15.2945 -1.11478
v 1.48843 15.1971 -1.14585
v 1.6807 15.2815 -0.957487
v 1.47404 15.192 -0.950038
v 1.85642 15.3535 -0.953759
v 2.06065 15.4299 -1.13791
v 2.11788 15.4267 -1.22365
v 2.17082 15.4753 -1.08295
v 2.22446 15.4805 -1.15409
v 2.02254 15.4217 -1.04345
v 2.00091 15.4052 -0.941784
v 2.11297 15.4482 -0.923679
v 2.13473 15.4641 -1.00613
v 2.21136 15.5115 -0.970487
v 2.24234 15.5283 -1.03414
v 2.19141 15.4938 -0.901561
v 2.28805 15.5428 -1.09216
v 2.10231 15.4291 -0.835628
v 1.99311 15.3832 -0.834387
v 1.85142 15.329 -0.822302
v 1.99857 15.3574 -0.72225
v 1.86083 15.2978 -0.68452
v 2.1029 15.4084 -0.743529
v 2.17875 15.4764 -0.827718
v 2.17397 15.459 -0.750682
v 2.21027 15.4881 -0.682697
v 2.17763 15.4412 -0.672175
v 2.11486 15.3876 -0.648933
v 2.21801 15.5263 -0.687106
v -0.092335 13.8573 0.153818
v -0.209137 13.8249 -0.040619
v 0.001918 14.072 0.073331
v -0.121944 14.0375 -0.134174
v -0.324725 13.7652 -0.238869
v -0.244935 13.9761 -0.35
v 3.91813 13.3011 -2.97661
v 3.79952 13.3464 -3.04479
v 3.8225 13.4808 -2.96585
v 3.94347 13.4255 -2.89839
v 3.61278 13.0701 -3.21169
v 3.45162 13.1106 -3.28407
v 3.63831 13.2398 -3.17152
v 3.48052 13.285 -3.23921
v 3.66239 13.3934 -3.11197
v 3.50673 13.4433 -3.17805
v 3.52993 13.5892 -3.10006
v 3.68471 13.5347 -3.03357
v 3.70495 13.6676 -2.93683
v 3.84454 13.6066 -2.86741
v 3.5498 13.7265 -3.0047
v 3.56366 13.8577 -2.89002
v 3.71981 13.7946 -2.81966
v 3.86213 13.7267 -2.74752
v 3.96821 13.5414 -2.79891
v 3.9897 13.6516 -2.67685
v 3.20502 12.7557 -3.40968
v 3.2376 12.9661 -3.39067
v 3.27106 13.1597 -3.35618
v 3.30338 13.3368 -3.30676
v 3.33251 13.4977 -3.24293
v 3.35801 13.6461 -3.16383
v 3.37944 13.7856 -3.06855
v 3.39463 13.9188 -2.95536
v 3.56883 13.9854 -2.75405
v 3.40138 14.0484 -2.82254
v 3.72596 13.9181 -2.67995
v 3.87178 13.8436 -2.60424
v 1.98208 15.7036 -0.602868
v 2.01318 15.6802 -0.58172
v 2.00824 15.6949 -0.547633
v 1.97251 15.7187 -0.572524
v 1.97038 15.7421 -0.548067
v 2.0106 15.7196 -0.523174
v -2.5043 12.7797 0.336869
v -2.41136 12.8139 0.261734
v -2.61505 12.7271 0.417621
v -2.56326 12.7386 0.516474
v -2.45201 12.783 0.43038
v -2.35622 12.8145 0.345568
v -2.37584 12.806 0.118808
v -2.41654 12.7693 0.060202
v -2.3028 12.7933 0.062276
v -2.35048 12.7477 0.007047
v -2.33398 12.828 0.188961
v -2.28279 12.8331 0.258147
v -2.24027 12.8308 0.193683
v -2.26308 12.8243 0.130932
v -2.28662 12.7963 0.429811
v -2.21407 12.8191 0.313852
v -2.12993 12.7972 0.350266
v -2.17914 12.8249 0.197419
v -2.10076 12.7983 0.200736
v -2.38908 12.7649 0.525779
v -2.50506 12.7239 0.611687
v -2.74589 12.658 0.507243
v -2.6831 12.6816 0.607743
v 3.29076 11.3952 1.62204
v 3.18282 11.313 1.59141
v 3.3734 11.2816 1.55847
v 3.25233 11.1989 1.53035
v 3.08751 11.2423 1.58199
v 3.14686 11.1281 1.52604
v 3.31438 11.0793 1.48323
v 3.20176 11.0107 1.48697
v 3.44356 11.1585 1.50475
v 3.20227 11.4975 1.68565
v 3.10603 11.4183 1.65605
v 3.11207 11.5926 1.74326
v 3.02355 11.5182 1.71697
v 2.94545 11.4509 1.70689
v 3.02116 11.3493 1.64521
v 3.40104 11.4922 1.65513
v 3.29964 11.5902 1.71668
v 3.50396 11.609 1.673
v 3.39013 11.7003 1.73463
v 3.2012 11.6764 1.76952
v 3.28167 11.7756 1.78607
v 3.50081 11.3786 1.58915
v 3.58177 11.2481 1.53065
v 3.62005 11.4995 1.6052
v 3.58979 11.7507 1.65799
v 3.46574 11.8317 1.72502
v 3.66363 11.9096 1.62322
v 3.52793 11.9801 1.69624
v 3.34421 11.8961 1.78321
v 3.39048 12.034 1.76304
v 3.7166 11.6541 1.58944
v 3.80066 11.8263 1.55438
v 2.95246 10.8711 1.84267
v 2.99775 10.8831 1.72429
v 2.93974 10.9677 1.85634
v 2.97257 10.9862 1.74153
v 3.04609 10.909 1.62016
v 3.00869 11.0183 1.64213
v 2.93805 11.0898 1.7686
v 2.96536 11.1279 1.67684
v 2.91508 11.0641 1.87656
v 2.95862 10.7767 1.83385
v 3.01626 10.7836 1.7133
v 2.96013 10.6831 1.82829
v 3.03051 10.6866 1.70751
v 3.10664 10.7029 1.60361
v 3.07857 10.8039 1.60846
v 2.89446 10.8694 1.96875
v 2.89314 10.7793 1.96315
v 2.81753 10.874 2.09977
v 2.80971 10.7875 2.09567
v 2.88583 10.6887 1.95782
v 2.89204 10.9604 1.97789
v 2.87836 11.0499 1.98947
v 2.81721 11.0481 2.10385
v 2.82226 10.962 2.10318
v 2.92464 14.9277 -1.91667
v 3.06261 14.9077 -1.85994
v 3.19638 14.8835 -1.78742
v 4.49426 13.3427 -1.74782
v 4.49987 13.183 -1.7879
v 4.46647 13.5131 -1.70281
v 4.55448 13.2825 -1.60116
v 4.54502 13.4446 -1.54063
v 4.46259 13.0742 -1.95529
v 4.43738 13.1032 -2.06778
v 4.45206 12.9342 -2.00008
v 4.43009 12.9842 -2.09704
v 4.41673 13.0162 -2.16704
v 4.41627 13.103 -2.17392
v 4.49591 13.0274 -1.83434
v 4.48592 12.8731 -1.89009
v 4.40389 13.7009 -1.64156
v 4.32428 13.8953 -1.54193
v 4.50942 13.6125 -1.46205
v 4.45684 13.7804 -1.35593
v 4.80154 11.1039 -1.22752
v 4.78176 10.9109 -1.14809
v 4.64116 10.8968 -1.43572
v 4.68125 11.1032 -1.49525
v 4.75493 10.6919 -1.01814
v 4.5772 10.6934 -1.37381
v 4.41272 10.7218 -1.69595
v 4.49191 10.9323 -1.75659
v 4.55286 11.148 -1.79819
v 4.92828 11.1444 -1.01427
v 4.9235 10.9839 -0.92591
v 5.04275 11.208 -0.852142
v 5.04814 11.0874 -0.763877
v 4.93197 10.8516 -0.801079
v 5.06114 10.9936 -0.651539
v 4.8225 11.2913 -1.28633
v 4.93858 11.3114 -1.08286
v 4.84226 11.4791 -1.3287
v 4.95079 11.488 -1.13698
v 5.05541 11.5154 -0.976927
v 5.04717 11.3512 -0.920675
v 4.71669 11.3018 -1.53348
v 4.60777 11.3531 -1.8087
v 4.74544 11.4973 -1.55394
v 4.65073 11.5515 -1.79709
v 4.85839 11.6731 -1.35883
v 4.96128 11.6771 -1.18191
v 4.96313 11.875 -1.21852
v 5.06142 11.6991 -1.02835
v 5.05776 11.897 -1.07512
v 4.76543 11.6943 -1.56014
v 4.67586 11.7471 -1.77234
v 4.94944 12.0778 -1.24772
v 4.9206 12.2733 -1.27226
v 5.03699 12.1041 -1.1174
v 4.99736 12.3094 -1.15767
v 4.87702 12.4492 -1.29491
v 4.93715 12.5023 -1.19838
v 4.32421 11.008 -2.07844
v 4.40183 11.2442 -2.11704
v 4.23587 10.7755 -2.00281
v 4.13486 11.0873 -2.37695
v 4.04558 10.8345 -2.28287
v 4.48233 11.4557 -2.09634
v 4.5485 11.6508 -2.04257
v 4.58314 11.8381 -1.98192
v 4.49066 11.9635 -2.17249
v 1.22963 15.0796 -1.17271
v 0.950862 14.954 -1.15194
v 1.23672 15.088 -0.928482
v 0.985216 14.978 -0.876511
v 1.47609 15.1712 -0.760463
v 1.67751 15.2567 -0.797681
v 1.49115 15.136 -0.562922
v 1.68953 15.2215 -0.628016
v 1.25189 15.0774 -0.710584
v 1.01865 14.9798 -0.642505
v 1.27217 15.0493 -0.499421
v 1.04929 14.9619 -0.430561
v 1.29464 15.0054 -0.275392
v 1.51576 15.088 -0.343214
v 1.07526 14.9269 -0.221314
v 1.08603 14.8618 -0.011675
v 1.30421 14.9339 -0.041119
v 1.71404 15.1771 -0.441143
v 1.88314 15.2613 -0.538939
v 2.01672 15.3296 -0.606361
v 4.6737 13.6637 -0.814876
v 4.8354 13.407 -0.72341
v 4.85393 13.3292 -0.847704
v 4.70457 13.5641 -0.950352
v 4.98109 13.1338 -0.643473
v 4.99118 13.0743 -0.759689
v 4.98952 13.0055 -0.869451
v 4.86229 13.2407 -0.962416
v 4.72699 13.4529 -1.07228
v 4.63869 13.7494 -0.668937
v 4.81055 13.4727 -0.591108
v 4.60004 13.8171 -0.514788
v 4.7788 13.5236 -0.452075
v 4.9625 13.1833 -0.521146
v 4.93387 13.2207 -0.3931
v 4.5029 13.893 -0.920813
v 4.45206 14.0018 -0.757374
v 4.32907 14.0942 -1.0434
v 4.2556 14.23 -0.858638
v 4.18266 14.3382 -0.66189
v 4.40023 14.0882 -0.583974
v 4.55079 13.7687 -1.07051
v 4.59146 13.6329 -1.20142
v 4.39644 13.9427 -1.21278
v 4.15832 14.2668 -1.18483
v 4.24538 14.0856 -1.38176
v 4.05426 14.4341 -0.974944
v 3.95063 14.5686 -0.750794
v 3.88794 10.7296 1.40538
v 3.96927 10.6908 1.36306
v 4.03392 10.8215 1.37846
v 3.94255 10.8496 1.41946
v 4.05628 10.6545 1.30131
v 4.12707 10.7922 1.32044
v 4.1792 10.937 1.33353
v 4.08084 10.9619 1.38951
v 3.97992 10.9847 1.43151
v 3.80766 10.6255 1.3914
v 3.88118 10.5732 1.34515
v 3.70355 10.5342 1.38092
v 3.76835 10.4636 1.32802
v 3.8459 10.4045 1.25013
v 3.96323 10.5278 1.27686
v 3.8154 10.7653 1.43165
v 3.74427 10.6807 1.41618
v 3.76023 10.7944 1.44119
v 3.6965 10.7489 1.43069
v 3.64754 10.609 1.40679
v 3.60135 10.6927 1.41946
v 3.855 10.8701 1.44739
v 3.87527 10.9987 1.4634
v 3.76588 10.8709 1.45777
v 3.76595 10.9929 1.47733
v -2.19137 10.5105 3.13911
v -2.17667 10.6506 3.13856
v -2.02793 10.4985 3.25129
v -2.02111 10.635 3.25574
v -2.32764 10.3836 2.96939
v -2.17748 10.3697 3.10319
v -2.29374 10.2432 2.92115
v -2.14175 10.2323 3.04341
v -1.9795 10.228 3.13993
v -2.01216 10.3618 3.20768
v -2.45126 10.4102 2.80999
v -2.4267 10.2672 2.77267
v -2.79432 10.044 1.94822
v -2.74812 9.958 1.89293
v -2.58105 9.91606 2.03586
v -2.65377 10.0066 2.1135
v 4.33961 12.9241 -2.4841
v 4.37088 12.9972 -2.37778
v 4.35201 12.7932 -2.42048
v 4.38078 12.8793 -2.31956
v -1.13007 11.185 3.01534
v -1.02483 11.1284 3.03034
v -1.20709 11.0946 3.12867
v -1.10186 11.0515 3.13188
v -1.02271 11.0201 3.11839
v -0.942947 11.0583 3.04776
v -1.24533 11.2326 2.98429
v -1.32518 11.1339 3.10223
v -2.44594 11.7244 -0.55116
v -3.1612 10.0761 -0.968312
v -3.33188 10.1055 -0.836138
v -3.17779 9.9535 -0.985808
v -3.35223 9.98744 -0.864734
v -3.51487 9.99021 -0.742406
v -3.49909 10.1303 -0.728352
v -3.0045 10.0589 -1.12183
v -2.8573 10.0531 -1.29803
v -3.02155 9.95014 -1.13431
v -2.85926 9.92287 -1.2863
v -2.7032 10.3958 -1.44689
v -2.60106 10.4591 -1.66125
v -2.56707 10.2674 -1.74684
v -2.70766 10.2287 -1.49212
v -2.71512 10.0581 -1.49825
v -2.57626 10.057 -1.68955
v -2.71167 9.92879 -1.4745
v -2.55394 9.90549 -1.63925
v -4.03091 10.1867 -0.163926
v -4.06792 10.3247 -0.139489
v -3.96967 10.0731 -0.273773
v -3.98533 10.0591 -0.18261
v -3.92795 10.0036 -0.278978
v -3.911 9.97125 -0.2164
v -3.94728 10.0873 -0.35697
v -3.91043 10.1011 -0.434528
v -3.85289 9.99889 -0.439716
v -3.8873 9.9885 -0.343963
v -3.8514 10.1141 -0.508776
v -3.76484 10.1253 -0.579878
v -3.74918 10.0404 -0.588074
v -3.80352 10.0073 -0.528837
v -3.64541 10.1338 -0.648001
v -3.66572 10.0126 -0.6454
v 2.05415 15.6602 -0.571329
v 2.05525 15.6737 -0.535152
v 2.06337 15.6991 -0.509598
v 2.12127 15.6786 -0.50292
v 2.14161 15.7123 -0.488744
v 2.07971 15.7331 -0.499432
v 2.17689 15.6564 -0.498721
v 2.20081 15.6875 -0.478793
v 2.87308 11.1578 1.90505
v 2.84588 11.135 2.00243
v 2.8084 11.2452 1.9452
v 2.78916 11.2116 2.03048
v 2.76387 11.187 2.09563
v 2.7957 11.1287 2.09975
v 2.89148 11.1906 1.80906
v 2.91509 11.2337 1.72676
v 2.82482 11.2854 1.85719
v 2.84801 11.333 1.78052
v 3.06621 11.0667 1.5668
v 3.0151 11.1797 1.61255
v 3.11321 10.9527 1.53683
v 2.95791 11.2872 1.67047
v 2.88758 11.3887 1.72924
v 3.15806 10.8417 1.52629
v 3.19812 10.7354 1.52468
v 3.30199 10.782 1.47265
v 3.25478 10.8941 1.4744
v 1.04871 14.6118 0.413687
v 0.84082 14.5481 0.382999
v 0.805073 14.3662 0.581158
v 1.03709 14.4459 0.620679
v 0.651818 14.5034 0.317516
v 0.584855 14.3095 0.502239
v 0.805779 14.1618 0.772691
v 1.05368 14.2619 0.810914
v 1.0711 14.7536 0.201447
v 0.880533 14.6926 0.194926
v 0.901795 14.7949 0.013525
v 0.779163 14.738 0.027734
v 0.720313 14.6513 0.150915
v 1.26243 14.6846 0.436656
v 1.28584 14.8229 0.200779
v 1.47625 14.7584 0.459448
v 1.50642 14.8882 0.2119
v 1.25694 14.5307 0.65287
v 1.27725 14.3629 0.843999
v 1.46933 14.6164 0.679991
v 1.48823 14.4618 0.87159
v -2.13416 10.9967 -2.19349
v -2.13638 11.1108 -2.10918
v -1.98185 11.1802 -2.19948
v -1.97518 11.067 -2.27883
v -2.12474 11.2228 -2.01357
v -1.9769 11.2903 -2.1057
v -1.8177 11.3409 -2.17242
v -1.81687 11.232 -2.26452
v -2.27814 10.909 -2.08054
v -2.27562 11.0272 -1.99277
v -2.40456 10.8109 -1.93987
v -2.3973 10.9364 -1.85128
v -2.25758 11.1436 -1.89717
v -2.11262 10.88 -2.26369
v -2.25839 10.7886 -2.15814
v -2.07468 10.765 -2.31769
v -2.21749 10.6722 -2.2222
v -2.3883 10.6816 -2.02285
v -2.34547 10.5598 -2.09801
v -1.95403 10.9517 -2.3421
v -1.92098 10.8371 -2.38815
v -1.6463 11.2629 -2.30517
v -1.65076 11.3697 -2.21263
v -1.48405 11.3785 -2.22748
v -1.47664 11.2745 -2.32089
v -2.49915 10.8455 -1.68571
v -2.51084 10.7093 -1.77141
v -2.23081 11.2583 -1.79603
v -2.10471 11.333 -1.90946
v -1.96321 11.3965 -1.99912
v -1.94261 11.4999 -1.88062
v -1.79511 11.5419 -1.94023
v -1.80981 11.4437 -2.06372
v -1.64797 11.4696 -2.10203
v -1.6396 11.5643 -1.97538
v -1.48349 11.5699 -1.98932
v -1.48587 11.4765 -2.11652
v -1.9169 11.6016 -1.75108
v -1.89093 11.7068 -1.61572
v -1.77553 11.637 -1.80376
v -1.75515 11.7359 -1.66051
v -1.62733 11.6555 -1.83463
v -1.61399 11.75 -1.68568
v -1.47832 11.6601 -1.8472
v -1.4719 11.7527 -1.6951
v -1.86953 11.8209 -1.47978
v -1.73809 11.8454 -1.51672
v -1.60237 11.8543 -1.53444
v -1.59188 11.967 -1.38368
v -1.46579 11.8533 -1.53797
v -1.45984 11.9641 -1.38149
v -1.58193 12.0867 -1.23619
v -1.57651 12.2083 -1.09085
v -1.45395 12.0873 -1.23134
v -1.4513 12.2141 -1.08332
v -1.57964 12.3265 -0.946537
v -1.4551 12.3357 -0.933221
v -0.080548 12.2107 -2.66033
v -0.171637 12.26 -2.55437
v -0.196385 12.4131 -2.42567
v -0.136952 12.5509 -2.38614
v -0.282719 12.4236 -2.32876
v -0.235254 12.5576 -2.27289
v -0.073607 12.7089 -2.34379
v -0.180815 12.7116 -2.21374
v -0.248661 12.2977 -2.45974
v -0.319191 12.3131 -2.37855
v -0.009594 12.8846 -2.30128
v -0.123421 12.8819 -2.15408
v -0.36896 12.4102 -2.24339
v -0.332136 12.5452 -2.16853
v -0.285827 12.6973 -2.09115
v -0.390799 12.2955 -2.31293
v -0.459259 12.255 -2.25358
v -0.235533 12.8631 -2.01407
v -0.18646 13.0397 -1.93768
v -0.143817 13.2243 -1.86237
v 0.453134 11.324 -3.21941
v 0.715724 11.3013 -3.37443
v 0.559912 11.4317 -3.30912
v 0.308732 11.4375 -3.14233
v 0.401463 11.5513 -3.21879
v 0.363409 11.2288 -3.11294
v 0.283714 11.1417 -3.00291
v 0.163893 11.2414 -2.94722
v 0.231823 11.3352 -3.04801
v 0.859624 11.161 -3.40679
v 0.249649 11.6591 -3.1114
v 0.169078 11.5434 -3.04779
v 0.109178 11.7557 -2.99424
v -0.015241 11.8415 -2.87462
v 1.79765 10.5318 -3.1182
v 1.60463 10.521 -3.1252
v 1.79803 10.6807 -3.28585
v 1.59159 10.6551 -3.279
v 1.54809 10.8155 -3.40566
v 1.76377 10.8629 -3.42472
v 1.76986 10.4223 -2.93109
v 1.59349 10.4204 -2.95296
v 1.73736 10.3544 -2.76725
v 1.57857 10.3564 -2.79356
v 1.41755 10.3557 -2.80985
v 1.42024 10.4165 -2.96095
v 1.997 10.5391 -3.09646
v 1.94966 10.4206 -2.89578
v 1.89093 10.3493 -2.73008
v 2.01435 10.704 -3.27483
v 1.99468 10.9132 -3.42332
v 1.68767 11.0722 -3.5255
v 1.93094 11.1644 -3.53433
v 1.46787 10.9951 -3.4965
v 1.07744 10.4063 -2.93425
v 0.89857 10.3971 -2.90039
v 1.09166 10.3464 -2.81345
v 0.914672 10.3366 -2.79775
v 0.727312 10.3232 -2.77039
v 0.712278 10.3849 -2.85726
v 1.24978 10.4123 -2.95458
v 1.25726 10.3525 -2.81698
v 0.501851 10.5419 -2.90364
v 0.506729 10.4543 -2.85684
v 0.326755 10.5439 -2.83312
v 0.313764 10.4535 -2.79135
v -1.72259 11.9067 2.10747
v -1.8859 11.831 2.09333
v -2.05064 11.8036 2.07132
v 3.07213 10.3702 -2.38293
v 3.26462 10.3524 -2.24205
v 2.947 10.2769 -2.2071
v 3.11266 10.2471 -2.04981
v 3.60539 10.4754 -2.25218
v 3.46035 10.3291 -2.08134
v 3.80188 10.4434 -2.0442
v 3.6583 10.3009 -1.89744
v 3.33201 10.2348 -1.9314
v 3.50819 10.1983 -1.74199
v 3.73393 10.6592 -2.39966
v 3.84074 10.8792 -2.52459
v 3.93277 10.6206 -2.17232
v 3.92064 11.1337 -2.62777
v 4.12324 10.5749 -1.91242
v 4.3031 10.5325 -1.62832
v 4.17796 10.368 -1.54686
v 3.99442 10.4059 -1.80718
v 4.47013 10.504 -1.3284
v 4.60836 10.4774 -1.035
v 4.48129 10.3141 -1.0196
v 4.34746 10.3349 -1.269
v 4.56642 12.0098 1.03809
v 4.45376 11.9198 1.17899
v 4.51989 11.7367 1.15628
v 4.62962 11.7963 1.02897
v 4.55276 11.5609 1.13676
v 4.65872 11.5983 1.01828
v 4.46205 12.2443 1.04697
v 4.3487 12.1131 1.20614
v 4.29979 12.5284 1.06674
v 4.20514 12.2822 1.25535
v 4.68679 12.064 0.875938
v 4.59678 12.3124 0.862135
v 4.80735 12.0956 0.706042
v 4.73471 12.344 0.671717
v 4.49227 12.5837 0.829265
v 4.6453 12.612 0.62606
v 4.74184 11.837 0.883318
v 4.76619 11.6265 0.883812
v 4.85302 11.8643 0.728848
v 4.87219 11.6474 0.740502
v 4.66078 11.4102 1.00468
v 4.76407 11.4279 0.876957
v 4.64134 11.2303 0.988358
v 4.74068 11.2395 0.864235
v 4.86534 11.4422 0.741372
v 4.83757 11.2476 0.733808
v 4.55802 11.3892 1.11922
v 4.45748 11.3686 1.21459
v 4.54188 11.2209 1.10222
v 4.44239 11.2148 1.20069
v 4.34292 11.2153 1.27865
v 4.41418 11.058 1.18656
v 4.31591 11.0678 1.27118
v 4.21626 11.0848 1.33988
v 4.27615 10.9166 1.25967
v 4.37123 10.9019 1.1692
v 4.36083 11.3525 1.28483
v 4.51054 11.0554 1.08432
v 4.464 10.8941 1.06337
v 4.60591 11.0569 0.969496
v 4.55564 10.8904 0.947202
v 4.70119 11.0595 0.847125
v 4.64735 10.8879 0.825732
v 4.79399 11.0622 0.720157
v 4.73655 10.886 0.701171
v 4.92967 11.2539 0.601042
v 4.8819 11.0641 0.591541
v 4.82067 10.8838 0.575727
v 4.96166 11.0645 0.462316
v 4.89663 10.8812 0.44954
v 5.01357 11.2578 0.467848
v 4.96206 11.4533 0.603248
v 5.05066 11.4605 0.465232
v 5.06729 11.6731 0.451721
v 4.97379 11.663 0.595485
v 4.31193 10.7503 1.1456
v 4.40226 10.7387 1.03719
v 4.23629 10.6051 1.11588
v 4.32598 10.5905 1.0053
v 4.41477 10.5798 0.888536
v 4.49167 10.731 0.920581
v 4.21997 10.7683 1.24142
v 4.14584 10.6262 1.21673
v 4.5809 10.7245 0.800158
v 4.50253 10.5704 0.769161
v 4.66722 10.7188 0.677599
v 4.58658 10.562 0.64839
v 4.74796 10.7133 0.554579
v 4.66426 10.5542 0.527447
v 4.82016 10.7081 0.430423
v 4.73287 10.5474 0.405045
v 4.32569 10.438 0.849968
v 4.41293 10.4268 0.731498
v 4.22864 10.3049 0.803084
v 4.31597 10.293 0.685745
v 4.49519 10.417 0.612495
v 4.39667 10.2829 0.568694
v 4.23584 10.4508 0.967182
v 4.14436 10.4683 1.08017
v 4.04057 10.3377 1.03579
v 4.13679 10.3188 0.920085
v 4.57009 10.4081 0.493683
v 4.46865 10.2744 0.452558
v 4.6354 10.4008 0.373488
v 4.53076 10.2678 0.335467
v 4.78973 10.542 0.279898
v 4.68888 10.3957 0.250332
v 4.58187 10.2638 0.21555
v 4.62201 10.2611 0.090357
v 4.73098 10.392 0.121565
v 4.83472 10.5378 0.149878
v 4.8809 10.7033 0.304457
v 4.9295 10.6991 0.175091
v 5.01383 10.8738 0.19443
v 4.96134 10.8776 0.32275
v 4.42198 10.1477 0.290699
v 4.47225 10.1456 0.175341
v 4.32499 10.0639 0.251585
v 4.36479 10.0641 0.143559
v 4.40274 10.0651 0.030353
v 4.51156 10.1448 0.056461
v 4.36312 10.1521 0.403344
v 4.29464 10.1589 0.515771
v 4.27668 10.0658 0.350403
v 4.19721 10.0606 0.450951
v 0.453305 12.3289 1.48117
v 0.344369 12.3467 1.52754
v 0.543446 12.2561 1.61334
v 0.404038 12.2762 1.65787
v 0.25438 12.3152 1.69164
v 0.453932 12.1866 1.80123
v 0.2788 12.2292 1.8339
v 0.626364 12.1656 1.7579
v 0.356971 12.3847 1.36435
v 0.278008 12.3992 1.41634
v 0.549219 12.3229 1.42437
v 0.428699 12.3784 1.30453
v 0.492361 12.3962 1.25082
v 0.671203 12.254 1.55651
v 0.796391 12.1682 1.7006
v 0.547127 12.4542 1.21714
v 0.586325 12.5358 1.19963
v 0.603281 12.6244 1.19442
v 0.926522 12.0616 1.85631
v 0.701029 12.0565 1.91192
v -0.683613 12.4503 2.05787
v -0.487789 12.4061 2.06213
v -0.381106 12.0627 2.34167
v -0.174671 11.9879 2.32504
v -0.134207 12.1321 2.17553
v -0.33395 12.2088 2.19559
v -0.294853 12.3382 2.04916
v -0.102236 12.2598 2.02742
v 0.006219 11.7527 2.4498
v 0.044656 11.9144 2.30436
v 0.251495 11.6952 2.42618
v 0.274745 11.8508 2.28126
v 0.288795 11.9923 2.1305
v 0.073401 12.0566 2.15395
v -0.042088 11.5668 2.58345
v -0.078005 11.3714 2.69398
v 0.22248 11.5253 2.55842
v 0.198006 11.3491 2.6665
v 0.09263 12.184 2.00535
v 0.290209 12.12 1.98079
v 0.100675 12.2917 1.85922
v 0.095869 12.3744 1.71619
v 0.502033 11.6513 2.4036
v 0.483959 11.4904 2.5383
v 0.465377 11.3265 2.64981
v 0.513464 11.8057 2.25734
v 0.511894 11.949 2.10487
v 0.490967 12.0767 1.95153
v 4.47344 12.7176 -1.9581
v 4.46039 12.5626 -2.03743
v 4.43617 12.7978 -2.06526
v 4.4171 12.6642 -2.14702
v 4.39705 12.5327 -2.24152
v 4.39338 12.769 -2.24185
v 4.36799 12.6616 -2.33946
v 4.36985 12.4072 -2.34489
v 4.33378 12.5582 -2.44562
v 4.44869 12.4098 -2.12711
v 4.43146 12.2614 -2.22469
v 4.41475 12.8747 -2.15805
v 4.40313 12.9592 -2.2303
v 4.28592 12.4646 -2.55503
v 4.32931 12.2915 -2.45324
v 4.39526 13.0623 -2.27582
v 4.73353 13.206 -1.26874
v 4.7175 13.0755 -1.34822
v 4.6348 13.3418 -1.39577
v 4.63037 13.1932 -1.46722
v 4.83894 13.0388 -1.16006
v 4.81145 12.9302 -1.2464
v 4.94398 12.8457 -1.06985
v 4.90559 12.7595 -1.16299
v 4.73667 13.3327 -1.17758
v 4.85659 13.1431 -1.06597
v 4.97287 12.9285 -0.972418
v 4.62065 13.4895 -1.3085
v 5.04157 12.6323 -0.9982
v 4.99332 12.5654 -1.09929
v 5.12225 12.4084 -0.938054
v 5.06569 12.3566 -1.04673
v 5.07797 12.6968 -0.895691
v 5.10085 12.7566 -0.791016
v 5.16373 12.4584 -0.830261
v 5.1904 12.5047 -0.722977
v 5.15543 11.1339 -0.556188
v 5.07951 10.931 -0.510787
v 5.17139 11.0931 -0.438431
v 5.2217 11.2806 -0.508226
v 5.23996 11.2607 -0.401857
v 5.18006 11.068 -0.310976
v 5.2488 11.2491 -0.286971
v 5.09347 10.8937 -0.358634
v 5.13746 11.1925 -0.656681
v 5.12624 11.2781 -0.737776
v 5.17355 11.3403 -0.676718
v 5.198 11.3091 -0.60229
v 4.96143 10.7692 -0.623066
v 4.99055 10.7237 -0.429321
v 4.83093 10.6063 -0.726031
v 4.87662 10.5609 -0.497439
v 5.26679 11.4418 -0.500854
v 5.28815 11.4389 -0.396926
v 5.29254 11.6193 -0.521642
v 5.31617 11.6297 -0.41594
v 5.29815 11.4394 -0.287244
v 5.32693 11.6401 -0.307444
v 5.23631 11.4469 -0.598674
v 5.19233 11.4384 -0.695725
v 5.25708 11.6078 -0.626674
v 5.20723 11.5881 -0.734028
v 5.30078 11.8152 -0.558165
v 5.32426 11.8349 -0.451201
v 5.28839 12.0292 -0.606119
v 5.30956 12.0557 -0.498546
v 5.3167 12.0792 -0.390687
v 5.33395 11.8526 -0.343225
v 5.26502 11.7934 -0.667132
v 5.21434 11.7665 -0.779618
v 5.25502 12 -0.716342
v 5.20648 11.9673 -0.829916
v 5.25225 12.2606 -0.661201
v 5.22201 12.2239 -0.770598
v 5.1765 12.184 -0.882344
v 5.26923 12.2935 -0.553814
v 5.2025 12.5457 -0.615832
v 5.20174 12.5812 -0.50705
v 5.27265 12.3223 -0.445933
v 2.37176 12.9934 1.58564
v 2.64119 13.0435 1.57909
v 2.56969 13.2719 1.50623
v 2.30155 13.2277 1.50968
v 2.88459 13.0873 1.5465
v 2.81097 13.3147 1.47211
v 2.43593 12.7757 1.66036
v 2.70632 12.8323 1.64971
v 2.50382 12.5784 1.72909
v 2.76652 12.6401 1.71524
v 3.00058 12.6836 1.68383
v 2.94809 12.8766 1.61767
v 2.07044 12.9398 1.56728
v 2.12778 12.7066 1.65214
v 2.20134 12.4966 1.72941
v 1.99955 13.1872 1.4814
v 3.10788 13.1224 1.48678
v 3.03241 13.3511 1.40837
v 3.31786 13.1473 1.40225
v 3.23984 13.3803 1.31922
v 3.17037 12.909 1.56166
v 3.21717 12.7114 1.63085
v 3.38072 12.9276 1.48303
v 3.42349 12.7214 1.55803
v 0.875425 13.95 0.940885
v 1.1159 14.0656 0.972882
v 1.41948 13.9968 1.13542
v 1.33128 14.1826 1.00462
v 1.53555 14.2944 1.03231
v 1.54226 13.8128 1.23706
v 3.85751 10.2683 -1.68703
v 4.05223 10.232 -1.44471
v 3.73812 10.1784 -1.57498
v 3.91732 10.1379 -1.34274
v 4.23672 10.1926 -1.1651
v 4.36288 10.1898 -0.983902
v 4.34823 10.1766 -0.978172
v 4.30301 10.1359 -0.960486
v 4.22628 10.0883 -0.915904
v 4.1167 10.1205 -1.13236
v 4.56286 10.2839 -0.785188
v 4.70182 10.4408 -0.770446
v 4.75699 10.4079 -0.537388
v 4.63175 10.2699 -0.554712
v 4.33988 10.0859 -0.723248
v 4.31037 10.09 -0.804949
v 4.40282 10.1465 -0.799137
v 4.3481 10.0848 -0.700493
v 4.501 10.1522 -0.554951
v 4.40288 10.0809 -0.521201
v 4.66281 10.2614 -0.358468
v 4.78037 10.3923 -0.338475
v 4.89301 10.5402 -0.303813
v 4.88756 10.5346 -0.136575
v 4.77956 10.3879 -0.166803
v 4.66598 10.2578 -0.189928
v 4.54298 10.1502 -0.360985
v 4.54857 10.1459 -0.202998
v 4.43157 10.0707 -0.208888
v 4.42255 10.0761 -0.355991
v 2.55737 10.8039 2.34983
v 2.38589 10.8022 2.46373
v 2.58165 10.8877 2.35935
v 2.40952 10.8897 2.46997
v 2.20679 10.8816 2.57269
v 2.18821 10.7885 2.5745
v 2.69822 10.7973 2.22585
v 2.71546 10.8813 2.23296
v 2.87026 10.5957 1.94948
v 2.95889 10.5889 1.8244
v 3.04295 10.5913 1.70588
v 3.13079 10.6058 1.60215
v 3.29989 10.3516 1.46291
v 3.2805 10.4475 1.49504
v 3.43948 10.3891 1.39866
v 3.40533 10.4872 1.435
v 3.25764 10.5398 1.51288
v 3.37221 10.5805 1.45375
v 3.31635 10.2455 1.41147
v 3.31008 10.1641 1.35743
v 3.50504 10.1495 1.21232
v 3.47529 10.2768 1.3336
v 5.11375 12.1418 -0.996778
v 5.1398 11.9304 -0.947544
v 5.14612 11.732 -0.897139
v 5.14045 11.5531 -0.846695
v 2.81888 15.4789 -0.664601
v 2.75482 15.5693 -0.668287
v 2.73246 15.5665 -0.595813
v 2.793 15.4801 -0.584569
v 1.6844 14.8253 0.489599
v 1.71453 14.9371 0.253788
v 1.88861 14.8847 0.514941
v 1.91285 14.9755 0.29946
v 1.67899 14.6986 0.704302
v 1.69837 14.5555 0.893333
v 1.88815 14.7731 0.719075
v 1.91028 14.6388 0.902213
v 2.09058 14.9359 0.5233
v 2.09905 14.8357 0.717585
v 2.12657 14.7066 0.891213
v 2.30841 14.8828 0.6966
v 2.34124 14.7571 0.858885
v 2.29042 14.9756 0.512684
v 2.10405 15.0095 0.321933
v 2.29105 15.0373 0.322385
v 2.48821 15.0001 0.4811
v 2.51297 14.911 0.652893
v 2.54829 14.7883 0.803782
v 2.71473 14.9214 0.594209
v 2.74938 14.8019 0.735684
v 2.68619 15.0092 0.433163
v 2.47676 15.0573 0.301996
v 2.66433 15.0669 0.263653
v 0.735986 14.8703 -0.77782
v 0.79014 14.8828 -0.550684
v 0.503356 14.7522 -0.649946
v 0.578487 14.7727 -0.437342
v 0.839158 14.8746 -0.349391
v 0.650923 14.7729 -0.248304
v 0.677546 14.8321 -1.04012
v 0.425348 14.7041 -0.884264
v 0.88219 14.8504 -0.164618
v 0.720847 14.7603 -0.084683
v 4.40181 12.1196 -2.32767
v 4.11689 14.4071 -0.456575
v 4.34935 14.1451 -0.404396
v 4.0578 14.4356 -0.254696
v 4.29668 14.1717 -0.225037
v 4.55823 13.8627 -0.354685
v 4.50962 13.8855 -0.191578
v 3.86487 14.6514 -0.511081
v 3.80044 14.6803 -0.276635
v 2.74996 15.4753 -0.51414
v 2.69603 15.5573 -0.531042
v 2.69969 15.6571 -0.668292
v 2.64607 15.7359 -0.669581
v 2.67881 15.6531 -0.598785
v 2.62376 15.7315 -0.601358
v 2.64734 15.6427 -0.534513
v 2.59409 15.722 -0.535743
v 2.60492 15.6246 -0.484053
v 2.55467 15.7027 -0.482871
v 2.55121 15.597 -0.455979
v 2.50313 15.6691 -0.452876
v 2.58654 15.7992 -0.677121
v 2.55902 15.7939 -0.611404
v 2.52648 15.7855 -0.545921
v 2.45349 15.8328 -0.565856
v 2.41308 15.8132 -0.512055
v 2.48725 15.7665 -0.491708
v 2.43962 15.7296 -0.459806
v 2.36953 15.7759 -0.477799
v 2.32703 15.7319 -0.461031
v 2.39094 15.687 -0.44783
v 2.34855 15.6509 -0.453397
v 2.28976 15.6919 -0.459699
v 3.19309 14.4907 0.774682
v 3.15733 14.6422 0.695437
v 2.9801 14.6552 0.771425
v 3.0247 14.4881 0.855452
v 3.13513 14.7724 0.590312
v 2.94619 14.7995 0.664372
v 2.78956 14.6494 0.846481
v 3.33785 14.4789 0.693507
v 3.31556 14.605 0.618945
v 3.43801 14.4539 0.629266
v 3.45924 14.5282 0.557867
v 3.3126 14.7119 0.513969
v 3.48201 14.6111 0.448994
v 3.25479 14.3192 0.830696
v 3.40024 14.3269 0.735436
v 3.33644 14.1248 0.879317
v 3.49104 14.1451 0.767313
v 3.51559 14.3464 0.6351
v 3.62344 14.1729 0.648951
v 3.08728 14.3042 0.922449
v 3.16464 14.1018 0.98412
v 2.59139 14.6302 0.920174
v 2.38512 14.5963 0.98429
v 2.17028 14.5466 1.03061
v 1.95381 14.4798 1.0547
v 1.74264 14.3946 1.05213
v -3.09604 12.154 1.36962
v -3.18548 12.0742 1.33517
v -3.04849 12.0619 1.48427
v -3.13663 11.9822 1.45857
v -2.97768 11.9735 1.57422
v -3.06345 11.8928 1.55791
v -3.27013 11.9797 1.29753
v -3.35683 11.8722 1.257
v -3.21995 11.8882 1.42654
v -3.30624 11.781 1.39106
v -3.1441 11.7978 1.53133
v -3.22758 11.6893 1.49995
v -3.4524 11.7536 1.21393
v -3.55417 11.6253 1.16321
v -3.50686 11.5314 1.31088
v -3.40326 11.662 1.35499
v 4.95965 11.8838 0.575076
v 5.05776 11.896 0.424563
v 5.02344 12.1309 0.384602
v 4.9206 12.1175 0.541894
v 4.85764 12.3657 0.495814
v 4.96567 12.379 0.332676
v 4.77598 12.6322 0.442928
v 4.88746 12.6454 0.276402
v 5.03004 11.0629 0.33352
v 5.08621 11.0599 0.205123
v 5.14578 11.2564 0.20659
v 5.08584 11.2584 0.336137
v 5.12763 11.4633 0.329971
v 5.19167 11.4621 0.198251
v 5.21692 11.6767 0.177473
v 5.14897 11.6775 0.312168
v 5.14343 11.9013 0.279872
v 5.21455 11.9002 0.141623
v 5.11281 12.1366 0.235271
v 5.18678 12.1355 0.094154
v 4.65121 10.2584 -0.042561
v 4.76215 10.3886 -0.015468
v 4.86773 10.5346 0.012854
v 4.53755 10.1445 -0.066751
v 4.41895 10.0676 -0.083591
v 4.96532 10.6959 0.040734
v 4.98821 10.6961 -0.102198
v 5.05314 10.8704 0.063654
v 5.07951 10.8701 -0.071284
v 5.12938 11.0562 0.077096
v 5.15942 11.0542 -0.051447
v 5.22571 11.2479 -0.044563
v 5.19265 11.2521 0.079889
v 5.2415 11.4572 0.070858
v 5.27613 11.4505 -0.05251
v 5.26921 11.6711 0.048283
v 5.30508 11.6622 -0.075515
v 4.99805 10.7024 -0.25729
v 5.09321 10.8756 -0.21209
v 5.17619 11.0566 -0.181393
v 5.24424 11.2458 -0.167362
v 3.52132 13.1609 1.29523
v 3.43906 13.4014 1.20892
v 3.72217 13.166 1.16848
v 3.63276 13.418 1.08143
v 3.34734 13.6437 1.12698
v 3.53346 13.6666 1.00329
v 3.58669 12.9306 1.38311
v 3.62672 12.712 1.46711
v 3.79397 12.9181 1.26209
v 3.83334 12.6811 1.35703
v 3.2536 13.8794 1.05217
v 3.43201 13.9048 0.936386
v 3.92428 13.1655 1.02477
v 3.82359 13.4334 0.940732
v 4.11691 13.1681 0.865131
v 4.00419 13.4513 0.789198
v 3.71281 13.6896 0.869309
v 3.87999 13.7162 0.727518
v 4.00824 12.8904 1.12019
v 4.04984 12.6266 1.22678
v 4.21349 12.87 0.955145
v 3.5986 13.9298 0.81172
v 3.74899 13.9598 0.680263
v 4.68084 12.9209 0.389331
v 4.54935 12.9023 0.56926
v 4.79184 12.935 0.223393
v 4.56879 13.2239 0.342035
v 4.67693 13.2416 0.179708
v 4.4403 13.2031 0.512463
v 4.39371 12.8796 0.764683
v 4.2893 13.1826 0.690596
v 5.0589 12.3855 0.180554
v 5.13579 12.3853 0.038516
v 5.0612 12.654 -0.019245
v 4.98289 12.653 0.123013
v 4.88601 12.944 0.069944
v 4.96261 12.9458 -0.073082
v 4.83896 13.2545 -0.120308
v 4.76684 13.2527 0.025882
v 5.26902 11.8936 0.01044
v 5.30692 11.8828 -0.113802
v 5.2434 12.1283 -0.0385
v 5.28352 12.1161 -0.162989
v 5.19482 12.3787 -0.094368
v 5.23672 12.3657 -0.218693
v 5.1213 12.6477 -0.152378
v 5.16394 12.6335 -0.277283
v 5.02092 12.9386 -0.207745
v 5.06262 12.9212 -0.335127
v 4.89366 13.2441 -0.259728
v 5.29458 11.4439 -0.172158
v 5.32378 11.6514 -0.19403
v 5.32837 11.8688 -0.231224
v 5.30799 12.0995 -0.27961
v 5.26224 12.3466 -0.335053
v 5.18982 12.6109 -0.394853
v 5.08941 12.8929 -0.456306
v 5.10387 12.8551 -0.572124
v 5.10859 12.8095 -0.683427
v 2.91567 14.9149 0.528297
v 3.11408 14.8804 0.456658
v 2.88657 15.0025 0.37349
v 3.0905 14.9671 0.303116
v 2.8569 15.0636 0.21024
v 3.06072 15.0336 0.138324
v 3.30822 14.8066 0.380794
v 3.50025 14.6909 0.31471
v 3.29912 14.8899 0.223076
v 3.51236 14.7672 0.153506
v 3.28203 14.9627 0.044471
v 3.51676 14.8398 -0.03613
v 4.16224 13.7887 0.431119
v 4.27835 13.8301 0.282716
v 3.99117 14.0468 0.404171
v 4.08917 14.0965 0.261369
v 4.37532 13.8652 0.130956
v 4.17215 14.1398 0.110835
v 3.8876 14.3305 0.254454
v 3.95065 14.3829 0.101783
v 3.81412 14.273 0.394103
v 4.31161 13.5031 0.466816
v 4.43643 13.5331 0.308051
v 4.54083 13.5587 0.151405
v 4.02963 13.75 0.58042
v 4.16719 13.4751 0.629212
v 3.87881 14.0001 0.544108
v 3.7286 14.218 0.525075
v 3.64679 14.463 0.409041
v 3.69234 14.5304 0.272416
v 3.73013 14.5951 0.114541
v 3.59283 14.3967 0.528119
v 4.00488 14.4227 -0.068255
v 4.23947 14.1674 -0.052297
v 4.45053 13.885 -0.02842
v 3.76085 14.6533 -0.068285
v 2.26776 11.833 1.91881
v 2.07835 11.9303 1.91472
v 2.42736 11.746 1.90129
v 2.53662 11.839 1.85864
v 2.40476 11.9428 1.86849
v 2.25014 12.0608 1.85689
v 1.8494 12.047 1.88558
v 2.06424 12.2021 1.81624
v 2.56747 12.0378 1.8537
v 2.45381 12.1679 1.83584
v 2.6676 11.9224 1.85159
v 2.81073 11.9925 1.85875
v 2.74296 12.1153 1.8534
v 2.66878 12.252 1.83005
v 2.32089 12.3189 1.79253
v 2.58526 12.4051 1.78713
v 2.50085 11.5801 1.92731
v 2.45912 11.5058 2.02063
v 2.43502 11.4322 2.1263
v 2.60778 11.4448 1.96117
v 2.5921 11.3861 2.06329
v 2.63736 11.5053 1.8731
v 2.5669 11.6602 1.86557
v 2.68918 11.5734 1.82117
v 2.76046 11.6446 1.80045
v 2.65426 11.7405 1.83495
v 2.75993 11.8154 1.835
v 2.8484 11.7142 1.80604
v 2.94365 11.7793 1.82325
v 2.87505 11.8812 1.84764
v 2.95644 12.0456 1.85873
v 2.91828 12.1726 1.84655
v 3.10287 12.0733 1.84555
v 3.09121 12.2052 1.82619
v 3.07107 12.3516 1.79194
v 2.87448 12.3139 1.81799
v 2.99077 11.9337 1.85478
v 3.03687 11.8368 1.83742
v 3.10861 11.8778 1.83909
v 3.10732 11.9589 1.84959
v 3.25871 12.3631 1.74418
v 3.2595 12.2082 1.78537
v 3.24817 12.0673 1.81323
v 3.42215 12.1856 1.72768
v 3.4391 12.3506 1.6802
v 3.04122 12.5099 1.7432
v 2.82324 12.4685 1.77277
v 3.24561 12.5301 1.69218
v 3.44125 12.5292 1.6237
v 3.61395 12.3162 1.60547
v 3.63298 12.5068 1.54175
v 3.78601 12.2606 1.52601
v 3.82549 12.4618 1.44804
v 3.57814 12.1411 1.65668
v 3.73055 12.0781 1.58181
v 3.88246 11.9997 1.51251
v 3.95804 12.185 1.44782
v 4.02347 12.3927 1.34428
v 3.36878 10.9578 1.46041
v 3.41525 10.8402 1.44945
v 3.49458 11.028 1.47066
v 3.53316 10.9013 1.44905
v 3.62673 11.0999 1.49151
v 3.65099 10.9563 1.46545
v 3.75982 11.1499 1.50164
v 3.23075 10.6353 1.52148
v 3.33945 10.6781 1.46603
v 3.45353 10.7327 1.43793
v 3.49002 10.634 1.42488
v 3.56599 10.7898 1.43277
v 3.66983 10.84 1.44614
v -1.73319 10.238 -2.30822
v -1.63241 10.2689 -2.34152
v -1.69741 10.167 -2.27224
v -1.59417 10.1921 -2.3034
v -1.52351 10.2973 -2.37177
v -1.48581 10.2176 -2.33241
v -1.45114 10.1404 -2.29088
v -1.56131 10.117 -2.26228
v -1.66924 10.0955 -2.23169
v -1.78137 10.3086 -2.33805
v -1.67726 10.348 -2.37617
v -1.83832 10.3828 -2.36001
v -1.72665 10.4319 -2.40401
v -1.60483 10.47 -2.4394
v -1.56345 10.3808 -2.40873
v -1.82025 10.2062 -2.27463
v -1.87008 10.2635 -2.2955
v -1.87923 10.182 -2.24712
v -1.93477 10.209 -2.24922
v -1.93483 10.3229 -2.30642
v -2.00972 10.2513 -2.24652
v -1.79171 10.1433 -2.24196
v -1.77313 10.0762 -2.20157
v -1.8804 10.1313 -2.21653
v -1.87447 10.0642 -2.17343
v -1.41207 10.322 -2.39622
v -1.37616 10.2425 -2.35625
v -1.3405 10.1656 -2.31504
v -1.44565 10.4062 -2.43463
v -1.47785 10.497 -2.46719
v -1.32801 10.4242 -2.45201
v -1.97475 10.0649 -2.14882
v -1.96682 10.1411 -2.19993
v -2.07752 10.0763 -2.12109
v -2.05652 10.1672 -2.18362
v -1.86081 9.99239 -2.12705
v -1.96707 9.98517 -2.09708
v -1.84816 9.93654 -2.07726
v -1.95598 9.92391 -2.04617
v -2.07501 9.98409 -2.06231
v -2.06239 9.91453 -2.01127
v -1.75319 10.006 -2.15752
v -1.6439 10.0236 -2.18817
v -1.6264 9.96908 -2.13774
v -1.73819 9.95186 -2.10777
v -1.53262 10.0429 -2.21867
v -1.42025 10.0646 -2.24744
v -1.39888 10.0079 -2.1956
v -1.51308 9.98742 -2.16723
v -1.30766 10.089 -2.2729
v -1.28444 10.0314 -2.22219
v 4.11575 11.1089 1.39437
v 4.00844 11.1342 1.4394
v 3.88843 11.1546 1.47971
v 4.00527 13.7593 -2.53091
v 0.130718 14.444 -0.371465
v -0.009569 14.2483 -0.245251
v 0.240538 14.4713 -0.166645
v 0.111057 14.2801 -0.037062
v 0.244799 14.2931 0.161564
v 0.360647 14.4828 0.021811
v 0.027486 14.3918 -0.588907
v -0.125835 14.1911 -0.464228
v -0.056481 14.3141 -0.805957
v -0.214976 14.122 -0.682504
v 0.301647 14.611 -0.510429
v 0.209937 14.5601 -0.731389
v 0.128092 14.4751 -0.952873
v 0.395817 14.6355 -0.3047
v 0.493721 14.6425 -0.119691
v 0.596631 14.6412 0.039112
v 0.494751 14.4876 0.190159
v -2.45467 10.429 -1.94143
v -2.49931 10.5631 -1.85523
v -2.27304 10.457 -2.16313
v -2.36706 10.329 -2.03423
v -2.18495 10.3722 -2.21157
v -2.25951 10.2563 -2.11348
v -2.42646 10.1862 -1.9153
v -2.30232 10.1311 -2.02028
v -2.15658 10.5662 -2.26934
v -2.02326 10.6561 -2.3534
v -1.96347 10.5552 -2.37144
v -2.08401 10.4721 -2.29866
v -1.87864 10.7264 -2.41584
v -1.83011 10.6211 -2.42657
v 2.85804 11.5487 1.7582
v 2.93697 11.616 1.76683
v 3.02426 11.6848 1.78879
v 2.79704 11.4835 1.7776
v 2.75426 11.4232 1.82673
v 3.11031 11.7549 1.80939
v 3.18168 11.8371 1.82331
v 2.72996 11.3707 1.90729
v 2.71565 11.3225 2.00044
v 2.42186 11.3541 2.22505
v 2.41711 11.2701 2.3109
v 2.5785 11.2522 2.23524
v 2.58195 11.3235 2.15739
v 2.70279 11.2752 2.08733
v 2.69812 11.2193 2.15627
v 3.22494 11.9424 1.82523
v -2.4174 12.5859 -0.098071
v -2.3451 12.6531 -0.078586
v -1.81909 12.711 0.712267
v -1.79502 12.7782 0.527976
v -2.13901 12.6278 -0.119238
v -2.08126 12.6859 -0.04622
v -2.21088 12.673 -0.079394
v -2.15514 12.7287 -0.011898
v -2.03624 12.7305 0.057586
v -2.1138 12.773 0.080747
v -2.01598 12.7614 0.193183
v -2.22911 12.766 0.021488
v -2.28165 12.7143 -0.038392
v -2.18955 12.8051 0.100028
v -2.62552 12.3381 1.16922
v -2.61814 12.6721 0.697465
v -2.67193 12.5223 0.994971
v -0.108505 14.21 -1.0096
v -0.254225 14.0546 -0.888589
v 0.063511 14.3485 -1.16017
v 0.400414 14.2941 0.351853
v 2.38407 15.8634 -0.596359
v 2.34261 15.84 -0.545403
v 2.3017 15.8053 -0.507884
v 2.26339 15.765 -0.484043
v 2.2297 15.7247 -0.474123
v 2.16829 15.7511 -0.492189
v 2.10547 15.7727 -0.509419
v -2.15504 10.204 -2.15904
v -2.18636 10.0965 -2.08356
v -2.09514 10.3047 -2.23667
v -2.308 10.0038 -1.94787
v -2.43905 10.0327 -1.839
v -2.27932 9.8962 -1.88855
v -2.42074 9.91357 -1.78946
v -2.18765 9.98895 -2.01744
v -2.16812 9.90898 -1.96935
v -3.66453 11.668 0.768082
v -3.67307 11.5816 0.934927
v -3.65944 11.4884 1.09973
v -3.61285 11.3897 1.25131
v -3.32181 11.568 1.46928
v -3.4218 11.4338 1.43142
v -3.52252 11.2864 1.37849
v 0.082035 10.7246 -2.74385
v -0.021425 10.8093 -2.6846
v 0.15417 10.8105 -2.79798
v 0.055935 10.8924 -2.74693
v -0.111121 10.9071 -2.62625
v -0.038491 10.9855 -2.69277
v 0.131659 10.9759 -2.81589
v 0.031588 11.0686 -2.765
v 0.006336 10.6342 -2.68417
v -0.101694 10.7279 -2.61781
v -0.094093 10.5279 -2.60718
v -0.19847 10.6635 -2.54364
v -0.185285 10.8367 -2.55703
v 0.207114 10.6641 -2.8055
v 0.155367 10.5738 -2.75795
v 0.11831 10.4765 -2.71218
v 0.257625 10.7476 -2.84695
v 0.098099 11.1532 -2.85135
v 0.207025 11.0582 -2.90256
v -0.06913 11.1635 -2.70675
v -0.012065 11.2491 -2.78953
v 0.04402 11.3399 -2.87791
v -0.130516 11.0818 -2.63447
v -0.194911 11.0071 -2.56734
v -0.219916 11.1796 -2.57217
v -0.520345 12.2017 -2.19123
v 0.316866 10.3629 -2.75055
v 0.111863 10.3718 -2.67604
v 0.327259 10.2927 -2.68158
v 0.120141 10.2888 -2.61873
v -0.074358 10.2967 -2.54528
v -0.084512 10.3885 -2.58565
v 0.51769 10.3704 -2.80913
v 0.530579 10.3064 -2.7319
v -1.6468 10.5668 -2.4599
v -1.5096 10.5962 -2.4896
v -1.77853 10.5229 -2.42172
v -1.90042 10.4646 -2.37239
v -1.21467 10.4348 -2.45897
v 1.24404 11.1414 2.69465
v 0.980168 11.1443 2.7147
v 0.715477 11.1517 2.72197
v 0.967364 11.0023 2.78208
v 0.704045 11.0031 2.78286
v 1.23142 11.0068 2.7671
v 1.50465 11.143 2.65179
v 1.49391 11.0186 2.7267
v 1.75767 11.1507 2.59454
v 1.74998 11.0367 2.66834
v 1.99878 11.1656 2.53129
v 1.99478 11.0603 2.59946
v 2.22122 11.1781 2.4598
v 2.2208 11.079 2.51913
v 1.48535 10.9028 2.78284
v 1.74339 10.9296 2.72428
v 1.22113 10.8818 2.81944
v 1.21237 10.7642 2.85845
v 1.47813 10.7922 2.82445
v 1.73685 10.8257 2.76396
v 1.98935 10.958 2.64649
v 1.98115 10.8579 2.67537
v 2.21682 10.9793 2.5555
v 2.41936 10.9848 2.45734
v 2.59035 10.98 2.34943
v 2.58895 11.0752 2.32442
v 2.42055 11.0827 2.42643
v 1.9688 10.7589 2.68908
v 1.72932 10.7212 2.789
v -0.985871 10.0528 3.05845
v -0.989359 10.1341 3.14749
v -1.14853 10.1198 3.18293
v -1.13791 10.0353 3.08355
v -0.993527 10.2301 3.21602
v -1.15786 10.2204 3.26073
v -1.32136 10.2154 3.2847
v -1.30549 10.1097 3.20098
v -1.28614 10.0211 3.09455
v -0.826501 10.0739 3.02091
v -0.82523 10.1523 3.0976
v -0.656288 10.0965 2.97432
v -0.652074 10.1725 3.03871
v -0.826387 10.2436 3.15496
v -0.651408 10.2597 3.08532
v -0.983003 9.99494 2.9515
v -0.83022 10.0156 2.92746
v -0.980871 9.96094 2.84449
v -0.83375 9.98049 2.82855
v -0.672175 10.0004 2.80307
v -0.664534 10.0373 2.89364
v -1.12661 9.97637 2.96382
v -1.26469 9.96008 2.96432
v -1.11767 9.94228 2.84994
v -1.2451 9.9253 2.84601
v -1.4341 10.0103 3.08978
v -1.4009 9.94625 2.95297
v -1.58265 10.0021 3.06779
v -1.53799 9.93446 2.92885
v -1.36413 9.91081 2.83381
v -1.47987 9.89338 2.77417
v -1.46298 10.104 3.19875
v -1.48601 10.2158 3.28358
v -1.65106 10.2193 3.25865
v -1.62077 10.1013 3.17551
v -1.81575 10.2235 3.21122
v -1.77864 10.0999 3.13052
v -1.93566 10.1001 3.06305
v -1.73267 9.9957 3.02712
v -1.88194 9.99196 2.96593
v -1.67221 10.3433 3.32385
v -1.84306 10.3528 3.27917
v -1.68297 10.4718 3.36775
v -1.85713 10.4857 3.32425
v -1.50164 10.3339 3.34795
v -1.33233 10.3276 3.3468
v -1.50944 10.457 3.39158
v -1.33789 10.4448 3.38849
v -1.67875 9.9243 2.8911
v -1.81966 9.917 2.83748
v -1.76654 9.87376 2.70938
v -1.63468 9.88367 2.74784
v -1.85452 10.6197 3.33635
v -1.68208 10.6031 3.38698
v -1.66739 10.7328 3.37768
v -1.83308 10.7501 3.31637
v -2.0909 10.1021 2.97236
v -2.2408 10.1105 2.85844
v -2.17341 9.99748 2.77747
v -2.02828 9.99168 2.88237
v -1.95726 9.91376 2.76575
v -2.09615 9.91609 2.67448
v -1.88985 9.86816 2.65951
v -2.00552 9.86101 2.56136
v -2.38182 10.1302 2.72126
v -2.31908 10.012 2.65228
v -2.24096 9.92548 2.56225
v -2.38451 9.94353 2.42957
v -2.16367 9.87221 2.47427
v -2.29114 9.87575 2.33297
v -2.51964 9.97184 2.27697
v -2.45223 9.90244 2.20661
v -1.39041 11.0426 3.21373
v -1.2588 11.0087 3.23123
v -1.52522 11.07 3.16642
v -1.58953 10.9709 3.26468
v -1.44085 10.9466 3.30799
v -1.29263 10.9163 3.31606
v -1.13897 10.9724 3.21771
v -1.15335 10.8844 3.28693
v -1.02169 10.9531 3.17027
v -1.01615 10.8644 3.22439
v -1.65469 11.0868 3.09048
v -1.73023 10.9849 3.18811
v -1.79067 10.8723 3.26517
v -1.63673 10.857 3.336
v -1.47634 10.8335 3.37416
v -1.4985 10.7101 3.41024
v -1.316 10.8064 3.37619
v -1.33044 10.6868 3.40879
v -3.61953 10.0937 1.00526
v -3.7295 10.0607 0.822606
v -3.56232 10.0069 0.975117
v -3.6597 9.97137 0.790872
v -3.81757 10.0201 0.622741
v -3.81354 9.94599 0.479776
v -3.77192 9.94038 0.533948
v -3.75927 9.95696 0.633748
v 2.41823 11.1787 2.37782
v 2.58292 11.1677 2.28864
v 2.7084 11.1453 2.19555
v 2.72096 11.0601 2.2162
v 2.72318 10.9705 2.2292
v 3.53112 10.5428 1.40933
v 3.57742 10.4527 1.37734
v 3.62951 10.3571 1.31498
v 3.70226 10.2772 1.22416
v 0.187145 11.0094 2.7894
v 0.443771 11.0071 2.78063
v 0.18838 11.1744 2.739
v 0.452423 11.1631 2.72651
v 0.187843 10.8625 2.83121
v 0.438095 10.8653 2.82441
v 0.18841 10.7308 2.86113
v 0.433131 10.7356 2.8558
v 0.685845 10.7397 2.86297
v 0.694651 10.8664 2.8294
v -0.065231 11.005 2.82316
v -0.055208 10.853 2.8646
v -0.304714 10.9856 2.87734
v -0.285796 10.8351 2.91886
v -0.274074 10.7042 2.94868
v -0.048698 10.7201 2.89406
v -0.079274 11.1809 2.77009
v -0.334089 11.1617 2.82201
v 0.186783 10.6115 2.87588
v 0.426615 10.6162 2.87273
v 0.183761 10.5029 2.8775
v 0.41997 10.5058 2.87604
v 0.676176 10.621 2.88498
v 0.667409 10.5091 2.89346
v -0.045193 10.6012 2.91124
v -0.266288 10.5867 2.96892
v -0.262093 10.4803 2.97664
v -0.044336 10.4937 2.91573
v 0.946932 10.7479 2.86757
v 0.937339 10.6317 2.89583
v 0.929193 10.5196 2.91189
v 1.20434 10.6514 2.89089
v 0.956613 10.8708 2.83135
v 1.47142 10.6833 2.85578
v 0.180142 10.4029 2.86804
v 0.41462 10.403 2.86654
v 0.175672 10.3124 2.84756
v 0.409355 10.3086 2.84457
v 0.66131 10.4027 2.88643
v -0.045768 10.3953 2.90717
v -0.261143 10.3826 2.96888
v -0.049046 10.306 2.88674
v -0.262792 10.293 2.94742
v 0.923857 10.4093 2.91149
v 0.170095 10.232 2.81613
v 0.402966 10.2233 2.81048
v 0.162824 10.1599 2.77285
v 0.394908 10.1453 2.76562
v -0.053724 10.2262 2.85565
v -0.266395 10.2112 2.91403
v -0.060719 10.1552 2.81195
v -0.273107 10.1389 2.86701
v 0.153274 10.0941 2.71678
v -0.070945 10.0927 2.75373
v -0.284089 10.0777 2.80465
v -0.080573 10.0501 2.6814
v -0.29443 10.0373 2.72796
v 0.144259 10.0482 2.64632
v 0.384635 10.0726 2.71137
v 0.374771 10.0215 2.6397
v 4.05222 10.4933 1.18596
v 3.94012 10.3644 1.14926
v 3.81054 10.2338 1.10679
v 3.69086 10.1374 1.06218
v 3.81126 10.1101 0.910444
v 3.92939 10.2112 0.98008
v 4.03381 10.1936 0.861234
v 3.94457 10.1041 0.804202
v 4.02569 10.0805 0.678586
v 4.12785 10.1797 0.746089
v 4.2155 10.1681 0.630477
v 4.13093 10.0791 0.576431
v -0.714133 10.8978 3.03248
v -0.690292 10.7794 3.07298
v -0.522662 10.943 2.94732
v -0.49866 10.8068 2.98825
v -0.674951 10.6649 3.10406
v -0.4836 10.6834 3.01906
v -0.874185 10.8702 3.1322
v -0.857186 10.7641 3.17325
v -1.0107 10.7636 3.26861
v -0.845806 10.6554 3.20251
v -1.00646 10.6561 3.2965
v -0.749586 11.0192 2.98745
v -0.897752 10.9703 3.08604
v -0.559612 11.0954 2.89695
v -0.839096 10.5476 3.21335
v -0.664998 10.5551 3.12083
v -1.00451 10.547 3.30158
v -0.834622 10.4421 3.20843
v -1.00259 10.4384 3.28838
v -0.65857 10.4508 3.12361
v -0.473476 10.5698 3.03907
v -0.467282 10.4647 3.04614
v -0.464013 10.3673 3.03812
v -0.653806 10.3524 3.1127
v -0.463561 10.2769 3.01487
v -0.46582 10.1928 2.97628
v -0.471727 10.1187 2.92208
v -0.482221 10.0586 2.852
v -0.492016 10.02 2.76903
v -1.16221 10.7804 3.33863
v -1.16721 10.6677 3.36807
v -1.50897 10.5835 3.4142
v -1.33749 10.5654 3.41103
v -1.16999 10.5531 3.37048
v -1.16964 10.4389 3.35125
v -1.16525 10.3274 3.31575
v -0.998435 10.3321 3.26142
v -0.829952 10.3405 3.19043
v 5.13052 11.4 -0.797344
v 4.624 13.5732 -0.004633
v 4.68917 13.5737 -0.158238
v 4.73955 13.5573 -0.307585
v -2.00812 10.3917 -2.30925
v -0.261 10.9423 -2.49997
v -0.306468 11.2768 -2.506
v -0.325347 10.6314 -2.45915
v -0.279353 10.5158 -2.4785
v 0.102468 11.4375 -2.96697
v -0.754508 11.5614 -1.91643
v -0.728475 11.7292 -1.82402
v -0.763608 11.6745 -1.79386
v -0.803858 11.5222 -1.89772
v -0.813838 11.6346 -1.77664
v -0.754093 11.7898 -1.65268
v -0.808879 11.7488 -1.63719
v -0.715538 11.8466 -1.68104
v -0.720529 11.4537 -2.01906
v -0.775581 11.417 -2.00153
v -0.702669 11.7912 -1.86098
v -0.688641 11.9129 -1.71846
v -0.692005 11.9678 -1.52397
v -0.668333 12.0414 -1.56483
v -0.668372 12.0959 -1.35821
v -0.649725 12.1771 -1.40431
v -0.732227 11.9046 -1.49423
v -0.792343 11.8589 -1.47826
v -0.710083 12.0271 -1.32674
v -0.775567 11.9777 -1.31072
v -0.865532 11.9543 -1.311
v -0.769888 12.1174 -1.14546
v -0.860883 12.0901 -1.14675
v -0.971178 11.9476 -1.32216
v -0.966408 12.0784 -1.1588
v -0.964049 12.2149 -0.997894
v -0.860976 12.2336 -0.98598
v -0.771601 12.2669 -0.985031
v -0.875699 11.838 -1.4787
v -0.88447 11.7295 -1.63837
v -0.975471 11.833 -1.48954
v -0.977236 11.7256 -1.65004
v -0.699737 12.1659 -1.15843
v -0.698801 12.3154 -0.996318
v -0.655138 12.234 -1.18917
v -0.652496 12.3826 -1.02686
v -0.640799 12.3203 -1.24116
v -0.642604 12.4721 -1.08367
v -1.07794 12.2103 -1.0195
v -1.08086 12.3393 -0.859669
v -0.966995 12.3467 -0.837856
v -1.19927 12.2125 -1.04457
v -1.20265 12.3404 -0.886927
v -1.08797 12.4571 -0.69651
v -1.21123 12.4532 -0.72199
v -0.972706 12.4703 -0.678722
v -1.08015 12.0767 -1.17814
v -1.0837 11.9484 -1.33881
v -1.2031 11.9533 -1.35675
v -1.20053 12.0803 -1.19966
v -0.865039 12.3726 -0.828722
v -0.869308 12.5036 -0.675022
v -0.776999 12.4146 -0.831992
v -0.780572 12.5543 -0.684594
v -0.704887 12.4704 -0.847391
v -0.709294 12.62 -0.706622
v -0.667478 12.7004 -0.745103
v -0.660639 12.5425 -0.881313
v -0.656192 12.6334 -0.940153
v -0.667133 12.7953 -0.804033
v -0.978643 12.5826 -0.520528
v -0.870019 12.623 -0.52493
v -0.978611 12.6826 -0.360704
v -0.860927 12.7274 -0.375173
v -0.776808 12.6794 -0.541087
v -0.759312 12.7863 -0.398712
v -1.09837 12.5568 -0.527896
v -1.22552 12.5404 -0.545022
v -1.24102 12.6133 -0.359138
v -1.10622 12.6442 -0.354382
v -0.703319 12.753 -0.568979
v -0.679906 12.8667 -0.432244
v -0.633191 12.9678 -0.476553
v -0.660924 12.8432 -0.6108
v -0.660999 12.949 -0.668744
v -0.629652 13.0887 -0.532419
v -1.38027 12.5909 -0.377907
v -1.40876 12.6494 -0.174976
v -1.25324 12.6833 -0.167457
v -1.43086 12.7098 0.044146
v -1.35637 12.5278 -0.569889
v -1.33858 12.448 -0.74877
v -1.10568 12.7248 -0.176519
v -0.966413 12.7695 -0.196684
v -0.835788 12.8133 -0.222476
v -0.721688 12.8711 -0.25471
v -0.631997 12.958 -0.294202
v -0.576493 13.0713 -0.340509
v -0.564953 13.2087 -0.39319
v -4.10936 10.5506 0.141439
v -4.10418 10.6907 0.192514
v -4.08196 10.8301 0.262481
v -1.31443 11.2683 -2.31115
v -1.32553 11.3692 -2.21815
v -1.17857 11.3494 -2.19296
v -1.16276 11.2524 -2.28514
v -1.02473 11.2346 -2.25203
v -1.04655 11.3269 -2.16021
v -1.33167 11.4667 -2.10965
v -1.3342 11.5614 -1.98536
v -1.19596 11.5442 -1.96851
v -1.18919 11.4469 -2.08811
v -1.06227 11.4237 -2.05854
v -1.073 11.5239 -1.94377
v -0.965899 11.5085 -1.91872
v -0.950526 11.406 -2.02897
v -0.853605 11.4024 -2.0074
v -0.875254 11.5062 -1.90093
v -1.33448 11.6537 -1.84498
v -1.33338 11.7479 -1.69262
v -1.2002 11.6409 -1.83209
v -1.20254 11.7392 -1.68175
v -1.07984 11.6263 -1.81265
v -1.08355 11.7302 -1.66603
v -0.974424 11.6162 -1.79276
v -0.884932 11.6171 -1.77852
v -1.33175 11.8483 -1.53236
v -1.32937 11.9591 -1.37174
v -1.20364 11.8415 -1.52037
v -1.08483 11.8353 -1.50477
v -1.32597 12.0845 -1.21828
v -1.32464 12.2146 -1.06687
v -1.32842 12.3397 -0.912397
v -1.4356 12.7788 0.284698
v -1.61857 12.759 0.289684
v -1.91713 12.7643 0.350297
v -2.03251 12.7784 0.361576
v -1.77911 12.756 0.318941
v -0.421561 10.4094 -2.38754
v -0.579428 10.3934 -2.34013
v -0.389291 10.329 -2.35683
v -0.547717 10.3199 -2.3049
v -0.259454 10.4044 -2.47943
v -0.239822 10.3186 -2.46321
v 0.479085 10.1093 0.186713
v 0.256025 10.1236 0.191434
v 0.471395 10.1176 0.038845
v 0.248908 10.1309 0.041803
v 0.039384 10.1435 0.193152
v 0.03303 10.1504 0.041466
v 0.242027 10.138 -0.102765
v 0.026931 10.1571 -0.103909
v 0.463909 10.1257 -0.105015
v 1.3367 10.1492 0.124119
v 1.13358 10.1322 0.14248
v 1.32503 10.1578 -0.016733
v 1.12311 10.1413 -0.000174
v 0.92097 10.118 0.16003
v 0.911597 10.1272 0.015589
v 1.11283 10.1501 -0.140263
v 0.902407 10.1362 -0.125976
v 1.31355 10.1663 -0.155244
v 1.70764 10.1822 0.089658
v 1.52745 10.1666 0.106204
v 1.69362 10.1896 -0.04771
v 1.51452 10.1746 -0.032882
v 1.50178 10.1825 -0.169813
v 1.67979 10.1969 -0.18313
v 2.04362 10.2015 0.063464
v 1.87908 10.1939 0.075403
v 2.0285 10.2077 -0.070632
v 1.86436 10.2007 -0.060309
v 1.84982 10.2074 -0.194353
v 2.01354 10.214 -0.203432
v 2.35962 10.204 0.046138
v 2.20308 10.2045 0.053867
v 2.34446 10.2094 -0.08479
v 2.1878 10.2104 -0.078636
v 2.17261 10.2162 -0.210316
v 2.32932 10.2149 -0.215453
v 2.67142 10.1967 0.033639
v 2.51536 10.2005 0.039804
v 2.50067 10.2057 -0.089561
v 2.65728 10.2015 -0.094133
v 2.48594 10.2109 -0.219292
v 2.64304 10.2064 -0.222918
v 2.99494 10.1899 0.020315
v 2.82889 10.195 0.02642
v 2.98115 10.1938 -0.104044
v 2.81511 10.1993 -0.099692
v 2.80115 10.2036 -0.227422
v 2.96711 10.1978 -0.230738
v 3.36318 10.1574 0.016752
v 3.17672 10.1761 0.01749
v 3.34843 10.1613 -0.103814
v 3.16243 10.18 -0.104996
v 3.14774 10.1839 -0.230805
v 3.33312 10.1654 -0.228839
v 3.71053 10.1169 0.018012
v 3.54328 10.1374 0.016912
v 3.52866 10.1414 -0.101768
v 3.6973 10.1208 -0.098878
v 3.51335 10.1456 -0.226059
v 3.68333 10.1249 -0.222512
v 4.20608 10.0596 -0.210838
v 4.2102 10.0556 -0.088732
v 4.10592 10.0665 -0.089675
v 4.10553 10.07 -0.212013
v 4.1972 10.0531 0.023285
v 4.10631 10.0633 0.023062
v 3.98411 10.0813 -0.09173
v 3.98949 10.078 0.022124
v 3.97835 10.0848 -0.214382
v 3.85841 10.0965 0.020095
v 3.84851 10.1001 -0.095165
v 3.83797 10.1039 -0.218251
v 0.70177 10.1089 0.17551
v 0.693325 10.1178 0.029351
v 0.685068 10.1266 -0.11349
v -0.350464 10.1668 0.202173
v -0.516079 10.1516 0.217778
v -0.353759 10.1757 0.045541
v -0.517383 10.1606 0.059781
v -0.668273 10.1197 0.240568
v -0.667869 10.1279 0.082029
v -0.518612 10.1692 -0.089613
v -0.667481 10.1357 -0.068391
v -0.35688 10.1842 -0.102617
v -0.164044 10.161 0.195348
v -0.169074 10.1688 0.041074
v -0.173869 10.1763 -0.105621
v -0.95251 10.0308 0.296888
v -1.08051 9.99901 0.318372
v -0.950766 10.0359 0.138656
v -1.07833 10.0033 0.159855
v -1.20238 9.97487 0.335943
v -1.19982 9.97883 0.176875
v -1.07623 10.0075 0.006994
v -1.19736 9.98266 0.023144
v -0.949087 10.0408 -0.013359
v -0.814424 10.0752 0.268946
v -0.813138 10.0819 0.110517
v -0.811906 10.0882 -0.04073
v -1.44234 9.93432 0.36726
v -1.56583 9.91736 0.381543
v -1.43915 9.93776 0.206911
v -1.56206 9.92064 0.22041
v -1.68993 9.90275 0.394755
v -1.68545 9.90585 0.232804
v -1.55839 9.92382 0.064108
v -1.68111 9.90885 0.07566
v -1.43606 9.94109 0.051483
v -1.32209 9.9534 0.35215
v -1.31925 9.95706 0.19248
v -1.3165 9.96061 0.037901
v -1.81197 9.89071 0.406655
v -1.80683 9.89351 0.243919
v -1.93542 9.88193 0.417099
v -1.92936 9.8843 0.253576
v -1.80184 9.89624 0.086024
v -1.92349 9.8866 0.09501
v -2.19628 9.87684 0.43287
v -2.33246 9.88175 0.437558
v -2.18706 9.8778 0.267662
v -2.32141 9.8817 0.271476
v -2.47464 9.89261 0.439761
v -2.46167 9.8913 0.272776
v -2.31077 9.88165 0.111441
v -2.44923 9.89006 0.1125
v -2.17815 9.87872 0.108002
v -2.06372 9.87711 0.425944
v -2.05624 9.87887 0.261592
v -2.04899 9.88057 0.102431
v -2.77662 9.93416 0.435768
v -2.92138 9.96402 0.429188
v -2.75996 9.92938 0.266996
v -2.90388 9.95684 0.2598
v -3.06504 9.98647 0.426017
v -3.04704 9.9778 0.255705
v -2.88738 9.95008 0.100031
v -3.03016 9.96968 0.095964
v -2.74415 9.92485 0.106768
v -2.6252 9.91022 0.439228
v -2.6102 9.90736 0.271302
v -2.59589 9.90465 0.110934
v -3.36181 9.97836 0.444947
v -3.50709 9.9663 0.457969
v -3.48996 9.96444 0.280769
v -3.34319 9.97299 0.270494
v -3.63738 9.95204 0.469439
v -3.63365 9.95139 0.300062
v -3.62317 9.95276 0.127694
v -3.47401 9.9627 0.115688
v -3.32582 9.96798 0.10768
v -3.21315 9.98816 0.432783
v -3.19452 9.98032 0.260705
v -3.17709 9.97298 0.09981
v -3.77486 9.93376 0.147561
v -3.77308 9.93056 0.336907
v -3.74109 9.93561 0.476948
v -3.57594 9.96205 -0.453629
v -3.73789 9.96323 -0.438665
v -3.69689 9.96944 -0.567017
v -3.55539 9.96412 -0.603552
v -3.26441 9.95018 -0.467584
v -3.4181 9.95649 -0.462003
v -3.40293 9.9548 -0.618677
v -3.24773 9.94534 -0.623793
v -3.37627 9.95168 -0.753872
v -3.22919 9.94048 -0.765519
v -2.96937 9.94044 -0.479422
v -3.11494 9.94673 -0.47417
v -3.09804 9.93958 -0.630304
v -2.95283 9.93247 -0.635962
v -3.08244 9.93299 -0.774386
v -2.93754 9.92511 -0.780668
v -2.68614 9.9083 -0.481548
v -2.82736 9.9256 -0.481001
v -2.81109 9.91895 -0.638518
v -2.67048 9.90383 -0.640299
v -2.79601 9.91279 -0.784562
v -2.65592 9.89968 -0.787986
v -2.40271 9.88545 -0.487545
v -2.5429 9.89465 -0.483705
v -2.52864 9.89195 -0.643632
v -2.39022 9.88421 -0.648647
v -2.51534 9.88944 -0.792859
v -2.37854 9.88305 -0.799359
v -2.14426 9.88227 -0.500382
v -2.27063 9.88152 -0.493142
v -2.25986 9.88148 -0.655474
v -2.13515 9.88323 -0.664011
v -2.24976 9.88145 -0.807667
v -2.1266 9.88412 -0.817698
v -1.9008 9.89551 -0.519253
v -2.0212 9.88712 -0.509152
v -2.01371 9.88889 -0.674152
v -1.89465 9.89793 -0.685696
v -2.00667 9.89056 -0.829363
v -1.88886 9.90021 -0.842469
v -1.66405 9.92069 -0.542743
v -1.78239 9.90687 -0.530488
v -1.77709 9.90977 -0.698444
v -1.65938 9.92394 -0.712269
v -1.7721 9.91251 -0.856821
v -1.65497 9.927 -0.872284
v -1.4237 9.95443 -0.570002
v -1.54386 9.93645 -0.555906
v -1.53986 9.93993 -0.727047
v -1.42027 9.95813 -0.742852
v -1.53608 9.94322 -0.888726
v -1.41702 9.96164 -0.906273
v -1.18734 9.99821 -0.601274
v -1.30545 9.97492 -0.585054
v -1.30235 9.97894 -0.759758
v -1.18451 10.0026 -0.777992
v -1.29941 9.98274 -0.925049
v -1.18183 10.0068 -0.945298
v -0.942173 10.0611 -0.641067
v -1.06764 10.0246 -0.618875
v -1.06519 10.0295 -0.797784
v -0.940178 10.067 -0.822874
v -1.06287 10.0341 -0.967261
v -0.938288 10.0726 -0.995183
v -0.665903 10.1686 -0.701408
v -0.806791 10.1148 -0.671061
v -0.805293 10.1227 -0.857005
v -0.665449 10.1785 -0.891521
v -0.803874 10.1301 -1.03331
v -0.665019 10.1879 -1.07186
v -0.370383 10.2205 -0.739293
v -0.523923 10.2055 -0.72466
v -0.525563 10.2166 -0.917768
v -0.374519 10.2316 -0.934031
v -0.527121 10.2271 -1.10104
v -0.37845 10.2422 -1.11901
v -2.6e-05 10.1862 -0.744959
v -0.19482 10.2086 -0.743787
v -0.008208 10.1951 -0.939672
v -0.201203 10.2185 -0.938596
v -0.207278 10.2278 -1.1239
v -0.016009 10.2035 -1.12526
v 0.429856 10.1624 -0.758488
v 0.211201 10.1698 -0.749631
v 0.201871 10.1795 -0.945465
v 0.41955 10.1735 -0.956208
v 0.192951 10.1887 -1.13264
v 0.409671 10.1841 -1.14571
v 0.859315 10.1784 -0.788656
v 0.646928 10.1668 -0.772217
v 0.635347 10.179 -0.972134
v 0.84616 10.1912 -0.99081
v 0.62422 10.1908 -1.16416
v 0.833502 10.2036 -1.1853
v 1.25817 10.2071 -0.822385
v 1.06391 10.1923 -0.805643
v 1.04889 10.2053 -1.0098
v 1.24106 10.2197 -1.0283
v 1.03442 10.2177 -1.20646
v 1.22457 10.2318 -1.22683
v 1.61138 10.2328 -0.852346
v 1.43954 10.2211 -0.838088
v 1.42021 10.233 -1.0455
v 1.59003 10.2441 -1.06105
v 1.40156 10.2445 -1.24561
v 1.56943 10.2549 -1.26254
v 1.93778 10.2454 -0.875319
v 1.77703 10.241 -0.864756
v 1.75425 10.2515 -1.07461
v 1.914 10.2553 -1.08619
v 1.73223 10.2617 -1.27736
v 1.89101 10.2648 -1.29009
v 2.25102 10.2431 -0.891377
v 2.09487 10.2458 -0.884035
v 2.07044 10.2552 -1.09579
v 2.2264 10.252 -1.10394
v 2.04679 10.2642 -1.30075
v 2.20254 10.2606 -1.30993
v 2.56773 10.2321 -0.903964
v 2.40894 10.238 -0.897814
v 2.54405 10.2401 -1.11807
v 2.38472 10.2465 -1.11118
v 2.36122 10.2548 -1.31822
v 2.52105 10.248 -1.32611
v 2.89107 10.2193 -0.916162
v 2.72651 10.227 -0.910443
v 2.70305 10.2343 -1.12517
v 2.86719 10.226 -1.13148
v 2.68022 10.2414 -1.33406
v 2.84392 10.2326 -1.34121
v 3.24817 10.1882 -0.922579
v 3.06718 10.2056 -0.920032
v 3.04195 10.2125 -1.13599
v 3.22165 10.1953 -1.13917
v 3.01733 10.2191 -1.3467
v 3.19572 10.2022 -1.35092
v 3.60406 10.1483 -0.925283
v 3.42734 10.1691 -0.924333
v 3.57949 10.1556 -1.14297
v 3.40058 10.1764 -1.1415
v 3.37438 10.1835 -1.35422
v 3.55153 10.1631 -1.35248
v 3.9416 10.1055 -0.921153
v 3.77772 10.1261 -0.925416
v 3.92055 10.1123 -1.12574
v 3.7591 10.1329 -1.14361
v 3.72537 10.1412 -1.34154
v 4.08901 10.0902 -0.908909
v 4.04501 10.0981 -1.07169
v -3.77542 9.93809 0.002829
v -3.77847 9.94422 -0.130631
v -3.61443 9.95429 -0.010207
v -3.60662 9.95626 -0.141674
v -3.46096 9.96126 -0.019181
v -3.31154 9.96385 -0.026173
v -3.44833 9.95986 -0.149629
v -3.29766 9.95982 -0.156198
v -3.16268 9.9669 -0.033261
v -3.01608 9.96291 -0.037321
v -3.14862 9.96096 -0.163086
v -3.00229 9.95629 -0.167843
v -2.87341 9.9444 -0.035227
v -2.73056 9.92098 -0.031101
v -2.85969 9.93882 -0.168019
v -2.71719 9.91718 -0.166745
v -2.58342 9.9023 -0.029065
v -2.43825 9.88897 -0.029126
v -2.57113 9.89999 -0.167152
v -2.4274 9.8879 -0.169216
v -2.30129 9.88162 -0.031296
v -2.17016 9.87956 -0.035389
v -2.29189 9.88159 -0.172909
v -2.16221 9.88039 -0.178111
v -1.91818 9.88868 -0.04856
v -2.04246 9.8821 -0.041221
v -2.03594 9.88364 -0.184699
v -1.91286 9.89077 -0.192485
v -1.67718 9.91158 -0.06692
v -1.79732 9.8987 -0.057173
v -1.79277 9.90119 -0.201281
v -1.6732 9.91434 -0.210995
v -1.43325 9.94411 -0.089302
v -1.55506 9.92671 -0.077657
v -1.55169 9.92964 -0.221535
v -1.4304 9.94719 -0.232843
v -1.19513 9.9861 -0.11526
v -1.31402 9.96382 -0.101771
v -1.31148 9.9671 -0.24486
v -1.19285 9.98965 -0.25777
v -0.947592 10.0451 -0.148401
v -1.07434 10.0112 -0.129963
v -1.07239 10.0151 -0.271758
v -0.946036 10.0497 -0.289143
v -0.667139 10.1424 -0.198068
v -0.810821 10.0938 -0.173094
v -0.809684 10.0996 -0.312245
v -0.666784 10.1496 -0.335647
v -0.359563 10.1914 -0.229472
v -0.519655 10.1765 -0.217349
v -0.520782 10.1843 -0.353934
v -0.362458 10.1992 -0.36593
v -0.17806 10.1827 -0.232973
v 0.021511 10.1629 -0.232663
v -0.182588 10.1897 -0.370463
v 0.01564 10.1693 -0.372038
v 0.235802 10.1445 -0.233354
v 0.457026 10.1331 -0.23714
v 0.22904 10.1514 -0.375165
v 0.449516 10.1412 -0.381209
v 0.893808 10.1446 -0.258352
v 0.677396 10.1347 -0.246113
v 0.668976 10.1436 -0.391541
v 0.88431 10.1539 -0.404458
v 1.30271 10.1743 -0.285941
v 1.10316 10.1585 -0.271934
v 1.09241 10.1678 -0.41826
v 1.29058 10.1832 -0.432186
v 1.66664 10.2038 -0.311817
v 1.48972 10.19 -0.299454
v 1.47613 10.1984 -0.445476
v 1.65173 10.2116 -0.457653
v 1.99914 10.2199 -0.331091
v 1.83592 10.2139 -0.322372
v 1.82009 10.2212 -0.468241
v 1.98267 10.2268 -0.477234
v 2.15788 10.2218 -0.33794
v 2.31451 10.2202 -0.34332
v 2.14096 10.2283 -0.484624
v 2.29743 10.2264 -0.490781
v 2.62879 10.2112 -0.351748
v 2.47138 10.216 -0.34763
v 2.45453 10.2219 -0.496075
v 2.61227 10.2169 -0.501187
v 2.78704 10.208 -0.356552
v 2.95272 10.2018 -0.360417
v 2.77062 10.2132 -0.506798
v 2.93593 10.2066 -0.511715
v 3.13243 10.1881 -0.361718
v 3.31689 10.1698 -0.361377
v 3.11454 10.1929 -0.514747
v 3.29789 10.1749 -0.516504
v 3.668 10.1295 -0.358543
v 3.49681 10.1501 -0.360313
v 3.47744 10.1554 -0.5176
v 3.65004 10.1348 -0.518006
v 3.97188 10.0889 -0.35392
v 3.82626 10.1082 -0.356083
v 3.81254 10.1133 -0.517697
v 3.9643 10.0936 -0.517564
v 4.21466 10.0681 -0.515948
v 4.2182 10.0632 -0.35302
v 4.10515 10.074 -0.353037
v 4.10471 10.0785 -0.518498
v 4.10117 10.0521 0.451499
v 4.10744 10.0539 0.353227
v 4.1859 10.044 0.338446
v 4.00865 10.0654 0.461047
v 4.0052 10.0682 0.355135
v 4.00008 10.0714 0.246633
v 4.10707 10.057 0.245746
v 4.18722 10.047 0.241513
v 3.89673 10.0825 0.466272
v 3.88733 10.0859 0.35686
v 3.76172 10.1018 0.470383
v 3.74915 10.1055 0.35936
v 3.73653 10.1093 0.247824
v 3.87789 10.0893 0.247006
v 3.59993 10.122 0.476588
v 3.586 10.1258 0.363592
v 3.42041 10.142 0.484427
v 3.40632 10.1458 0.369229
v 3.57201 10.1296 0.250049
v 3.39215 10.1496 0.253474
v 3.23225 10.1611 0.49344
v 3.21854 10.1648 0.375944
v 3.04859 10.1747 0.504312
v 3.03532 10.1785 0.384587
v 3.20477 10.1686 0.257893
v 3.02199 10.1822 0.264305
v 2.88258 10.1781 0.517725
v 2.86928 10.1823 0.396007
v 2.72652 10.1779 0.531755
v 2.71285 10.1826 0.408192
v 2.69911 10.1872 0.284022
v 2.85592 10.1865 0.273711
v 2.57267 10.1804 0.544474
v 2.55844 10.1854 0.41913
v 2.41884 10.1826 0.557283
v 2.40411 10.1879 0.430173
v 2.38931 10.1933 0.302403
v 2.54413 10.1904 0.293151
v 2.2628 10.1817 0.571578
v 2.24794 10.1874 0.442671
v 2.10271 10.1769 0.58785
v 2.08798 10.183 0.45711
v 2.23299 10.1931 0.313084
v 2.07317 10.1892 0.325673
v 1.93671 10.1673 0.606586
v 1.92233 10.1739 0.473976
v 1.7626 10.1533 0.627863
v 1.74886 10.1605 0.493312
v 1.90786 10.1806 0.340651
v 1.73505 10.1678 0.358031
v 1.57818 10.1351 0.651754
v 1.56548 10.143 0.515162
v 1.38253 10.1154 0.67729
v 1.37104 10.1239 0.538568
v 1.55271 10.1509 0.37783
v 1.35949 10.1324 0.399099
v 1.17473 10.0967 0.703501
v 1.1644 10.1056 0.562572
v 0.957883 10.0818 0.728937
v 0.948596 10.0909 0.585772
v 1.15401 10.1146 0.420894
v 0.93926 10.1001 0.441861
v 0.735082 10.0737 0.752149
v 0.726685 10.0826 0.606764
v 0.509475 10.0766 0.771147
v 0.501799 10.0849 0.623512
v 0.718246 10.0915 0.460647
v 0.494087 10.0932 0.475167
v 0.284204 10.0946 0.783939
v 0.277073 10.1019 0.633976
v 0.064581 10.1162 0.794744
v 0.058194 10.1231 0.642221
v 0.269909 10.1093 0.483332
v 0.05178 10.1301 0.489032
v -0.144082 10.1299 0.807781
v -0.149148 10.1378 0.652311
v -0.337379 10.1312 0.824509
v -0.340702 10.1402 0.666342
v -0.154235 10.1457 0.496157
v -0.34404 10.1493 0.507475
v -0.510905 10.1156 0.846387
v -0.512219 10.1248 0.686408
v -0.66989 10.0869 0.872364
v -0.669476 10.0952 0.711337
v -0.513539 10.134 0.525752
v -0.669061 10.1036 0.549681
v -0.819564 10.0486 0.901389
v -0.818251 10.0554 0.739956
v -0.959488 10.0104 0.929527
v -0.957704 10.0156 0.767824
v -0.816934 10.0622 0.577952
v -0.955914 10.0208 0.605602
v -1.08922 9.9817 0.952842
v -1.08699 9.98613 0.7905
v -1.2126 9.959 0.973142
v -1.20998 9.96307 0.80996
v -1.08475 9.99057 0.627665
v -1.20736 9.96714 0.646297
v -1.33346 9.9387 0.992234
v -1.33054 9.94247 0.82818
v -1.45514 9.92053 1.01053
v -1.45186 9.92406 0.845531
v -1.32762 9.94625 0.663655
v -1.44856 9.92761 0.680065
v -1.58101 9.90419 1.02845
v -1.57712 9.90757 0.862381
v -1.7079 9.8903 1.04547
v -1.70328 9.8935 0.878282
v -1.57321 9.91096 0.695855
v -1.69865 9.8967 0.710652
v -1.83264 9.87943 1.06106
v -1.82732 9.88233 0.892784
v -1.95978 9.87241 1.0753
v -1.95351 9.87486 0.905895
v -1.82199 9.88524 0.72408
v -1.94722 9.87732 0.736084
v -2.0939 9.87004 1.08827
v -2.08612 9.87186 0.917624
v -2.2335 9.873 1.09956
v -2.2239 9.87399 0.927593
v -2.07833 9.87369 0.74661
v -2.21427 9.87498 0.755306
v -2.37712 9.88196 1.10876
v -2.36558 9.8819 0.935423
v -2.52716 9.89789 1.11569
v -2.51358 9.89652 0.940911
v -2.35403 9.88185 0.76182
v -2.49998 9.89515 0.765928
v -2.68603 9.92179 1.12017
v -2.67027 9.91879 0.943851
v -2.84431 9.9536 1.12136
v -2.82676 9.94855 0.943598
v -2.65451 9.91579 0.767407
v -2.8092 9.94351 0.765786
v -2.9926 9.99326 1.11845
v -2.97411 9.98566 0.93951
v -3.13478 10.022 1.11593
v -3.11931 10.0126 0.939546
v -2.95562 9.97807 0.760596
v -3.10026 10.0034 0.759314
v -3.40514 9.99684 0.952468
v -3.26935 10.0118 0.951669
v -3.27474 10.0212 1.11829
v -3.395 9.98943 0.781369
v -3.24961 10.0035 0.769414
v -3.52775 9.97225 0.785648
v -3.5076 9.98113 0.918534
v -3.71761 9.94022 0.596705
v -3.64284 9.9526 0.629101
v -3.52363 9.9681 0.629194
v -3.37982 9.98355 0.613717
v -3.08248 9.99486 0.591012
v -3.2312 9.99576 0.599403
v -2.79276 9.93879 0.59927
v -2.93834 9.97098 0.593305
v -2.4872 9.89387 0.601511
v -2.63973 9.91298 0.601897
v -2.20521 9.87592 0.592908
v -2.34316 9.8818 0.598436
v -1.94128 9.87964 0.575544
v -2.07098 9.87541 0.585167
v -1.69426 9.89974 0.551757
v -1.81695 9.88799 0.564373
v -1.44544 9.93098 0.52281
v -1.5695 9.91418 0.5378
v -1.20485 9.97102 0.490354
v -1.32484 9.94984 0.507093
v -0.954205 10.0258 0.45058
v -1.08262 9.99481 0.472299
v -0.815674 10.0687 0.422853
v -0.668665 10.1117 0.394605
v -0.347259 10.1581 0.354452
v -0.514812 10.1428 0.371322
v 0.045572 10.1368 0.340842
v -0.159149 10.1534 0.34544
v 0.486582 10.1013 0.33086
v 0.262959 10.1165 0.337214
v 0.930122 10.109 0.301034
v 0.710009 10.1002 0.318086
v 1.34811 10.1408 0.26184
v 1.1438 10.1234 0.28185
v 1.72138 10.175 0.224193
v 1.54011 10.1587 0.242309
v 2.05844 10.1953 0.195012
v 1.89352 10.1873 0.208424
v 2.37453 10.1986 0.174797
v 2.21809 10.1988 0.183962
v 2.52981 10.1954 0.167042
v 2.68533 10.1919 0.159431
v 3.00854 10.186 0.14299
v 2.84247 10.1907 0.150702
v 3.37777 10.1535 0.135915
v 3.19083 10.1723 0.13843
v 3.55775 10.1335 0.134337
v 3.72363 10.1131 0.133811
v 3.86823 10.0929 0.134451
v 3.99482 10.0747 0.135271
v 4.19835 10.0494 0.134777
v 4.1067 10.0601 0.13528
v 4.00886 10.0632 0.564641
v 4.08162 10.0529 0.534343
v 3.78978 10.0925 0.794739
v 3.88674 10.0791 0.76256
v 3.78468 10.0948 0.692428
v 3.90619 10.0773 0.679831
v 3.63984 10.1089 0.918775
v 3.64142 10.1107 0.813315
v 3.47255 10.1276 0.940209
v 3.4622 10.1309 0.825808
v 3.6279 10.1144 0.703627
v 3.44861 10.1345 0.714804
v 3.28647 10.1465 0.958017
v 3.27267 10.1502 0.839738
v 3.10076 10.1599 0.974881
v 3.0875 10.1637 0.855357
v 3.25955 10.1538 0.727334
v 3.07489 10.1672 0.741604
v 2.93457 10.1619 0.993485
v 2.9214 10.166 0.872914
v 2.77966 10.1598 1.0122
v 2.76622 10.1643 0.890704
v 2.75339 10.1687 0.774755
v 2.90884 10.1699 0.758003
v 2.62773 10.161 1.0294
v 2.61384 10.1659 0.907023
v 2.47553 10.1622 1.04664
v 2.46125 10.1673 0.923396
v 2.44759 10.1723 0.805477
v 2.60056 10.1705 0.790084
v 2.31978 10.16 1.06549
v 2.30546 10.1654 0.941347
v 2.15891 10.1535 1.08642
v 2.14481 10.1594 0.961352
v 2.29174 10.1707 0.822418
v 2.13129 10.165 0.841391
v 1.99132 10.1421 1.10988
v 1.97765 10.1484 0.983886
v 1.8145 10.1259 1.13606
v 1.80154 10.1328 1.0091
v 1.96452 10.1545 0.862878
v 1.78907 10.1393 0.887006
v 1.62593 10.1055 1.16512
v 1.61403 10.1129 1.03714
v 1.42553 10.0836 1.19604
v 1.41483 10.0915 1.067
v 1.60256 10.12 0.913902
v 1.40452 10.0992 0.942567
v 1.21321 10.0634 1.22778
v 1.20366 10.0717 1.09766
v 0.992276 10.0481 1.25881
v 0.983756 10.0565 1.12758
v 1.19444 10.0796 0.972002
v 0.975519 10.0645 1.00069
v 0.766022 10.041 1.28755
v 0.758374 10.0491 1.15524
v 0.537619 10.0463 1.31225
v 0.530676 10.0537 1.17879
v 0.75097 10.0569 1.02713
v 0.523946 10.061 1.04942
v 0.310232 10.0678 1.33113
v 0.303823 10.0744 1.19642
v 0.087801 10.091 1.34882
v 0.082093 10.0972 1.21267
v 0.297604 10.0808 1.06568
v 0.076549 10.1032 1.08038
v -0.125735 10.1013 1.36997
v -0.130237 10.1083 1.23212
v -0.325388 10.0987 1.39408
v -0.328326 10.1066 1.2547
v -0.134615 10.1151 1.098
v -0.331185 10.1144 1.1189
v -0.506169 10.0828 1.42065
v -0.507329 10.0908 1.28032
v -0.671361 10.0569 1.44891
v -0.671003 10.0642 1.30817
v -0.508458 10.0986 1.14348
v -0.670654 10.0714 1.17085
v -0.82425 10.0243 1.47811
v -0.823107 10.0303 1.33745
v -0.965845 9.99177 1.50599
v -0.964296 9.99631 1.3655
v -0.962783 10.0007 1.22829
v -0.821992 10.036 1.20013
v -1.09715 9.96595 1.5303
v -1.09522 9.96979 1.3897
v -1.22189 9.94458 1.55228
v -1.21964 9.94809 1.41141
v -1.09334 9.97353 1.2523
v -1.21742 9.95152 1.27367
v -1.34377 9.92536 1.57317
v -1.34127 9.92861 1.43201
v -1.46674 9.90802 1.59353
v -1.46393 9.91106 1.45201
v -1.33881 9.93178 1.29389
v -1.46117 9.91403 1.31345
v -1.59474 9.89228 1.61391
v -1.59141 9.89517 1.47194
v -1.72414 9.87905 1.63358
v -1.72021 9.88177 1.49111
v -1.58815 9.898 1.33285
v -1.71635 9.88445 1.35144
v -1.85129 9.86925 1.65178
v -1.84678 9.87171 1.50881
v -1.98176 9.86381 1.66885
v -1.97644 9.86589 1.52532
v -1.84235 9.87413 1.36857
v -1.97123 9.86793 1.38445
v -2.12108 9.86367 1.68508
v -2.11451 9.86521 1.54088
v -2.26702 9.86954 1.69999
v -2.25892 9.87038 1.55501
v -2.10806 9.86672 1.39927
v -2.25097 9.8712 1.41259
v -2.41732 9.88215 1.71304
v -2.40762 9.8821 1.56723
v -2.57047 9.90181 1.72038
v -2.56303 9.9015 1.57739
v -2.39809 9.88206 1.42393
v -2.55183 9.90038 1.43314
v -2.87726 9.96195 1.57818
v -2.72758 9.9297 1.58536
v -2.72493 9.92885 1.71814
v -2.8728 9.9615 1.44067
v -2.71461 9.92723 1.44007
v -3.01278 10.0021 1.43088
v -2.98806 9.99351 1.54288
v -3.2501 10.0323 1.24142
v -3.14182 10.0314 1.27269
v -3.00989 10.0004 1.28582
v -2.86074 9.95831 1.28772
v -2.53989 9.89917 1.27951
v -2.70078 9.9246 1.28529
v -2.24251 9.87207 1.261
v -2.38794 9.88201 1.27135
v -1.96568 9.8701 1.23463
v -2.1012 9.86833 1.24861
v -1.71225 9.88728 1.20304
v -1.83764 9.8767 1.21949
v -1.45824 9.91718 1.1664
v -1.58469 9.901 1.18515
v -1.21508 9.95516 1.12764
v -1.33621 9.93514 1.14738
v -0.961181 10.0054 1.08299
v -1.09134 9.97751 1.10673
v -0.820811 10.0421 1.05478
v -0.670283 10.0789 1.02555
v -0.334205 10.1226 0.975436
v -0.509651 10.1069 0.998789
v 0.070705 10.1095 0.940935
v -0.139234 10.1223 0.956447
v 0.516868 10.0686 0.913324
v 0.291056 10.0875 0.928013
v 0.966876 10.073 0.867528
v 0.743192 10.0652 0.892516
v 1.39372 10.1071 0.812311
v 1.18477 10.088 0.840297
v 1.77604 10.1462 0.759511
v 1.59058 10.1274 0.785054
v 2.1172 10.1709 0.716417
v 1.95082 10.1608 0.736666
v 2.43339 10.1774 0.682912
v 2.27747 10.1761 0.698661
v 2.58678 10.1754 0.66868
v 2.74009 10.1733 0.654524
v 3.06185 10.1709 0.623953
v 2.89583 10.174 0.638998
v 3.4346 10.1383 0.600315
v 3.246 10.1574 0.611235
v 3.61398 10.1182 0.590659
v 3.77444 10.0981 0.582857
v 3.90627 10.079 0.577498
v 3.47688 10.1248 1.06489
v 3.60848 10.1108 1.01906
v 3.12683 10.1495 1.36186
v 3.2613 10.142 1.31753
v 3.12641 10.1519 1.24419
v 3.30014 10.14 1.2189
v 2.97598 10.1443 1.49302
v 2.9781 10.1482 1.39176
v 2.83255 10.1405 1.52011
v 2.82405 10.1446 1.41362
v 2.8101 10.1494 1.28749
v 2.96445 10.1525 1.26689
v 2.68659 10.1403 1.54757
v 2.67365 10.1448 1.43382
v 2.53667 10.1401 1.57432
v 2.52273 10.1452 1.45406
v 2.50783 10.1505 1.3255
v 2.65919 10.1499 1.30648
v 2.38136 10.1364 1.59925
v 2.36714 10.1419 1.47603
v 2.21956 10.1283 1.62456
v 2.20554 10.1342 1.50015
v 2.35217 10.1476 1.34621
v 2.19076 10.1403 1.36903
v 2.0502 10.1149 1.65249
v 2.03657 10.1212 1.52685
v 1.8704 10.0965 1.68331
v 1.85744 10.1033 1.55639
v 2.0222 10.1278 1.39441
v 1.84377 10.1105 1.42256
v 1.67731 10.0736 1.71733
v 1.66538 10.081 1.58904
v 1.47174 10.0496 1.75346
v 1.46099 10.0575 1.62372
v 1.65279 10.0888 1.45373
v 1.44964 10.0659 1.48684
v 1.25452 10.0277 1.7906
v 1.24489 10.0361 1.65934
v 1.02917 10.0119 1.82716
v 1.02055 10.0204 1.69433
v 1.23473 10.0448 1.52083
v 1.01145 10.0293 1.55414
v 0.799194 10.006 1.86154
v 0.791426 10.0142 1.72711
v 0.567783 10.0138 1.8922
v 0.560704 10.0214 1.75606
v 0.783227 10.0229 1.58519
v 0.55323 10.0294 1.61234
v 0.338127 10.039 1.91757
v 0.331565 10.0458 1.77959
v 0.112683 10.064 1.94242
v 0.106818 10.0704 1.80247
v 0.324638 10.0529 1.63393
v 0.100628 10.0771 1.65473
v -0.106093 10.0708 1.97153
v -0.110729 10.078 1.82948
v -0.312568 10.0639 2.00285
v -0.315597 10.0721 1.85889
v -0.115624 10.0856 1.67947
v -0.318796 10.0808 1.70682
v -0.50111 10.0477 2.03432
v -0.502305 10.056 1.88896
v -0.672936 10.0249 2.0653
v -0.672561 10.0325 1.91905
v -0.503567 10.0648 1.73541
v -0.672164 10.0405 1.76456
v -0.829265 9.99837 2.09516
v -0.828072 10.0045 1.9485
v -0.972651 9.97185 2.12318
v -0.97103 9.97659 1.97625
v -0.826813 10.0111 1.7936
v -0.969319 9.9816 1.82111
v -1.10565 9.94909 2.14864
v -1.10362 9.9531 2.00125
v -1.23184 9.92914 2.17231
v -1.22947 9.93283 2.02436
v -1.10149 9.95735 1.84562
v -1.22696 9.93672 1.86813
v -1.35482 9.91109 2.19499
v -1.35218 9.9145 2.04646
v -1.47915 9.89464 2.21739
v -1.47618 9.89784 2.06822
v -1.34939 9.9181 1.88961
v -1.47305 9.90122 1.9107
v -1.60943 9.87953 2.24025
v -1.60592 9.88258 2.09034
v -1.74151 9.86701 2.26262
v -1.73735 9.8699 2.1119
v -1.6022 9.8858 1.93201
v -1.73295 9.87294 1.95272
v -1.87125 9.85836 2.28355
v -1.86646 9.86097 2.13202
v -2.00194 9.85452 2.3005
v -1.99961 9.85683 2.15124
v -1.86141 9.86373 1.97198
v -1.99365 9.85916 1.99025
v -2.28002 9.86503 2.17293
v -2.14317 9.85849 2.17011
v -2.13691 9.85644 2.31094
v -2.28158 9.86724 2.02085
v -2.13579 9.86022 2.00799
v -2.42481 9.88055 2.02448
v -2.39305 9.87551 2.14398
v -2.69185 9.92152 1.83538
v -2.57109 9.90055 1.87021
v -2.42797 9.8822 1.87314
v -2.2759 9.86862 1.85923
v -1.9876 9.86153 1.82664
v -2.12829 9.86198 1.84355
v -1.72847 9.87605 1.79037
v -1.85626 9.86654 1.80904
v -1.46984 9.90468 1.74944
v -1.59841 9.8891 1.77024
v -1.22439 9.94071 1.70764
v -1.34654 9.92179 1.72878
v -0.967555 9.98676 1.6611
v -1.09929 9.96172 1.68545
v -0.825512 10.0178 1.63349
v -0.671756 10.0488 1.60444
v -0.322136 10.0899 1.54833
v -0.504885 10.0739 1.57582
v 0.094134 10.0841 1.49984
v -0.120745 10.0936 1.5227
v 0.545336 10.038 1.46059
v 0.317349 10.0604 1.48071
v 1.00177 10.0388 1.40498
v 0.774533 10.0321 1.43477
v 1.43748 10.0748 1.34013
v 1.22387 10.0542 1.37291
v 1.82902 10.1183 1.27817
v 1.63925 10.0972 1.30821
v 2.17472 10.147 1.22672
v 2.00664 10.135 1.25107
v 2.49158 10.1564 1.18518
v 2.33587 10.1538 1.2049
v 2.64337 10.1555 1.16711
v 2.79479 10.1546 1.14907
v 2.94943 10.1572 1.12947
v 3.11572 10.1557 1.10984
v 3.30208 10.1423 1.09174
v 2.83149 10.1371 1.5996
v 2.9437 10.1406 1.55962
v 2.55008 10.1353 1.68974
v 2.69787 10.1363 1.64617
v 2.24002 10.1137 1.92601
v 2.36053 10.1221 1.8851
v 2.24184 10.1175 1.85214
v 2.39363 10.1262 1.82216
v 1.90623 10.0776 2.03482
v 2.08558 10.0984 1.97984
v 1.89507 10.0835 1.92495
v 2.07565 10.1031 1.8873
v 1.70285 10.0448 2.17946
v 1.71097 10.0527 2.07917
v 1.50635 10.0202 2.22418
v 1.50203 10.0272 2.11881
v 1.70011 10.0595 1.9624
v 1.49221 10.0345 2.00029
v 1.28987 9.99712 2.27324
v 1.28161 10.0043 2.15962
v 1.06122 9.98049 2.32158
v 1.05337 9.98823 2.20002
v 1.27278 10.012 2.03927
v 1.04544 9.996 2.07775
v 0.828229 9.97534 2.36411
v 0.82097 9.98301 2.2384
v 0.594194 9.9853 2.39987
v 0.587606 9.99241 2.27334
v 0.813794 9.99059 2.11414
v 0.581038 9.99948 2.14699
v 0.362419 10.014 2.42789
v 0.35648 10.0201 2.30342
v 0.134213 10.0406 2.45601
v 0.129067 10.0462 2.3333
v 0.350366 10.0264 2.17483
v 0.123584 10.0522 2.20239
v -0.089113 10.0444 2.49206
v -0.093157 10.0507 2.36767
v -0.301459 10.0337 2.53103
v -0.304127 10.041 2.40373
v -0.097502 10.0575 2.23439
v -0.306972 10.0487 2.26829
v -0.496724 10.0171 2.56788
v -0.497781 10.0245 2.4387
v -0.674312 9.99702 2.60187
v -0.673979 10.0038 2.47196
v -0.498903 10.0324 2.30153
v -0.67362 10.011 2.33349
v -0.833629 9.97577 2.63223
v -0.832581 9.98122 2.50285
v -0.978556 9.95454 2.65913
v -0.977155 9.95868 2.53149
v -0.831446 9.98708 2.36355
v -0.97561 9.96319 2.39155
v -1.11298 9.93451 2.68278
v -1.11127 9.93792 2.55802
v -1.23783 9.91622 2.70383
v -1.23843 9.91892 2.583
v -1.10934 9.94176 2.41732
v -1.23616 9.92244 2.4415
v -1.48715 9.88593 2.62269
v -1.36214 9.90163 2.607
v -1.35404 9.90025 2.72298
v -1.48448 9.88888 2.48568
v -1.35961 9.90489 2.4647
v -1.74029 9.86072 2.6133
v -1.61826 9.87172 2.62271
v -1.74584 9.86223 2.51806
v -1.61556 9.87417 2.5032
v -1.86826 9.85454 2.53105
v -1.83805 9.85469 2.60067
v -2.10345 9.85372 2.41146
v -1.99711 9.85221 2.4289
v -1.87559 9.85599 2.42095
v -1.74529 9.86439 2.39959
v -1.61263 9.87675 2.37679
v -1.48186 9.89172 2.35356
v -1.23402 9.92576 2.30798
v -1.35723 9.90797 2.33088
v -0.974143 9.96748 2.25853
v -1.10751 9.94539 2.2841
v -0.830366 9.99267 2.23059
v -0.673281 10.0179 2.20069
v -0.309739 10.0562 2.13699
v -0.499994 10.0399 2.16929
v 0.118197 10.058 2.07391
v -0.101749 10.0641 2.10443
v 0.574496 10.0065 2.02122
v 0.344321 10.0327 2.04776
v 1.03742 10.0039 1.95421
v 0.806592 9.9982 1.98954
v 1.48213 10.0419 1.87874
v 1.26379 10.0197 1.91675
v 1.88304 10.0899 1.80697
v 1.68889 10.0664 1.84178
v 2.06354 10.1087 1.77541
v 2.23334 10.1226 1.74678
v 2.39538 10.1311 1.72075
v 1.49995 10.0136 2.30628
v 1.65712 10.0343 2.25061
v 1.069 9.97275 2.443
v 1.29716 9.99059 2.37557
v 0.600796 9.97816 2.52613
v 0.835678 9.96747 2.49306
v 0.138591 10.0358 2.55988
v 0.367941 10.0082 2.54259
v -0.299224 10.0276 2.63793
v -0.085774 10.0391 2.59541
v -0.674573 9.99142 2.70903
v -0.495827 10.0109 2.67616
v -0.979592 9.95139 2.75525
v -0.834452 9.97136 2.73546
v -1.23133 9.91538 2.77533
v -1.11412 9.93214 2.76817
v -1.32454 9.90286 2.77782
v 4.31044 10.0608 -0.506316
v 4.27501 10.0627 -0.50536
v 4.29191 10.0661 -0.656888
v 4.31727 10.0601 -0.506415
v 4.22295 10.0728 -0.700946
v 4.31457 10.051 -0.21057
v 4.26658 10.0541 -0.210547
v 4.30316 10.0563 -0.353454
v 4.31921 10.0505 -0.210476
v 4.29559 10.0442 0.022504
v 4.25044 10.0477 0.023174
v 4.29321 10.0483 -0.088634
v 4.29865 10.0438 0.022513
v 4.25424 10.04 0.230543
v 4.22887 10.0426 0.231098
v 4.26428 10.0427 0.134057
v 4.25573 10.0398 0.230526
v 4.23247 10.0398 0.298101
v 4.10412 10.0838 -0.714151
v 3.9552 10.0992 -0.712534
v 3.79594 10.1194 -0.712126
v 3.62815 10.1412 -0.71194
v 3.45362 10.1619 -0.710987
v 3.27428 10.1812 -0.709297
v 3.09208 10.1989 -0.706901
v 2.91468 10.2126 -0.703269
v 2.74974 10.2197 -0.697873
v 2.59119 10.2241 -0.691797
v 2.43296 10.2295 -0.686124
v 2.27548 10.2343 -0.680229
v 2.11917 10.2366 -0.673485
v 1.96144 10.2356 -0.665489
v 1.79972 10.2306 -0.655834
v 1.63263 10.2217 -0.644521
v 1.45879 10.2092 -0.63155
v 1.2752 10.1945 -0.617341
v 1.07887 10.1794 -0.602313
v 0.872422 10.1656 -0.587216
v 0.658479 10.1546 -0.572797
v 0.440152 10.1513 -0.560907
v 0.220548 10.1602 -0.553394
v 0.008192 10.1773 -0.549276
v -0.188395 10.1986 -0.547571
v -0.366214 10.2093 -0.542899
v -0.522267 10.1944 -0.529876
v -0.66636 10.1586 -0.509772
v -0.808297 10.1069 -0.483854
v -0.944178 10.0552 -0.45826
v -1.0701 10.0197 -0.439131
v -1.19018 9.99379 -0.423821
v -1.30856 9.97089 -0.409688
v -1.42715 9.9507 -0.396538
v -1.54788 9.93295 -0.384177
v -1.66874 9.91743 -0.372627
v -1.7877 9.90396 -0.36191
v -1.90697 9.89308 -0.352116
v -2.02873 9.88534 -0.343339
v -2.15343 9.88131 -0.335762
v -2.28149 9.88155 -0.329572
v -2.41532 9.8867 -0.324878
v -2.55734 9.89738 -0.321789
v -2.70205 9.91286 -0.320295
v -2.84396 9.93239 -0.320389
v -2.98628 9.94859 -0.319296
v -3.13226 9.95404 -0.314243
v -3.2815 9.95513 -0.307527
v -3.43364 9.95822 -0.301445
v -3.59895 9.95891 -0.294741
v -3.78773 9.95283 -0.286159
v -3.32623 9.94565 -0.849995
v -3.20649 9.93548 -0.882125
v -2.90884 9.91249 -1.02389
v -3.04515 9.92134 -1.00766
v -2.9981 9.91381 -1.10895
v -2.88646 9.90529 -1.15053
v -2.60012 9.88458 -1.32492
v -2.73069 9.89072 -1.30588
v -2.68346 9.88522 -1.43009
v -2.57625 9.88028 -1.48004
v -2.30857 9.87641 -1.66749
v -2.42819 9.87515 -1.65118
v -2.38747 9.87403 -1.75082
v -2.2915 9.87569 -1.78593
v -2.06319 9.89071 -1.9147
v -2.16814 9.88192 -1.89713
v -2.13697 9.88408 -1.94801
v -2.0531 9.89161 -1.97198
v -1.84781 9.91635 -1.95409
v -1.9565 9.90241 -1.93379
v -1.95367 9.90312 -1.99758
v -1.84526 9.91738 -2.02395
v -1.62395 9.94854 -1.99723
v -1.73682 9.93181 -1.97529
v -1.73447 9.93312 -2.05025
v -1.62178 9.95007 -2.07648
v -1.39443 9.98604 -2.04341
v -1.5096 9.96625 -2.01977
v -1.50767 9.96794 -2.10268
v -1.39274 9.98788 -2.12891
v -1.16339 10.0355 -2.09579
v -1.27912 10.009 -2.06869
v -1.16201 10.0376 -2.18178
v -1.27758 10.011 -2.15526
v -0.928278 10.1086 -2.16144
v -1.04699 10.0657 -2.12491
v -0.935882 10.1058 -2.23453
v -1.04584 10.068 -2.20852
v -0.805621 10.1732 -2.21079
v -0.83898 10.1548 -2.25888
v -0.39878 10.2971 -2.07982
v -0.535183 10.282 -2.06007
v -0.536384 10.2902 -2.203
v -0.401828 10.3053 -2.22342
v -0.662697 10.2374 -2.02225
v -0.662352 10.2448 -2.16375
v -0.06405 10.2584 -2.35068
v -0.233341 10.2861 -2.34376
v -0.194631 10.2798 -2.43105
v -0.058609 10.261 -2.46577
v 0.344196 10.2547 -2.40172
v 0.133882 10.2497 -2.37188
v 0.127256 10.2566 -2.50945
v 0.336145 10.2634 -2.5553
v 0.750147 10.2852 -2.46686
v 0.550635 10.2684 -2.43459
v 0.541237 10.2783 -2.59652
v 0.739491 10.2956 -2.63093
v 1.11735 10.3107 -2.51858
v 0.939682 10.2994 -2.49494
v 1.10462 10.3202 -2.67296
v 0.927869 10.3096 -2.65632
v 1.43758 10.3242 -2.55262
v 1.28125 10.319 -2.53755
v 1.42443 10.3312 -2.6824
v 1.26801 10.3274 -2.68115
v 1.74312 10.325 -2.57367
v 1.59252 10.3261 -2.56459
v 1.72284 10.33 -2.66943
v 1.58027 10.3319 -2.67825
v 1.88645 10.3211 -2.58009
v 1.83944 10.3261 -2.65665
v 2.4138 10.2837 -2.2655
v 2.25319 10.2928 -2.26958
v 2.39189 10.2885 -2.37244
v 2.23741 10.2984 -2.40751
v 2.09123 10.3007 -2.27064
v 2.0724 10.3075 -2.43275
v 2.56548 10.2741 -2.2618
v 2.51674 10.2797 -2.34118
v 2.9244 10.2415 -2.01986
v 2.87002 10.2483 -2.11897
v 2.76498 10.2543 -2.02087
v 2.74052 10.2591 -2.14541
v 3.31378 10.1976 -1.72421
v 3.25362 10.2065 -1.84665
v 3.14575 10.215 -1.72828
v 3.11595 10.2212 -1.87976
v 3.66185 10.1523 -1.49404
v 3.51725 10.171 -1.54128
v 3.34974 10.1902 -1.55426
v 3.17138 10.2088 -1.54964
v 2.99426 10.2253 -1.54409
v 2.82216 10.2388 -1.53734
v 2.80221 10.2444 -1.71724
v 2.97312 10.231 -1.72494
v 2.65891 10.2481 -1.5291
v 2.4996 10.2553 -1.52007
v 2.63933 10.2542 -1.70823
v 2.47988 10.262 -1.69844
v 2.33935 10.2625 -1.51095
v 2.18037 10.2686 -1.50136
v 2.31922 10.2696 -1.68839
v 2.15992 10.2759 -1.67781
v 2.02484 10.2726 -1.49093
v 1.8697 10.2737 -1.47902
v 1.85002 10.2818 -1.65363
v 2.00459 10.2803 -1.66647
v 1.71186 10.2711 -1.46495
v 1.55039 10.2649 -1.4487
v 1.53274 10.2741 -1.62128
v 1.69301 10.2798 -1.63858
v 1.38435 10.2552 -1.43024
v 1.20937 10.243 -1.40972
v 1.19524 10.2534 -1.57989
v 1.36837 10.2651 -1.60171
v 1.02111 10.2292 -1.3873
v 0.821884 10.215 -1.36377
v 0.811034 10.2256 -1.53047
v 1.0087 10.2399 -1.55589
v 0.614034 10.2015 -1.33991
v 0.400652 10.1939 -1.31865
v 0.392198 10.203 -1.48079
v 0.604502 10.2116 -1.5044
v 0.184834 10.1971 -1.3029
v -0.023086 10.2112 -1.29358
v -0.029741 10.2184 -1.45189
v 0.177214 10.2049 -1.46279
v -0.212778 10.2363 -1.29159
v -0.382005 10.2517 -1.28611
v -0.385359 10.2607 -1.44391
v -0.217959 10.2443 -1.44962
v -0.52853 10.2366 -1.26632
v -0.664635 10.1964 -1.23416
v -0.664269 10.2044 -1.38797
v -0.52986 10.2455 -1.42267
v -0.8026 10.1369 -1.1916
v -0.936597 10.0776 -1.14949
v -0.801391 10.1432 -1.34187
v -0.934987 10.0823 -1.29624
v -1.06079 10.0382 -1.11871
v -1.17945 10.0105 -1.09451
v -1.17717 10.0141 -1.2369
v -1.05882 10.0422 -1.26298
v -1.29681 9.98612 -1.07218
v -1.41414 9.96476 -1.05145
v -1.41138 9.96774 -1.19046
v -1.29431 9.98935 -1.21282
v -1.53273 9.94614 -1.03207
v -1.65107 9.92971 -1.01387
v -1.64733 9.93232 -1.14991
v -1.52951 9.94894 -1.16957
v -1.76769 9.91492 -0.996661
v -1.88377 9.90222 -0.980596
v -1.87885 9.90415 -1.11376
v -1.76345 9.91725 -1.13126
v -2.00048 9.89203 -0.965811
v -2.1191 9.88492 -0.952491
v -2.11185 9.88568 -1.08285
v -1.9945 9.89345 -1.09757
v -2.24092 9.88142 -0.940819
v -2.36835 9.88204 -0.930859
v -2.35846 9.88107 -1.05841
v -2.23237 9.8814 -1.06979
v -2.50378 9.88726 -0.922676
v -2.6433 9.89608 -0.916049
v -2.63102 9.89258 -1.04057
v -2.49255 9.88515 -1.04876
v -2.78297 9.90747 -0.910756
v -2.92437 9.91878 -0.905293
v -2.77029 9.9023 -1.03358
v -3.06904 9.92732 -0.898154
v 2.9543 10.2361 -1.88602
v 2.78434 10.2495 -1.87828
v 2.62173 10.2597 -1.86937
v 2.46205 10.2681 -1.85968
v 2.44578 10.2737 -2.00681
v 2.60575 10.2647 -2.01556
v 2.30092 10.276 -1.84957
v 2.14127 10.2827 -1.83888
v 2.12404 10.2889 -1.98756
v 2.28413 10.2819 -1.9975
v 1.98601 10.2874 -1.82746
v 1.83187 10.2894 -1.81457
v 1.96877 10.294 -1.97692
v 1.81493 10.2964 -1.96481
v 1.67555 10.2878 -1.79944
v 1.51631 10.2828 -1.78204
v 1.65916 10.2954 -1.95047
v 1.5008 10.2909 -1.93386
v 1.3534 10.2743 -1.76233
v 1.18192 10.2632 -1.74027
v 1.3392 10.2831 -1.91494
v 1.1692 10.2725 -1.89361
v 0.996943 10.25 -1.71582
v 0.800679 10.2357 -1.68971
v 0.985634 10.2597 -1.86977
v 0.79065 10.2455 -1.84407
v 0.59534 10.2213 -1.66263
v 0.384012 10.2118 -1.63791
v 0.375964 10.2205 -1.79246
v 0.5864 10.2307 -1.81716
v 0.169781 10.2126 -1.61882
v -0.036273 10.2255 -1.60747
v 0.16242 10.2202 -1.77343
v -0.042783 10.2325 -1.7627
v -0.223072 10.2523 -1.60594
v -0.388684 10.2697 -1.60093
v -0.228196 10.2602 -1.76293
v -0.392033 10.2788 -1.75958
v -0.531178 10.2545 -1.57916
v -0.663892 10.2125 -1.54281
v -0.663501 10.2207 -1.70087
v -0.532507 10.2636 -1.73808
v -0.800162 10.1497 -1.4941
v -0.933344 10.0872 -1.44587
v -0.798899 10.1563 -1.65034
v -0.931645 10.0922 -1.60027
v -1.05679 10.0462 -1.41094
v -1.17481 10.0177 -1.38373
v -1.17236 10.0215 -1.53674
v -1.05468 10.0504 -1.5644
v -1.29172 9.9927 -1.35863
v -1.4085 9.97085 -1.33537
v -1.40547 9.97412 -1.4878
v -1.28901 9.99621 -1.51129
v -1.52614 9.95188 -1.3137
v -1.64337 9.93507 -1.29331
v -1.63917 9.93798 -1.44555
v -1.52257 9.95498 -1.46601
v -1.75895 9.91971 -1.27391
v -1.87361 9.90621 -1.25566
v -1.86799 9.90841 -1.40766
v -1.75415 9.92234 -1.42604
v -1.98808 9.89496 -1.23872
v -2.10403 9.8865 -1.22326
v -2.09557 9.88738 -1.37496
v -1.98118 9.89659 -1.39058
v -2.22309 9.88136 -1.20943
v -2.3477 9.87999 -1.19726
v -2.33595 9.87882 -1.34857
v -2.21303 9.88133 -1.36095
v -2.48024 9.88282 -1.18678
v -2.6175 9.88871 -1.17765
v -2.46676 9.88027 -1.33786
v -2.75625 9.89656 -1.1695
v 2.59108 10.2693 -2.14981
v 2.43073 10.2788 -2.14285
v 2.26849 10.2874 -2.13521
v 2.1079 10.2947 -2.12686
v 1.95252 10.3002 -2.11782
v 1.79887 10.3031 -2.10731
v 1.9355 10.3067 -2.2653
v 1.78215 10.31 -2.25565
v 1.64352 10.3026 -2.09458
v 1.48591 10.2988 -2.0796
v 1.62733 10.3101 -2.24379
v 1.47058 10.3068 -2.22969
v 1.32549 10.2916 -2.06234
v 1.15685 10.2816 -2.04265
v 1.31144 10.3003 -2.21332
v 1.14426 10.2909 -2.19446
v 0.974578 10.2693 -2.02041
v 0.780775 10.2552 -1.99617
v 0.963376 10.279 -2.17291
v 0.770836 10.265 -2.14915
v 0.577536 10.2401 -1.9705
v 0.367927 10.2291 -1.94693
v 0.359951 10.2377 -2.10013
v 0.568675 10.2494 -2.12366
v 0.155016 10.2278 -1.92903
v -0.049372 10.2397 -1.91999
v 0.147721 10.2353 -2.08225
v -0.055823 10.2467 -2.07384
v -0.233411 10.2684 -1.923
v -0.395457 10.2881 -1.92221
v -0.238492 10.2763 -2.07872
v -0.533866 10.2729 -1.90174
v -0.663091 10.2292 -1.86432
v -0.797585 10.1631 -1.81262
v -0.929872 10.0974 -1.76134
v -0.796318 10.1697 -1.96913
v -0.928166 10.1024 -1.91635
v -1.05248 10.0548 -1.72514
v -1.16978 10.0255 -1.69765
v -1.1673 10.0294 -1.85199
v -1.05036 10.059 -1.87957
v -1.28615 9.99991 -1.67246
v -1.40226 9.97759 -1.64935
v -1.28341 10.0035 -1.82683
v -1.39919 9.9809 -1.80385
v -1.51877 9.95828 -1.62806
v -1.63468 9.94109 -1.60814
v -1.51514 9.96143 -1.78282
v -1.6304 9.94406 -1.7632
v -1.749 9.92515 -1.58911
v -1.86194 9.91078 -1.57116
v -1.7441 9.92782 -1.7444
v -1.85619 9.91304 -1.72665
v -1.97372 9.89834 -1.55448
v -2.08641 9.88833 -1.53923
v -2.07772 9.88923 -1.69502
v -1.96664 9.9 -1.71014
v -2.20208 9.88128 -1.52556
v -2.32315 9.87754 -1.51351
v -2.19172 9.88124 -1.68145
v -2.45201 9.87747 -1.50309
v 1.91598 10.3141 -2.43451
v 1.76323 10.3179 -2.42343
v 1.60927 10.3184 -2.41012
v 1.45372 10.3157 -2.39455
v 1.29621 10.3098 -2.37666
v 1.13083 10.3008 -2.35609
v 0.951631 10.2891 -2.33245
v 0.760611 10.275 -2.30616
v 0.559744 10.2588 -2.27766
v 0.352086 10.2462 -2.25086
v 0.14069 10.2426 -2.22967
v -0.061919 10.2533 -2.21872
v -0.243215 10.2836 -2.22265
v -0.795199 10.1756 -2.10803
v -0.92667 10.1068 -2.05255
v -1.04851 10.0627 -2.01404
v -1.16517 10.0327 -1.98528
v -1.28106 10.0065 -1.95906
v -1.39658 9.98372 -1.93513
v -1.51209 9.96408 -1.91327
v -1.62682 9.94654 -1.89285
v -1.74003 9.93005 -1.87324
v -1.85146 9.91489 -1.85464
v -1.96086 9.90137 -1.83728
v -2.07069 9.88997 -1.82128
v -2.1834 9.88121 -1.80679
vn -0.87116 0.35891 -0.335057
vn -0.854983 0.3686 -0.364882
vn -0.801963 0.43061 -0.414043
vn -0.794552 0.425913 -0.432765
vn -0.842254 0.353116 -0.407329
vn -0.794141 0.39778 -0.459468
vn -0.758023 0.44519 -0.476663
vn -0.770946 0.409822 -0.487533
vn -0.749212 0.464297 -0.472344
vn -0.936491 0.258566 -0.236914
vn -0.922255 0.273117 -0.273592
vn -0.979987 0.150171 -0.130667
vn -0.974724 0.152336 -0.163425
vn -0.964009 0.151342 -0.218592
vn -0.905014 0.27038 -0.328398
vn -0.887711 0.333525 -0.317381
vn -0.94478 0.240737 -0.222341
vn -0.897892 0.306787 -0.315708
vn -0.945669 0.23081 -0.228994
vn -0.979644 0.156013 -0.126324
vn -0.973604 0.17286 -0.149044
vn -0.817431 0.41389 -0.400627
vn -0.749185 0.464876 -0.471817
vn -0.757767 0.44317 -0.478947
vn -0.832807 0.382651 -0.400013
vn -0.831838 0.329776 -0.446423
vn -0.794314 0.36333 -0.486885
vn -0.826766 0.314543 -0.466391
vn -0.793523 0.337179 -0.506588
vn -0.786579 0.342467 -0.51382
vn -0.781226 0.371677 -0.50154
vn -0.888644 0.26453 -0.374614
vn -0.951415 0.160426 -0.262818
vn -0.945588 0.19177 -0.262847
vn -0.881437 0.270382 -0.387251
vn -0.984914 0.148895 -0.08818
vn -0.993051 0.106205 -0.050701
vn -0.982552 0.1731 -0.068025
vn -0.992479 0.120122 -0.023592
vn -0.998267 0.058607 -0.005277
vn -0.996634 0.07023 -0.042284
vn -0.960949 0.171265 -0.217358
vn -0.97102 0.164621 -0.173265
vn -0.929831 0.103804 -0.353042
vn -0.937924 0.102691 -0.33129
vn -0.942956 0.106623 -0.315382
vn -0.9712 0.181761 -0.154057
vn -0.938336 0.206063 -0.277604
vn -0.896023 0.267382 -0.354472
vn -0.874199 0.185552 -0.448717
vn -0.912468 0.127024 -0.38893
vn -0.996921 0.046904 -0.06283
vn -0.999916 0.005777 -0.01162
vn -0.998756 -0.036156 -0.03435
vn -0.993825 0.031834 -0.106296
vn -0.989494 0.041381 -0.138527
vn -0.99794 -0.04818 -0.042365
vn -0.999933 -0.010514 -0.004892
vn -0.988481 0.088335 -0.122891
vn -0.984519 0.167369 -0.052053
vn -0.946271 0.251229 -0.203607
vn -0.994895 0.067016 0.075452
vn -0.959305 0.273417 0.070544
vn -0.965874 0.171071 0.194478
vn -0.935149 0.344373 -0.083093
vn -0.887016 0.301924 -0.349349
vn -0.893243 0.372719 -0.251393
vn -0.830428 0.324167 -0.453106
vn -0.840113 0.373904 -0.392946
vn -0.901628 0.429243 0.053083
vn -0.882805 0.453769 -0.121442
vn -0.851076 0.505825 0.14075
vn -0.850586 0.523295 -0.051638
vn -0.833809 0.505864 -0.221052
vn -0.842845 0.442175 -0.306748
vn -0.913812 0.360798 0.186472
vn -0.921027 0.253245 0.295932
vn -0.875748 0.406716 0.26009
vn -0.891877 0.293206 0.344363
vn -0.82811 -0.065863 -0.556683
vn -0.789899 -0.09291 -0.606157
vn -0.814683 -0.02089 -0.57953
vn -0.772145 -0.034035 -0.634534
vn -0.753026 -0.106941 -0.649243
vn -0.73152 -0.041582 -0.680551
vn -0.685586 0.11815 -0.71834
vn -0.630412 0.106771 -0.768883
vn -0.748087 0.113406 -0.653839
vn -0.825443 -0.070715 -0.560038
vn -0.786448 -0.108217 -0.608103
vn -0.823495 -0.071369 -0.562816
vn -0.783182 -0.115987 -0.610879
vn -0.74945 -0.147048 -0.645524
vn -0.750171 -0.131023 -0.648133
vn -0.880361 -0.003389 -0.474292
vn -0.876346 -0.00161 -0.481679
vn -0.873521 0.000986 -0.486786
vn -0.871122 0.02784 -0.490276
vn -0.819902 0.136236 -0.556058
vn -0.933673 0.136661 -0.331025
vn -0.887103 0.225613 -0.402675
vn -0.192868 0.07749 -0.97816
vn -0.322209 0.140751 -0.936146
vn -0.187601 0.063776 -0.980173
vn -0.321212 0.114836 -0.940019
vn -0.425271 0.188663 -0.885184
vn -0.430703 0.153159 -0.889403
vn -0.312257 0.100903 -0.944624
vn -0.425966 0.130028 -0.895347
vn -0.179531 0.061335 -0.981839
vn -0.205127 0.094477 -0.974165
vn -0.322073 0.167877 -0.931712
vn -0.229869 0.09417 -0.968655
vn -0.329016 0.178254 -0.927348
vn -0.410211 0.242786 -0.87908
vn -0.415319 0.224378 -0.881569
vn -0.055941 0.00109 -0.998434
vn -0.080447 0.002809 -0.996755
vn 0.085269 -0.112882 -0.989943
vn 0.028623 -0.120611 -0.992287
vn -0.127246 -0.011572 -0.991804
vn -0.03121 -0.150885 -0.988059
vn -0.051846 0.00715 -0.99863
vn -0.048204 0.018996 -0.998657
vn 0.072379 -0.047093 -0.996265
vn 0.072894 -0.019489 -0.997149
vn -0.425303 0.220979 -0.877659
vn -0.479904 0.279943 -0.831459
vn -0.474114 0.294178 -0.829865
vn -0.477183 0.127722 -0.869473
vn -0.522611 0.193164 -0.830401
vn -0.560017 0.248708 -0.790269
vn -0.522644 0.325179 -0.7881
vn -0.520849 0.330845 -0.786929
vn -0.357047 0.149155 -0.922101
vn -0.275361 0.054283 -0.959807
vn -0.422345 0.050528 -0.905026
vn -0.355754 -0.046098 -0.933442
vn -0.487056 0.268005 -0.831234
vn -0.53784 0.29934 -0.788114
vn -0.50406 0.225451 -0.833724
vn -0.559755 0.25401 -0.788767
vn -0.516927 0.183676 -0.836092
vn -0.579049 0.209764 -0.787846
vn -0.520179 0.154368 -0.839991
vn -0.590881 0.177373 -0.787019
vn -0.556215 0.355435 -0.751193
vn -0.574616 0.324163 -0.751489
vn -0.581457 0.375814 -0.721576
vn -0.603741 0.349881 -0.716296
vn -0.600292 0.280106 -0.749126
vn -0.634098 0.309976 -0.708403
vn -0.556249 0.355197 -0.751281
vn -0.587166 0.293228 -0.754489
vn -0.599033 0.322812 -0.73277
vn -0.57609 0.374378 -0.726609
vn -0.625538 0.236821 -0.743383
vn -0.664975 0.269727 -0.69646
vn -0.645698 0.204768 -0.735625
vn -0.691951 0.239517 -0.681055
vn -0.591855 0.170006 -0.787913
vn -0.656564 0.198063 -0.727801
vn -0.710569 0.231988 -0.664284
vn -0.653991 0.228445 -0.721186
vn -0.715941 0.256814 -0.649211
vn -0.579251 0.200445 -0.790121
vn -0.511559 0.14771 -0.846457
vn -0.489762 0.175613 -0.853987
vn -0.410439 0.126439 -0.90308
vn -0.38367 0.152215 -0.910839
vn -0.660105 0.343234 -0.66817
vn -0.695154 0.306515 -0.650238
vn -0.67821 0.378167 -0.630096
vn -0.714883 0.344626 -0.608421
vn -0.726603 0.277921 -0.628337
vn -0.74792 0.315908 -0.583796
vn -0.625439 0.378885 -0.682109
vn -0.597786 0.400125 -0.69466
vn -0.612274 0.429387 -0.663888
vn -0.642164 0.410069 -0.647664
vn -0.750191 0.266982 -0.604925
vn -0.773061 0.298889 -0.559502
vn -0.761143 0.281129 -0.584489
vn -0.786548 0.299842 -0.539849
vn -0.797431 0.314221 -0.51514
vn -0.782694 0.336362 -0.523689
vn -0.796809 0.335248 -0.502697
vn -0.797313 0.326675 -0.50752
vn -0.798997 0.335073 -0.49933
vn -0.776411 0.402529 -0.484929
vn -0.785885 0.387668 -0.481765
vn -0.754404 0.420013 -0.504444
vn -0.783262 0.325922 -0.52941
vn -0.758601 0.350569 -0.549205
vn -0.761288 0.380063 -0.52535
vn -0.783834 0.348237 -0.514135
vn -0.753013 0.333464 -0.567251
vn -0.716683 0.432667 -0.54696
vn -0.658197 0.433292 -0.615657
vn -0.702023 0.322017 -0.635192
vn 0.399609 -0.002568 0.916682
vn 0.375524 -0.024848 0.92648
vn 0.432465 -0.017843 0.901474
vn 0.418061 -0.039759 0.907548
vn 0.35429 -0.055296 0.933499
vn 0.413455 -0.067246 0.908038
vn 0.478209 -0.068147 0.875598
vn 0.488782 -0.095884 0.867121
vn 0.470623 -0.042068 0.881331
vn 0.387426 -0.000924 0.9219
vn 0.352207 -0.034139 0.9353
vn 0.403486 -0.006344 0.914964
vn 0.36891 -0.063198 0.927314
vn 0.238548 -0.164874 0.957033
vn 0.300772 -0.074926 0.950749
vn 0.460992 0.048472 0.88608
vn 0.439483 0.065389 0.895868
vn 0.56862 0.138186 0.81091
vn 0.535624 0.181159 0.824796
vn 0.513488 0.197912 0.834961
vn 0.4377 0.071025 0.896311
vn 0.50104 0.016153 0.865274
vn 0.543586 -0.034494 0.838645
vn 0.610208 0.07007 0.789136
vn 0.64271 -0.013124 0.765997
vn -0.850525 -0.226685 0.474575
vn -0.890764 -0.131888 0.434908
vn -0.917785 -0.161898 0.362573
vn -0.887237 -0.252103 0.386336
vn -0.932888 -0.018638 0.359685
vn -0.950855 -0.047512 0.305971
vn -0.963643 -0.086722 0.252729
vn -0.944071 -0.179475 0.276619
vn -0.918581 -0.260718 0.297042
vn -0.800264 -0.202348 0.564476
vn -0.853659 -0.109546 0.509182
vn -0.715755 -0.169477 0.677475
vn -0.809372 -0.073928 0.582624
vn -0.910729 0.007204 0.412941
vn -0.88352 0.046426 0.466086
vn -0.814861 -0.310689 0.48936
vn -0.75972 -0.288113 0.582938
vn -0.784818 -0.382716 0.487432
vn -0.733324 -0.359454 0.577086
vn -0.683824 -0.266727 0.679148
vn -0.671428 -0.327267 0.664891
vn -0.856763 -0.327931 0.398018
vn -0.8911 -0.329517 0.312025
vn -0.826796 -0.392858 0.402581
vn -0.865161 -0.385121 0.321213
vn -0.948493 -0.236802 0.210441
vn -0.922005 -0.3119 0.229402
vn -0.973008 -0.194579 0.124078
vn -0.949243 -0.283079 0.137128
vn -0.924473 -0.351627 0.147333
vn -0.896382 -0.371621 0.241654
vn -0.971856 -0.142009 0.187963
vn -0.98289 -0.028763 0.181937
vn -0.989845 -0.087419 0.112096
vn -0.992831 0.025543 0.116768
vn -0.944389 -0.326113 0.042182
vn -0.854122 -0.51933 0.027786
vn -0.840446 -0.526654 0.127615
vn -0.952558 -0.298565 -0.05909
vn -0.866559 -0.494907 -0.064358
vn -0.429596 -0.900219 -0.071087
vn -0.417052 -0.908614 -0.022107
vn -0.426106 -0.903831 0.039026
vn -0.967319 -0.250712 0.037901
vn -0.988109 -0.149584 0.03558
vn -0.974613 -0.21484 -0.063039
vn -0.992743 -0.102682 -0.062599
vn -0.837288 -0.501558 0.21769
vn -0.454706 -0.885092 0.099275
vn -0.608359 -0.764063 0.214725
vn -0.819329 -0.47922 0.314718
vn -0.852225 0.107718 0.511966
vn -0.924238 0.184788 0.334122
vn -0.897311 0.253764 0.36116
vn -0.813477 0.188179 0.550313
vn -0.861743 0.331536 0.384036
vn -0.898331 0.364131 0.245785
vn -0.864804 0.429072 0.26079
vn -0.928727 0.293416 0.226656
vn -0.766601 -0.016493 0.641912
vn -0.67496 -0.093402 0.731919
vn -0.725833 0.058692 0.685362
vn -0.650857 -0.023626 0.758833
vn -0.945373 0.132166 0.297997
vn -0.952897 0.22812 0.199872
vn -0.961097 0.094064 0.259703
vn -0.969257 0.175305 0.172652
vn -0.974441 0.052314 0.218469
vn -0.982793 0.116323 0.143481
vn -0.917458 0.370983 0.143672
vn -0.884359 0.437542 0.162681
vn -0.854208 0.489265 0.175923
vn -0.870285 0.482205 0.100407
vn -0.844 0.523053 0.118656
vn -0.902784 0.423524 0.074888
vn -0.946138 0.300947 0.119393
vn -0.933192 0.35635 0.046554
vn -0.966182 0.238871 0.097126
vn -0.956082 0.292299 0.021654
vn -0.59006 0.695072 -0.410736
vn -0.580258 0.708097 -0.402366
vn -0.579245 0.789126 -0.204344
vn -0.575897 0.790031 -0.210225
vn -0.545698 0.741422 -0.390522
vn -0.578464 0.794477 -0.184895
vn -0.598593 0.799258 -0.053604
vn -0.556473 0.825439 -0.094805
vn -0.523431 0.847849 -0.084695
vn -0.540419 0.554959 -0.63243
vn -0.534323 0.556454 -0.636285
vn -0.45943 0.412038 -0.78686
vn -0.458582 0.373553 -0.806326
vn -0.471978 0.606883 -0.639477
vn -0.371886 0.421962 -0.826831
vn -0.556062 0.709921 -0.432212
vn -0.476993 0.595424 -0.646489
vn -0.459682 0.757277 -0.463923
vn -0.354897 0.692993 -0.627542
vn -0.379394 0.506247 -0.774451
vn -0.262008 0.624888 -0.735436
vn -0.53769 0.815882 -0.212663
vn -0.465013 0.882628 -0.068783
vn -0.409664 0.864211 -0.292088
vn -0.346249 0.929472 -0.127256
vn -0.268608 0.496444 -0.825465
vn -0.407794 0.66473 -0.62597
vn -0.201855 0.547959 -0.811785
vn -0.385768 0.699405 -0.601677
vn -0.534758 0.766916 -0.354786
vn -0.521213 0.766749 -0.374744
vn -0.309261 0.280416 -0.908694
vn -0.186384 0.359938 -0.914169
vn -0.325282 0.253166 -0.911097
vn -0.21577 0.343549 -0.914012
vn -0.089957 0.405395 -0.909705
vn -0.126 0.389744 -0.912263
vn -0.403052 0.230839 -0.885586
vn -0.396407 0.297408 -0.868568
vn -0.397192 0.183925 -0.899116
vn -0.36845 0.239879 -0.898166
vn -0.589597 0.790094 -0.167711
vn -0.629254 0.762526 -0.150309
vn -0.638688 0.768514 -0.038253
vn -0.691979 0.721732 -0.016366
vn -0.231683 0.448115 -0.863433
vn -0.069419 0.397997 -0.914757
vn -0.192207 0.46755 -0.862817
vn -0.338572 0.523168 -0.78209
vn -0.32415 0.551136 -0.76888
vn -0.189419 0.458768 -0.868132
vn -0.336291 0.549704 -0.764679
vn -0.066476 0.374234 -0.924948
vn -0.295905 0.395864 -0.869329
vn -0.373839 0.299015 -0.877972
vn -0.417729 0.37282 -0.828558
vn -0.373467 0.46632 -0.801916
vn -0.037411 0.408878 -0.911822
vn -0.052614 0.367406 -0.928571
vn -0.235681 0.504845 -0.830413
vn -0.187671 0.557224 -0.808877
vn -0.104595 0.343504 -0.933309
vn -0.218261 0.431862 -0.875133
vn -0.370437 0.518723 -0.770521
vn -0.264603 0.389114 -0.882369
vn -0.417263 0.455134 -0.786604
vn -0.153356 0.315122 -0.936579
vn -0.104771 0.319757 -0.941689
vn -0.147761 0.293193 -0.944566
vn -0.317472 0.381207 -0.86827
vn -0.29327 0.429604 -0.854069
vn -0.528878 0.566648 -0.631821
vn -0.475175 0.645874 -0.597542
vn -0.545539 0.502965 -0.670383
vn -0.691163 0.630711 -0.352842
vn -0.719307 0.572113 -0.394061
vn -0.64043 0.693197 -0.330646
vn -0.411245 0.698867 -0.585203
vn -0.579969 0.742776 -0.334543
vn -0.735406 0.668675 -0.10978
vn -0.68508 0.717178 -0.127753
vn -0.781053 0.624247 0.016493
vn -0.745398 0.666617 0.00207
vn -0.775791 0.620991 -0.111883
vn -0.806556 0.574514 -0.139284
vn -0.806624 0.590828 0.016728
vn -0.83029 0.557323 -0.003286
vn -0.188162 0.291942 -0.937745
vn -0.302948 0.345861 -0.888033
vn -0.450178 0.385464 -0.805454
vn -0.3129 0.321153 -0.893843
vn -0.455275 0.340131 -0.822822
vn -0.197652 0.287218 -0.937251
vn -0.168433 0.277594 -0.945818
vn -0.173026 0.275754 -0.945527
vn -0.315116 0.333831 -0.888403
vn -0.319492 0.352126 -0.879734
vn -0.544339 0.455833 -0.70421
vn -0.538147 0.419859 -0.730832
vn -0.731013 0.519884 -0.441972
vn -0.731782 0.475662 -0.4881
vn -0.827616 0.52968 -0.185716
vn -0.840143 0.486004 -0.240749
vn -0.852759 0.52073 -0.040524
vn -0.874882 0.476227 -0.088254
vn -0.83764 0.542028 0.067558
vn -0.861023 0.506966 0.040308
vn -0.889608 0.456705 0.004261
vn -0.81889 0.567764 0.084037
vn -0.825254 0.549317 0.131175
vn -0.814288 0.564364 0.13575
vn -0.803443 0.588896 0.087643
vn -0.192356 0.294244 -0.936173
vn -0.298504 0.312416 -0.901827
vn -0.441791 0.321978 -0.837347
vn -0.270492 0.319195 -0.908267
vn -0.414353 0.330707 -0.847906
vn -0.183335 0.305809 -0.934275
vn -0.176878 0.285604 -0.941883
vn -0.185886 0.299357 -0.935859
vn -0.313364 0.326161 -0.891865
vn -0.314775 0.325557 -0.891588
vn -0.529623 0.393112 -0.75164
vn -0.517588 0.373967 -0.769579
vn -0.7264 0.438012 -0.529612
vn -0.717608 0.405702 -0.566078
vn -0.847189 0.44242 -0.294168
vn -0.85204 0.39874 -0.339167
vn -0.894736 0.425353 -0.136098
vn -0.911307 0.371571 -0.177357
vn -0.917213 0.397032 -0.032962
vn -0.939427 0.336356 -0.065891
vn -0.179041 0.317873 -0.931075
vn -0.244381 0.333366 -0.910574
vn -0.381661 0.352728 -0.854352
vn -0.230244 0.345688 -0.909663
vn -0.353477 0.376995 -0.856113
vn -0.18572 0.324923 -0.927326
vn -0.20107 0.310422 -0.929091
vn -0.227122 0.312334 -0.922422
vn -0.319946 0.322873 -0.890723
vn -0.334175 0.308456 -0.890608
vn -0.504894 0.352344 -0.787995
vn -0.498559 0.315821 -0.807277
vn -0.710909 0.367424 -0.599674
vn -0.711061 0.307718 -0.63222
vn -0.86013 0.344518 -0.376145
vn -0.872431 0.266088 -0.409954
vn -0.927399 0.306816 -0.213997
vn -0.942956 0.220223 -0.249671
vn -0.20453 0.32138 -0.924599
vn -0.238467 0.345453 -0.907632
vn -0.344937 0.385861 -0.855646
vn -0.378523 0.347107 -0.858043
vn -0.276391 0.308189 -0.91029
vn -0.239803 0.299565 -0.923448
vn -0.266984 0.301399 -0.915357
vn -0.310668 0.27136 -0.91096
vn -0.359927 0.281374 -0.88954
vn -0.394526 0.239973 -0.886996
vn -0.503309 0.264194 -0.822728
vn -0.528524 0.194779 -0.826271
vn -0.716164 0.227769 -0.65972
vn -0.728442 0.127592 -0.673122
vn -0.4142 0.567154 0.711881
vn -0.432151 0.535146 0.725854
vn -0.435792 0.580107 0.688158
vn -0.472323 0.536874 0.699054
vn -0.430995 0.572392 0.697575
vn -0.492872 0.562014 0.664242
vn -0.414909 0.582849 0.698669
vn -0.454407 0.598981 0.659346
vn -0.395753 0.601584 0.693884
vn -0.325933 0.55857 0.762737
vn -0.322121 0.54511 0.774011
vn -0.173444 0.537547 0.825203
vn -0.161394 0.538259 0.827181
vn -0.136894 0.593295 0.79326
vn -0.301634 0.592982 0.746585
vn -0.365753 0.635366 0.680099
vn -0.300801 0.614968 0.728926
vn -0.308064 0.70217 0.641915
vn -0.257097 0.691778 0.674792
vn -0.166299 0.584377 0.79426
vn -0.138098 0.669656 0.729719
vn -0.367545 0.655381 0.659838
vn -0.327893 0.658953 0.676954
vn -0.305641 0.70864 0.635935
vn -0.270585 0.70415 0.656473
vn -0.087756 0.995774 0.027093
vn -0.136899 0.990008 0.033821
vn 0.038228 0.996833 0.069729
vn 0.01266 0.996837 0.078464
vn -0.221152 0.964738 0.142731
vn -0.048269 0.983151 0.176305
vn 0.169454 0.975873 0.137685
vn 0.133537 0.969776 0.204214
vn 0.177925 0.974794 0.134608
vn -0.188163 0.982136 0.002093
vn -0.247104 0.968748 0.021621
vn -0.218386 0.974663 -0.048382
vn -0.280651 0.957911 0.060337
vn -0.348425 0.929216 0.12312
vn -0.408346 0.900124 0.151761
vn -0.064982 0.995142 0.07396
vn -0.159776 0.986906 0.02208
vn -0.052548 0.992303 0.112131
vn -0.129664 0.990529 0.045167
vn -0.239109 0.968634 -0.067634
vn -0.218096 0.974276 -0.056755
vn 0.041854 0.991868 0.120193
vn 0.165124 0.968193 0.187978
vn 0.11395 0.953741 0.278199
vn 0.021271 0.983575 0.179244
vn 0.308651 0.929427 0.202236
vn 0.312277 0.930219 0.19281
vn 0.296066 0.928706 0.223271
vn 0.418154 0.878834 0.22978
vn 0.412311 0.881558 0.229901
vn 0.410202 0.875718 0.254662
vn 0.282675 0.922642 0.262348
vn 0.37689 0.866494 0.327326
vn 0.282057 0.8344 0.473519
vn 0.209394 0.899819 0.382726
vn -0.037704 0.904675 0.42443
vn -0.097778 0.955646 0.277812
vn -0.326971 0.725301 0.605829
vn -0.376464 0.80921 0.45106
vn -0.130536 0.974863 0.18056
vn -0.398883 0.850855 0.341963
vn 0.031444 0.820601 0.570636
vn 0.06715 0.727623 0.682683
vn -0.277887 0.472263 0.836509
vn -0.280188 0.601747 0.747927
vn 0.469867 0.835981 0.283481
vn 0.428439 0.823337 0.372232
vn 0.468277 0.836977 0.283173
vn 0.414146 0.823782 0.387127
vn 0.249435 0.762613 0.596828
vn 0.303368 0.779396 0.548187
vn 0.479645 0.842109 0.246565
vn 0.479103 0.84762 0.228038
vn 0.481211 0.842472 0.242234
vn 0.482282 0.847969 0.219893
vn 0.044871 0.642185 0.765235
vn -0.040963 0.584469 0.810382
vn -0.366663 0.279659 0.887327
vn -0.313506 0.357119 0.879875
vn 0.421973 0.868058 0.26156
vn 0.348767 0.858589 0.375749
vn 0.345716 0.910863 0.225411
vn 0.245417 0.909644 0.335138
vn 0.135962 0.776189 0.615666
vn -0.014545 0.807704 0.589408
vn 0.44246 0.867904 0.225768
vn 0.446394 0.870122 0.208853
vn 0.40727 0.891587 0.198001
vn 0.380565 0.901862 0.204491
vn -0.165413 0.554194 0.815787
vn -0.304453 0.548048 0.779071
vn -0.420607 0.252817 0.871306
vn -0.479977 0.268077 0.835319
vn -0.555991 0.01471 0.831058
vn -0.558547 0.050608 0.827928
vn -0.552742 0.043787 0.832201
vn -0.556365 -0.057223 0.828965
vn -0.577408 -0.04924 0.81497
vn -0.609215 0.004011 0.792995
vn -0.547056 0.133173 0.826435
vn -0.630838 0.07336 0.772439
vn -0.644183 0.141538 0.751661
vn -0.532804 0.239436 0.811659
vn -0.691415 0.712628 0.118769
vn -0.744953 0.65774 0.111458
vn -0.726588 0.650736 0.220481
vn -0.779151 0.594008 0.200194
vn -0.780933 0.612305 0.123392
vn -0.802958 0.562428 0.197317
vn -0.783235 0.525754 0.331851
vn -0.800456 0.508691 0.317022
vn -0.735272 0.57386 0.360638
vn -0.645609 0.762689 0.03866
vn -0.691151 0.721363 0.044103
vn -0.74237 0.666709 0.066233
vn -0.617214 0.769555 0.163802
vn -0.5909 0.802423 0.083396
vn -0.505461 0.827742 0.243622
vn -0.470875 0.861761 0.188798
vn -0.553219 0.832679 0.024363
vn -0.420084 0.892355 0.165023
vn -0.640416 0.720278 0.266584
vn -0.642768 0.646213 0.411411
vn -0.468762 0.734564 0.490589
vn -0.5063 0.790076 0.345602
vn -0.802915 0.581074 0.13297
vn -0.781725 0.618366 0.080803
vn -0.813246 0.547615 0.196848
vn -0.819895 0.538746 0.193713
vn -0.816938 0.498644 0.289772
vn -0.807457 0.50555 0.304028
vn 0.464805 -0.506537 0.726207
vn 0.3469 -0.445169 0.825521
vn 0.368417 -0.610129 0.701435
vn 0.46555 -0.621949 0.629637
vn 0.151737 -0.376101 0.91407
vn 0.182331 -0.573936 0.798344
vn 0.199483 -0.705397 0.680163
vn 0.363317 -0.716401 0.595627
vn 0.44457 -0.698401 0.560887
vn 0.433388 -0.332634 0.837574
vn 0.29211 -0.218878 0.931002
vn 0.373194 -0.11221 0.920942
vn 0.223322 0.004277 0.974735
vn 0.073401 0.069096 0.994906
vn 0.108963 -0.131764 0.985274
vn 0.519774 -0.541299 0.660931
vn 0.513879 -0.423785 0.745878
vn 0.51435 -0.55379 0.654798
vn 0.520189 -0.479751 0.706571
vn 0.482535 -0.239298 0.842553
vn 0.511469 -0.347418 0.78594
vn 0.505894 -0.615529 0.604314
vn 0.476646 -0.670549 0.568482
vn 0.470812 -0.644617 0.602334
vn 0.497813 -0.601012 0.625274
vn 0.463536 -0.586428 0.664256
vn 0.481844 -0.549613 0.68246
vn 0.441105 -0.62867 0.640469
vn 0.413716 -0.620603 0.666101
vn 0.438081 -0.571953 0.693509
vn 0.464211 -0.530498 0.709282
vn 0.496958 -0.501045 0.708511
vn 0.49431 -0.486878 0.720144
vn 0.505642 -0.418126 0.75465
vn 0.527736 -0.429188 0.733002
vn 0.481756 -0.498228 0.720888
vn 0.5356 -0.439791 0.720914
vn 0.56029 -0.443328 0.699669
vn 0.640645 -0.360054 0.678185
vn 0.720692 -0.263858 0.641079
vn 0.601162 -0.369129 0.708765
vn 0.438534 -0.554228 0.707474
vn 0.402735 -0.613761 0.679045
vn 0.428427 -0.596471 0.678729
vn 0.488923 -0.520881 0.699741
vn 0.189325 -0.828258 0.527394
vn 0.324018 -0.813074 0.483656
vn 0.129088 -0.95423 0.269779
vn 0.230134 -0.928783 0.290517
vn 0.399599 -0.770503 0.496635
vn 0.310914 -0.877536 0.365053
vn 0.024093 -0.641213 0.766985
vn 0.044758 -0.789935 0.611555
vn -0.057215 -0.570715 0.819152
vn -0.049626 -0.730655 0.680941
vn -0.065226 -0.93842 0.339285
vn 0.026061 -0.954545 0.296925
vn -0.005416 -0.51081 0.859676
vn -0.028512 -0.324788 0.945357
vn -0.072903 -0.457843 0.886039
vn -0.083639 -0.303713 0.949086
vn 0.436352 -0.730886 0.524787
vn 0.367396 -0.83866 0.402083
vn 0.431429 -0.711794 0.554272
vn 0.323679 -0.886546 0.330558
vn 0.40578 -0.699233 0.588571
vn 0.31575 -0.854825 0.411796
vn 0.311037 -0.813316 0.491704
vn 0.382792 -0.685243 0.619607
vn 0.371685 -0.68679 0.624636
vn 0.313183 -0.81325 0.490449
vn 0.372455 -0.696464 0.613363
vn 0.234578 -0.908036 0.347051
vn 0.394275 -0.679531 0.618695
vn 0.486118 -0.553375 0.676362
vn 0.237277 -0.884844 0.400937
vn 0.30064 -0.818691 0.489245
vn 0.457101 -0.61118 0.646156
vn 0.556794 -0.475502 0.681087
vn 0.571989 -0.452078 0.684437
vn 0.647859 -0.347188 0.678041
vn 0.735149 -0.20666 0.645637
vn 0.665349 -0.343396 0.662865
vn 0.603513 -0.370381 0.706109
vn 0.678651 -0.231955 0.696872
vn 0.588048 -0.281599 0.758223
vn 0.633946 -0.145066 0.75965
vn 0.664414 0.0001 0.747365
vn 0.740009 -0.078037 0.668055
vn 0.521039 -0.518085 0.678312
vn 0.384648 -0.765737 0.515453
vn 0.32318 -0.836401 0.442706
vn 0.52641 -0.452009 0.720125
vn -0.828901 0.482697 -0.282712
vn -0.799792 0.471752 -0.371191
vn -0.7629 0.51048 -0.396729
vn -0.810948 0.506568 -0.292833
vn -0.759103 0.437407 -0.482119
vn -0.704356 0.483476 -0.519743
vn -0.642615 0.543918 -0.539629
vn -0.728577 0.549954 -0.408321
vn -0.797048 0.526446 -0.295922
vn -0.851172 0.4472 -0.274807
vn -0.83558 0.428548 -0.343735
vn -0.876116 0.393568 -0.278434
vn -0.866791 0.377358 -0.325996
vn -0.834325 0.361847 -0.415895
vn -0.802495 0.398603 -0.44398
vn -0.837442 0.487181 -0.247681
vn -0.848954 0.461756 -0.257017
vn -0.808171 0.515702 -0.28445
vn -0.816259 0.492642 -0.301703
vn -0.866023 0.414505 -0.279623
vn -0.827538 0.451385 -0.333815
vn -0.83088 0.499289 -0.245659
vn -0.827535 0.506115 -0.24297
vn -0.802986 0.52643 -0.279437
vn -0.802276 0.527733 -0.279019
vn -0.701483 0.58946 -0.400572
vn -0.786863 0.547328 -0.285094
vn -0.590066 0.60413 -0.535584
vn -0.554349 0.65001 -0.519793
vn -0.678798 0.630132 -0.377051
vn -0.777075 0.575853 -0.254063
vn -0.826501 0.5133 -0.231123
vn -0.826076 0.527078 -0.199467
vn -0.8059 0.526958 -0.26989
vn -0.809183 0.535435 -0.241935
vn -0.726803 0.583757 -0.361919
vn -0.730604 0.584706 -0.352614
vn -0.599157 0.660951 -0.451834
vn -0.615799 0.661174 -0.428533
vn -0.637955 0.63689 -0.432879
vn -0.741069 0.568554 -0.35716
vn -0.730049 0.579783 -0.361773
vn -0.731454 0.593533 -0.335699
vn -0.589864 0.657813 -0.468341
vn -0.584908 0.676837 -0.446961
vn -0.660127 0.660557 -0.357626
vn -0.770207 0.600566 -0.214712
vn -0.533399 0.673295 -0.512016
vn -0.650513 0.664899 -0.367072
vn -0.533457 0.660146 -0.528801
vn -0.768564 0.611006 -0.189686
vn -0.828858 0.538396 -0.152066
vn -0.83424 0.541862 -0.102127
vn -0.811983 0.547773 -0.201564
vn -0.817509 0.555168 -0.153189
vn -0.730794 0.613826 -0.298591
vn -0.741148 0.619599 -0.258452
vn -0.592002 0.694789 -0.408414
vn -0.625454 0.683982 -0.375466
vn -0.774323 0.600157 -0.20059
vn -0.651611 0.637575 -0.410975
vn -0.552022 0.618044 -0.559726
vn -0.692921 0.572806 -0.437898
vn -0.594979 0.567849 -0.568813
vn -0.789204 0.557574 -0.257428
vn -0.843616 0.530199 -0.084857
vn -0.846039 0.504231 -0.173116
vn -0.831119 0.542961 -0.120144
vn -0.846462 0.508008 -0.159466
vn -0.772207 0.596553 -0.218678
vn -0.809546 0.548219 -0.209979
vn -0.683805 0.646729 -0.337863
vn -0.7405 0.602866 -0.297006
vn -0.470976 0.730555 -0.494441
vn -0.414815 0.751458 -0.513068
vn -0.26496 0.761882 -0.591043
vn -0.220801 0.77505 -0.592068
vn -0.20282 0.778844 -0.59352
vn -0.393192 0.744142 -0.540048
vn -0.543922 0.699881 -0.462943
vn -0.607721 0.689267 -0.394444
vn -0.311176 0.765056 -0.56379
vn -0.351937 0.809225 -0.470421
vn -0.826925 0.485345 -0.283964
vn -0.822265 0.501576 -0.268891
vn -0.749928 0.473966 -0.46148
vn -0.782577 0.46951 -0.40882
vn -0.766854 0.566973 -0.300795
vn -0.743586 0.545197 -0.387092
vn -0.779564 0.511877 -0.360919
vn -0.669802 0.520856 -0.529221
vn -0.637877 0.688484 -0.345111
vn -0.616899 0.691198 -0.376407
vn -0.375147 0.850244 -0.369257
vn -0.35546 0.870444 -0.340553
vn -0.287637 0.88835 -0.357911
vn -0.101107 0.957278 -0.270916
vn -0.128994 0.948499 -0.289327
vn -0.186578 0.900229 -0.393417
vn -0.049264 0.959414 -0.277666
vn -0.08625 0.957312 -0.27589
vn -0.097221 0.960715 -0.259951
vn -0.07131 0.957559 -0.279278
vn -0.540293 0.706933 -0.456432
vn -0.660782 0.542699 -0.518503
vn -0.524962 0.547756 -0.651443
vn -0.41257 0.726478 -0.54956
vn -0.12186 0.927428 -0.353593
vn -0.029588 0.937511 -0.346694
vn -0.095502 0.87062 -0.482597
vn 0.014467 0.879829 -0.475071
vn -0.298728 0.429759 0.852097
vn -0.257632 0.595561 0.760876
vn -0.215653 0.443988 0.869695
vn -0.176409 0.588582 0.788956
vn -0.126526 0.763932 0.63277
vn -0.076539 0.726591 0.682794
vn 0.021112 0.666995 0.744763
vn -0.071543 0.530917 0.844399
vn -0.119468 0.393208 0.911655
vn -0.37539 0.387021 0.842198
vn -0.321696 0.579612 0.748706
vn -0.451107 0.338279 0.825875
vn -0.375976 0.562 0.736748
vn -0.155379 0.81412 0.559523
vn -0.147758 0.790076 0.594934
vn -0.295739 0.299577 0.907079
vn -0.368034 0.243153 0.897456
vn -0.271324 0.239642 0.932178
vn -0.331335 0.169925 0.928086
vn -0.447637 0.1695 0.878004
vn -0.409313 0.078591 0.909003
vn -0.230699 0.330218 0.915278
vn -0.173355 0.332173 0.927151
vn -0.224378 0.279904 0.933439
vn -0.184092 0.296056 0.937262
vn -0.304523 0.835472 0.457442
vn -0.327251 0.877033 0.35174
vn -0.217954 0.789813 0.573316
vn -0.028093 0.824632 0.564971
vn 0.034535 0.784444 0.619237
vn -0.060959 0.872832 0.484198
vn -0.278755 0.910213 0.306281
vn -0.070366 0.904103 0.421482
vn -0.22708 0.919508 0.320843
vn -0.084973 0.90462 0.417663
vn -0.146322 0.099356 -0.984235
vn -0.121638 0.148478 -0.981406
vn -0.026373 0.064122 -0.997594
vn -0.010581 0.111876 -0.993666
vn -0.091873 0.221457 -0.970833
vn 0.010679 0.181301 -0.98337
vn 0.103573 0.075576 -0.991746
vn 0.1233 0.142383 -0.982102
vn 0.089405 0.029964 -0.995545
vn -0.267807 0.128466 -0.95487
vn -0.233634 0.180424 -0.955438
vn -0.346454 0.210177 -0.914218
vn -0.192478 0.261758 -0.945746
vn -0.296357 0.303377 -0.905613
vn -0.165918 0.07135 -0.983555
vn -0.294534 0.102944 -0.95008
vn -0.038753 0.034417 -0.998656
vn 0.07909 -8e-06 -0.996867
vn -0.060148 0.30798 -0.94949
vn 0.036392 0.264131 -0.9638
vn -0.029274 0.394149 -0.91858
vn 0.063717 0.349716 -0.934687
vn 0.147187 0.223102 -0.963619
vn 0.172097 0.30826 -0.935606
vn -0.150418 0.356604 -0.922067
vn -0.241301 0.408405 -0.880329
vn -0.112536 0.44478 -0.888542
vn -0.191202 0.499159 -0.845152
vn -0.454379 0.240527 -0.857722
vn -0.399278 0.345269 -0.849333
vn -0.550669 0.271065 -0.789485
vn -0.496943 0.38465 -0.777876
vn -0.333085 0.459867 -0.82315
vn -0.425583 0.507532 -0.749193
vn -0.269845 0.555279 -0.78667
vn -0.351458 0.609827 -0.710344
vn -0.142427 0.575558 -0.805262
vn -0.208888 0.631161 -0.746995
vn -0.278828 0.687219 -0.670809
vn -0.149778 0.687699 -0.710378
vn -0.20599 0.741461 -0.638595
vn -0.094419 0.637179 -0.76491
vn -0.074171 0.524293 -0.848302
vn -0.034746 0.592746 -0.80464
vn 0.038532 0.552518 -0.83261
vn 0.003694 0.47708 -0.878852
vn -0.046105 0.686401 -0.725761
vn -0.088265 0.730067 -0.677652
vn -0.125754 0.779154 -0.614089
vn -0.025704 0.763638 -0.645133
vn -0.045472 0.804321 -0.592452
vn 0.001996 0.726961 -0.686676
vn 0.006313 0.650571 -0.759419
vn 0.049165 0.700145 -0.712306
vn 0.075508 0.61981 -0.781111
vn 0.11373 0.680416 -0.723947
vn 0.048039 0.760512 -0.647545
vn 0.092912 0.74356 -0.662182
vn 0.090081 0.787524 -0.609665
vn 0.12868 0.783497 -0.607925
vn 0.148645 0.734087 -0.662587
vn 0.171877 0.778342 -0.603856
vn 0.035313 0.790853 -0.610987
vn 0.030644 0.819907 -0.571676
vn 0.091487 0.808101 -0.581897
vn 0.090317 0.825339 -0.557368
vn -0.427112 0.652729 -0.625715
vn -0.510511 0.543758 -0.666113
vn -0.583864 0.416341 -0.696967
vn -0.58669 0.561006 -0.58401
vn -0.499751 0.676902 -0.540419
vn -0.344763 0.734703 -0.584252
vn -0.413562 0.765179 -0.493424
vn -0.31798 0.834396 -0.450191
vn -0.260909 0.788354 -0.557157
vn -0.155011 0.821761 -0.548343
vn -0.162941 0.858435 -0.486353
vn -0.056719 0.836991 -0.544269
vn -0.059284 0.864302 -0.499467
vn 0.126452 0.679167 0.723009
vn 0.108918 0.678066 0.726886
vn 0.099808 0.640571 0.761385
vn 0.124411 0.64594 0.753182
vn 0.122812 0.667259 0.734631
vn 0.104682 0.620771 0.776972
vn 0.074429 0.533851 0.842296
vn 0.081875 0.567401 0.819361
vn 0.117656 0.586064 0.801677
vn 0.110635 0.689303 0.715976
vn 0.103023 0.70578 0.7009
vn 0.076361 0.750541 0.656398
vn 0.134075 0.758412 0.637836
vn 0.129975 0.705512 0.696677
vn 0.158678 0.673445 0.722006
vn 0.145322 0.665389 0.732216
vn 0.190001 0.668565 0.718972
vn 0.191903 0.646259 0.738595
vn 0.09814 0.578578 0.809701
vn 0.167955 0.534888 0.828061
vn 0.159198 0.64254 0.749532
vn 0.158012 0.595216 0.787877
vn 0.177468 0.606004 0.775412
vn 0.183284 0.642785 0.743797
vn 0.231132 0.670947 0.704563
vn 0.249178 0.637925 0.728672
vn 0.29392 0.683741 0.667914
vn 0.336054 0.633625 0.696841
vn 0.350843 0.476175 0.806329
vn 0.242892 0.510398 0.824923
vn 0.210597 0.654018 0.726574
vn 0.19834 0.620161 0.758987
vn 0.260467 0.671911 0.69332
vn 0.252156 0.625652 0.738226
vn -0.451753 0.453401 -0.76834
vn -0.428185 0.534343 -0.72879
vn -0.476516 0.513184 -0.713845
vn -0.449336 0.573109 -0.685305
vn -0.411239 0.589141 -0.695554
vn -0.426024 0.620082 -0.658788
vn -0.430775 0.283226 -0.856864
vn -0.457609 0.37121 -0.807959
vn -0.387339 0.280602 -0.878198
vn -0.440278 0.343565 -0.829529
vn -0.526622 0.405675 -0.747059
vn -0.499427 0.448877 -0.741001
vn -0.412356 0.212631 -0.885862
vn -0.365203 0.238957 -0.899737
vn -0.518656 0.548472 -0.655877
vn -0.479961 0.593684 -0.645892
vn -0.447746 0.636622 -0.627883
vn -0.568449 0.500182 -0.65321
vn -0.636884 0.449454 -0.626395
vn -0.269027 0.361861 -0.89257
vn -0.318722 0.374053 -0.87092
vn -0.270192 0.381671 -0.883925
vn -0.147753 0.533642 -0.832704
vn -0.154476 0.521001 -0.839461
vn -0.234032 0.531 -0.814413
vn -0.415204 0.402174 -0.816004
vn -0.366951 0.543425 -0.755008
vn -0.548178 0.431351 -0.716545
vn -0.683027 0.450346 -0.575033
vn -0.258775 0.729194 -0.633492
vn -0.11174 0.710924 -0.694335
vn -0.07633 0.891785 -0.445975
vn 0.052208 0.859332 -0.508746
vn 0.027334 0.952305 -0.303922
vn 0.158891 0.927597 -0.338108
vn 0.008937 0.960603 -0.277779
vn 0.142767 0.959665 -0.242199
vn -0.242927 0.96994 -0.014215
vn -0.315534 0.940179 -0.128463
vn -0.288192 0.942876 -0.167124
vn -0.465786 0.875537 0.12837
vn -0.516762 0.85609 0.008185
vn -0.565517 0.819002 -0.097087
vn -0.375289 0.898431 -0.227993
vn -0.328179 0.906594 -0.265303
vn -0.173097 0.980116 0.097001
vn -0.422402 0.872141 0.246873
vn -0.292784 0.940761 -0.171017
vn -0.313861 0.911372 -0.266256
vn -0.232421 0.95484 -0.185096
vn -0.247712 0.930386 -0.270224
vn -0.685018 0.618469 0.385028
vn -0.717077 0.635716 0.285773
vn -0.655907 0.590788 0.469846
vn -0.776685 0.364825 0.513482
vn -0.807372 0.381341 0.450254
vn -0.839056 0.385695 0.383698
vn -0.748759 0.636553 0.184823
vn -0.867327 0.377654 0.324225
vn -0.778848 0.619917 0.095385
vn -0.88942 0.359442 0.282371
vn -0.835167 0.280445 0.473125
vn -0.863001 0.270892 0.426435
vn -0.806795 0.277933 0.521378
vn -0.779772 0.349423 0.51948
vn -0.815837 0.343495 0.465212
vn -0.846405 0.333063 0.415534
vn -0.885699 0.250579 0.390828
vn -0.87149 0.315643 0.375334
vn -0.899625 0.225703 0.373808
vn -0.712118 -0.160939 0.683364
vn -0.815986 -0.143271 0.560036
vn -0.827989 -0.069888 0.556373
vn -0.723272 -0.094212 0.684106
vn -0.834376 -0.163301 0.52645
vn -0.841607 -0.087931 0.532885
vn -0.840006 -0.025577 0.541975
vn -0.835911 -0.018507 0.548553
vn -0.742509 -0.046088 0.668249
vn -0.709117 -0.226567 0.667698
vn -0.801418 -0.219159 0.556506
vn -0.708841 -0.270483 0.651447
vn -0.78307 -0.279293 0.555695
vn -0.791012 -0.3254 0.518088
vn -0.818502 -0.244427 0.519913
vn -0.635803 -0.184761 0.749412
vn -0.638573 -0.24676 0.728927
vn -0.644403 -0.29196 0.706756
vn -0.633821 -0.121849 0.763822
vn -0.642348 -0.062537 0.763857
vn -0.827459 -0.183997 0.530526
vn -0.812405 -0.277063 0.513064
vn -0.775541 -0.387273 0.498553
vn -0.767051 -0.45749 0.449817
vn -0.825013 -0.308008 0.473799
vn -0.847777 -0.191342 0.494634
vn -0.829169 -0.102984 0.54943
vn -0.85044 -0.094012 0.517605
vn -0.837459 -0.006423 0.546463
vn -0.820118 -0.030596 0.571375
vn -0.821347 -0.356785 0.445076
vn -0.860675 -0.212129 0.46286
vn -0.73333 -0.542407 0.409905
vn -0.766031 -0.435103 0.473163
vn -0.647242 -0.634426 0.422589
vn -0.832206 -0.270062 0.484252
vn -0.872484 -0.089298 0.480414
vn -0.864964 -0.118115 0.487736
vn -0.863298 0.037643 0.503288
vn -0.86105 0.024962 0.507907
vn -0.687301 -0.392116 0.611443
vn -0.744485 -0.408359 0.52819
vn -0.512413 -0.775596 0.368624
vn -0.619039 -0.689724 0.375594
vn -0.732652 -0.469228 0.492996
vn -0.536963 -0.787279 0.303087
vn -0.622666 -0.418469 0.661189
vn -0.630121 -0.460068 0.625528
vn -0.424641 -0.767592 0.480086
vn -0.323649 -0.853984 0.407385
vn -0.817449 -0.178401 -0.547677
vn -0.88454 0.067094 -0.461615
vn -0.845562 -0.240946 -0.476415
vn -0.933509 0.035471 -0.356796
vn -0.817431 0.48144 -0.316264
vn -0.852556 0.496597 -0.162911
vn -0.956953 -0.009492 -0.290088
vn -0.860121 0.5045 -0.075309
vn -0.861793 -0.297966 -0.410522
vn -0.761781 -0.079041 -0.642994
vn -0.794901 0.100649 -0.598333
vn -0.654425 0.093574 -0.750315
vn -0.647061 0.164686 -0.74444
vn -0.585052 0.424891 -0.690783
vn -0.738047 0.458532 -0.49501
vn -0.73898 -0.277354 -0.613989
vn -0.720082 -0.102852 -0.686224
vn -0.654048 -0.31986 -0.685501
vn -0.658338 -0.066904 -0.749744
vn -0.651149 0.162543 -0.74134
vn -0.606493 0.252393 -0.753966
vn -0.751104 -0.377599 -0.541537
vn -0.771867 -0.435007 -0.463671
vn -0.649212 -0.565174 -0.50902
vn -0.644733 -0.48176 -0.593488
vn -0.877731 -0.357611 -0.31891
vn -0.973461 -0.062684 -0.2201
vn -0.869128 0.494335 -0.015829
vn -0.993314 -0.079282 -0.083919
vn -0.878003 0.473707 0.068651
vn -0.900687 -0.406857 -0.152414
vn -0.79641 -0.486712 -0.358947
vn -0.806668 -0.558916 -0.192093
vn -0.628837 -0.730008 -0.267678
vn -0.650296 -0.636848 -0.414172
vn -0.511315 -0.72034 -0.468686
vn -0.543283 -0.638756 -0.544826
vn -0.459056 -0.825982 -0.327141
vn -0.410396 -0.840359 -0.354079
vn -0.475686 -0.721395 -0.503301
vn -0.518095 -0.646588 -0.559912
vn -0.565883 -0.537273 -0.62539
vn -0.55811 -0.542269 -0.628059
vn -0.604372 -0.312564 -0.732829
vn -0.623054 -0.267986 -0.734839
vn -0.587818 -0.803182 -0.096793
vn -0.421017 -0.895131 -0.146577
vn -0.5363 -0.841407 0.066451
vn -0.402173 -0.915346 0.019948
vn -0.369266 -0.917443 -0.148127
vn -0.362658 -0.931696 0.020527
vn -0.779013 -0.627002 -0.002631
vn -0.911744 -0.405468 0.065722
vn -0.880313 -0.377765 0.286953
vn -0.716054 -0.677367 0.168646
vn -0.447906 -0.81551 -0.366502
vn -0.412397 -0.899515 -0.144227
vn -0.411092 -0.911372 0.020109
vn -0.529725 -0.822269 -0.208003
vn -0.534427 -0.844163 -0.042136
vn -0.521433 -0.764305 -0.3794
vn -0.509904 -0.687873 -0.516555
vn -0.560233 -0.670166 -0.486844
vn -0.541505 -0.629238 -0.557523
vn -0.565293 -0.625241 -0.538069
vn -0.471837 -0.843129 0.257882
vn -0.377371 -0.899053 0.222023
vn -0.398585 -0.765883 0.504533
vn -0.33787 -0.786661 0.516728
vn -0.357468 -0.90738 0.221085
vn -0.328259 -0.773894 0.541604
vn -0.621618 -0.701642 0.348267
vn -0.782113 -0.385487 0.489591
vn -0.636879 -0.40458 0.656278
vn -0.508088 -0.666345 0.545739
vn 0.274062 0.800072 -0.533642
vn 0.329941 0.785886 -0.522993
vn 0.338686 0.771408 -0.538723
vn 0.279177 0.788262 -0.548364
vn 0.388752 0.767588 -0.509589
vn 0.399375 0.750779 -0.526146
vn 0.407131 0.716479 -0.566482
vn 0.347182 0.736408 -0.580662
vn 0.283002 0.755827 -0.590453
vn 0.268436 0.802439 -0.532948
vn 0.322998 0.789197 -0.522341
vn 0.257372 0.804095 -0.535903
vn 0.314175 0.788697 -0.528442
vn 0.379887 0.773517 -0.507304
vn 0.374699 0.773582 -0.51105
vn 0.222913 0.81041 -0.541798
vn 0.217316 0.813688 -0.539153
vn 0.178809 0.817768 -0.547067
vn 0.171034 0.823618 -0.540741
vn 0.155445 0.831705 -0.533014
vn 0.204682 0.818414 -0.53694
vn 0.224758 0.799838 -0.556546
vn 0.221758 0.77023 -0.597971
vn 0.180065 0.806373 -0.563329
vn 0.015472 0.861986 -0.506696
vn 0.023783 0.842554 -0.538087
vn 0.069679 0.854254 -0.515166
vn 0.083376 0.839794 -0.536465
vn -0.054073 0.882831 -0.466569
vn 0.007173 0.876036 -0.482192
vn -0.046934 0.885222 -0.462794
vn -0.002946 0.87955 -0.475798
vn 0.031416 0.870055 -0.491953
vn 0.051428 0.86595 -0.49748
vn -0.145665 0.885879 -0.440455
vn -0.260589 0.884999 -0.385837
vn -0.119398 0.890573 -0.43889
vn -0.221899 0.896034 -0.384557
vn 0.087118 0.854355 -0.512337
vn 0.109627 0.844095 -0.524867
vn 0.064268 0.859565 -0.50697
vn 0.132408 0.840491 -0.525398
vn 0.10576 0.847655 -0.5199
vn 0.126562 0.832839 -0.538851
vn 0.135656 0.82336 -0.551068
vn 0.183094 0.825198 -0.534346
vn 0.155304 0.834089 -0.529317
vn 0.23747 0.809063 -0.53761
vn 0.214456 0.821245 -0.528739
vn 0.015376 0.870698 -0.491577
vn 0.047389 0.863355 -0.502367
vn 0.006787 0.876016 -0.482235
vn 0.030063 0.874967 -0.483248
vn 0.079152 0.856066 -0.51077
vn 0.051151 0.871344 -0.487999
vn -0.011242 0.87731 -0.479793
vn -0.032744 0.875871 -0.481433
vn -0.004706 0.87779 -0.479023
vn -0.001581 0.864354 -0.502882
vn -0.497916 0.311138 -0.80949
vn -0.527515 0.437135 -0.72845
vn -0.497088 0.538181 -0.680636
vn -0.375049 0.647154 -0.663724
vn -0.392774 0.716187 -0.576893
vn -0.291886 0.530695 -0.795717
vn -0.442443 0.269228 -0.85543
vn -0.200581 0.413661 -0.888061
vn -0.111 0.372259 -0.921468
vn -0.347356 0.379078 -0.857697
vn -0.576333 0.33633 -0.744797
vn -0.468336 0.612954 -0.636356
vn -0.600096 0.400614 -0.692383
vn -0.48999 0.667809 -0.560304
vn -0.371043 0.788615 -0.490319
vn -0.355378 0.868671 -0.345133
vn -0.622809 0.008498 -0.782328
vn -0.645333 0.096685 -0.757758
vn -0.585552 -0.52959 -0.613729
vn -0.666934 -0.227337 -0.709589
vn -0.597889 -0.531766 -0.599795
vn -0.682877 -0.226868 -0.694413
vn -0.688263 0.158786 -0.707871
vn -0.710203 0.180462 -0.680474
vn -0.646746 0.433682 -0.627407
vn -0.68231 0.455297 -0.571977
vn -0.702859 -0.259794 -0.662191
vn -0.755486 0.170612 -0.63256
vn -0.766222 -0.314596 -0.560298
vn -0.880806 0.01991 -0.473058
vn -0.743683 0.466369 -0.478995
vn -0.88657 0.342745 -0.310676
vn -0.624023 -0.550458 -0.55461
vn -0.605581 -0.644902 -0.466233
vn -0.690247 -0.650353 -0.317174
vn -0.728604 -0.528782 -0.435345
vn -0.604116 -0.71143 -0.359044
vn -0.643673 -0.744228 -0.178353
vn 0.192243 0.378666 0.905348
vn 0.272033 0.404615 0.873089
vn 0.193587 0.406352 0.892974
vn 0.264187 0.419016 0.868695
vn 0.340358 0.412043 0.845208
vn 0.322363 0.420363 0.848161
vn 0.297527 0.462993 0.834934
vn 0.241399 0.464588 0.851989
vn 0.163613 0.467059 0.868957
vn 0.174369 0.366755 0.913831
vn 0.270861 0.402258 0.874542
vn 0.154318 0.356017 0.92165
vn 0.265594 0.396291 0.87887
vn 0.358115 0.418719 0.834523
vn 0.3519 0.41688 0.83808
vn 0.100944 0.33385 0.937206
vn 0.06919 0.310692 0.947989
vn -0.011322 0.277582 0.960635
vn -0.043497 0.246408 0.96819
vn 0.037388 0.303969 0.951948
vn -0.073062 0.255877 0.963945
vn 0.103811 0.383837 0.917547
vn 0.058177 0.471117 0.88015
vn -0.020806 0.352493 0.935583
vn -0.083559 0.464416 0.881666
vn -0.158078 0.321425 0.933647
vn -0.123191 0.23216 0.964845
vn -0.226719 0.438605 0.869611
vn -0.320888 0.393554 0.861479
vn -0.267779 0.281901 0.921318
vn -0.213196 0.208138 0.954582
vn -0.147215 0.202093 0.968239
vn -0.225518 0.198659 0.953769
vn -0.210789 0.2448 0.946383
vn -0.15994 0.232923 0.959253
vn 0.244635 0.75302 0.610832
vn 0.246852 0.752547 0.610522
vn 0.357154 0.732568 0.57947
vn 0.360759 0.706675 0.608657
vn 0.209236 0.769898 0.602892
vn 0.313307 0.67546 0.667527
vn 0.098347 0.760167 0.642241
vn 0.250629 0.762936 0.595914
vn 0.126291 0.749726 0.649586
vn 0.224576 0.785137 0.57717
vn 0.320972 0.766902 0.555732
vn 0.242484 0.810887 0.532602
vn -0.12226 0.740694 0.660625
vn -0.39581 0.664107 0.634269
vn -0.305417 0.592514 0.745418
vn -0.052658 0.695702 0.716398
vn -0.038072 0.687349 0.725328
vn 0.096554 0.763945 0.638017
vn -0.245729 0.568114 0.785407
vn -0.270801 0.645934 0.713748
vn -0.096493 0.747931 0.656726
vn 0.012482 0.810948 0.584985
vn 0.150351 0.814913 0.559742
vn 0.044667 0.848491 0.527321
vn 0.133232 0.846632 0.515232
vn 0.015668 0.866744 0.498508
vn -0.19002 0.902295 0.386983
vn -0.150078 0.898173 0.413234
vn -0.185928 0.854928 0.484281
vn -0.233718 0.864129 0.44571
vn -0.101548 0.8923 0.439873
vn -0.13119 0.843021 0.521637
vn -0.180234 0.772691 0.608658
vn -0.236779 0.792497 0.562035
vn -0.298998 0.805687 0.51134
vn -0.176378 0.922459 0.343454
vn -0.134383 0.9257 0.353582
vn -0.193888 0.928129 0.317779
vn -0.145063 0.941452 0.304342
vn -0.089439 0.926613 0.365225
vn -0.095084 0.950597 0.295507
vn -0.22567 0.90522 0.36007
vn -0.214319 0.918832 0.331383
vn -0.263894 0.907672 0.32633
vn -0.249585 0.917874 0.30857
vn -0.25594 0.911328 0.322453
vn -0.234613 0.914628 0.329261
vn -0.277226 0.872939 0.401401
vn -0.36505 0.81651 0.44727
vn -0.31611 0.883072 0.346784
vn -0.422469 0.829967 0.364245
vn -0.31248 0.679872 0.663424
vn -0.392113 0.698754 0.598323
vn -0.256546 0.643015 0.721606
vn -0.428672 0.411084 0.804519
vn -0.352185 0.334197 0.87423
vn -0.529983 0.465068 0.709105
vn -0.493801 0.703903 0.51057
vn -0.655203 0.486062 0.578319
vn -0.781905 0.484653 0.392092
vn -0.590791 0.709558 0.384048
vn -0.65878 0.039211 0.751313
vn -0.799682 0.101433 0.591794
vn -0.924142 0.091855 0.370842
vn -0.513907 -0.040416 0.856894
vn -0.384551 -0.096334 0.918063
vn -0.483865 -0.389801 0.783537
vn -0.347304 -0.325771 0.879348
vn -0.396422 -0.555883 0.730646
vn -0.291377 -0.37291 0.88093
vn -0.326904 -0.580621 0.745663
vn -0.252122 -0.297734 0.920754
vn -0.044146 0.884556 0.464341
vn -0.065656 0.827226 0.55802
vn 0.019305 0.873986 0.485568
vn 0.011026 0.811751 0.5839
vn -0.002886 0.719709 0.69427
vn -0.107756 0.745276 0.657991
vn -0.036357 0.924904 0.378459
vn -0.03704 0.953874 0.297913
vn 0.028389 0.917752 0.396137
vn 0.036095 0.949469 0.311779
vn -0.174144 0.595564 0.784205
vn -0.027833 0.557625 0.829627
vn -0.231948 0.273361 0.933528
vn -0.027525 0.265725 0.963656
vn -0.22001 -0.081546 0.972083
vn 0.011761 0.019985 0.999731
vn 0.01407 0.017959 0.99974
vn -0.189461 -0.185685 0.964171
vn 0.124881 0.863921 0.487898
vn 0.12645 0.808004 0.575448
vn 0.283846 0.854249 0.435535
vn 0.291843 0.815467 0.499842
vn 0.146054 0.714126 0.684612
vn 0.338017 0.729573 0.594531
vn 0.138475 0.903184 0.406305
vn 0.151859 0.934168 0.322906
vn 0.309895 0.899146 0.309033
vn 0.29665 0.878293 0.374968
vn 0.171035 0.552262 0.815937
vn 0.404101 0.581562 0.706036
vn 0.215088 0.311788 0.925487
vn 0.476045 0.400983 0.782684
vn 0.423491 0.844158 0.328713
vn 0.436879 0.820428 0.368829
vn 0.521177 0.834051 0.180925
vn 0.533088 0.820242 0.207415
vn 0.500938 0.74402 0.44215
vn 0.605555 0.751171 0.262764
vn 0.438507 0.850496 0.290462
vn 0.456561 0.85004 0.262646
vn 0.57948 0.798561 0.162798
vn 0.537999 0.827292 0.161693
vn -0.240497 0.729089 0.640774
vn -0.271646 0.742864 0.611851
vn -0.255552 0.730936 0.632792
vn -0.275986 0.757136 0.592095
vn -0.27412 0.752581 0.598733
vn -0.27676 0.777272 0.565024
vn -0.242582 0.698871 0.672855
vn -0.205161 0.718 0.66512
vn -0.229596 0.720415 0.654437
vn -0.177556 0.713722 0.677551
vn -0.236346 0.701838 0.671985
vn -0.235997 0.671573 0.70235
vn -0.319095 0.649571 0.690098
vn -0.361073 0.665327 0.653427
vn -0.228817 0.758492 0.61019
vn -0.235067 0.790995 0.564863
vn -0.115805 0.75077 0.650334
vn -0.123361 0.788349 0.602734
vn -0.316236 0.712932 0.625877
vn -0.31577 0.749018 0.582461
vn -0.412629 0.667663 0.619647
vn -0.385262 0.706248 0.593958
vn -0.309752 0.771087 0.556308
vn -0.364619 0.718236 0.592613
vn -0.328057 0.663281 0.672634
vn -0.362918 0.604682 0.708978
vn -0.454798 0.603124 0.655287
vn -0.509492 0.521712 0.684276
vn -0.530089 0.57892 0.619562
vn -0.475462 0.611994 0.63198
vn -0.646346 0.432302 0.62877
vn -0.570865 0.443085 0.691223
vn -0.425983 0.60492 0.672763
vn -0.482356 0.410408 0.773885
vn -0.59074 0.510975 0.624445
vn -0.644273 0.422163 0.637724
vn -0.710072 0.384055 0.59017
vn -0.749958 0.310672 0.583991
vn -0.081406 0.866517 0.492465
vn -0.056351 0.849586 0.524431
vn -0.165991 0.835999 0.523022
vn -0.153498 0.809191 0.567141
vn -0.309623 0.731399 0.60761
vn -0.304531 0.766991 0.564788
vn -0.08422 0.871709 0.482732
vn -0.044049 0.868195 0.494265
vn -0.198847 0.849171 0.489254
vn -0.096145 0.868382 0.486486
vn -0.083932 0.86977 0.486267
vn -0.09005 0.869408 0.485821
vn -0.071432 0.861765 0.502253
vn -0.074016 0.855546 0.512408
vn -0.170665 0.847133 0.503228
vn -0.124247 0.838189 0.531038
vn -0.159207 0.837712 0.522391
vn -0.271898 0.770957 0.575931
vn -0.201183 0.758673 0.619629
vn -0.117079 0.823051 0.55577
vn -0.450345 0.668934 0.591368
vn -0.401481 0.676782 0.617073
vn -0.580605 0.554661 0.596027
vn -0.532024 0.556192 0.638436
vn -0.453779 0.545016 0.705013
vn -0.317563 0.668997 0.672009
vn -0.469761 0.626858 0.62159
vn -0.446237 0.526202 0.723868
vn -0.602192 0.517041 0.608304
vn -0.577488 0.420077 0.70003
vn -0.686569 0.427596 0.588034
vn -0.646342 0.41541 0.64006
vn -0.762994 0.28307 0.58113
vn -0.739486 0.261218 0.620424
vn -0.682522 0.25675 0.684283
vn -0.579895 0.400153 0.709648
vn -0.695819 0.412348 0.588052
vn -0.653395 0.342423 0.675146
vn -0.742484 0.310037 0.593797
vn -0.671234 0.296675 0.679286
vn -0.191179 -0.064857 -0.97941
vn -0.111921 -0.209305 -0.971424
vn -0.284687 -0.160895 -0.945022
vn -0.216186 -0.290457 -0.932147
vn -0.493064 0.830866 0.257972
vn -0.428468 0.86297 0.267767
vn -0.525287 0.768367 0.365631
vn -0.463935 0.796199 0.388372
vn -0.303248 0.906046 0.295164
vn -0.354908 0.836399 0.417705
vn -0.419863 0.877555 0.231543
vn -0.509384 0.813608 0.280303
vn -0.387295 0.857528 0.338598
vn -0.472506 0.814828 0.335847
vn -0.499438 0.776001 0.385208
vn -0.540786 0.759199 0.362172
vn -0.274638 0.949616 0.151007
vn -0.17492 0.983998 -0.033939
vn -0.248558 0.92818 0.276949
vn -0.131826 0.991165 0.014631
vn -0.415663 0.804751 0.423792
vn -0.38654 0.796476 0.464987
vn -0.48649 0.747605 0.452122
vn -0.310308 0.827624 0.467704
vn -0.273676 0.835643 0.476237
vn -0.333828 0.799837 0.498818
vn -0.451371 0.737659 0.502119
vn -0.391519 0.823657 0.410246
vn -0.314846 0.838302 0.445108
vn -0.224039 0.818741 0.528648
vn -0.286534 0.824987 0.487129
vn -0.54081 0.715169 0.442783
vn -0.526273 0.690459 0.49629
vn -0.532612 0.716599 0.450345
vn -0.532596 0.682981 0.499878
vn -0.477216 0.741576 0.471518
vn -0.485826 0.707443 0.513319
vn -0.390818 0.7465 0.538516
vn -0.379562 0.777535 0.501371
vn -0.40775 0.73825 0.537333
vn -0.504183 0.679447 0.533058
vn -0.356205 0.743178 0.566396
vn -0.471192 0.677082 0.565277
vn -0.520882 0.639374 0.565582
vn -0.530837 0.659924 0.531707
vn -0.279734 0.803222 0.525912
vn -0.218525 0.802557 0.555112
vn -0.497979 0.680165 0.537952
vn -0.50771 0.643858 0.572431
vn -0.402802 0.723421 0.560725
vn -0.415927 0.68292 0.60052
vn -0.072461 0.820369 0.567225
vn 0.044828 0.784074 0.619047
vn -0.040415 0.860569 0.507727
vn 0.079275 0.844065 0.530349
vn 0.174113 0.725869 0.665431
vn 0.209645 0.802166 0.559087
vn -0.034494 0.775454 0.630462
vn 0.083418 0.71746 0.691586
vn 0.022702 0.778931 0.626698
vn 0.136818 0.743407 0.654696
vn 0.182286 0.65282 0.735254
vn 0.186049 0.717254 0.671515
vn -0.19018 0.834935 0.516444
vn -0.163056 0.811337 0.561378
vn -0.112382 0.801754 0.586993
vn -0.156098 0.857526 0.490185
vn -0.077419 0.848402 0.523661
vn 0.034629 0.839367 0.542461
vn -0.149528 0.864337 0.48017
vn -0.010748 0.952449 0.30451
vn -0.056571 0.976711 0.206968
vn 0.043609 0.92964 0.36588
vn 0.115903 0.825512 0.552355
vn 0.04782 0.896234 0.440997
vn 0.104631 0.829833 0.548114
vn -0.006239 0.894574 0.446877
vn 0.178045 0.71664 0.674335
vn 0.035027 0.851351 0.523427
vn -0.074374 0.89583 0.438129
vn 0.016755 0.858879 0.511905
vn 0.138155 0.746135 0.651303
vn 0.241547 0.61946 0.746944
vn 0.228843 0.677062 0.699441
vn 0.284772 0.668897 0.686645
vn -0.128683 0.941408 0.311755
vn -0.198306 0.876972 0.437717
vn 0.072304 0.947565 0.311277
vn 0.003683 0.897545 0.440907
vn 0.257759 0.918952 0.298475
vn 0.202086 0.884684 0.420114
vn 0.390006 0.878098 0.277198
vn 0.349687 0.854688 0.383702
vn 0.466933 0.846144 0.256933
vn 0.439473 0.828188 0.347804
vn 0.471789 0.847115 0.244566
vn 0.450734 0.831574 0.324535
vn 0.431894 0.86913 0.240998
vn 0.413101 0.854366 0.315289
vn 0.382576 0.893264 0.23604
vn 0.362659 0.878537 0.310889
vn -0.23844 0.812655 0.531731
vn -0.253839 0.780269 0.571617
vn -0.079549 0.797022 0.598689
vn -0.049856 0.834861 0.548198
vn 0.143641 0.833286 0.533855
vn 0.100459 0.791439 0.602937
vn 0.254638 0.769089 0.586227
vn 0.29917 0.814197 0.497575
vn 0.399772 0.794664 0.456828
vn 0.358021 0.748129 0.55868
vn 0.420515 0.800883 0.426325
vn 0.384215 0.752966 0.534248
vn -0.261768 0.75851 0.596775
vn -0.27076 0.717007 0.642332
vn -0.092573 0.768456 0.633171
vn -0.100912 0.723862 0.682525
vn -0.664448 0.331053 0.67001
vn -0.729303 0.232323 0.64354
vn -0.680924 0.193372 0.706364
vn -0.591503 0.294298 0.750675
vn -0.703465 0.277431 0.654347
vn -0.665714 0.209764 0.716117
vn -0.641358 0.156209 0.751172
vn -0.530114 0.258164 0.80767
vn -0.732445 0.349594 0.584215
vn -0.774034 0.262743 0.576053
vn -0.743801 0.332136 0.58004
vn -0.566674 0.440823 0.6961
vn -0.659303 0.463955 0.591663
vn -0.474647 0.536949 0.697421
vn -0.599593 0.554636 0.576946
vn -0.728868 0.458287 0.508649
vn -0.679166 0.549827 0.486233
vn -0.477429 0.38861 0.788063
vn -0.403336 0.33584 0.851195
vn -0.393971 0.437906 0.8081
vn -0.324909 0.363048 0.873287
vn -0.284668 -0.579764 -0.763438
vn -0.342395 -0.548136 -0.763094
vn -0.414026 -0.480788 -0.772933
vn -0.347615 -0.497005 -0.795079
vn -0.371183 -0.48159 -0.793911
vn -0.450373 -0.421737 -0.786958
vn -0.517105 -0.383529 -0.765185
vn -0.480942 -0.422181 -0.768413
vn -0.411575 -0.414434 -0.811696
vn -0.218985 -0.661851 -0.716937
vn -0.269269 -0.616827 -0.739607
vn -0.142724 -0.743508 -0.653319
vn -0.189641 -0.680732 -0.70756
vn -0.292841 -0.543348 -0.786776
vn -0.217032 -0.59178 -0.776333
vn -0.204983 -0.582779 -0.786353
vn -0.14784 -0.684594 -0.713775
vn -0.102653 -0.563581 -0.819658
vn -0.056879 -0.68902 -0.722507
vn -0.083669 -0.782063 -0.617557
vn -0.014327 -0.800993 -0.598503
vn -0.261287 -0.476608 -0.839389
vn -0.322309 -0.367316 -0.872466
vn -0.154611 -0.429112 -0.889921
vn -0.558225 -0.366538 -0.744335
vn -0.533047 -0.380511 -0.755693
vn -0.5799 -0.356962 -0.732321
vn -0.566414 -0.351946 -0.74519
vn -0.470641 -0.342725 -0.813041
vn -0.518149 -0.282219 -0.807388
vn -0.522838 -0.317656 -0.791034
vn -0.552255 -0.316394 -0.771304
vn -0.514418 -0.247257 -0.82112
vn -0.52439 -0.23633 -0.818024
vn -0.569161 -0.310206 -0.761464
vn -0.544393 -0.225642 -0.807912
vn -0.462195 -0.332844 -0.821943
vn -0.391084 -0.381896 -0.837382
vn -0.474102 -0.230541 -0.849752
vn -0.429732 -0.268706 -0.862048
vn -0.283072 0.660257 0.695652
vn -0.425311 0.631116 0.648694
vn -0.114288 0.665159 0.737904
vn -0.506447 0.604545 0.614847
vn -0.49532 0.621954 0.606492
vn -0.01741 0.500133 0.865773
vn -0.004486 0.508326 0.861153
vn 0.086844 0.465635 0.880705
vn 0.10321 0.478131 0.872203
vn 0.13702 0.540414 0.830168
vn 0.020708 0.569089 0.822015
vn -0.016566 0.541917 0.840269
vn 0.005725 0.630924 0.775823
vn 0.091194 0.498504 0.862078
vn 0.124987 0.578885 0.805773
vn 0.047334 0.645206 0.762541
vn 0.174524 0.617785 0.766735
vn 0.201926 0.673268 0.711292
vn 0.064848 0.70397 0.707263
vn 0.144415 0.440893 0.885866
vn 0.152519 0.455094 0.877284
vn 0.204266 0.518326 0.83043
vn 0.18588 0.415525 0.890386
vn 0.253659 0.466385 0.847433
vn 0.162738 0.416162 0.894609
vn 0.162727 0.463498 0.871028
vn 0.177215 0.472019 0.863593
vn 0.205376 0.528508 0.823711
vn 0.225561 0.54315 0.808771
vn 0.179556 -0.328102 -0.927421
vn 0.189482 -0.373983 -0.907873
vn 0.251259 -0.232817 -0.939503
vn 0.312432 -0.304553 -0.899797
vn 0.133989 -0.399228 -0.907008
vn 0.207981 -0.343679 -0.915767
vn 0.345171 -0.276929 -0.896754
vn 0.246612 -0.286763 -0.925716
vn 0.174593 -0.207135 -0.962607
vn 0.034367 -0.435213 -0.899671
vn 0.032044 -0.446107 -0.894406
vn -0.035407 -0.478929 -0.877139
vn -0.032194 -0.471616 -0.881216
vn 0.019314 -0.431885 -0.901722
vn -0.038669 -0.447897 -0.893248
vn 0.158296 -0.370433 -0.915271
vn 0.045895 -0.503 -0.863067
vn 0.215495 -0.619117 -0.755153
vn 0.134022 -0.755495 -0.641299
vn -0.017316 -0.556643 -0.830572
vn 0.08272 -0.80591 -0.586231
vn 0.19743 -0.242412 -0.949872
vn 0.085674 -0.234435 -0.968349
vn 0.324202 -0.526036 -0.786244
vn 0.307259 -0.731697 -0.60845
vn 0.216678 -0.800796 -0.55837
vn 0.245241 -0.801376 -0.545577
vn 0.147681 -0.896067 -0.418634
vn 0.169308 -0.8933 -0.416354
vn 0.27812 -0.800526 -0.530855
vn 0.189412 -0.89125 -0.412063
vn 0.109388 -0.93977 -0.323832
vn 0.104019 -0.949114 -0.29726
vn 0.077033 -0.946881 -0.312222
vn 0.271805 -0.647905 -0.711577
vn 0.31704 -0.655947 -0.684995
vn 0.294578 -0.476352 -0.82844
vn 0.358606 -0.495666 -0.791022
vn 0.416499 -0.509073 -0.753242
vn 0.362132 -0.661239 -0.65698
vn 0.188553 -0.799325 -0.570551
vn 0.228429 -0.63849 -0.734949
vn 0.154028 -0.79862 -0.581792
vn 0.185225 -0.635389 -0.749648
vn 0.236375 -0.455058 -0.858515
vn 0.188812 -0.445447 -0.875173
vn 0.128978 -0.901425 -0.413278
vn 0.06168 -0.958269 -0.279135
vn 0.057768 -0.965399 -0.254297
vn 0.11247 -0.901964 -0.416908
vn 0.293707 -0.322421 -0.899878
vn 0.374607 -0.346494 -0.860007
vn 0.287475 -0.207964 -0.934938
vn 0.377713 -0.230795 -0.896697
vn 0.445121 -0.364374 -0.817985
vn 0.455773 -0.247717 -0.854931
vn 0.217349 -0.289814 -0.932077
vn 0.158755 -0.267416 -0.950414
vn 0.195534 -0.172455 -0.965415
vn 0.509678 -0.376521 -0.773602
vn 0.470958 -0.517672 -0.714293
vn 0.525207 -0.260526 -0.810114
vn 0.572133 -0.384668 -0.724358
vn 0.591374 -0.270782 -0.759575
vn 0.523759 -0.522116 -0.673106
vn 0.405189 -0.664284 -0.628132
vn 0.445098 -0.664533 -0.600236
vn 0.340764 -0.791176 -0.507859
vn 0.310932 -0.797298 -0.517336
vn 0.568359 -0.144971 -0.809908
vn 0.544468 -0.120281 -0.830113
vn 0.623139 -0.15633 -0.766328
vn 0.596459 -0.135425 -0.791136
vn 0.522376 -0.100319 -0.846793
vn 0.571505 -0.115795 -0.812388
vn 0.643324 -0.122849 -0.755674
vn 0.668338 -0.136178 -0.731286
vn 0.688623 -0.146758 -0.710113
vn 0.513339 -0.128456 -0.848518
vn 0.497943 -0.101731 -0.861222
vn 0.453104 -0.113892 -0.884152
vn 0.445933 -0.085034 -0.891018
vn 0.481175 -0.080714 -0.872901
vn 0.436239 -0.060395 -0.897802
vn 0.587299 -0.189617 -0.786845
vn 0.524442 -0.176627 -0.832925
vn 0.457291 -0.163452 -0.874167
vn 0.647128 -0.199064 -0.735934
vn 0.706884 -0.186656 -0.682257
vn 0.730702 -0.278938 -0.623111
vn 0.654185 -0.279555 -0.702774
vn 0.75345 -0.116846 -0.64704
vn 0.763707 -0.10719 -0.636601
vn 0.731112 -0.118758 -0.671842
vn 0.819251 -0.102285 -0.564239
vn 0.835944 -0.082528 -0.542575
vn 0.838541 -0.045449 -0.54294
vn 0.771782 -0.132653 -0.621897
vn 0.840363 -0.038764 -0.540636
vn 0.799967 -0.188243 -0.569752
vn 0.860104 -0.074433 -0.504659
vn -0.19546 0.887748 -0.416773
vn -0.091264 0.877306 -0.471173
vn -0.14939 0.885822 -0.43932
vn -0.043888 0.861858 -0.505247
vn -0.30994 0.899395 -0.308262
vn -0.29496 0.89853 -0.325027
vn -0.373052 0.905875 -0.200557
vn -0.366855 0.90922 -0.196815
vn -0.332981 0.926806 -0.17365
vn -0.256739 0.911226 -0.322105
vn -0.342952 0.885145 -0.314486
vn -0.407061 0.841516 -0.355179
vn -0.460564 0.850521 -0.253959
vn -0.392759 0.894571 -0.21327
vn 0.190632 -0.029192 -0.981227
vn 0.186687 -0.054128 -0.980927
vn 0.200014 0.002119 -0.979791
vn 0.296762 -0.019825 -0.954746
vn 0.291274 -0.051656 -0.955244
vn 0.288039 -0.080738 -0.954209
vn 0.186977 -0.094628 -0.977796
vn 0.286592 -0.127418 -0.949542
vn 0.213154 0.046215 -0.975925
vn 0.230897 0.110325 -0.966703
vn 0.312109 0.085356 -0.946204
vn 0.302926 0.022776 -0.952742
vn 0.251373 0.18863 -0.949331
vn 0.272061 0.273079 -0.922719
vn 0.338359 0.248728 -0.907551
vn 0.32431 0.163052 -0.931793
vn 0.19807 0.396546 -0.896393
vn 0.29304 0.362714 -0.884628
vn 0.223985 0.483295 -0.84632
vn 0.313121 0.452589 -0.834936
vn 0.370754 0.43343 -0.821389
vn 0.354351 0.340896 -0.870761
vn 0.093388 0.435813 -0.895179
vn 0.124508 0.517632 -0.846496
vn 0.156368 0.593223 -0.789706
vn 0.248455 0.565074 -0.786741
vn 0.186285 0.662583 -0.725453
vn 0.268507 0.640289 -0.719676
vn 0.330786 0.538226 -0.775173
vn 0.343862 0.616725 -0.708103
vn 0.385916 0.521345 -0.761097
vn 0.398593 0.600958 -0.692801
vn 0.209247 0.722591 -0.658846
vn 0.280338 0.704653 -0.651824
vn 0.349668 0.683198 -0.641071
vn 0.406708 0.666027 -0.625298
vn 0.138361 0.810274 -0.569484
vn -0.500351 0.393917 -0.771024
vn -0.469577 0.413409 -0.780122
vn -0.650965 0.382242 -0.655847
vn -0.618798 0.402397 -0.67466
vn -0.470118 0.39802 -0.787762
vn -0.5953 0.395006 -0.699706
vn -0.536417 0.360398 -0.763131
vn -0.563533 0.335993 -0.754678
vn -0.684836 0.338567 -0.645269
vn -0.676788 0.353193 -0.64592
vn -0.777767 0.344625 -0.525654
vn -0.756758 0.346041 -0.554592
vn -0.858833 0.293638 -0.419741
vn -0.849025 0.260504 -0.459667
vn -0.824397 0.217814 -0.522424
vn -0.727754 0.330094 -0.601176
vn -0.784836 0.340551 -0.517744
vn -0.774448 0.347702 -0.52852
vn -0.853729 0.326981 -0.405254
vn -0.577823 0.326851 -0.747856
vn -0.582069 0.341618 -0.737898
vn -0.658846 0.350234 -0.665776
vn -0.677327 0.337854 -0.653516
vn -0.749201 0.364463 -0.55305
vn -0.70994 0.38811 -0.58767
vn -0.889968 0.316205 -0.32859
vn -0.899105 0.317168 -0.301685
vn -0.900673 0.245056 -0.358798
vn -0.911266 0.218195 -0.349265
vn -0.574714 0.391053 -0.718875
vn -0.538878 0.481027 -0.691537
vn -0.566592 0.485347 -0.665892
vn -0.626013 0.393524 -0.673236
vn -0.652402 0.431481 -0.623054
vn -0.575163 0.509913 -0.639669
vn -0.483527 0.567315 -0.6666
vn -0.439234 0.610516 -0.659048
vn -0.448433 0.629355 -0.634682
vn -0.497217 0.578575 -0.64655
vn -0.502596 0.589929 -0.631966
vn -0.457074 0.639047 -0.618629
vn -0.413465 0.616568 -0.669993
vn -0.423152 0.642641 -0.638714
vn 0.645012 0.694253 -0.319331
vn 0.569577 0.722479 -0.391926
vn 0.559107 0.751574 -0.350051
vn 0.631168 0.731065 -0.259175
vn 0.499619 0.743768 -0.44406
vn 0.495947 0.762672 -0.415172
vn 0.486143 0.79523 -0.362317
vn 0.539232 0.790428 -0.290607
vn 0.601158 0.775572 -0.192608
vn 0.653209 0.665237 -0.361632
vn 0.579646 0.700244 -0.416736
vn 0.653362 0.653692 -0.381845
vn 0.585566 0.687664 -0.429221
vn 0.507489 0.730283 -0.45732
vn 0.516962 0.718266 -0.465666
vn 0.697986 0.670197 -0.252293
vn 0.710995 0.63229 -0.307728
vn 0.727763 0.652673 -0.210663
vn 0.750196 0.604491 -0.267951
vn 0.771764 0.566062 -0.289749
vn 0.712994 0.617832 -0.331546
vn 0.677816 0.713828 -0.176111
vn 0.640661 0.760007 -0.10928
vn 0.656046 0.752897 -0.052434
vn 0.698614 0.702509 -0.135719
vn 0.644032 0.651796 -0.40048
vn 0.583133 0.679217 -0.445669
vn 0.629875 0.642601 -0.436259
vn 0.574129 0.664194 -0.478773
vn 0.519378 0.681652 -0.51536
vn 0.521756 0.704077 -0.481712
vn 0.702239 0.619034 -0.35165
vn 0.760784 0.570723 -0.309003
vn 0.744501 0.566683 -0.352972
vn 0.685372 0.612934 -0.393163
vn 0.451599 0.744797 -0.491261
vn 0.461066 0.727773 -0.507705
vn 0.464513 0.698255 -0.544672
vn 0.441561 0.754173 -0.486052
vn 0.437468 0.759263 -0.48181
vn -0.958586 0.26706 -0.09895
vn -0.975056 0.177237 -0.133615
vn -0.991016 0.129516 -0.033357
vn -0.975105 0.221696 -0.004675
vn -0.882118 0.16774 -0.440149
vn -0.884944 0.054233 -0.462529
vn -0.953301 -0.001543 -0.302017
vn -0.952778 0.115821 -0.280713
vn -0.984489 0.069064 -0.161279
vn -0.982991 -0.052161 -0.176088
vn -0.998392 0.018344 -0.053633
vn -0.431164 0.191393 -0.88174
vn -0.575007 0.116274 -0.809844
vn -0.480884 0.147483 -0.864291
vn -0.633792 0.045002 -0.772193
vn -0.78355 -0.060453 -0.61838
vn -0.750416 0.023703 -0.660541
vn -0.336424 0.248082 -0.908446
vn -0.38344 0.246947 -0.889939
vn -0.882971 -0.058444 -0.465775
vn -0.886362 -0.151597 -0.437472
vn -0.932454 -0.21852 -0.287712
vn -0.944622 -0.118784 -0.305909
vn -0.621448 0.547004 0.560883
vn -0.573921 0.467293 0.672496
vn -0.536826 0.355949 0.76493
vn 0.874138 0.155942 -0.459961
vn 0.890733 0.16313 -0.424245
vn 0.865335 0.167313 -0.472443
vn 0.888256 0.155178 -0.432344
vn 0.912938 0.147261 -0.380603
vn 0.915845 0.124582 -0.381716
vn 0.888331 0.136288 -0.438513
vn 0.920735 0.101979 -0.376627
vn 0.859872 0.154977 -0.486418
vn 0.889932 0.119429 -0.44018
vn 0.899179 0.146752 -0.41224
vn 0.906395 0.05722 -0.418537
vn 0.909106 0.098518 -0.404747
vn 0.912581 0.150068 -0.380363
vn 0.911442 0.120005 -0.393537
vn 0.85863 0.132262 -0.495239
vn 0.878903 0.079664 -0.470302
vn 0.836652 0.103257 -0.537914
vn 0.856136 0.040562 -0.515156
vn 0.897697 0.009157 -0.440518
vn 0.872401 -0.033719 -0.487626
vn 0.84485 0.16398 -0.509253
vn 0.835119 0.16361 -0.525175
vn 0.81329 0.165718 -0.557761
vn 0.820862 0.149279 -0.551272
vn 0.885125 0.120538 -0.449472
vn 0.851229 0.140265 -0.505703
vn 0.923468 0.089464 -0.373099
vn 0.921574 0.095957 -0.376157
vn 0.880583 0.118418 -0.458858
vn 0.845166 0.140746 -0.51564
vn 0.822898 0.153524 -0.547055
vn 0.818824 0.159251 -0.551512
vn 0.803407 0.162191 -0.572915
vn 0.804928 0.169451 -0.568663
vn -0.74375 -0.108503 -0.659594
vn -0.729352 -0.033495 -0.683319
vn -0.711878 -0.082671 -0.69742
vn -0.724015 -0.152561 -0.672701
vn -0.692764 0.091057 -0.715392
vn -0.679304 0.040541 -0.732736
vn -0.657995 -0.018329 -0.7528
vn -0.686717 -0.138288 -0.71365
vn -0.695571 -0.20362 -0.688999
vn -0.764458 -0.060485 -0.64183
vn -0.744317 0.020516 -0.667511
vn -0.794362 0.001977 -0.607442
vn -0.763486 0.0852 -0.64018
vn -0.720997 0.181458 -0.668758
vn -0.704653 0.136125 -0.696372
vn -0.748395 -0.142904 -0.647675
vn -0.776552 -0.104624 -0.621306
vn -0.815144 -0.053186 -0.576811
vn -0.724837 -0.17981 -0.665041
vn -0.694744 -0.220775 -0.684536
vn -0.720522 -0.172674 -0.671589
vn -0.688669 -0.194881 -0.698396
vn -0.83277 0.083126 -0.547343
vn -0.862687 0.022663 -0.505231
vn -0.789645 0.161894 -0.591821
vn -0.820588 0.255027 -0.511464
vn -0.764937 0.317255 -0.560554
vn -0.743215 0.237252 -0.625574
vn -0.665891 0.28027 -0.691402
vn -0.650136 0.253995 -0.716107
vn -0.615276 0.369939 -0.696118
vn -0.604289 0.344966 -0.718215
vn -0.642321 0.223473 -0.733133
vn -0.688847 0.312869 -0.653913
vn -0.707228 0.37585 -0.598803
vn -0.652716 0.42746 -0.625492
vn -0.632235 0.398035 -0.664716
vn -0.792861 0.336817 -0.507863
vn -0.793541 0.376857 -0.477778
vn -0.78247 0.37807 -0.494777
vn -0.786806 0.339882 -0.515186
vn -0.793566 0.447484 -0.412325
vn -0.795666 0.532512 -0.288696
vn -0.765273 0.546286 -0.340482
vn -0.775158 0.451783 -0.441613
vn 0.881952 0.375055 -0.285473
vn 0.939459 0.231368 -0.252755
vn 0.926439 0.219968 -0.305491
vn 0.86867 0.350173 -0.350416
vn 0.967444 0.115179 -0.225358
vn 0.959004 0.107973 -0.262019
vn 0.909825 0.200544 -0.363318
vn 0.947383 0.089207 -0.30742
vn 0.854203 0.314483 -0.41405
vn 0.892025 0.379021 -0.246243
vn 0.947063 0.228555 -0.225465
vn 0.897547 0.360496 -0.253875
vn 0.947647 0.208102 -0.242198
vn 0.971308 0.106935 -0.212429
vn 0.967756 0.092913 -0.234127
vn 0.810324 0.492218 -0.317957
vn 0.82318 0.497108 -0.274332
vn 0.833079 0.482832 -0.269913
vn 0.797587 0.463368 -0.386194
vn 0.787721 0.416512 -0.453887
vn 0.731964 0.538765 -0.417086
vn 0.72123 0.490758 -0.48886
vn 0.889454 0.175321 -0.422059
vn 0.836556 0.275906 -0.473339
vn 0.929912 0.064707 -0.362045
vn 0.866672 0.14291 -0.477971
vn 0.902851 0.032295 -0.428738
vn 0.815548 0.239739 -0.526695
vn 0.773754 0.363181 -0.519041
vn 0.749571 0.310785 -0.584428
vn 0.704245 0.429818 -0.565062
vn 0.676905 0.358106 -0.643086
vn 0.785722 0.198087 -0.586006
vn 0.832629 0.093932 -0.545808
vn 0.856429 -0.008652 -0.516192
vn 0.75744 0.041431 -0.651589
vn 0.776453 -0.042564 -0.628736
vn 0.737411 0.137887 -0.661221
vn 0.709094 0.251143 -0.658872
vn 0.663396 0.153446 -0.732366
vn 0.641328 0.270007 -0.718189
vn 0.609648 0.160307 -0.776294
vn -0.41829 0.150272 0.895797
vn -0.472546 0.217031 0.854165
vn -0.555626 0.052461 0.829776
vn -0.603657 0.114092 0.789038
vn -0.299024 0.226875 0.926883
vn -0.340183 0.287545 0.895318
vn -0.241209 0.263682 0.933965
vn -0.269805 0.307094 0.912633
vn -0.389762 0.081554 0.917297
vn -0.29742 0.171649 0.93919
vn -0.245813 0.235627 0.940243
vn -0.506581 -0.007282 0.862162
vn -0.496384 -0.006169 0.868081
vn -0.218317 0.270722 0.937575
vn -0.214135 0.266902 0.939633
vn -0.190098 0.2726 0.943161
vn -0.245148 0.298634 0.922345
vn -0.260406 0.268335 0.927462
vn -0.312115 0.349668 0.883355
vn -0.293235 0.364598 0.883788
vn -0.633368 0.299988 -0.713339
vn -0.651254 0.556638 -0.515774
vn -0.698423 0.536483 -0.473699
vn -0.565646 0.678944 -0.46806
vn -0.61852 0.662934 -0.421843
vn -0.48083 0.77514 -0.409829
vn -0.535424 0.767396 -0.352739
vn -0.732577 0.507203 -0.453956
vn -0.755534 0.478184 -0.44778
vn -0.664694 0.632185 -0.398151
vn -0.705208 0.59498 -0.38559
vn -0.588777 0.741824 -0.320996
vn -0.646295 0.701935 -0.299316
vn -0.523253 0.823969 -0.217442
vn -0.58649 0.788245 -0.186278
vn -0.793789 0.337282 -0.506103
vn -0.786349 0.379472 -0.4875
vn -0.791626 0.336995 -0.509669
vn -0.768648 0.458161 -0.446396
vn -0.738435 0.563296 -0.37069
vn 0.67963 -0.049035 -0.731914
vn 0.659478 0.03675 -0.750825
vn 0.603284 -0.038668 -0.796589
vn 0.596956 0.04942 -0.80075
vn 0.797239 -0.091701 -0.596659
vn 0.70455 -0.099975 -0.702577
vn 0.620127 -0.095669 -0.778646
vn 0.87373 -0.069513 -0.481418
vn 0.922961 -0.043024 -0.382481
vn 0.88979 -0.078856 -0.449506
vn 0.935199 -0.057707 -0.349388
vn 0.553474 -0.086303 -0.828383
vn 0.50523 -0.071848 -0.859989
vn 0.545384 -0.028016 -0.837718
vn 0.496223 -0.014223 -0.868079
vn 0.548478 0.058569 -0.834111
vn 0.497115 0.071948 -0.864697
vn 0.562721 0.168257 -0.809342
vn 0.508899 0.181957 -0.841376
vn 0.464937 -0.051089 -0.883869
vn 0.424695 -0.026718 -0.904942
vn 0.453701 0.007242 -0.891124
vn 0.416255 0.033162 -0.908643
vn 0.37931 -0.099501 -0.919904
vn 0.379007 -0.069376 -0.92279
vn 0.377356 -0.04026 -0.925193
vn 0.378999 -0.148431 -0.913416
vn 0.237602 -0.040111 -0.970534
vn 0.227592 0.146504 -0.962673
vn 0.36302 -0.056357 -0.930075
vn 0.35654 0.141172 -0.923553
vn 0.217799 0.337322 -0.915848
vn 0.333488 0.323449 -0.885532
vn 0.321162 0.30449 -0.896739
vn 0.30962 0.143746 -0.939932
vn 0.272524 -0.053677 -0.960651
vn 0.035373 -0.044389 -0.998388
vn 0.041089 0.120444 -0.991869
vn -0.086857 -0.06395 -0.994166
vn -0.091155 0.080105 -0.99261
vn 0.055592 0.308948 -0.949453
vn -0.087835 0.256676 -0.962498
vn 0.249148 -0.194232 -0.948788
vn 0.040261 -0.181992 -0.982475
vn 0.044452 -0.288805 -0.956355
vn -0.076539 -0.185426 -0.979673
vn -0.062601 -0.297345 -0.952716
vn 0.356934 -0.214114 -0.90926
vn 0.219814 -0.199644 -0.954895
vn 0.12839 0.183587 -0.974583
vn 0.049729 -0.002031 -0.998761
vn 0.186941 0.312309 -0.931405
vn -0.133928 0.203406 -0.969891
vn -0.073914 0.296813 -0.952071
vn -0.210046 0.050437 -0.97639
vn -0.020231 -0.139067 -0.990076
vn -0.288853 -0.070797 -0.954752
vn -0.081334 -0.152752 -0.984912
vn -0.353244 -0.104295 -0.929699
vn -0.072148 0.420988 -0.904192
vn 0.07639 0.475084 -0.876618
vn -0.048708 0.535158 -0.843347
vn 0.102423 0.577404 -0.810009
vn 0.20524 0.602948 -0.770928
vn 0.205932 0.500397 -0.840949
vn -0.21214 0.212319 -0.953896
vn -0.218679 0.365696 -0.90468
vn -0.311882 0.185507 -0.931835
vn -0.341197 0.325844 -0.881709
vn -0.359668 0.44791 -0.818545
vn -0.213102 0.487084 -0.846957
vn -0.190076 0.052963 -0.98034
vn -0.163379 -0.080062 -0.98331
vn -0.225156 -0.090913 -0.970072
vn -0.269951 0.040525 -0.962021
vn 0.293656 0.482935 -0.824949
vn 0.26121 0.607208 -0.750379
vn 0.263704 0.595784 -0.758618
vn 0.300784 0.449336 -0.841205
vn 0.206287 0.427009 -0.880403
vn 0.182102 0.571697 -0.8
vn -0.0426 0.377528 -0.925018
vn -0.060716 0.4943 -0.867169
vn -0.374993 0.200064 -0.905182
vn -0.371354 0.246232 -0.895246
vn -0.401963 0.311691 -0.860973
vn -0.593365 0.084398 -0.800497
vn -0.573675 0.066034 -0.816417
vn -0.394545 0.146493 -0.907124
vn -0.563605 0.046576 -0.82473
vn -0.566042 0.014348 -0.824252
vn -0.434422 0.053418 -0.899124
vn 0.137484 0.678114 -0.721983
vn -0.123442 0.583904 -0.802383
vn 0.240116 0.693781 -0.678979
vn 0.099991 0.707641 -0.699462
vn 0.236891 0.720027 -0.65226
vn -0.203863 0.603532 -0.770837
vn -0.473247 0.354235 -0.80657
vn -0.565624 0.346588 -0.748296
vn -0.696675 -0.045995 -0.715911
vn -0.71949 -0.111006 -0.685574
vn -0.688925 -0.107095 -0.716877
vn -0.66934 -0.047552 -0.741433
vn 0.514265 0.826548 -0.228801
vn 0.681557 0.650297 -0.335551
vn 0.527942 0.690574 -0.494353
vn 0.360042 0.845777 -0.393741
vn 0.790482 0.495125 -0.36054
vn 0.67255 0.522083 -0.524505
vn 0.404959 0.50411 -0.762811
vn 0.283534 0.662591 -0.69324
vn 0.150947 0.803885 -0.575312
vn 0.626307 0.775241 -0.082103
vn 0.773095 0.602654 -0.197817
vn 0.709637 0.702197 0.057744
vn 0.811314 0.584527 -0.009895
vn 0.843008 0.481722 -0.239336
vn 0.867535 0.491772 -0.074455
vn 0.373089 0.927473 -0.024439
vn 0.484445 0.867193 0.115283
vn 0.298653 0.943407 0.144187
vn 0.411536 0.881046 0.233231
vn 0.627883 0.753103 0.196464
vn 0.554042 0.787506 0.269947
vn 0.241908 0.949585 -0.199423
vn 0.035311 0.91126 -0.410316
vn -0.04218 0.972687 -0.228256
vn 0.171915 0.985111 0.001329
vn 0.228877 0.938421 0.258808
vn 0.346989 0.887944 0.301919
vn 0.132715 0.927928 0.348335
vn 0.260709 0.898921 0.352097
vn 0.484201 0.817335 0.31227
vn 0.412561 0.842253 0.346992
vn 0.101079 0.981035 0.165392
vn -0.088177 0.995389 -0.037764
vn -0.112775 0.981961 0.151774
vn 0.019964 0.953813 0.299737
vn -0.070806 0.696006 -0.714537
vn 0.034677 0.55411 -0.831721
vn 0.114352 0.425285 -0.897807
vn -0.192035 0.798093 -0.571113
vn -0.262753 0.855349 -0.446475
vn -0.26949 0.916464 -0.295752
vn -0.240809 0.966592 -0.087817
vn -0.113743 0.945052 0.306494
vn -0.196577 0.97295 0.121351
vn -0.349268 0.921913 -0.167597
vn -0.158266 0.951656 0.263254
vn -0.356183 0.934405 -0.004676
vn -0.086949 0.915158 0.393607
vn -0.0457 0.914479 0.402045
vn -0.062986 0.882272 0.466508
vn 0.024364 0.905942 0.422701
vn -0.054035 0.862093 0.503861
vn -0.073331 0.878337 0.472383
vn -0.056312 0.831794 0.552221
vn -0.10468 0.779932 0.617047
vn -0.075164 0.70414 0.706072
vn -0.102232 0.614442 0.782311
vn -0.084965 0.775763 0.625279
vn -0.160694 0.916893 0.365356
vn -0.390519 0.911016 0.132456
vn -0.461969 0.847423 0.261645
vn -0.205673 0.843463 0.496255
vn -0.540933 0.698182 -0.46897
vn -0.592507 0.719005 -0.363274
vn -0.652071 0.722838 -0.228712
vn -0.764095 0.640153 -0.079761
vn -0.923941 0.375324 0.073927
vn -0.583088 0.701865 0.409138
vn -0.992596 -0.008733 -0.121152
vn -0.920627 -0.382839 0.076684
vn -0.946997 -0.074853 0.3124
vn -0.728046 0.36985 0.577201
vn -0.283689 0.689972 0.665927
vn -0.489559 0.304695 0.817002
vn -0.164589 0.588557 0.791524
vn -0.30246 0.21053 0.929621
vn -0.225033 0.666552 0.710682
vn -0.126304 0.750284 0.648938
vn -0.363748 0.547679 0.753482
vn -0.29907 0.582884 0.755515
vn -0.171366 0.68263 0.710387
vn -0.102802 0.752841 0.650124
vn -0.074331 0.814077 0.575981
vn -0.090125 0.806888 0.583788
vn -0.505386 0.407624 0.760544
vn -0.620535 0.278959 0.732884
vn -0.587759 0.344373 0.732084
vn -0.453939 0.459652 0.763321
vn -0.257549 0.63137 0.731465
vn -0.159529 0.703368 0.692693
vn -0.138648 0.749111 0.647773
vn -0.409926 0.534844 0.738852
vn -0.558489 0.43301 0.707526
vn -0.757055 0.141454 0.637855
vn -0.70734 0.173536 0.685241
vn -0.801472 0.074941 0.593318
vn -0.764289 0.099041 0.637223
vn -0.690268 0.242655 0.681652
vn -0.761731 0.15613 0.6288
vn -0.798473 0.133084 0.587137
vn -0.793951 0.150587 0.589038
vn -0.786746 0.061135 0.614242
vn -0.824886 0.063838 0.561683
vn -0.678548 0.330713 0.655898
vn -0.766032 0.231675 0.599601
vn -0.76557 0.000146 0.643353
vn -0.83552 0.021868 0.549025
vn -0.827084 0.027308 0.561414
vn -0.709256 0.097178 0.698221
vn -0.669602 0.006853 0.742688
vn -0.648755 0.153779 0.745298
vn -0.643079 0.060238 0.763427
vn -0.742077 0.20256 0.638977
vn -0.66083 0.240504 0.710958
vn -0.799434 0.03619 0.599663
vn -0.808814 0.075931 0.583142
vn -0.825754 0.131856 0.548402
vn -0.823416 0.184705 0.536536
vn -0.795776 0.222057 0.56341
vn -0.836765 0.01997 0.547198
vn -0.730525 0.228703 0.64345
vn -0.758963 -0.029434 0.650469
vn -0.901259 -0.332249 -0.278105
vn -0.808862 -0.573836 -0.128273
vn 0.530368 0.838545 -0.124712
vn 0.557636 0.817916 -0.141617
vn 0.49531 0.846711 -0.194288
vn 0.510984 0.828117 -0.23047
vn 0.469691 0.829865 -0.30119
vn 0.46226 0.848629 -0.257187
vn 0.55794 0.827285 -0.06559
vn 0.591266 0.803544 -0.06872
vn 0.571666 0.820262 -0.019203
vn 0.601457 0.798598 -0.022154
vn 0.545666 0.826277 -0.139694
vn 0.569956 0.817438 -0.083344
vn 0.645198 0.743021 -0.177876
vn 0.662412 0.742046 -0.102855
vn 0.583228 0.811957 -0.023909
vn 0.667906 0.744056 -0.016812
vn 0.516106 0.833915 -0.195504
vn 0.487383 0.836948 -0.248948
vn 0.589653 0.748385 -0.303693
vn 0.618863 0.74637 -0.244827
vn 0.751462 0.590103 -0.295098
vn 0.776833 0.597182 -0.199762
vn 0.717571 0.5876 -0.373924
vn 0.792008 0.464748 -0.395895
vn 0.826399 0.476369 -0.300229
vn 0.851241 0.493114 -0.17952
vn 0.786319 0.610302 -0.096094
vn 0.855051 0.515585 -0.055321
vn 0.780743 0.624727 0.012484
vn 0.841541 0.537312 0.055721
vn 0.879266 0.457165 -0.133761
vn 0.874387 0.485211 0.004179
vn 0.846945 0.526194 0.076186
vn 0.851063 0.514164 0.106427
vn 0.803102 0.572003 0.166852
vn 0.856382 0.436742 -0.275437
vn 0.821033 0.424222 -0.382023
vn 0.765341 0.624958 0.153887
vn 0.695315 0.679606 0.233824
vn 0.535069 0.752959 -0.383085
vn 0.642816 0.594673 -0.482858
vn 0.40737 0.76892 -0.492759
vn 0.454421 0.616862 -0.642638
vn 0.471687 0.468593 -0.746948
vn 0.706726 0.462953 -0.534988
vn 0.445414 0.838714 -0.313314
vn 0.42035 0.84977 -0.318113
vn 0.364524 0.845714 -0.389731
vn 0.355456 0.853056 -0.38203
vn 0.727914 0.42222 -0.540251
vn 0.466248 0.408823 -0.784523
vn 0.245307 0.790344 -0.56141
vn 0.253806 0.858041 -0.446486
vn 0.271059 0.85759 -0.437113
vn 0.145235 0.868829 -0.473332
vn 0.174025 0.862615 -0.474985
vn 0.132794 0.812149 -0.568137
vn 0.234166 0.645205 -0.727239
vn 0.121376 0.690331 -0.71324
vn 0.080356 0.541397 -0.836918
vn 0.206986 0.480852 -0.85202
vn 0.17211 0.381576 -0.908173
vn -0.004134 0.416515 -0.909119
vn -0.019094 0.657938 -0.752831
vn -0.170057 0.538495 -0.82529
vn -0.145101 0.810532 -0.567436
vn -0.37139 0.672654 -0.640005
vn 0.061617 0.744443 -0.664837
vn 0.075231 0.827227 -0.556808
vn 0.050671 0.83874 -0.542169
vn 0.026824 0.798329 -0.601624
vn 0.577854 0.813614 0.06417
vn 0.566293 0.82262 0.051079
vn 0.656184 0.748162 0.098375
vn 0.589277 0.806822 0.042312
vn 0.626733 0.778224 0.039661
vn 0.424434 0.831177 -0.359166
vn 0.435761 0.797818 -0.416653
vn 0.356944 0.834599 -0.419565
vn 0.363701 0.803985 -0.470456
vn 0.277697 0.836348 -0.472658
vn 0.284295 0.81161 -0.510357
vn 0.196068 0.839307 -0.507071
vn 0.092444 0.866721 -0.490152
vn 0.125154 0.84674 -0.517076
vn 0.068613 0.872722 -0.483373
vn 0.034441 0.874935 -0.483015
vn 0.017154 0.877472 -0.479321
vn 0.031509 0.851287 -0.523754
vn 0.001916 0.838174 -0.5454
vn -0.114599 0.877659 -0.465384
vn -0.368819 0.929291 -0.019778
vn -0.398518 0.915699 -0.051765
vn -0.403901 0.91201 -0.071429
vn -0.38965 0.918198 0.071315
vn -0.395691 0.917372 0.043098
vn -0.367488 0.924686 0.099543
vn -0.309428 0.940126 -0.142887
vn -0.238452 0.920889 -0.308389
vn -0.399177 0.904561 -0.149757
vn -0.331297 0.879306 -0.342145
vn -0.345878 0.938256 0.006652
vn -0.356098 0.92733 0.11512
vn -0.433342 0.895526 0.101232
vn -0.424426 0.905463 -0.000397
vn -0.616873 0.785709 -0.046149
vn -0.602502 0.770988 -0.206324
vn -0.612764 0.788618 0.051013
vn -0.536026 0.737954 -0.41
vn -0.440874 0.881401 0.169593
vn -0.354391 0.915371 0.191059
vn -0.349445 0.918067 0.187192
vn -0.350499 0.903768 0.245669
vn -0.327039 0.912364 0.246245
vn -0.451214 0.863751 0.224365
vn -0.619257 0.777255 0.111336
vn -0.637223 0.751289 0.171786
vn -0.858188 0.472838 0.199846
vn -0.639576 0.724942 0.255737
vn -0.451772 0.84594 0.28335
vn -0.992329 -0.003508 0.123576
vn -0.777522 0.450502 0.438757
vn -0.814442 0.441409 0.376619
vn -0.73705 0.540817 0.405308
vn -0.779437 0.531688 0.331338
vn -0.84492 0.429083 0.31937
vn -0.813101 0.52336 0.254876
vn 0.584525 0.284874 -0.759722
vn 0.528895 0.299535 -0.794071
vn 0.552525 0.401782 -0.730265
vn 0.610179 0.386405 -0.691645
vn 0.450593 0.09218 -0.887958
vn 0.414143 0.115333 -0.902875
vn 0.458844 0.197163 -0.866365
vn 0.42066 0.212045 -0.882089
vn 0.478017 0.309166 -0.822141
vn 0.436108 0.316045 -0.842571
vn 0.455733 0.414469 -0.787733
vn 0.5016 0.409319 -0.762139
vn 0.524803 0.498473 -0.690005
vn 0.577501 0.488936 -0.653784
vn 0.475446 0.505038 -0.720338
vn 0.493685 0.586286 -0.642295
vn 0.544884 0.578183 -0.607294
vn 0.598985 0.563976 -0.568461
vn 0.63669 0.469645 -0.611603
vn 0.657673 0.53755 -0.527737
vn 0.37366 -0.001423 -0.927565
vn 0.37221 0.059987 -0.926208
vn 0.37534 0.139357 -0.916351
vn 0.383517 0.229227 -0.894634
vn 0.396921 0.326316 -0.857888
vn 0.413017 0.422071 -0.807015
vn 0.429404 0.511941 -0.743995
vn 0.445126 0.592513 -0.67141
vn 0.509158 0.645574 -0.569203
vn 0.458301 0.654621 -0.601192
vn 0.560977 0.634271 -0.531983
vn 0.615055 0.616182 -0.491963
vn -0.698026 -0.715669 0.024046
vn -0.551422 -0.819676 0.155128
vn -0.562056 -0.687488 0.459841
vn -0.758311 -0.585938 0.28573
vn -0.734632 -0.281423 0.617347
vn -0.489793 -0.341818 0.802036
vn -0.353373 0.933951 0.053506
vn -0.25121 0.967534 0.027786
vn -0.433566 0.90078 0.024824
vn -0.286936 0.941378 0.177415
vn -0.199493 0.961154 0.190749
vn -0.107248 0.97874 0.17483
vn -0.208964 0.933285 -0.292085
vn -0.260945 0.836386 -0.482045
vn -0.066633 0.877204 -0.475471
vn -0.150722 0.759319 -0.633022
vn -0.148062 0.9846 -0.092957
vn -0.020242 0.994931 0.098498
vn 0.077722 0.995543 -0.053412
vn 0.005767 0.959442 -0.281849
vn 0.030214 0.960046 0.278207
vn 0.131252 0.974023 0.184533
vn 0.163343 0.974821 0.151802
vn 0.241631 0.969309 -0.045329
vn 0.318223 0.944475 -0.081856
vn -0.053391 0.945472 0.321298
vn -0.128853 0.933812 0.333754
vn -0.498307 0.867 0.001326
vn -0.359606 0.918636 0.163681
vn 0.105183 -0.438974 0.892322
vn 0.139861 -0.41772 0.897747
vn 0.075872 -0.398111 0.914194
vn 0.115111 -0.360082 0.925792
vn 0.339911 -0.286468 0.895766
vn 0.326318 -0.215495 0.920369
vn 0.081501 -0.241515 0.966969
vn 0.295941 -0.08543 0.951378
vn 0.026392 -0.306642 0.951459
vn 0.114588 -0.44194 0.889696
vn 0.15071 -0.427586 0.891323
vn 0.096638 -0.411782 0.906144
vn 0.135315 -0.39386 0.909156
vn 0.312316 -0.256348 0.914737
vn 0.342673 -0.298629 0.890728
vn 0.173408 -0.38188 0.907798
vn 0.174398 -0.379594 0.908567
vn 0.313594 -0.236076 0.919743
vn 0.302752 -0.234755 0.923705
vn 0.148648 -0.357068 0.922175
vn 0.262645 -0.222101 0.938983
vn 0.145044 -0.353294 0.9242
vn 0.076698 -0.28175 0.956417
vn 0.291924 -0.219025 0.931026
vn 0.424739 -0.080723 0.90171
vn 0.415018 -0.076097 0.906625
vn 0.456779 0.007905 0.889545
vn 0.457016 0.030704 0.888928
vn 0.362249 -0.05829 0.930257
vn 0.40029 0.070185 0.913697
vn 0.403328 -0.080785 0.911482
vn 0.43112 -0.003847 0.902287
vn 0.918954 0.054719 0.39055
vn 0.900182 0.136601 0.413536
vn 0.933145 0.123447 0.337641
vn 0.916307 0.184329 0.355533
vn 0.798085 0.163201 0.580022
vn 0.827527 0.154188 0.539839
vn 0.911071 0.246695 0.330291
vn 0.837235 0.153327 0.524908
vn 0.922423 0.235958 0.305712
vn 0.894649 0.012721 0.446589
vn 0.86835 0.10625 0.484437
vn 0.860008 -0.023735 0.509728
vn 0.827551 0.089637 0.554189
vn 0.706758 0.156124 0.690013
vn 0.751329 0.16799 0.638188
vn 0.885854 -0.026222 0.463222
vn 0.863163 -0.07321 0.499589
vn 0.817833 -0.083274 0.569399
vn 0.783567 -0.163134 0.599508
vn 0.822768 -0.146127 0.549272
vn 0.901587 0.040335 0.430714
vn 0.897286 0.17844 0.403778
vn 0.817677 0.150009 0.555789
vn 0.828371 0.00567 0.560151
vn 0.299665 0.792961 -0.530484
vn 0.370913 0.77903 -0.505506
vn 0.439568 0.769368 -0.463523
vn 0.938951 0.176592 -0.295273
vn 0.953285 0.085518 -0.289714
vn 0.899863 0.32346 -0.29261
vn 0.915162 0.155663 -0.371817
vn 0.895442 0.283044 -0.343612
vn 0.970185 0.032672 -0.240153
vn 0.977525 0.028664 -0.208862
vn 0.966439 0.016288 -0.256379
vn 0.976799 -0.010007 -0.213923
vn 0.980592 -0.016283 -0.195381
vn 0.977971 0.03377 -0.205992
vn 0.954093 0.054875 -0.294441
vn 0.948608 0.057212 -0.311238
vn 0.846858 0.449864 -0.283645
vn 0.806125 0.526746 -0.269631
vn 0.860539 0.406608 -0.306827
vn 0.827097 0.493352 -0.269284
vn 0.868167 -0.256357 -0.424932
vn 0.847765 -0.325387 -0.418829
vn 0.840869 -0.344407 -0.41752
vn 0.873082 -0.268178 -0.407197
vn 0.809017 -0.441871 -0.387612
vn 0.785046 -0.457626 -0.41747
vn 0.735488 -0.49161 -0.466237
vn 0.802021 -0.375476 -0.464521
vn 0.842876 -0.292644 -0.451575
vn 0.844248 -0.26584 -0.465377
vn 0.840943 -0.321528 -0.435242
vn 0.839975 -0.274136 -0.468286
vn 0.84673 -0.322088 -0.423448
vn 0.837096 -0.39792 -0.375406
vn 0.857571 -0.382247 -0.34418
vn 0.877944 -0.214399 -0.428075
vn 0.846429 -0.228564 -0.480954
vn 0.882904 -0.16552 -0.439413
vn 0.848747 -0.18571 -0.495116
vn 0.840676 -0.191647 -0.506492
vn 0.838926 -0.23456 -0.491106
vn 0.892969 -0.21152 -0.397324
vn 0.874917 -0.219706 -0.431567
vn 0.906127 -0.144131 -0.397693
vn 0.902194 -0.127734 -0.411983
vn 0.88133 -0.107228 -0.460172
vn 0.849176 -0.132926 -0.511108
vn 0.845475 -0.061112 -0.530507
vn 0.842721 -0.139394 -0.519991
vn 0.842146 -0.067321 -0.535031
vn 0.908034 -0.069303 -0.413125
vn 0.913631 -0.027696 -0.4056
vn 0.835218 0.015569 -0.549699
vn 0.820034 0.086643 -0.565719
vn 0.835859 0.0121 -0.548811
vn 0.822976 0.0903 -0.560853
vn 0.805209 0.142869 -0.575524
vn 0.80772 0.151461 -0.569779
vn 0.749743 -0.390648 -0.534116
vn 0.793313 -0.304367 -0.527271
vn 0.679786 -0.511664 -0.525444
vn 0.695309 -0.390804 -0.603173
vn 0.627763 -0.519486 -0.579697
vn 0.838137 -0.220845 -0.498752
vn 0.884799 -0.108428 -0.453182
vn 0.909331 0.011987 -0.415901
vn 0.899474 0.044979 -0.434653
vn -0.411547 0.907032 -0.089001
vn -0.431494 0.896403 -0.10136
vn -0.396917 0.917633 0.020159
vn -0.398685 0.917079 0.004014
vn -0.360046 0.922072 0.141952
vn -0.359482 0.9177 0.169111
vn -0.316478 0.924941 0.210539
vn -0.323743 0.917096 0.232649
vn -0.359652 0.926402 0.111488
vn -0.361653 0.92819 0.087585
vn -0.313499 0.931397 0.184982
vn -0.32114 0.932677 0.164263
vn -0.274964 0.926999 0.255083
vn -0.277292 0.923702 0.264355
vn -0.285751 0.925686 0.247894
vn -0.266763 0.894063 0.359845
vn -0.259766 0.904208 0.339013
vn -0.28635 0.917919 0.274643
vn -0.300474 0.90939 0.28762
vn -0.341449 0.89325 0.292435
vn 0.842168 0.520848 -0.139537
vn 0.874648 0.471687 -0.111814
vn 0.87761 0.43657 -0.198009
vn 0.851106 0.481386 -0.209488
vn 0.904574 0.418489 -0.081316
vn 0.904366 0.386674 -0.18057
vn 0.893827 0.33603 -0.296911
vn 0.875787 0.378096 -0.300068
vn 0.860764 0.417852 -0.290663
vn 0.835019 0.546021 -0.067847
vn 0.870632 0.491209 -0.026738
vn 0.827529 0.56118 0.016526
vn 0.864272 0.498192 0.069562
vn 0.899512 0.436585 0.01648
vn 0.887843 0.442493 0.126228
vn 0.808924 0.565516 -0.160727
vn 0.795243 0.598351 -0.097801
vn 0.779283 0.601999 -0.174113
vn 0.757005 0.643346 -0.114235
vn 0.734628 0.677316 -0.039569
vn 0.781251 0.623898 -0.019948
vn 0.82469 0.521984 -0.217761
vn 0.844667 0.457608 -0.277728
vn 0.801338 0.554193 -0.22523
vn 0.752454 0.631229 -0.18805
vn 0.778682 0.579626 -0.240184
vn 0.722107 0.680686 -0.123401
vn 0.692929 0.719314 -0.049363
vn 0.272735 -0.2882 0.917909
vn 0.377751 -0.354697 0.855274
vn 0.399047 -0.2541 0.881019
vn 0.304831 -0.207577 0.929511
vn 0.481085 -0.427344 0.765464
vn 0.505221 -0.316475 0.802867
vn 0.508638 -0.216346 0.833356
vn 0.406169 -0.168211 0.898182
vn 0.318521 -0.140749 0.937408
vn 0.225814 -0.340166 0.91285
vn 0.343832 -0.440938 0.829068
vn 0.207413 -0.353491 0.912153
vn 0.316662 -0.487206 0.813852
vn 0.40806 -0.579319 0.705604
vn 0.440942 -0.522276 0.72993
vn 0.154525 -0.238358 0.958805
vn 0.089357 -0.238283 0.967076
vn 0.020557 -0.2023 0.979108
vn -0.012635 -0.180332 0.983525
vn 0.100606 -0.201916 0.974222
vn 0.049911 -0.131515 0.990057
vn 0.196757 -0.178421 0.964081
vn 0.213328 -0.135551 0.967531
vn 0.027666 -0.170086 0.985041
vn 0.050102 -0.153633 0.986857
vn -0.637572 -0.094614 0.764558
vn -0.6345 0.201069 0.746312
vn -0.49247 -0.157538 0.855953
vn -0.509101 0.142706 0.848794
vn -0.71962 -0.273023 0.63844
vn -0.582257 -0.347635 0.734933
vn -0.647303 -0.444151 0.619458
vn -0.517141 -0.497876 0.696193
vn -0.402979 -0.524432 0.750053
vn -0.446877 -0.394683 0.802824
vn -0.820464 -0.185851 0.540646
vn -0.760941 -0.358638 0.540693
vn -0.694248 -0.553291 0.460314
vn -0.522526 -0.793031 0.313159
vn -0.418959 -0.877702 0.23262
vn -0.651329 -0.643601 0.40193
vn 0.951317 -0.019368 -0.307606
vn 0.966016 5.7e-05 -0.258481
vn 0.960801 -0.042655 -0.27394
vn 0.972749 -0.034605 -0.229265
vn 0.163701 0.670163 0.723936
vn 0.269505 0.600503 0.752837
vn 0.171359 0.707324 0.685805
vn 0.298368 0.638095 0.709796
vn 0.37996 0.574731 0.724786
vn 0.33988 0.534151 0.774057
vn 0.028223 0.721194 0.692158
vn 0.024127 0.759977 0.649502
vn -0.437081 0.656382 -0.614918
vn -0.598992 0.313386 -0.736884
vn -0.50971 0.318988 -0.799026
vn -0.631562 -0.248916 -0.734283
vn -0.585334 -0.071486 -0.807635
vn -0.524083 -0.40559 -0.748888
vn -0.466378 0.269851 -0.84242
vn -0.710927 0.234571 -0.662993
vn -0.794697 0.099169 -0.598851
vn -0.703787 -0.20614 -0.679845
vn -0.695946 -0.450915 -0.558869
vn -0.89359 0.168481 -0.416067
vn -0.900533 0.107796 -0.421214
vn -0.849062 -0.040389 -0.526747
vn -0.867048 0.082665 -0.491319
vn -0.821538 -0.047512 -0.568171
vn -0.789689 -0.16734 -0.590244
vn -0.718175 -0.416493 -0.557457
vn -0.6217 -0.59096 -0.514057
vn -0.949657 -0.265252 -0.166713
vn -0.969504 -0.170568 -0.175979
vn -0.890363 -0.369701 -0.265659
vn -0.881909 -0.447493 -0.148278
vn -0.659466 -0.71334 -0.237172
vn -0.434609 -0.893069 -0.116374
vn -0.859407 -0.320253 -0.39857
vn -0.805916 -0.238347 -0.541932
vn -0.562583 -0.749857 -0.348159
vn -0.516215 -0.813731 -0.26714
vn -0.700123 -0.091552 -0.708129
vn -0.543031 0.069196 -0.836857
vn -0.582921 -0.201937 -0.787035
vn -0.594251 -0.619909 -0.512424
vn -0.454811 0.185571 -0.87104
vn -0.492732 -0.381558 -0.782067
vn -0.41545 -0.883706 0.215556
vn -0.395528 -0.744076 0.538432
vn -0.315001 -0.396126 0.862473
vn -0.266623 -0.457173 0.848472
vn -0.191918 -0.015502 0.981289
vn -0.197634 0.102769 0.974874
vn -0.288191 -0.526442 0.799878
vn -0.228362 -0.153371 0.96142
vn 0.869907 0.375355 0.319955
vn 0.850461 0.352958 0.390048
vn 0.770142 0.516549 0.374244
vn 0.753867 0.51269 0.410894
vn 0.728838 0.464738 0.502805
vn 0.782179 0.315579 0.53722
vn 0.871188 0.334999 0.358896
vn 0.816733 0.192499 0.543959
vn 0.776472 0.46195 0.428594
vn 0.73439 0.297271 0.610166
vn 0.627195 0.004878 0.778847
vn 0.637942 -0.049987 0.76846
vn 0.590868 0.088732 0.801874
vn 0.629677 -0.049204 0.775297
vn 0.568873 0.017093 0.822248
vn 0.538603 0.150959 0.828926
vn 0.512492 0.146068 0.846178
vn 0.29506 0.060313 0.953573
vn 0.273079 0.034584 0.96137
vn -0.321283 0.776512 0.542039
vn -0.345419 0.748671 0.565843
vn -0.371913 0.672131 0.64025
vn -0.352262 0.698982 0.622364
vn -0.430677 0.72287 0.540348
vn -0.457763 0.647271 0.609502
vn -0.372018 0.571356 0.731542
vn -0.361199 0.591646 0.720757
vn -0.283362 0.839978 0.462756
vn -0.313335 0.812864 0.490993
vn -0.298804 0.876192 0.378159
vn -0.367015 0.846748 0.38512
vn -0.400575 0.786305 0.470386
vn -0.325897 0.802534 0.49973
vn -0.280297 0.863085 0.42014
vn -0.328656 0.825711 0.458461
vn -0.281387 0.879981 0.382693
vn -0.363631 0.722585 0.587914
vn -0.379571 0.613422 0.69256
vn -0.362425 0.748204 0.555732
vn -0.37159 0.644482 0.668254
vn -0.639376 0.381065 -0.667823
vn -0.657953 0.482784 -0.577943
vn -0.524607 0.520668 -0.673567
vn -0.50045 0.417601 -0.758393
vn -0.661997 0.54985 -0.509338
vn -0.533534 0.59937 -0.596738
vn -0.37254 0.647161 -0.665129
vn -0.371447 0.554135 -0.744958
vn -0.757135 0.331272 -0.563032
vn -0.763451 0.43474 -0.477644
vn -0.845601 0.272316 -0.459132
vn -0.840778 0.380841 -0.384777
vn -0.758537 0.499737 -0.418191
vn -0.60029 0.257382 -0.757236
vn -0.726188 0.206946 -0.65561
vn -0.541296 0.125508 -0.831412
vn -0.666214 0.074022 -0.742078
vn -0.826218 0.145474 -0.544244
vn -0.771807 0.007777 -0.635809
vn -0.463984 0.295231 -0.835199
vn -0.415587 0.162034 -0.895004
vn -0.204611 0.59051 -0.780662
vn -0.193908 0.686235 -0.701057
vn -0.015676 0.708177 -0.705861
vn -0.028323 0.624613 -0.780421
vn -0.885273 0.337331 -0.320156
vn -0.895714 0.227192 -0.382206
vn -0.751082 0.540051 -0.379764
vn -0.655213 0.597527 -0.462231
vn -0.524122 0.661498 -0.536393
vn -0.498199 0.711243 -0.495914
vn -0.331135 0.775271 -0.537871
vn -0.358206 0.721901 -0.59207
vn -0.178943 0.762376 -0.621902
vn -0.160961 0.813197 -0.559287
vn -0.011013 0.822849 -0.568154
vn -0.010689 0.77587 -0.630802
vn -0.463937 0.740155 -0.486757
vn -0.431167 0.739059 -0.517578
vn -0.29742 0.802195 -0.517711
vn -0.260433 0.797591 -0.544081
vn -0.139999 0.836989 -0.529008
vn -0.11105 0.831869 -0.543748
vn -0.010819 0.84658 -0.532151
vn -0.001114 0.845383 -0.534159
vn -0.404074 0.732186 -0.548296
vn -0.222505 0.782984 -0.580885
vn -0.07261 0.812371 -0.578603
vn -0.045438 0.790682 -0.610539
vn 0.021978 0.82658 -0.56239
vn 0.044127 0.793694 -0.606714
vn -0.048738 0.774026 -0.631275
vn -0.066404 0.770851 -0.633545
vn 0.049875 0.766265 -0.640586
vn 0.045785 0.767689 -0.639185
vn -0.077805 0.799679 -0.595365
vn 0.039063 0.805885 -0.590783
vn -0.585571 0.395221 -0.707748
vn -0.596472 0.423518 -0.681801
vn -0.628406 0.45676 -0.629664
vn -0.656113 0.439889 -0.613199
vn -0.648091 0.476169 -0.594341
vn -0.669243 0.466103 -0.578673
vn -0.690392 0.412537 -0.594283
vn -0.69932 0.443935 -0.560244
vn -0.613573 0.451759 -0.647644
vn -0.64182 0.467186 -0.608116
vn -0.72614 0.381605 -0.571925
vn -0.731629 0.414575 -0.541152
vn -0.687668 0.476315 -0.547938
vn -0.695694 0.480195 -0.53425
vn -0.71532 0.465377 -0.521288
vn -0.695927 0.445176 -0.563475
vn -0.767867 0.394674 -0.504591
vn -0.739504 0.438242 -0.510958
vn -0.763042 0.401282 -0.506696
vn -0.780984 0.364479 -0.507168
vn -0.557151 -0.220764 -0.800529
vn -0.445532 -0.173236 -0.878345
vn -0.49756 -0.087872 -0.862967
vn -0.594693 -0.151608 -0.789529
vn -0.541687 -0.010104 -0.84052
vn -0.593214 -0.316681 -0.740142
vn -0.600859 -0.338726 -0.724039
vn -0.630645 -0.303097 -0.714436
vn -0.625126 -0.26275 -0.734969
vn -0.38561 -0.265631 -0.883598
vn -0.58068 0.059479 -0.811957
vn -0.629761 -0.082 -0.772449
vn -0.612358 0.121858 -0.781133
vn -0.633368 0.179275 -0.752799
vn 0.084755 -0.804091 -0.588434
vn 0.046323 -0.805835 -0.590325
vn 0.090475 -0.663779 -0.742436
vn 0.028832 -0.680035 -0.732612
vn -0.000684 -0.531082 -0.84732
vn 0.079831 -0.493895 -0.865849
vn 0.069926 -0.892771 -0.445051
vn 0.050014 -0.892973 -0.447323
vn 0.044258 -0.942523 -0.331197
vn 0.035049 -0.949815 -0.310842
vn 0.027287 -0.953303 -0.300781
vn 0.018156 -0.888306 -0.458893
vn 0.116969 -0.800592 -0.587683
vn 0.09229 -0.896455 -0.433418
vn 0.070416 -0.943729 -0.323136
vn 0.139605 -0.645652 -0.750762
vn 0.140704 -0.460616 -0.876376
vn 0.041868 -0.318422 -0.947024
vn 0.10712 -0.277604 -0.954705
vn -0.046156 -0.370763 -0.92758
vn -0.055038 -0.841997 -0.536668
vn -0.089044 -0.79351 -0.602008
vn 0.014641 -0.947323 -0.319946
vn 0.007928 -0.939565 -0.342278
vn 0.0005 -0.929151 -0.369701
vn -0.117623 -0.727757 -0.675673
vn -0.019422 -0.872665 -0.487934
vn 0.020686 -0.952198 -0.304779
vn -0.319997 -0.442103 -0.837942
vn -0.256188 -0.486628 -0.835201
vn -0.385077 -0.326136 -0.863337
vn -0.339728 -0.371131 -0.864203
vn -0.419709 0.677902 0.603568
vn -0.293678 0.740444 0.604562
vn -0.162896 0.784318 0.59859
vn 0.212425 -0.886287 -0.411547
vn 0.234097 -0.878209 -0.417071
vn 0.132401 -0.937531 -0.321724
vn 0.119505 -0.946493 -0.299782
vn 0.373917 -0.781782 -0.499002
vn 0.260833 -0.867912 -0.422724
vn 0.416395 -0.767665 -0.487141
vn 0.297928 -0.8544 -0.425723
vn 0.155762 -0.930468 -0.331612
vn 0.142712 -0.943649 -0.298598
vn 0.485604 -0.661162 -0.571885
vn 0.575073 -0.522768 -0.629289
vn 0.530889 -0.653284 -0.539793
vn 0.632731 -0.388859 -0.669657
vn 0.5821 -0.639137 -0.502657
vn 0.643426 -0.612636 -0.459
vn 0.536479 -0.716789 -0.445426
vn 0.470016 -0.746857 -0.470414
vn 0.705789 -0.5732 -0.416298
vn 0.746417 -0.550474 -0.373953
vn 0.668179 -0.648561 -0.364561
vn 0.603354 -0.680162 -0.416345
vn 0.710141 0.244257 0.660332
vn 0.654506 0.207083 0.727144
vn 0.694027 0.113827 0.710894
vn 0.74394 0.140397 0.653332
vn 0.718958 0.008532 0.695001
vn 0.762982 0.024617 0.645951
vn 0.673477 0.313626 0.669378
vn 0.616526 0.270218 0.739512
vn 0.638991 0.351782 0.684061
vn 0.585304 0.295448 0.75507
vn 0.747644 0.259155 0.611447
vn 0.717901 0.327683 0.6142
vn 0.7694 0.261814 0.582646
vn 0.746016 0.326124 0.580606
vn 0.697965 0.358221 0.620099
vn 0.731417 0.352209 0.583933
vn 0.775333 0.154997 0.612237
vn 0.790769 0.035757 0.61107
vn 0.79394 0.161494 0.586156
vn 0.809151 0.041951 0.586101
vn 0.767544 -0.085899 0.635214
vn 0.792932 -0.081443 0.603842
vn 0.76356 -0.178718 0.620513
vn 0.785667 -0.180831 0.591632
vn 0.811688 -0.079253 0.57869
vn 0.803738 -0.181861 0.566508
vn 0.727704 -0.091309 0.679786
vn 0.657075 -0.094964 0.74782
vn 0.728423 -0.172608 0.663028
vn 0.663649 -0.158494 0.731061
vn 0.573938 -0.131168 0.808325
vn 0.670591 -0.2236 0.707326
vn 0.590273 -0.184494 0.785837
vn 0.50105 -0.140375 0.853958
vn 0.5992 -0.268827 0.754116
vn 0.668718 -0.31047 0.675592
vn 0.562173 -0.090316 0.822073
vn 0.726488 -0.248419 0.640705
vn 0.715067 -0.334174 0.614008
vn 0.754815 -0.261174 0.6017
vn 0.737788 -0.344077 0.580758
vn 0.772263 -0.266779 0.576575
vn 0.751926 -0.347517 0.560213
vn 0.788685 -0.269458 0.552601
vn 0.767276 -0.349513 0.537706
vn 0.822704 -0.185247 0.53744
vn 0.807629 -0.273326 0.522521
vn 0.786395 -0.353885 0.506308
vn 0.831692 -0.281553 0.478557
vn 0.810869 -0.363662 0.458521
vn 0.846208 -0.193723 0.496391
vn 0.830226 -0.081473 0.551441
vn 0.853287 -0.089874 0.513638
vn 0.849706 0.0365 0.525992
vn 0.826654 0.042362 0.561114
vn 0.649876 -0.407681 0.641449
vn 0.688386 -0.423625 0.588784
vn 0.611834 -0.50301 0.610443
vn 0.646615 -0.510617 0.566709
vn 0.667458 -0.509345 0.543201
vn 0.708835 -0.426869 0.561548
vn 0.591704 -0.371947 0.715222
vn 0.560662 -0.478254 0.675967
vn 0.722674 -0.426309 0.544062
vn 0.682815 -0.507012 0.526025
vn 0.738564 -0.427036 0.521693
vn 0.700083 -0.507814 0.502005
vn 0.75872 -0.432016 0.487551
vn 0.721565 -0.513617 0.464264
vn 0.784045 -0.443526 0.434232
vn 0.748024 -0.525322 0.405583
vn 0.619345 -0.583737 0.525036
vn 0.63718 -0.581571 0.505744
vn 0.571685 -0.644272 0.508025
vn 0.59288 -0.643194 0.484556
vn 0.655958 -0.583751 0.478491
vn 0.613552 -0.647319 0.452253
vn 0.595862 -0.587144 0.547915
vn 0.560632 -0.585092 0.585968
vn 0.511843 -0.646296 0.565967
vn 0.545036 -0.647852 0.532187
vn 0.678067 -0.590926 0.437071
vn 0.635439 -0.656243 0.406894
vn 0.704695 -0.602048 0.375425
vn 0.660236 -0.666578 0.346067
vn 0.773465 -0.54065 0.330832
vn 0.730114 -0.613602 0.30071
vn 0.68521 -0.674066 0.275904
vn 0.704959 -0.67929 0.203954
vn 0.74963 -0.622497 0.22484
vn 0.79347 -0.554951 0.24987
vn 0.80958 -0.460857 0.36358
vn 0.830925 -0.480046 0.281283
vn 0.860018 -0.400518 0.316156
vn 0.836867 -0.379712 0.3943
vn 0.606091 -0.734469 0.305303
vn 0.618761 -0.747899 0.240378
vn 0.477596 -0.852261 0.213432
vn 0.433637 -0.888497 0.150106
vn 0.414307 -0.905855 0.088189
vn 0.629242 -0.758593 0.169089
vn 0.583981 -0.722214 0.370639
vn 0.561805 -0.715156 0.415846
vn 0.472467 -0.828327 0.30108
vn 0.392924 -0.866504 0.307866
vn 0.242307 0.923733 0.296655
vn 0.301539 0.903316 0.305113
vn 0.212648 0.894378 0.393534
vn 0.27965 0.872755 0.400118
vn 0.342182 0.848341 0.404017
vn 0.250467 0.833048 0.493252
vn 0.315226 0.803036 0.505733
vn 0.177851 0.85831 0.481323
vn 0.276124 0.934953 0.222752
vn 0.326869 0.917821 0.225304
vn 0.113583 0.927048 0.357325
vn 0.155824 0.938262 0.308842
vn -0.126115 0.825083 0.550758
vn 0.08266 0.894803 0.438743
vn 0.057742 0.856049 0.51366
vn -0.386819 0.551604 0.738989
vn -0.500362 0.297177 0.813219
vn -0.520996 0.098965 0.847802
vn 0.053228 0.80747 0.587503
vn 0.14844 0.814124 0.561399
vn 0.077863 0.751856 0.654714
vn 0.224434 0.720572 0.656053
vn 0.253619 0.603883 0.755647
vn 0.276273 0.614888 0.738638
vn 0.314707 0.660996 0.681208
vn 0.290451 0.65396 0.698552
vn 0.321949 0.696686 0.641076
vn 0.347973 0.700574 0.622985
vn 0.217214 0.576246 0.787882
vn 0.262169 0.641071 0.721315
vn 0.191412 0.614478 0.765362
vn 0.223588 0.67018 0.70772
vn 0.249588 0.713909 0.654247
vn 0.296172 0.684601 0.666036
vn 0.170449 0.501519 0.84819
vn 0.14546 0.42268 0.894529
vn 0.151292 0.54537 0.824429
vn 0.115167 0.448819 0.886171
vn 0.327915 0.72332 0.607683
vn 0.280863 0.75468 0.592936
vn 0.361651 0.775214 0.517931
vn 0.39099 0.823827 0.41041
vn 0.155917 0.646464 0.746843
vn 0.126265 0.587624 0.799222
vn 0.087665 0.490255 0.867159
vn 0.173434 0.692622 0.700139
vn 0.188729 0.74057 0.644932
vn 0.215588 0.788286 0.576304
vn 0.942219 0.079119 -0.325522
vn 0.937112 0.107454 -0.332077
vn 0.962899 0.027451 -0.268464
vn 0.959621 0.047055 -0.277334
vn 0.951326 0.058591 -0.302565
vn 0.972488 -0.012791 -0.232603
vn 0.963083 -0.01095 -0.268983
vn 0.932806 0.049244 -0.356999
vn 0.941107 -0.02209 -0.337385
vn 0.930316 0.12158 -0.346021
vn 0.917916 0.107189 -0.382023
vn 0.975384 -0.01622 -0.219918
vn 0.97788 -0.027024 -0.207413
vn 0.900772 -0.046486 -0.431798
vn 0.897933 0.015258 -0.439868
vn 0.973416 0.020251 -0.228148
vn 0.861823 0.241102 -0.446241
vn 0.85 0.169496 -0.49877
vn 0.881099 0.2544 -0.398678
vn 0.88121 0.15625 -0.446157
vn 0.846594 0.234498 -0.477797
vn 0.827829 0.183366 -0.530165
vn 0.842701 0.226117 -0.488596
vn 0.818449 0.189499 -0.54243
vn 0.866011 0.332477 -0.373476
vn 0.864614 0.304355 -0.399764
vn 0.870528 0.277181 -0.406635
vn 0.86664 0.366613 -0.338423
vn 0.853291 0.201456 -0.480948
vn 0.824399 0.170712 -0.539652
vn 0.875008 0.141662 -0.462918
vn 0.842144 0.109791 -0.527959
vn 0.887102 0.241092 -0.393605
vn 0.915895 0.286752 -0.28091
vn 0.911329 0.179611 -0.370432
vn 0.939561 0.22035 -0.262051
vn 0.888218 -0.350664 -0.296823
vn 0.871006 -0.425666 -0.245268
vn 0.905278 -0.377507 -0.194835
vn 0.92217 -0.287623 -0.258602
vn 0.941196 -0.299498 -0.156371
vn 0.91841 -0.388381 -0.075386
vn 0.952654 -0.301761 -0.037301
vn 0.885012 -0.448049 -0.126512
vn 0.870043 -0.309589 -0.383641
vn 0.8568 -0.267566 -0.440797
vn 0.877633 -0.251199 -0.408239
vn 0.899538 -0.269037 -0.344166
vn 0.841338 -0.455387 -0.291159
vn 0.854007 -0.490398 -0.173726
vn 0.808943 -0.496313 -0.315093
vn 0.818612 -0.537049 -0.2036
vn 0.946846 -0.206595 -0.24658
vn 0.96855 -0.204693 -0.141465
vn 0.960279 -0.124697 -0.24963
vn 0.983936 -0.107921 -0.14221
vn 0.980043 -0.197584 -0.021826
vn 0.995952 -0.087698 -0.019717
vn 0.918091 -0.205487 -0.338947
vn 0.883424 -0.211515 -0.418119
vn 0.927861 -0.143208 -0.344333
vn 0.889311 -0.165483 -0.42631
vn 0.966809 -0.041819 -0.252056
vn 0.989286 -0.011747 -0.145517
vn 0.96662 0.047996 -0.25168
vn 0.985628 0.086149 -0.14531
vn 0.991935 0.125503 -0.017713
vn 0.999595 0.021653 -0.018477
vn 0.935848 -0.072808 -0.344801
vn 0.895734 -0.10515 -0.431978
vn 0.938174 0.011213 -0.345981
vn 0.898263 -0.025897 -0.438695
vn 0.957883 0.137339 -0.252187
vn 0.930573 0.098001 -0.352746
vn 0.892208 0.059557 -0.44768
vn 0.973558 0.178805 -0.142172
vn 0.95428 0.261226 -0.145298
vn 0.955232 0.293987 -0.033228
vn 0.97595 0.216911 -0.021698
vn -0.074555 0.300163 0.95097
vn 0.01507 0.317558 0.948119
vn 0.020494 0.308198 0.951101
vn -0.080427 0.279903 0.956653
vn 0.126791 0.349968 0.928141
vn 0.138238 0.349587 0.92665
vn -0.065946 0.311164 0.948066
vn 0.014365 0.325804 0.945328
vn -0.05731 0.305078 0.950601
vn 0.015874 0.325276 0.945486
vn 0.121759 0.347453 0.929759
vn 0.120565 0.351659 0.928332
vn -0.138391 0.29777 0.944553
vn -0.122207 0.31856 0.939992
vn -0.096748 0.316703 0.943578
vn -0.152324 0.271066 0.950432
vn 0.245469 0.385269 0.889557
vn 0.256381 0.389572 0.884592
vn 0.352344 0.4127 0.83996
vn 0.357557 0.417243 0.835501
vn 0.238441 0.377937 0.8946
vn 0.242261 0.359293 0.901231
vn 0.348112 0.397826 0.848854
vn 0.351803 0.361208 0.863576
vn -0.341916 0.460369 0.81924
vn -0.347055 0.465235 0.814315
vn -0.345317 0.350496 0.87058
vn -0.373917 0.482104 0.792314
vn -0.357224 0.521999 0.774537
vn -0.291648 0.246699 0.924165
vn 0.347506 -0.835955 -0.424759
vn 0.415659 -0.810568 -0.412562
vn 0.199361 -0.923375 -0.328077
vn 0.198685 -0.938282 -0.283109
vn 0.480007 -0.783802 -0.394014
vn 0.603784 -0.714832 -0.352788
vn 0.549718 -0.760648 -0.34529
vn 0.443579 -0.83476 -0.326212
vn 0.197087 -0.960288 -0.197492
vn 0.262912 -0.916977 -0.30005
vn 0.690497 -0.663316 -0.288487
vn 0.762917 -0.566229 -0.311997
vn 0.770512 -0.601197 -0.211832
vn 0.701644 -0.681652 -0.207475
vn 0.404374 -0.894577 -0.190298
vn 0.292728 -0.936355 -0.193777
vn 0.608309 -0.748137 -0.26505
vn 0.463552 -0.869204 -0.172057
vn 0.616221 -0.764762 -0.188179
vn 0.431836 -0.894227 -0.117795
vn 0.716366 -0.691395 -0.093773
vn 0.77726 -0.623713 -0.082759
vn 0.823653 -0.563331 -0.065225
vn 0.820094 -0.569406 0.05677
vn 0.775977 -0.629711 0.036395
vn 0.722828 -0.69079 0.018146
vn 0.621495 -0.777965 -0.092276
vn 0.626279 -0.779599 -0.000798
vn 0.387275 -0.921777 -0.018593
vn 0.394232 -0.916597 -0.066565
vn 0.568784 -0.312263 0.760905
vn 0.505512 -0.271265 0.819068
vn 0.602375 -0.097517 0.792234
vn 0.496819 -0.04699 0.866581
vn 0.429876 0.042399 0.901892
vn 0.478985 -0.161161 0.862902
vn 0.672706 -0.262689 0.691708
vn 0.72151 -0.110232 0.683573
vn 0.754837 -0.237141 0.611544
vn 0.808151 -0.086675 0.582563
vn 0.785705 0.043461 0.617072
vn 0.680836 0.109172 0.724254
vn 0.514711 -0.260143 0.816944
vn 0.526878 -0.116381 0.841935
vn 0.383665 -0.30134 0.872923
vn 0.364394 -0.139803 0.920691
vn 0.529168 0.010316 0.848455
vn 0.354354 -0.029087 0.934659
vn 0.486295 -0.447186 0.750694
vn 0.346513 -0.772597 0.531999
vn 0.264092 -0.829987 0.491302
vn 0.403853 -0.492835 0.770724
vn 0.855962 0.027982 -0.51628
vn 0.861175 -0.054781 -0.505348
vn 0.860489 -0.129355 -0.492774
vn 0.857578 -0.183521 -0.480501
vn 0.759615 0.633654 0.146518
vn 0.816581 0.546916 0.184605
vn 0.765385 0.531734 0.362553
vn 0.702442 0.631476 0.328351
vn -0.314393 0.846894 0.428868
vn -0.271657 0.893941 0.356471
vn -0.268556 0.871106 0.41116
vn -0.232934 0.91353 0.333473
vn -0.336868 0.77398 0.536167
vn -0.327502 0.675956 0.660171
vn -0.274299 0.801055 0.532043
vn -0.238542 0.702432 0.670587
vn -0.196471 0.895536 0.399267
vn -0.181446 0.823616 0.537339
vn -0.120036 0.713998 0.689782
vn -0.065201 0.837369 0.542736
vn 0.009746 0.712097 0.702013
vn -0.103295 0.914119 0.392067
vn -0.175254 0.934649 0.309381
vn -0.107701 0.950395 0.291806
vn 0.000446 0.921003 0.389555
vn 0.055723 0.839159 0.541024
vn 0.129769 0.705456 0.696772
vn 0.154167 0.831461 0.533765
vn 0.215108 0.699151 0.681848
vn 0.097875 0.915728 0.389696
vn -0.030289 0.957095 0.288188
vn 0.055246 0.953608 0.295938
vn -0.424665 0.905341 0.004142
vn -0.390532 0.916465 0.087047
vn -0.494527 0.868309 0.03852
vn -0.467109 0.87483 0.128382
vn -0.359483 0.918391 0.165319
vn -0.443583 0.871126 0.210651
vn -0.466506 0.879347 -0.095505
vn -0.532066 0.844324 -0.063426
vn -0.327177 0.910713 0.252104
vn -0.415199 0.861438 0.292463
vn 0.892129 0.054668 -0.448461
vn 0.714494 0.697613 0.053248
vn 0.765818 0.63854 0.076088
vn 0.695566 0.698619 0.16769
vn 0.745429 0.638126 0.192695
vn 0.817171 0.564467 0.116655
vn 0.799161 0.5541 0.233054
vn 0.667078 0.743816 0.041765
vn 0.646595 0.747732 0.151038
vn 0.589311 0.612626 0.526689
vn 0.665163 0.48316 0.569311
vn 0.820843 0.529582 0.213916
vn 0.754769 0.608105 0.246033
vn 0.777609 0.51319 0.363263
vn 0.704897 0.616149 0.351399
vn 0.69821 0.449202 0.557423
vn 0.633528 0.573951 0.518867
vn 0.518051 0.320011 0.793231
vn 0.465213 0.434913 0.770991
vn 0.256955 0.157175 0.953557
vn 0.225446 0.221105 0.948834
vn 0.626277 0.725605 0.285087
vn 0.563291 0.751288 0.343904
vn 0.48663 0.734411 0.473109
vn 0.315704 0.842108 0.437247
vn 0.161896 0.74638 0.645528
vn 0.32996 0.607641 0.722425
vn 0.129013 0.375102 0.917962
vn 0.008515 0.539444 0.841978
vn -0.087739 0.306881 0.947695
vn -0.028429 0.140767 0.989635
vn -0.171901 -0.123341 0.977362
vn -0.169933 0.025675 0.985121
vn 0.420743 0.458874 0.782567
vn 0.409158 0.561746 0.719049
vn 0.324834 0.55685 0.764462
vn 0.35019 0.460117 0.81588
vn 0.404051 0.688026 0.602796
vn 0.2948 0.696156 0.654568
vn 0.265312 0.55443 0.788807
vn 0.49948 0.459559 0.734388
vn 0.506644 0.561753 0.654023
vn 0.568854 0.460409 0.68149
vn 0.592951 0.533536 0.603116
vn 0.519234 0.661369 0.541284
vn 0.604377 0.60907 0.513578
vn 0.446747 0.406518 0.79697
vn 0.518259 0.408275 0.751478
vn 0.467228 0.404326 0.786269
vn 0.526179 0.410814 0.744558
vn 0.581569 0.430931 0.689983
vn 0.573395 0.433104 0.695441
vn 0.37909 0.413503 0.827832
vn 0.403446 0.408254 0.818877
vn 0.198756 0.557392 0.806108
vn 0.098541 0.568388 0.816839
vn -0.026661 0.584072 0.811264
vn -0.166831 0.584857 0.793794
vn -0.287866 0.561044 0.77612
vn -0.600697 0.559818 0.570761
vn -0.702802 0.487762 0.517839
vn -0.51654 0.474072 0.713052
vn -0.630229 0.39541 0.668178
vn -0.440484 0.440546 0.782236
vn -0.563751 0.347785 0.749153
vn -0.750267 0.448153 0.486064
vn -0.7645 0.443797 0.467529
vn -0.680921 0.35455 0.640813
vn -0.69098 0.355004 0.629698
vn -0.622999 0.294481 0.724675
vn -0.630732 0.285459 0.721589
vn -0.77363 0.447915 0.448184
vn -0.793466 0.434846 0.425818
vn -0.729505 0.32748 0.600483
vn -0.700151 0.357063 0.6183
vn 0.810601 0.162495 0.562602
vn 0.833892 0.158652 0.528634
vn 0.811238 0.255417 0.52598
vn 0.787238 0.260156 0.559083
vn 0.766026 0.323016 0.555756
vn 0.789948 0.318608 0.5239
vn 0.754713 0.348 0.556152
vn 0.778347 0.346323 0.523675
vn 0.857755 -0.295773 0.420446
vn 0.881873 -0.316152 0.349782
vn 0.896886 -0.228422 0.378706
vn 0.871901 -0.208427 0.443111
vn 0.879689 -0.104734 0.463873
vn 0.907589 -0.123867 0.401173
vn 0.910288 0.008208 0.413894
vn 0.878013 0.024708 0.477998
vn 0.863762 0.149897 0.481088
vn 0.899244 0.135928 0.415792
vn 0.84216 0.246214 0.479735
vn 0.879853 0.231922 0.414815
vn 0.718512 -0.68533 0.118588
vn 0.765956 -0.627902 0.138026
vn 0.809732 -0.565007 0.158432
vn 0.632016 -0.770068 0.086899
vn 0.38896 -0.920711 0.031655
vn 0.847235 -0.497182 0.187089
vn 0.8569 -0.508466 0.084765
vn 0.877762 -0.423369 0.22426
vn 0.888231 -0.44287 0.122116
vn 0.901937 -0.341415 0.264472
vn 0.915951 -0.366098 0.164334
vn 0.940326 -0.27542 0.199826
vn 0.920392 -0.252087 0.298882
vn 0.935905 -0.145151 0.320956
vn 0.961429 -0.166417 0.218997
vn 0.943745 -0.012204 0.330449
vn 0.973432 -0.036442 0.22606
vn 0.86006 -0.508966 -0.035361
vn 0.891284 -0.453407 0.00589
vn 0.922037 -0.383738 0.050911
vn 0.952164 -0.293206 0.086108
vn 0.438236 0.427585 0.790645
vn 0.436231 0.430571 0.790133
vn 0.501019 0.429637 0.75126
vn 0.491875 0.433052 0.755331
vn 0.430847 0.426797 0.79512
vn 0.484692 0.428104 0.762759
vn 0.440033 0.408559 0.799657
vn 0.443106 0.3596 0.821185
vn 0.511161 0.408468 0.75622
vn 0.514864 0.357434 0.779202
vn 0.420046 0.418436 0.805278
vn 0.477638 0.417703 0.772907
vn 0.55298 0.422385 0.718195
vn 0.536618 0.429859 0.726129
vn 0.607412 0.409923 0.680451
vn 0.583375 0.423307 0.69317
vn 0.526776 0.429721 0.733381
vn 0.566215 0.433466 0.701076
vn 0.570769 0.399259 0.717506
vn 0.573752 0.356686 0.737281
vn 0.630009 0.387847 0.672802
vn 0.524554 0.423705 0.738456
vn 0.562768 0.438916 0.700461
vn 0.74703 0.358907 0.559582
vn 0.718183 0.365143 0.592355
vn 0.773838 0.359756 0.521297
vn 0.734289 0.371277 0.568307
vn 0.770815 0.374625 0.515267
vn 0.697779 0.380138 0.607125
vn 0.681449 0.376365 0.627676
vn 0.657785 0.394848 0.641416
vn 0.820348 0.310916 0.479958
vn 0.859022 0.299455 0.415221
vn 0.844378 0.343531 0.41111
vn 0.806868 0.34515 0.479412
vn 0.803004 0.366862 0.469679
vn 0.838868 0.37765 0.392021
vn 0.839499 0.414669 0.351128
vn 0.805815 0.391366 0.444405
vn 0.936293 0.116339 0.331393
vn 0.969076 0.09014 0.229709
vn 0.91939 0.212904 0.330747
vn 0.954345 0.189498 0.230903
vn 0.900399 0.284843 0.328856
vn 0.937195 0.26752 0.223827
vn 0.884896 0.340115 0.318248
vn 0.920615 0.332289 0.205068
vn 0.875244 0.386881 0.290295
vn 0.904961 0.388596 0.173317
vn 0.868035 0.434158 0.240877
vn 0.977564 -0.184579 0.101487
vn 0.992387 -0.062968 0.105841
vn 0.992149 0.05722 0.111203
vn 0.980489 0.160648 0.113287
vn 0.963792 0.245934 0.103058
vn 0.944858 0.317083 0.081867
vn 0.923917 0.378806 0.0537
vn 0.931683 0.359346 -0.053263
vn 0.930534 0.329444 -0.159918
vn 0.255884 0.819213 0.513239
vn 0.38869 0.791746 0.47123
vn 0.212276 0.900117 0.380431
vn 0.360205 0.862742 0.354865
vn 0.172883 0.938104 0.300119
vn 0.32851 0.898988 0.289659
vn 0.514579 0.741855 0.429952
vn 0.599718 0.678867 0.423649
vn 0.493013 0.803214 0.334342
vn 0.58409 0.737373 0.339293
vn 0.469971 0.839533 0.272602
vn 0.57115 0.778591 0.259967
vn 0.633451 0.445346 0.632777
vn 0.671251 0.462562 0.579188
vn 0.614667 0.491693 0.616784
vn 0.640236 0.532264 0.55389
vn 0.723137 0.495037 0.481676
vn 0.678807 0.58074 0.449403
vn 0.639243 0.57565 0.509898
vn 0.656299 0.632801 0.410895
vn 0.625945 0.518917 0.582168
vn 0.667856 0.4029 0.625811
vn 0.709826 0.39929 0.580272
vn 0.758947 0.41252 0.503812
vn 0.602525 0.438427 0.666892
vn 0.628652 0.413628 0.658565
vn 0.593004 0.46208 0.659415
vn 0.607137 0.470799 0.640104
vn 0.638223 0.55068 0.537981
vn 0.639082 0.617804 0.45814
vn 0.635568 0.678022 0.369242
vn 0.622555 0.485457 0.613805
vn 0.6757 0.67593 0.29419
vn 0.71657 0.618798 0.321895
vn 0.76912 0.529526 0.35785
vn 0.635335 0.724397 0.267579
vn 0.194917 0.328568 0.924149
vn 0.113848 0.386514 0.91523
vn 0.293189 0.252805 0.922025
vn 0.161225 0.055248 0.98537
vn 0.100763 0.165442 0.981058
vn 0.037948 0.264209 0.963719
vn 0.033345 0.451163 0.891818
vn -0.028416 0.343759 0.938628
vn 0.005377 0.082091 0.99661
vn -0.028073 0.198166 0.979766
vn 0.032283 -0.043949 0.998512
vn -0.008404 -0.023329 0.999692
vn -0.01828 0.10268 0.994546
vn -0.032993 0.208654 0.977433
vn -0.062963 0.278628 0.958333
vn -0.047095 0.275519 0.960141
vn 0.461391 0.441488 0.76955
vn 0.439764 0.637319 0.632798
vn 0.380542 0.701712 0.602319
vn 0.543447 0.629866 0.554918
vn 0.500012 0.69415 0.517826
vn 0.541863 0.4223 0.726669
vn 0.372564 0.169039 0.912481
vn 0.418766 0.11227 0.901128
vn 0.226577 -0.135175 0.964568
vn 0.201696 -0.051107 0.978114
vn 0.054687 -0.160906 0.985454
vn 0.077113 -0.256959 0.963341
vn 0.022969 -0.270353 0.962487
vn 0.002664 -0.155589 0.987818
vn 0.034886 0.049095 0.998185
vn 0.035311 0.161985 0.986161
vn 0.150184 0.105252 0.98304
vn 0.153053 0.204353 0.966858
vn 0.144745 0.280135 0.948985
vn 0.028223 0.250901 0.967601
vn 0.030287 -0.087572 0.995698
vn 0.041969 -0.228688 0.972595
vn 0.113559 -0.157485 0.980971
vn 0.136649 -0.018199 0.990452
vn 0.27828 0.277106 0.919659
vn 0.291528 0.206402 0.934029
vn 0.291286 0.107365 0.950592
vn 0.399208 0.17057 0.900855
vn 0.382194 0.246797 0.890516
vn 0.131049 0.328169 0.935485
vn 0.020001 0.305756 0.9519
vn 0.258093 0.326486 0.909282
vn 0.364194 0.30753 0.879083
vn 0.447479 0.211004 0.869045
vn 0.444127 0.289093 0.848043
vn 0.477482 0.193099 0.857161
vn 0.501259 0.283728 0.817458
vn 0.456826 0.121908 0.881163
vn 0.461025 0.089259 0.882887
vn 0.446514 0.075928 0.891549
vn 0.494562 0.195169 0.846946
vn 0.547505 0.293265 0.783731
vn 0.074217 -0.112961 0.990824
vn 0.116129 -0.056969 0.991599
vn -0.010921 -0.201943 0.979336
vn -0.003526 -0.145616 0.989335
vn -0.00431 -0.20731 0.978266
vn -0.047217 -0.172959 0.983797
vn 0.11169 -0.158372 0.981042
vn 0.518358 0.094725 0.849901
vn 0.334474 0.024333 0.942091
vn 0.163281 -0.058713 0.984831
vn 0.179112 -0.079916 0.980578
vn 0.025297 -0.129808 0.991216
vn -0.048814 -0.169322 0.984351
vn -0.147122 -0.483897 -0.86267
vn -0.129352 -0.47432 -0.870798
vn -0.136578 -0.51473 -0.846404
vn -0.12237 -0.503884 -0.855059
vn -0.106094 -0.463757 -0.879587
vn -0.096381 -0.492343 -0.865049
vn -0.092325 -0.513287 -0.853237
vn -0.119603 -0.527201 -0.841281
vn -0.134318 -0.537867 -0.83226
vn -0.178174 -0.435561 -0.88235
vn -0.148622 -0.423644 -0.893553
vn -0.230302 -0.362812 -0.902955
vn -0.184879 -0.339631 -0.92221
vn -0.151894 -0.321911 -0.934506
vn -0.123744 -0.411507 -0.902967
vn -0.168099 -0.490988 -0.854794
vn -0.216903 -0.444499 -0.869122
vn -0.197379 -0.498723 -0.843988
vn -0.255034 -0.463366 -0.848675
vn -0.28134 -0.38794 -0.877696
vn -0.32125 -0.419952 -0.848787
vn -0.152578 -0.52482 -0.837427
vn -0.149953 -0.546572 -0.823877
vn -0.191008 -0.5274 -0.827868
vn -0.183368 -0.547534 -0.816445
vn -0.075628 -0.455995 -0.886763
vn -0.064019 -0.482606 -0.873495
vn -0.061257 -0.497092 -0.865533
vn -0.09302 -0.401714 -0.911028
vn -0.115563 -0.308119 -0.944303
vn -0.049362 -0.392111 -0.918593
vn -0.243728 -0.530562 -0.81185
vn -0.259353 -0.501061 -0.825635
vn -0.325501 -0.496889 -0.804456
vn -0.335631 -0.46047 -0.821778
vn -0.155898 -0.613213 -0.774381
vn -0.210579 -0.590263 -0.77926
vn -0.062049 -0.809992 -0.583149
vn -0.118745 -0.768983 -0.628144
vn -0.291971 -0.550783 -0.781915
vn -0.209144 -0.696008 -0.6869
vn -0.126092 -0.619672 -0.774666
vn -0.110018 -0.617311 -0.778989
vn -0.011505 -0.836894 -0.547244
vn -0.030232 -0.828959 -0.558492
vn -0.094252 -0.611003 -0.785997
vn -0.068478 -0.598539 -0.798161
vn 0.031146 -0.834973 -0.549409
vn 0.006106 -0.838964 -0.544153
vn -0.040499 -0.579735 -0.813798
vn 0.058401 -0.824183 -0.563304
vn 0.40996 -0.105818 0.905945
vn 0.334442 -0.092695 0.937847
vn 0.249022 -0.109074 0.962336
vn 0.671788 0.586469 -0.452499
vn -0.667564 0.71786 0.197573
vn -0.734529 0.620555 0.27455
vn -0.630138 0.719889 0.291007
vn -0.690721 0.627659 0.359095
vn -0.633487 0.63334 0.444494
vn -0.58618 0.715716 0.379663
vn -0.701232 0.706983 0.091918
vn -0.76954 0.612026 0.1823
vn -0.733119 0.678548 -0.045927
vn -0.797078 0.601025 0.05862
vn -0.583314 0.804753 0.110081
vn -0.616295 0.787515 0.001167
vn -0.658453 0.740946 -0.132056
vn -0.555058 0.805935 0.205864
vn -0.526962 0.797502 0.293771
vn -0.486524 0.785189 0.383109
vn -0.526047 0.711781 0.465448
vn -0.833502 -0.044592 -0.550715
vn -0.883268 0.099194 -0.458256
vn -0.678752 -0.124935 -0.723662
vn -0.741191 -0.180294 -0.64663
vn -0.557657 -0.241929 -0.794033
vn -0.612467 -0.292833 -0.734257
vn -0.749963 -0.211185 -0.626863
vn -0.622502 -0.335117 -0.70724
vn -0.578644 -0.060867 -0.813306
vn -0.465516 -0.010654 -0.884976
vn -0.381066 -0.143115 -0.913404
vn -0.473728 -0.188774 -0.860201
vn -0.355834 0.024233 -0.934235
vn -0.292173 -0.108369 -0.950206
vn 0.260035 -0.194942 0.945716
vn 0.103123 -0.331559 0.937782
vn 0.057384 -0.353725 0.933587
vn 0.475698 0.080188 0.875946
vn 0.621962 0.390956 0.678466
vn 0.095564 -0.314126 0.944559
vn 0.196487 -0.194304 0.961061
vn 0.653886 0.575296 0.491393
vn 0.640687 0.629754 0.439238
vn 0.340157 0.68548 0.643747
vn 0.341728 0.610955 0.714112
vn 0.470736 0.573924 0.670089
vn 0.466346 0.673748 0.573224
vn 0.618356 0.617408 0.486254
vn 0.614537 0.520244 0.593036
vn 0.270589 -0.024829 0.962375
vn -0.308965 0.432975 -0.846802
vn -0.191155 0.570128 -0.799008
vn -0.200503 0.896668 0.394696
vn -0.09382 0.990664 0.098907
vn -0.009786 0.682291 -0.731016
vn 0.163663 0.810061 -0.563041
vn 0.000254 0.675612 -0.737258
vn 0.168333 0.790999 -0.588205
vn 0.29496 0.885532 -0.358932
vn 0.313061 0.877162 -0.364116
vn 0.280622 0.945425 -0.165599
vn 0.078082 0.815932 -0.572851
vn -0.057779 0.700978 -0.710839
vn 0.204391 0.909362 -0.362333
vn 0.320503 0.741711 0.589188
vn -0.189693 0.921989 0.337569
vn 0.114562 0.817234 0.564805
vn -0.753622 0.625565 -0.201801
vn -0.805561 0.582475 -0.108601
vn -0.700601 0.662717 -0.264507
vn -0.55893 0.635904 0.532187
vn 0.141282 0.897137 0.418551
vn 0.006643 0.832864 0.553438
vn -0.085846 0.686646 0.721905
vn -0.128087 0.484973 0.865098
vn -0.169101 0.211462 0.962647
vn -0.133951 0.361954 0.922522
vn -0.117658 0.479353 0.869699
vn -0.456633 -0.394122 -0.797593
vn -0.458539 -0.43538 -0.774717
vn -0.422213 -0.348731 -0.836734
vn -0.584795 -0.410798 -0.699471
vn -0.709406 -0.290071 -0.642341
vn -0.433178 -0.702456 -0.564723
vn -0.598621 -0.550061 -0.582311
vn -0.430474 -0.495622 -0.754355
vn -0.36115 -0.64971 -0.668915
vn -0.831316 0.523375 0.187064
vn -0.834564 0.476765 0.27604
vn -0.822791 0.398102 0.405622
vn -0.768874 0.269716 0.57973
vn -0.631906 0.271291 0.726014
vn -0.653584 0.218291 0.724691
vn -0.68615 0.142459 0.713375
vn -0.522427 -0.122776 -0.843799
vn -0.578604 -0.088871 -0.810753
vn -0.520411 -0.141931 -0.842038
vn -0.564602 -0.129454 -0.815148
vn -0.622845 -0.087631 -0.777422
vn -0.607775 -0.133076 -0.78288
vn -0.57822 -0.21769 -0.786303
vn -0.615823 -0.21438 -0.758158
vn -0.525368 -0.133245 -0.840378
vn -0.588143 -0.062035 -0.806375
vn -0.522388 -0.133518 -0.84219
vn -0.568158 -0.039227 -0.821984
vn -0.623798 -0.044484 -0.780319
vn -0.471058 -0.181836 -0.863157
vn -0.457094 -0.221116 -0.861494
vn -0.432861 -0.248579 -0.86651
vn -0.48872 -0.169182 -0.85588
vn -0.626414 -0.282657 -0.726437
vn -0.594047 -0.299968 -0.74641
vn -0.653354 -0.20837 -0.727812
vn -0.660919 -0.256253 -0.705351
vn -0.663576 -0.255603 -0.703089
vn -0.648063 -0.141407 -0.748344
vn -0.65799 -0.098708 -0.74653
vn -0.684279 -0.14645 -0.714363
vn -0.8366 0.334352 -0.433947
vn -0.258914 -0.550674 -0.79355
vn -0.371014 -0.405472 -0.835429
vn -0.095896 -0.883588 -0.45834
vn -0.199798 -0.813605 -0.546011
vn -0.334419 -0.686732 -0.645417
vn -0.467701 -0.277055 -0.839343
vn -0.165312 -0.651258 -0.740632
vn -0.026476 -0.914827 -0.402978
vn -0.185703 -0.210991 -0.959686
vn -0.139027 -0.196336 -0.970631
vn -0.23317 -0.232215 -0.944303
vn -0.298071 -0.265705 -0.916818
vn 0.032103 -0.373066 -0.927249
vn 0.101772 0.506598 0.856155
vn 0.054787 0.472236 0.879768
vn 0.037154 0.427323 0.903335
vn 0.027814 0.389259 0.920708
vn 0.005349 0.351398 0.936211
vn 0.081485 0.42551 0.901278
vn 0.150623 0.532575 0.832872
vn 0.140275 0.459249 0.877162
vn 0.174815 0.552605 0.814903
vn 0.182985 0.475504 0.860472
vn 0.203776 0.559755 0.803212
vn 0.235553 0.456821 0.857805
vn 0.275543 0.541291 0.794405
vn 0.323067 0.408644 0.853603
vn 0.134458 0.375712 0.916931
vn 0.207465 0.37298 0.904347
vn 0.064813 0.348028 0.935241
vn 0.054642 0.286686 0.956465
vn 0.140394 0.292432 0.945925
vn 0.247003 0.254739 0.934932
vn 0.290519 0.315755 0.903271
vn 0.355663 0.159359 0.920928
vn 0.377548 0.234686 0.895757
vn 0.473634 0.172691 0.863626
vn 0.595627 0.117139 0.794674
vn 0.561344 0.274786 0.780631
vn 0.434973 0.346494 0.831108
vn 0.424002 -0.023784 0.905349
vn 0.303562 0.101177 0.947425
vn 0.212684 -0.789053 0.576334
vn 0.25637 -0.631234 0.731996
vn 0.173598 -0.664969 0.726416
vn 0.151374 -0.814863 0.55954
vn 0.299266 -0.46211 0.834802
vn 0.199606 -0.510632 0.836309
vn 0.067149 -0.540726 0.838515
vn 0.069268 -0.683707 0.726462
vn 0.078152 -0.830477 0.551544
vn 0.254105 -0.754681 0.604886
vn 0.308285 -0.587317 0.748344
vn 0.269958 -0.714924 0.644986
vn 0.322847 -0.539952 0.777317
vn 0.356001 -0.406365 0.841505
vn 0.363105 -0.3565 0.86085
vn 0.173766 -0.900205 0.399295
vn 0.200344 -0.881739 0.427081
vn 0.15231 -0.962721 0.22354
vn 0.160002 -0.961242 0.224529
vn 0.158468 -0.959152 0.234342
vn 0.21172 -0.859242 0.465702
vn 0.135093 -0.913464 0.38384
vn 0.088695 -0.921385 0.378394
vn 0.134896 -0.962965 0.233455
vn 0.107137 -0.961093 0.2546
vn -0.000441 -0.835594 0.549348
vn 0.032529 -0.929328 0.36782
vn -0.078482 -0.831706 0.549641
vn -0.012904 -0.934501 0.355727
vn 0.053985 -0.967686 0.24631
vn 0.044977 -0.984282 0.17078
vn -0.042468 -0.685072 0.727236
vn -0.070838 -0.547043 0.834102
vn -0.188474 -0.541538 0.819277
vn -0.148087 -0.674094 0.723649
vn -0.295976 -0.535927 0.790684
vn -0.249939 -0.658612 0.709761
vn -0.34913 -0.643106 0.68156
vn -0.160338 -0.821072 0.547843
vn -0.249676 -0.805971 0.536724
vn -0.203965 -0.411498 0.888295
vn -0.317528 -0.411696 0.854214
vn -0.212711 -0.23537 0.948343
vn -0.338582 -0.205468 0.918229
vn -0.082103 -0.410817 0.908014
vn 0.077439 -0.398067 0.914082
vn -0.083227 -0.253239 0.963817
vn 0.094884 -0.250897 0.963352
vn -0.059898 -0.930993 0.360088
vn -0.132741 -0.918724 0.371921
vn -0.031327 -0.970456 0.239237
vn 0.021634 -0.979509 0.200237
vn -0.361534 0.062943 0.930232
vn -0.227084 -0.012336 0.973797
vn -0.238057 0.243717 0.940176
vn -0.371562 0.334639 0.866001
vn -0.449022 -0.627119 0.636475
vn -0.559124 -0.593231 0.579187
vn -0.43514 -0.760549 0.481892
vn -0.341642 -0.788285 0.511749
vn -0.219403 -0.904121 0.366643
vn -0.296245 -0.887197 0.353724
vn -0.121095 -0.961283 0.247531
vn -0.154905 -0.96685 0.202993
vn -0.670354 -0.524635 0.52477
vn -0.536428 -0.710863 0.454884
vn -0.380134 -0.859595 0.34146
vn -0.481719 -0.810838 0.332399
vn -0.242255 -0.945402 0.218007
vn -0.277661 -0.942716 0.18491
vn -0.584121 -0.734116 0.346231
vn -0.397888 -0.888257 0.229531
vn 0.004292 0.733628 0.679538
vn 0.170947 0.669793 0.722603
vn -0.154229 0.771542 0.6172
vn -0.200354 0.669135 0.715623
vn -0.026668 0.610666 0.79144
vn 0.166863 0.538312 0.826061
vn 0.325326 0.586074 0.742078
vn 0.346534 0.465029 0.814655
vn 0.420403 0.517093 0.745571
vn 0.4499 0.426603 0.784602
vn -0.268689 0.781082 0.563664
vn -0.318783 0.705747 0.632692
vn -0.357121 0.557232 0.749637
vn -0.231916 0.483637 0.843985
vn -0.053922 0.409431 0.910746
vn -0.071554 0.173097 0.982302
vn 0.153863 0.347988 0.924787
vn 0.134809 0.131812 0.982065
vn -0.673287 -0.491426 0.552435
vn -0.723307 -0.501933 0.474225
vn -0.416621 -0.806267 0.419953
vn -0.382829 -0.861707 0.333021
vn -0.768234 -0.503239 0.395685
vn -0.500516 -0.838378 0.215883
vn -0.429154 -0.880989 0.19921
vn -0.495884 -0.796227 0.346586
vn 0.383275 0.49072 0.782492
vn 0.513808 0.419894 0.748124
vn 0.653039 0.34925 0.671985
vn 0.695688 0.196021 0.691081
vn 0.72396 0.047307 0.688218
vn 0.197356 -0.172863 0.964971
vn 0.255956 -0.342956 0.903807
vn 0.328564 -0.509777 0.795093
vn 0.387189 -0.633102 0.670274
vn 0.080702 0.289827 0.953671
vn 0.020753 0.314203 0.949129
vn 0.092307 0.345662 0.933808
vn 0.049336 0.379182 0.924006
vn 0.074367 0.253389 0.964502
vn 0.003438 0.269051 0.96312
vn 0.073491 0.18228 0.980496
vn -0.008095 0.195938 0.980583
vn -0.030156 0.225489 0.973779
vn -0.01473 0.292434 0.956172
vn 0.152474 0.289212 0.945044
vn 0.161998 0.251738 0.954141
vn 0.205831 0.308406 0.928719
vn 0.230201 0.266608 0.93591
vn 0.252505 0.209255 0.944698
vn 0.174313 0.18927 0.966329
vn 0.143177 0.341583 0.928882
vn 0.179224 0.354793 0.917606
vn 0.07832 0.082003 0.99355
vn -0.020009 0.096919 0.995091
vn 0.084651 -0.03181 0.995903
vn -0.031008 -0.019918 0.999321
vn -0.049344 0.138946 0.98907
vn -0.06945 0.018075 0.997422
vn 0.194183 0.099413 0.975915
vn 0.274061 0.126293 0.953384
vn 0.293205 0.001795 0.956048
vn 0.214678 -0.018279 0.976514
vn -0.005935 0.259696 0.965672
vn -0.022095 0.186298 0.982245
vn -0.035815 0.062953 0.997374
vn 0.055565 0.208519 0.976439
vn 0.009006 0.318592 0.947849
vn 0.168406 0.181779 0.968812
vn 0.088235 -0.157345 0.983594
vn -0.036988 -0.151747 0.987727
vn 0.088045 -0.295978 0.951128
vn -0.037842 -0.297126 0.954088
vn -0.082726 -0.13219 0.987766
vn 0.225191 -0.154133 0.962046
vn 0.303035 -0.149066 0.941249
vn 0.224737 -0.295955 0.928388
vn 0.299687 -0.302089 0.904948
vn -0.039895 -0.110198 0.993109
vn 0.081858 -0.443731 0.892413
vn -0.038349 -0.438257 0.898031
vn 0.063585 -0.584855 0.808642
vn -0.046187 -0.554301 0.831034
vn 0.2152 -0.450113 0.866653
vn 0.282752 -0.463966 0.839516
vn 0.192527 -0.612037 0.767036
vn 0.250338 -0.637015 0.72907
vn 0.028213 -0.750891 0.659823
vn 0.151616 -0.781978 0.604586
vn 0.201288 -0.806477 0.555948
vn 0.084868 -0.947262 0.309018
vn 0.133071 -0.951551 0.277207
vn -0.025456 -0.939805 0.340762
vn -0.069081 -0.715584 0.695102
vn -0.103378 -0.928618 0.356345
vn 0.512498 -0.568341 0.643688
vn 0.471264 -0.628736 0.618548
vn 0.427216 -0.700406 0.571767
vn 0.303372 -0.842161 0.445791
vn 0.259173 -0.893496 0.366735
vn 0.448785 -0.720921 0.528077
vn 0.478044 -0.719143 0.504288
vn 0.339958 -0.844651 0.413513
vn 0.316284 -0.880527 0.35304
vn 0.509501 -0.714017 0.480197
vn 0.535467 -0.711815 0.454527
vn 0.407467 -0.8316 0.377375
vn 0.356993 0.383028 0.851965
vn 0.396816 0.321081 0.85991
vn 0.262562 0.340796 0.902729
vn 0.299105 0.294528 0.907628
vn 0.420025 0.225558 0.879035
vn 0.327187 0.227008 0.917287
vn 0.450105 0.412668 0.791903
vn 0.477165 0.322189 0.817623
vn 0.46093 0.305441 0.833216
vn 0.483965 0.193023 0.853534
vn 0.452461 0.146946 0.879594
vn 0.305258 0.426147 0.851596
vn 0.401989 0.478198 0.780853
vn 0.221548 0.377742 0.899015
vn 0.466799 0.046242 0.883153
vn 0.421154 0.105244 0.900862
vn 0.42512 -0.021524 0.904881
vn 0.434068 -0.083309 0.89702
vn 0.386655 -0.1558 0.908969
vn 0.407735 -0.024186 0.91278
vn 0.342232 0.132618 0.93021
vn 0.348884 0.004085 0.937157
vn 0.349706 -0.152259 0.924404
vn 0.389732 -0.175952 0.903964
vn 0.338755 -0.321363 0.884291
vn 0.311066 -0.496022 0.810679
vn 0.266932 -0.673473 0.689334
vn 0.211307 -0.833655 0.510263
vn 0.149274 -0.956233 0.251665
vn 0.345803 0.307935 0.886339
vn 0.329521 0.121281 0.936326
vn -0.081007 -0.062332 0.994763
vn 0.113589 -0.08183 0.990152
vn 0.302466 -0.068354 0.950706
vn 0.270277 -0.21676 0.938065
vn 0.234094 -0.356464 0.904507
vn 0.343957 -0.293517 0.891931
vn 0.397515 -0.226587 0.889179
vn 0.855188 -0.226285 -0.466314
vn 0.802191 0.439964 0.403635
vn 0.833031 0.469754 0.292217
vn 0.853077 0.490808 0.177108
vn -0.365597 -0.305345 -0.879263
vn -0.646406 -0.047187 -0.761533
vn -0.717348 -0.143395 -0.681798
vn -0.490438 -0.037185 -0.870683
vn -0.519819 -0.091817 -0.849328
vn -0.657842 -0.199483 -0.726258
vn -0.740247 0.403158 -0.538049
vn -0.908681 0.323412 -0.264016
vn -0.763592 0.488934 -0.421748
vn -0.354767 0.641246 -0.6804
vn -0.39297 0.693236 -0.604152
vn -0.758496 0.553293 -0.34431
vn -0.404513 0.747482 -0.526916
vn -0.911425 0.367574 -0.184917
vn -0.662736 0.345357 -0.664462
vn -0.28563 0.608132 -0.740669
vn -0.956782 0.22915 -0.179051
vn -0.964857 0.244223 -0.096982
vn -0.923751 0.353988 -0.146206
vn -0.978498 0.200073 -0.050122
vn -0.938157 0.309196 -0.155753
vn -0.991072 0.129569 -0.031439
vn -0.757663 0.570645 -0.316718
vn -0.407588 0.767196 -0.495261
vn -0.748021 0.554465 -0.364736
vn -0.399573 0.739319 -0.541986
vn -0.092824 0.795477 -0.598832
vn -0.385104 0.69828 -0.603408
vn -0.113753 0.755497 -0.645201
vn 0.052942 0.799811 -0.597912
vn 0.042033 0.767798 -0.639311
vn 0.014477 0.763558 -0.645577
vn -0.163473 0.73666 -0.656208
vn -0.39982 0.665471 -0.630311
vn -0.08211 0.824538 -0.559818
vn -0.060099 0.807256 -0.587134
vn 0.061755 0.826135 -0.560078
vn 0.090912 0.812344 -0.576048
vn -0.718213 0.535275 -0.444579
vn -0.700876 0.505307 -0.503426
vn -0.945102 0.262022 -0.195263
vn -0.949424 0.208732 -0.234574
vn -0.997588 0.059813 -0.035218
vn -0.99888 -0.003208 -0.04721
vn 0.115941 0.764865 -0.633671
vn 0.093564 0.791369 -0.604136
vn -0.036665 0.777692 -0.627576
vn 0.133305 0.762803 -0.632742
vn 0.119034 0.797654 -0.591253
vn 0.019842 0.83689 -0.547011
vn 0.060441 0.861082 -0.50486
vn -0.12146 0.797679 -0.590725
vn 0.116283 0.765685 -0.632617
vn 0.109572 0.797633 -0.593106
vn 0.11538 0.795991 -0.59421
vn 0.127499 0.762483 -0.634322
vn -0.242013 0.729024 -0.640277
vn -0.330086 0.727542 -0.601436
vn -0.463987 0.634747 -0.617909
vn -0.547281 0.619463 -0.562805
vn -0.730371 0.460414 -0.504556
vn -0.78686 0.438373 -0.434374
vn -0.976024 0.147715 -0.159868
vn -0.960491 0.157613 -0.229379
vn -0.998457 -0.042683 -0.035537
vn -0.999258 -0.03125 0.022525
vn -0.227122 0.815955 -0.531633
vn -0.400385 0.744031 -0.534892
vn -0.308704 0.836542 -0.452659
vn -0.432367 0.788556 -0.437309
vn -0.607263 0.639052 -0.472064
vn -0.627706 0.697766 -0.34512
vn -0.105671 0.871943 -0.478068
vn -0.041994 0.9102 -0.412034
vn -0.147528 0.920947 -0.360682
vn -0.224851 0.880511 -0.417304
vn -0.828713 0.460181 -0.318539
vn -0.837674 0.521147 -0.163424
vn -0.961365 0.258591 0.094384
vn -0.981248 0.186029 -0.050448
vn -0.993035 0.026372 0.11483
vn -0.964527 0.113634 0.238276
vn -0.093316 0.946447 -0.309079
vn -0.152258 0.946121 -0.285783
vn -0.222286 0.920786 -0.320533
vn -0.167267 0.946102 -0.277332
vn -0.020322 0.930273 -0.366305
vn 0.047839 0.875288 -0.48123
vn -0.294785 0.889459 -0.349234
vn -0.33935 0.868533 -0.361236
vn -0.419365 0.846415 -0.3282
vn -0.6077 0.766158 -0.209053
vn -0.812106 0.583414 -0.010552
vn -0.919683 0.324833 0.220606
vn -0.922214 0.187439 0.338212
vn -0.998755 -0.034127 0.036386
vn -0.995736 0.078403 0.048613
vn -0.982503 0.171194 0.073352
vn 0.126281 0.647744 -0.75132
vn 0.137879 0.710811 -0.689737
vn 0.23635 0.707863 -0.665633
vn 0.22128 0.665755 -0.712604
vn 0.259831 0.683695 -0.681945
vn 0.274664 0.711984 -0.646249
vn 0.132161 0.765256 -0.630014
vn 0.112721 0.809928 -0.575597
vn 0.201841 0.784269 -0.586671
vn 0.230894 0.744249 -0.626723
vn 0.273159 0.728336 -0.62842
vn 0.241762 0.758516 -0.605149
vn 0.1985 0.744623 -0.637287
vn 0.229481 0.724723 -0.649704
vn 0.067793 0.71336 -0.697511
vn 0.028729 0.7327 -0.679946
vn 0.089583 0.83759 -0.538904
vn 0.075039 0.844178 -0.530784
vn 0.159972 0.816723 -0.554411
vn 0.123845 0.833731 -0.538102
vn 0.188235 0.792582 -0.579983
vn 0.136422 0.820722 -0.554802
vn 0.144677 0.775958 -0.613969
vn -0.018984 0.764853 -0.643925
vn 0.076958 0.831016 -0.5509
vn 0.089522 0.795291 -0.599582
vn 0.109396 0.829313 -0.547971
vn 0.110268 0.826515 -0.552009
vn 0.100013 0.762582 -0.639113
vn 0.102248 0.764413 -0.636567
vn 0.089852 0.803873 -0.587976
vn -0.154775 0.964691 -0.213109
vn -0.094573 0.968844 -0.228906
vn 0.05446 0.993358 -0.101363
vn 0.128937 0.990993 0.036161
vn -0.030177 0.980328 -0.195054
vn -0.385482 -0.248376 -0.888658
vn -0.118093 -0.264725 -0.957066
vn -0.284261 -0.812777 -0.508517
vn 0.028134 -0.795125 -0.605793
vn -0.516301 -0.219267 -0.827862
vn -0.453684 -0.615428 -0.64453
vn -0.034962 -0.997949 -0.053627
vn -0.07821 -0.995874 -0.046025
vn -0.031169 -0.998062 -0.053854
vn -0.075003 -0.996112 -0.046213
vn -0.088979 -0.99507 -0.043796
vn -0.090085 -0.994973 -0.043747
vn -0.071801 -0.996336 -0.046469
vn -0.091083 -0.994885 -0.043684
vn -0.027379 -0.998158 -0.054146
vn 0.080557 -0.994477 -0.067276
vn 0.068815 -0.995329 -0.067718
vn 0.079143 -0.994598 -0.067165
vn 0.068421 -0.995357 -0.067691
vn 0.048675 -0.996638 -0.065908
vn 0.049705 -0.996583 -0.065976
vn 0.068033 -0.995386 -0.067658
vn 0.050732 -0.996526 -0.066049
vn 0.077735 -0.994717 -0.067044
vn 0.07205 -0.995537 -0.060946
vn 0.082449 -0.994475 -0.064971
vn 0.069595 -0.995727 -0.060701
vn 0.08035 -0.994659 -0.064785
vn 0.078251 -0.994839 -0.064585
vn 0.067137 -0.995912 -0.06044
vn 0.029416 -0.998305 -0.050212
vn 0.052746 -0.997048 -0.055789
vn 0.027043 -0.998386 -0.049948
vn 0.050237 -0.997193 -0.05552
vn 0.047725 -0.997332 -0.055234
vn 0.024656 -0.998462 -0.049662
vn -0.014605 -0.999085 -0.040197
vn 0.005564 -0.998981 -0.044799
vn -0.016291 -0.999067 -0.039994
vn 0.003479 -0.999001 -0.044556
vn 0.001376 -0.999018 -0.044292
vn -0.017992 -0.999047 -0.039773
vn -0.019351 -0.999191 -0.035245
vn -0.024821 -0.999006 -0.037024
vn -0.026414 -0.998972 -0.036835
vn -0.021625 -0.999154 -0.034983
vn -0.02801 -0.998936 -0.036632
vn -0.0239 -0.999112 -0.034703
vn -0.054561 -0.998175 -0.025889
vn -0.022286 -0.999243 -0.031896
vn -0.055729 -0.998114 -0.025752
vn -0.024759 -0.999194 -0.031612
vn -0.027287 -0.999137 -0.031305
vn -0.056986 -0.998047 -0.025604
vn -0.104912 -0.994286 -0.019739
vn -0.088041 -0.995888 -0.021342
vn -0.104454 -0.994333 -0.019804
vn -0.087954 -0.995896 -0.021356
vn -0.087907 -0.995899 -0.021374
vn -0.104 -0.994379 -0.019877
vn -0.128696 -0.991509 -0.018639
vn -0.11557 -0.993115 -0.019165
vn -0.115038 -0.993175 -0.019244
vn -0.127777 -0.991626 -0.018758
vn -0.11451 -0.993234 -0.019327
vn -0.126859 -0.991741 -0.018889
vn -0.095039 -0.995005 -0.03053
vn -0.09897 -0.994603 -0.031133
vn -0.113076 -0.993207 -0.027443
vn -0.108533 -0.993715 -0.027399
vn -0.105454 -0.993909 -0.032016
vn -0.118052 -0.992622 -0.027668
vn -0.128553 -0.991435 -0.023044
vn -0.132145 -0.990966 -0.0229
vn -0.12498 -0.991887 -0.023247
vn -0.137989 -0.990242 -0.019474
vn -0.135973 -0.990518 -0.019653
vn -0.133938 -0.99079 -0.01987
vn 0.015764 -0.997998 -0.061255
vn 0.01829 -0.997945 -0.06141
vn 0.020805 -0.997884 -0.061594
vn 0.023456 -0.998181 -0.055537
vn 0.140104 -0.98854 -0.05621
vn 0.020862 -0.998244 -0.055442
vn 0.143943 -0.98799 -0.056182
vn 0.240272 -0.969476 -0.048857
vn 0.249126 -0.967246 -0.048695
vn 0.147654 -0.987445 -0.056127
vn 0.257713 -0.965006 -0.048451
vn 0.018212 -0.998304 -0.05529
vn -0.06042 -0.996982 -0.048746
vn -0.065366 -0.99668 -0.048537
vn -0.070213 -0.996365 -0.048238
vn 0.269973 -0.962417 -0.029455
vn 0.21461 -0.976395 -0.02442
vn 0.278486 -0.959994 -0.029263
vn 0.219539 -0.975301 -0.024318
vn 0.182535 -0.98296 -0.021694
vn 0.185638 -0.98238 -0.021632
vn 0.22426 -0.974229 -0.024194
vn 0.188637 -0.98181 -0.021558
vn 0.286556 -0.957624 -0.029007
vn 0.291496 -0.955809 -0.038206
vn 0.301937 -0.952572 -0.037959
vn 0.311915 -0.949366 -0.037603
vn 0.144046 -0.9894 -0.018401
vn 0.124592 -0.992058 -0.017227
vn 0.146204 -0.989084 -0.018354
vn 0.126654 -0.991798 -0.017176
vn 0.106042 -0.994234 -0.015952
vn 0.108584 -0.993961 -0.015875
vn 0.128668 -0.99154 -0.017129
vn 0.111069 -0.993687 -0.015807
vn 0.148305 -0.988772 -0.018308
vn 0.164053 -0.986253 -0.019818
vn 0.166622 -0.985823 -0.019765
vn 0.16911 -0.9854 -0.019707
vn 0.083197 -0.99643 -0.014319
vn 0.086715 -0.996132 -0.014204
vn 0.053027 -0.998518 -0.012206
vn 0.057695 -0.998262 -0.012035
vn 0.090161 -0.995828 -0.014095
vn 0.062294 -0.997987 -0.01187
vn -0.017515 -0.999825 -0.006503
vn -0.056598 -0.998392 -0.003133
vn -0.011057 -0.99992 -0.006157
vn -0.049364 -0.998777 -0.002669
vn -0.096766 -0.995307 0.000669
vn -0.088758 -0.996053 0.001275
vn -0.042192 -0.999107 -0.00225
vn -0.080843 -0.996725 0.001809
vn -0.004651 -0.999972 -0.005834
vn 0.018951 -0.999775 -0.009562
vn 0.024605 -0.999654 -0.009311
vn 0.030206 -0.999503 -0.009072
vn -0.179019 -0.983785 0.010906
vn -0.178842 -0.983632 0.021996
vn -0.166961 -0.985889 0.0121
vn -0.16749 -0.985601 0.023179
vn -0.0818 -0.995897 0.038695
vn -0.080564 -0.995994 0.038799
vn -0.1567 -0.987351 0.024165
vn -0.079448 -0.996082 0.038842
vn -0.155256 -0.987787 0.013122
vn -0.136329 -0.99065 0.005194
vn -0.126991 -0.991886 0.006014
vn -0.117829 -0.993011 0.006725
vn 0.07674 -0.996355 0.037264
vn 0.096701 -0.99507 0.022026
vn 0.074954 -0.997017 0.018427
vn 0.0565 -0.997781 0.035214
vn 0.128674 -0.99163 0.01058
vn 0.115488 -0.993305 0.00289
vn 0.096346 -0.99534 -0.004041
vn 0.053698 -0.998442 0.01515
vn 0.037928 -0.998721 0.033425
vn 0.029885 -0.998481 0.046292
vn 0.018518 -0.998811 0.045104
vn 0.007954 -0.998998 0.044042
vn 0.023213 -0.999624 -0.014595
vn 0.015694 -0.999784 0.013658
vn 0.070216 -0.997293 0.021811
vn -0.020421 -0.99955 -0.021985
vn -0.110593 -0.989488 -0.093182
vn -0.212453 -0.946626 -0.242412
vn -0.123401 -0.983667 -0.13104
vn -0.03098 -0.999175 0.02625
vn -0.037057 -0.999301 0.004942
vn -0.086262 -0.995912 -0.026797
vn -0.047094 -0.998556 0.025839
vn -0.176316 -0.978575 -0.106317
vn -0.057945 -0.997901 0.028929
vn -0.072669 -0.996568 0.039642
vn -0.031531 -0.998708 0.039853
vn -0.0415 -0.998373 0.039108
vn -0.071041 -0.99668 0.03978
vn -0.049575 -0.997998 0.039267
vn -0.069451 -0.996786 0.039923
vn -0.10803 -0.993984 0.018059
vn -0.112678 -0.993207 0.029045
vn -0.100984 -0.994429 0.030221
vn -0.095144 -0.995277 0.019297
vn -0.090014 -0.995448 0.031314
vn -0.082977 -0.996342 0.020452
vn -0.048028 -0.998836 0.004375
vn -0.08019 -0.996728 0.010192
vn -0.069788 -0.9975 0.011085
vn -0.038914 -0.99923 0.005054
vn -0.059863 -0.998135 0.011928
vn -0.030168 -0.999529 0.005698
vn 0.022233 -0.999743 -0.004379
vn -0.012285 -0.999925 -0.000287
vn -0.003988 -0.999992 0.000243
vn 0.029682 -0.999552 -0.003978
vn 0.003992 -0.999992 0.000745
vn 0.036862 -0.999314 -0.0036
vn 0.081489 -0.996611 -0.01119
vn 0.053745 -0.998522 -0.008043
vn 0.060243 -0.998154 -0.007753
vn 0.08673 -0.996171 -0.010995
vn 0.066499 -0.997758 -0.007485
vn 0.09175 -0.995723 -0.010817
vn 0.12143 -0.992479 -0.015533
vn 0.104463 -0.994435 -0.013665
vn 0.108331 -0.994023 -0.01354
vn 0.124238 -0.992132 -0.015449
vn 0.112022 -0.993615 -0.013424
vn 0.126913 -0.991795 -0.015379
vn 0.157175 -0.987404 -0.018138
vn 0.137132 -0.990408 -0.016936
vn 0.139449 -0.990085 -0.016876
vn 0.159618 -0.987013 -0.018082
vn 0.141669 -0.989771 -0.016832
vn 0.16196 -0.986632 -0.018041
vn 0.201472 -0.979261 -0.021365
vn 0.17966 -0.983535 -0.01953
vn 0.18257 -0.983 -0.019465
vn 0.205038 -0.978522 -0.021292
vn 0.185349 -0.982481 -0.019415
vn 0.208448 -0.977803 -0.021227
vn 0.32169 -0.946412 -0.02864
vn 0.244749 -0.969291 -0.023945
vn 0.250596 -0.967798 -0.02383
vn 0.331712 -0.942952 -0.028427
vn 0.256231 -0.966324 -0.023728
vn 0.341312 -0.939526 -0.028247
vn 0.296478 -0.953823 -0.04818
vn 0.355314 -0.934009 -0.037145
vn 0.367606 -0.929251 -0.036858
vn 0.307792 -0.950243 -0.047972
vn 0.379184 -0.924596 -0.036616
vn 0.31847 -0.946727 -0.047796
vn 0.005842 -0.99847 -0.054979
vn 0.165318 -0.984637 -0.056219
vn 0.17066 -0.983726 -0.056193
vn 0.001952 -0.998492 -0.054855
vn 0.175705 -0.982839 -0.056176
vn -0.001918 -0.998499 -0.054732
vn -0.095452 -0.994481 -0.043557
vn -0.092818 -0.994553 -0.047431
vn -0.096797 -0.994353 -0.043512
vn -0.09977 -0.993893 -0.047156
vn -0.1065 -0.993207 -0.046884
vn -0.098066 -0.99423 -0.043468
vn -0.009714 -0.998431 -0.055142
vn -0.056718 -0.99727 -0.047283
vn -0.052189 -0.997505 -0.047536
vn -0.004414 -0.998452 -0.055437
vn -0.047803 -0.997713 -0.047784
vn 0.000712 -0.998446 -0.055729
vn 0.055642 -0.996243 -0.066365
vn 0.03281 -0.997516 -0.06233
vn 0.036412 -0.997378 -0.062538
vn 0.057106 -0.996154 -0.066457
vn 0.03991 -0.997231 -0.062745
vn 0.058531 -0.996065 -0.066547
vn 0.070412 -0.995305 -0.066412
vn 0.065948 -0.995539 -0.067479
vn 0.065274 -0.995586 -0.067432
vn 0.068093 -0.995479 -0.066224
vn 0.064608 -0.995633 -0.067381
vn 0.065808 -0.995645 -0.066036
vn 0.054224 -0.996778 -0.059103
vn 0.067237 -0.995712 -0.06354
vn 0.063744 -0.995962 -0.063223
vn 0.050157 -0.997015 -0.058696
vn 0.060297 -0.996196 -0.062904
vn 0.046156 -0.997232 -0.058289
vn 0.012222 -0.998761 -0.04823
vn 0.034561 -0.997955 -0.05378
vn 0.03045 -0.998112 -0.053337
vn 0.008369 -0.998822 -0.047795
vn 0.026424 -0.99825 -0.052902
vn 0.004608 -0.998867 -0.047369
vn -0.026725 -0.998892 -0.038739
vn -0.009514 -0.999029 -0.04301
vn -0.012866 -0.999009 -0.042618
vn -0.029383 -0.998829 -0.038422
vn -0.016123 -0.998977 -0.042237
vn -0.031951 -0.998762 -0.038119
vn -0.036033 -0.998795 -0.033327
vn -0.036316 -0.998704 -0.035665
vn -0.039728 -0.998668 -0.032911
vn -0.038831 -0.99862 -0.035371
vn -0.041253 -0.998532 -0.03509
vn -0.043295 -0.998533 -0.03251
vn -0.063119 -0.997695 -0.024905
vn -0.040605 -0.998731 -0.029807
vn -0.044705 -0.998569 -0.02935
vn -0.065047 -0.997577 -0.02469
vn -0.048691 -0.998396 -0.028904
vn -0.06694 -0.997457 -0.024474
vn -0.101248 -0.994656 -0.020221
vn -0.087111 -0.995967 -0.02147
vn -0.086867 -0.995988 -0.021505
vn -0.100391 -0.99474 -0.02033
vn -0.086623 -0.996008 -0.021535
vn -0.099547 -0.994823 -0.020436
vn -0.121875 -0.992355 -0.019455
vn -0.111379 -0.993582 -0.019722
vn -0.120455 -0.992525 -0.019624
vn -0.110398 -0.993689 -0.019865
vn -0.109236 -0.993813 -0.020082
vn -0.118673 -0.992733 -0.019929
vn -0.114789 -0.993154 -0.021662
vn -0.125806 -0.991852 -0.020043
vn -0.060025 -0.995322 -0.075709
vn -0.106966 -0.993598 -0.036345
vn -0.061766 -0.995335 -0.074117
vn -0.049831 -0.99716 -0.056473
vn -0.007002 -0.994661 -0.10296
vn 0.005374 -0.999456 -0.032549
vn -0.019948 -0.998772 -0.045351
vn 0.071425 -0.997384 -0.011127
vn 0.042746 -0.998919 -0.018292
vn 0.031947 -0.999414 0.012275
vn 0.020488 -0.999289 0.031659
vn 0.009928 -0.999907 0.009314
vn 0.00363 -0.999548 0.029855
vn -0.001712 -0.999072 0.043035
vn -0.07772 -0.996213 0.038978
vn -0.011157 -0.999055 0.04201
vn -0.075738 -0.996355 0.039252
vn -0.146046 -0.988957 0.02518
vn -0.143892 -0.989492 0.014146
vn -0.135304 -0.99045 0.026483
vn -0.132638 -0.991044 0.015427
vn -0.108856 -0.99403 0.007442
vn -0.073053 -0.997325 0.002348
vn -0.0999 -0.994963 0.008328
vn -0.065243 -0.997865 0.002995
vn -0.035116 -0.999382 -0.001828
vn 0.001681 -0.999983 -0.005516
vn -0.027982 -0.999608 -0.001335
vn 0.008105 -0.999954 -0.005156
vn 0.066818 -0.997697 -0.011707
vn 0.035737 -0.999322 -0.008839
vn 0.041373 -0.999107 -0.008592
vn 0.071431 -0.997379 -0.011547
vn 0.1135 -0.993413 -0.015736
vn 0.093535 -0.995518 -0.013991
vn 0.09698 -0.995189 -0.013889
vn 0.115994 -0.993126 -0.015673
vn 0.150336 -0.988466 -0.018257
vn 0.130627 -0.991285 -0.017072
vn 0.132656 -0.991016 -0.017033
vn 0.152457 -0.988142 -0.018223
vn 0.191556 -0.981246 -0.021495
vn 0.171519 -0.984985 -0.019652
vn 0.17404 -0.984543 -0.019618
vn 0.194618 -0.980644 -0.021459
vn 0.294111 -0.955338 -0.028775
vn 0.22871 -0.973197 -0.024088
vn 0.233517 -0.972055 -0.024059
vn 0.302348 -0.952763 -0.028774
vn 0.267033 -0.962481 -0.04821
vn 0.32195 -0.946023 -0.037259
vn 0.332267 -0.942448 -0.037285
vn 0.276303 -0.959859 -0.048254
vn 0.015571 -0.998357 -0.055153
vn 0.152 -0.986788 -0.056085
vn 0.156276 -0.986116 -0.056154
vn 0.012802 -0.998398 -0.055122
vn -0.07522 -0.996014 -0.047938
vn -0.091967 -0.994806 -0.04363
vn -0.080433 -0.995613 -0.047804
vn -0.092941 -0.994716 -0.043614
vn -0.068413 -0.996562 -0.046736
vn -0.02343 -0.998242 -0.054447
vn -0.06488 -0.996791 -0.046896
vn -0.019312 -0.998319 -0.054655
vn 0.051806 -0.996466 -0.066127
vn 0.02343 -0.997814 -0.061789
vn 0.026245 -0.997734 -0.061955
vn 0.052965 -0.9964 -0.066201
vn 0.076238 -0.994842 -0.066908
vn 0.06762 -0.995417 -0.067619
vn 0.067144 -0.995452 -0.067575
vn 0.074543 -0.994981 -0.066752
vn 0.064476 -0.996104 -0.060157
vn 0.076 -0.995028 -0.064366
vn 0.073443 -0.995237 -0.064108
vn 0.061462 -0.996315 -0.05983
vn 0.022045 -0.998539 -0.049339
vn 0.044991 -0.997477 -0.054916
vn 0.041907 -0.99763 -0.054568
vn 0.019124 -0.998616 -0.049001
vn -0.000926 -0.999031 -0.043997
vn -0.019851 -0.999021 -0.039529
vn -0.003487 -0.999039 -0.043697
vn -0.021909 -0.998988 -0.039287
vn -0.026352 -0.999061 -0.034392
vn -0.029734 -0.998895 -0.036405
vn -0.03169 -0.998843 -0.036179
vn -0.029204 -0.998993 -0.034071
vn -0.030054 -0.999069 -0.03096
vn -0.058374 -0.997971 -0.02543
vn -0.033178 -0.998981 -0.03061
vn -0.059797 -0.997891 -0.025265
vn -0.087849 -0.995904 -0.021385
vn -0.103494 -0.99443 -0.01995
vn -0.087655 -0.995921 -0.021406
vn -0.102848 -0.994496 -0.020026
vn -0.125833 -0.991869 -0.019026
vn -0.113914 -0.993301 -0.019415
vn -0.113167 -0.993385 -0.0195
vn -0.124613 -0.992021 -0.019152
vn -0.121395 -0.99233 -0.023335
vn -0.131791 -0.991075 -0.020063
vn -0.129522 -0.991371 -0.020194
vn -0.117929 -0.99275 -0.023226
vn -0.088648 -0.995665 -0.028158
vn -0.090868 -0.995419 -0.029737
vn -0.104266 -0.994181 -0.027076
vn -0.100587 -0.99458 -0.02633
vn -0.01745 -0.998448 0.052882
vn -0.099415 -0.995046 0.000175
vn 0.024399 -0.997182 0.070945
vn -0.148192 -0.98873 -0.021248
vn -0.144087 -0.989316 -0.022193
vn -0.13989 -0.989909 -0.02262
vn -0.129361 -0.991212 -0.027656
vn -0.119824 -0.992272 -0.032239
vn -0.146564 -0.989026 -0.018604
vn -0.1444 -0.989339 -0.018893
vn -0.132532 -0.991012 -0.018199
vn -0.131539 -0.991142 -0.018307
vn -0.130584 -0.991266 -0.018422
vn -0.142195 -0.989654 -0.019122
vn -0.117697 -0.99287 -0.018897
vn -0.117162 -0.992932 -0.018962
vn -0.106703 -0.994099 -0.019513
vn -0.106258 -0.994146 -0.019566
vn -0.116639 -0.992992 -0.019032
vn -0.105818 -0.994192 -0.019625
vn -0.088445 -0.995854 -0.021288
vn -0.088332 -0.995863 -0.021303
vn -0.05016 -0.998393 -0.026379
vn -0.051217 -0.998342 -0.026271
vn -0.088242 -0.995871 -0.021322
vn -0.052324 -0.998288 -0.026149
vn -0.012657 -0.999377 -0.032958
vn -0.015032 -0.999352 -0.032707
vn -0.010361 -0.999289 -0.036245
vn -0.012606 -0.999272 -0.036007
vn -0.014844 -0.99925 -0.035758
vn -0.017431 -0.999322 -0.032442
vn -0.018502 -0.999116 -0.037743
vn -0.020078 -0.999092 -0.037576
vn -0.007928 -0.999129 -0.040971
vn -0.009577 -0.999122 -0.040788
vn -0.011242 -0.999113 -0.040592
vn -0.021654 -0.999066 -0.037391
vn 0.013763 -0.998858 -0.045747
vn 0.011749 -0.998894 -0.045521
vn 0.038706 -0.997936 -0.05125
vn 0.036434 -0.998034 -0.051003
vn 0.009707 -0.998927 -0.045286
vn 0.034122 -0.998129 -0.050743
vn 0.062521 -0.996425 -0.056823
vn 0.060137 -0.996585 -0.056577
vn 0.081542 -0.994747 -0.061878
vn 0.079235 -0.994947 -0.061656
vn 0.057708 -0.996744 -0.056316
vn 0.07688 -0.995147 -0.06142
vn 0.09053 -0.993725 -0.065689
vn 0.088569 -0.993913 -0.06552
vn 0.086013 -0.993991 -0.067708
vn 0.084684 -0.994112 -0.067608
vn 0.086569 -0.994101 -0.065338
vn 0.083336 -0.994233 -0.067496
vn 0.070338 -0.995214 -0.06783
vn 0.069962 -0.995243 -0.067805
vn 0.044614 -0.996844 -0.065665
vn 0.045603 -0.996795 -0.065721
vn 0.069591 -0.995271 -0.067774
vn 0.046625 -0.996744 -0.065785
vn 0.005764 -0.99814 -0.060685
vn 0.008209 -0.998115 -0.060815
vn -0.050059 -0.99735 -0.052791
vn -0.046363 -0.997519 -0.052983
vn 0.010713 -0.998082 -0.060966
vn -0.042589 -0.997675 -0.0532
vn -0.090955 -0.994823 -0.045323
vn -0.087827 -0.995097 -0.045484
vn -0.084426 -0.99546 -0.043942
vn -0.085544 -0.995366 -0.043911
vn -0.084653 -0.995364 -0.045663
vn -0.086687 -0.995269 -0.043869
vn -0.04086 -0.997941 -0.049434
vn -0.045619 -0.997743 -0.049281
vn 0.033255 -0.997887 -0.055811
vn 0.03088 -0.997967 -0.055748
vn -0.05049 -0.997517 -0.0491
vn 0.028404 -0.998045 -0.055675
vn 0.124512 -0.990623 -0.056245
vn 0.128242 -0.990147 -0.056233
vn 0.204099 -0.977705 -0.049361
vn 0.212937 -0.975825 -0.049237
vn 0.132016 -0.989651 -0.056234
vn 0.221858 -0.97384 -0.049136
vn 0.248246 -0.967911 -0.039017
vn 0.259043 -0.965085 -0.03882
vn 0.235165 -0.97149 -0.030091
vn 0.243921 -0.969333 -0.029933
vn 0.269873 -0.96212 -0.038643
vn 0.252742 -0.967075 -0.029793
vn 0.194676 -0.980554 -0.024786
vn 0.199675 -0.979551 -0.024694
vn 0.169938 -0.98521 -0.021943
vn 0.173092 -0.984663 -0.021885
vn 0.204724 -0.97851 -0.024612
vn 0.176271 -0.9841 -0.021825
vn 0.153643 -0.987923 -0.020035
vn 0.156253 -0.987515 -0.019986
vn 0.135362 -0.990622 -0.018596
vn 0.137536 -0.990323 -0.018546
vn 0.158887 -0.987096 -0.019934
vn 0.139736 -0.990016 -0.018504
vn 0.116349 -0.993055 -0.017443
vn 0.118407 -0.992813 -0.017384
vn 0.095866 -0.995262 -0.016254
vn 0.098405 -0.995015 -0.016177
vn 0.120491 -0.992563 -0.017338
vn 0.100972 -0.994759 -0.016103
vn 0.069139 -0.997498 -0.014779
vn 0.072638 -0.99725 -0.014668
vn 0.034615 -0.999318 -0.012896
vn 0.039154 -0.999152 -0.012728
vn 0.076184 -0.996988 -0.014552
vn 0.043784 -0.998962 -0.012559
vn -0.003061 -0.99994 -0.01056
vn 0.002315 -0.999944 -0.010316
vn -0.04255 -0.999063 -0.007886
vn -0.036464 -0.999306 -0.007553
vn 0.007828 -0.999919 -0.010073
vn -0.030206 -0.999518 -0.007214
vn -0.084659 -0.996397 -0.004991
vn -0.077847 -0.996955 -0.004544
vn -0.127858 -0.991791 -0.001762
vn -0.120321 -0.992734 -0.001171
vn -0.070838 -0.99748 -0.004084
vn -0.112561 -0.993645 -0.000571
vn -0.172842 -0.984948 0.001852
vn -0.163976 -0.986461 0.002669
vn -0.226908 -0.973898 0.005924
vn -0.215207 -0.976542 0.007151
vn -0.154861 -0.98793 0.003492
vn -0.203229 -0.979095 0.008384
vn -0.231099 -0.972743 0.019079
vn -0.21484 -0.97647 0.018681
vn -0.106591 -0.993234 0.046099
vn -0.089078 -0.995218 0.040073
vn -0.202329 -0.979125 0.019405
vn -0.085265 -0.99562 0.038344
vn 0.059832 -0.992406 0.107473
vn 0.042707 -0.996914 0.065865
vn -0.002256 -0.99427 0.106871
vn 0.11128 -0.992664 0.047278
vn 0.049741 -0.99752 0.049806
vn 0.062441 -0.994772 0.080806
vn 0.008567 -0.989899 0.141515
vn 0.036969 -0.995493 0.087334
vn 0.075935 -0.994874 0.066785
vn 0.102194 -0.994002 0.038935
vn 0.096522 -0.994489 0.040922
vn -0.083512 -0.995762 0.038519
vn 0.040823 -0.998021 0.047827
vn -0.191153 -0.981513 0.009637
vn -0.190566 -0.981456 0.020698
vn -0.104709 -0.994503 4e-05
vn -0.14564 -0.989328 0.004332
vn -0.023895 -0.999691 -0.006861
vn -0.063757 -0.997959 -0.003613
vn 0.048398 -0.998751 -0.012383
vn 0.013365 -0.999863 -0.00982
vn 0.10351 -0.994499 -0.01603
vn 0.079693 -0.996715 -0.014435
vn 0.141898 -0.989709 -0.018452
vn 0.122545 -0.992312 -0.017286
vn 0.179415 -0.983533 -0.021758
vn 0.16148 -0.986676 -0.019872
vn 0.261408 -0.964774 -0.029632
vn 0.209688 -0.977461 -0.02452
vn 0.280724 -0.959019 -0.038437
vn 0.23103 -0.971712 -0.049007
vn 0.025938 -0.998116 -0.055605
vn 0.136011 -0.98911 -0.056228
vn -0.087836 -0.99517 -0.043828
vn -0.055433 -0.997263 -0.048914
vn -0.038773 -0.997819 -0.053423
vn -0.081438 -0.995623 -0.04585
vn 0.047651 -0.996692 -0.065843
vn 0.013238 -0.998043 -0.061114
vn 0.081961 -0.994355 -0.06738
vn 0.069211 -0.9953 -0.067738
vn 0.074484 -0.995344 -0.061178
vn 0.084528 -0.994289 -0.065148
vn 0.031779 -0.99822 -0.050475
vn 0.055242 -0.996899 -0.056049
vn -0.012922 -0.999101 -0.040389
vn 0.007641 -0.998956 -0.045041
vn -0.023233 -0.999038 -0.037202
vn -0.017087 -0.999224 -0.0355
vn -0.053447 -0.998232 -0.026016
vn -0.01985 -0.999285 -0.032168
vn -0.105371 -0.994238 -0.019683
vn -0.08815 -0.995879 -0.021332
vn -0.11611 -0.993053 -0.019096
vn -0.129639 -0.991388 -0.018533
vn -0.140046 -0.989957 -0.019312
vn -0.135866 -0.990466 -0.022774
vn -0.11188 -0.99321 -0.031899
vn -0.123458 -0.991966 -0.027579
vn -0.054573 -0.995773 0.073874
vn 0.052415 -0.990275 0.128871
vn -0.059936 -0.995602 0.072005
vn 0.012155 -0.990208 0.13907
vn -0.132551 -0.991038 -0.01657
vn -0.053041 -0.99689 0.058281
vn -0.037719 -0.997495 0.059839
vn -0.098123 -0.995153 0.006523
vn -0.10736 -0.994048 -0.018533
vn -0.107856 -0.993982 -0.019151
vn -0.118229 -0.992816 -0.018422
vn -0.107582 -0.994007 -0.019405
vn -0.088226 -0.995878 -0.021052
vn -0.088665 -0.995836 -0.021197
vn -0.046054 -0.998579 -0.026827
vn -0.047115 -0.998532 -0.026716
vn -0.088693 -0.995832 -0.021261
vn -0.048144 -0.998486 -0.026598
vn -0.003252 -0.999418 -0.033956
vn -0.005689 -0.999416 -0.033699
vn -0.001372 -0.999307 -0.037208
vn -0.003715 -0.99931 -0.036958
vn -0.005942 -0.999308 -0.036718
vn -0.008021 -0.999408 -0.033449
vn -0.012222 -0.999186 -0.038444
vn -0.013855 -0.999172 -0.03826
vn -0.001435 -0.999129 -0.04171
vn -0.003109 -0.999133 -0.041517
vn -0.004716 -0.999134 -0.041337
vn -0.015411 -0.999156 -0.038088
vn 0.021583 -0.99868 -0.046616
vn 0.019582 -0.998731 -0.046394
vn 0.047423 -0.997511 -0.052182
vn 0.045208 -0.997626 -0.051947
vn 0.017654 -0.998777 -0.04618
vn 0.043066 -0.997733 -0.051717
vn 0.071569 -0.995763 -0.05774
vn 0.069287 -0.995938 -0.057508
vn 0.090195 -0.993949 -0.062686
vn 0.088028 -0.994156 -0.062482
vn 0.067074 -0.996103 -0.057279
vn 0.085918 -0.994354 -0.062278
vn 0.097863 -0.992989 -0.066301
vn 0.09603 -0.993178 -0.066146
vn 0.091013 -0.99352 -0.068079
vn 0.089757 -0.993641 -0.067984
vn 0.09424 -0.99336 -0.065995
vn 0.088532 -0.993757 -0.067895
vn 0.071829 -0.995101 -0.067936
vn 0.071441 -0.995131 -0.067906
vn 0.041055 -0.99701 -0.065471
vn 0.041921 -0.996971 -0.065515
vn 0.071066 -0.995159 -0.067882
vn 0.042773 -0.996931 -0.065563
vn -0.00322 -0.99818 -0.060214
vn -0.001002 -0.998178 -0.060328
vn -0.063724 -0.996607 -0.052101
vn -0.060336 -0.996809 -0.052271
vn 0.001171 -0.998171 -0.060442
vn -0.05702 -0.996995 -0.052441
vn -0.102616 -0.993714 -0.044745
vn -0.099708 -0.994004 -0.044893
vn -0.080508 -0.99578 -0.044063
vn -0.081436 -0.995705 -0.044042
vn -0.096869 -0.994278 -0.045038
vn -0.082374 -0.995629 -0.044017
vn -0.023788 -0.998469 -0.049948
vn -0.027936 -0.998367 -0.049831
vn 0.041404 -0.997572 -0.055999
vn 0.039453 -0.997653 -0.055958
vn -0.032043 -0.99825 -0.049712
vn 0.037542 -0.99773 -0.055912
vn 0.110687 -0.992259 -0.05631
vn 0.114073 -0.991876 -0.056296
vn 0.171346 -0.983948 -0.049862
vn 0.179409 -0.982516 -0.049739
vn 0.117481 -0.991479 -0.056278
vn 0.187413 -0.981028 -0.04961
vn 0.207878 -0.977343 -0.039831
vn 0.217925 -0.975161 -0.039625
vn 0.202969 -0.978702 -0.030746
vn 0.210964 -0.977016 -0.030577
vn 0.218739 -0.975309 -0.030412
vn 0.227762 -0.972919 -0.039417
vn 0.17652 -0.983975 -0.025163
vn 0.180997 -0.983164 -0.025067
vn 0.158463 -0.987115 -0.022199
vn 0.161285 -0.98666 -0.022133
vn 0.185365 -0.982352 -0.024973
vn 0.164048 -0.986205 -0.022071
vn 0.144214 -0.989339 -0.020257
vn 0.146522 -0.989001 -0.0202
vn 0.127617 -0.991645 -0.018791
vn 0.129499 -0.991403 -0.018741
vn 0.148787 -0.988664 -0.020146
vn 0.131353 -0.99116 -0.018692
vn 0.109092 -0.993875 -0.017646
vn 0.110841 -0.993682 -0.017592
vn 0.086929 -0.996077 -0.016532
vn 0.089077 -0.995889 -0.016466
vn 0.11257 -0.993489 -0.017535
vn 0.091204 -0.995697 -0.016386
vn 0.056894 -0.998265 -0.0152
vn 0.059827 -0.998095 -0.015101
vn 0.018906 -0.99973 -0.013515
vn 0.022643 -0.999654 -0.013368
vn 0.06274 -0.997917 -0.014997
vn 0.026374 -0.999565 -0.013221
vn -0.02147 -0.999704 -0.011434
vn -0.017121 -0.99979 -0.011225
vn -0.06329 -0.997954 -0.00908
vn -0.058407 -0.998254 -0.008797
vn -0.012755 -0.999858 -0.011016
vn -0.053492 -0.998532 -0.00851
vn -0.105584 -0.994381 -0.007615
vn -0.101981 -0.994765 -0.006478
vn -0.147778 -0.988992 -0.007534
vn -0.146584 -0.989189 -0.004286
vn -0.096883 -0.995279 -0.005822
vn -0.141368 -0.989953 -0.002848
vn -0.285877 -0.956641 0.055794
vn -0.203415 -0.979014 0.012411
vn -0.245562 -0.968457 0.042319
vn -0.239775 -0.970827 -0.00172
vn -0.186077 -0.982534 -0.00108
vn -0.319893 -0.946152 0.049653
vn -0.371259 -0.923334 0.098089
vn -0.076605 -0.984781 0.156008
vn -0.183254 -0.979035 0.088931
vn -0.263283 -0.96434 0.02703
vn -0.236637 -0.971592 0.003494
vn -0.134917 -0.990854 -0.002328
vn -0.18069 -0.98354 0.000727
vn -0.048257 -0.998801 -0.00821
vn -0.09104 -0.995832 -0.005423
vn 0.030335 -0.999454 -0.013064
vn -0.00811 -0.999909 -0.010796
vn 0.093453 -0.99549 -0.016323
vn 0.065824 -0.99772 -0.014889
vn 0.133295 -0.990901 -0.018652
vn 0.114396 -0.993281 -0.017496
vn 0.166905 -0.985727 -0.022012
vn 0.151142 -0.988308 -0.020096
vn 0.22673 -0.973488 -0.030261
vn 0.189885 -0.981491 -0.024883
vn 0.237723 -0.970541 -0.039226
vn 0.195486 -0.979457 -0.049494
vn 0.035464 -0.997809 -0.05586
vn 0.120863 -0.991073 -0.056264
vn -0.083366 -0.995548 -0.043978
vn -0.036313 -0.99811 -0.049573
vn -0.053624 -0.997174 -0.052617
vn -0.093987 -0.994548 -0.045178
vn 0.043671 -0.996889 -0.065618
vn 0.003413 -0.998158 -0.060566
vn 0.087304 -0.993872 -0.067804
vn 0.070711 -0.995186 -0.067859
vn 0.083777 -0.994549 -0.062083
vn 0.092429 -0.99354 -0.065846
vn 0.040921 -0.997835 -0.051484
vn 0.06484 -0.996263 -0.057056
vn -0.006304 -0.999133 -0.041156
vn 0.015735 -0.998819 -0.045964
vn -0.016942 -0.999137 -0.037915
vn -0.008131 -0.999301 -0.036482
vn -0.049145 -0.99844 -0.026491
vn -0.010319 -0.999395 -0.033207
vn -0.107147 -0.994053 -0.019462
vn -0.088573 -0.995843 -0.021276
vn -0.118146 -0.992819 -0.018748
vn -0.133259 -0.990922 -0.017749
vn -0.123123 -0.992376 0.005548
vn -0.035056 -0.996431 0.076793
vn 0.012158 -0.990918 0.133919
vn 0.022194 -0.998648 0.047012
vn 0.0344 -0.993539 0.108157
vn -0.038124 -0.998999 -0.023415
vn -0.008422 -0.998158 0.060077
vn 0.076334 -0.996411 0.036584
vn 0.025169 -0.999556 -0.015956
vn 0.004567 -0.999165 -0.040592
vn 0.005275 -0.999245 -0.038484
vn 0.00346 -0.999281 -0.037749
vn 0.004145 -0.999438 -0.033262
vn -0.006602 -0.999175 -0.040072
vn -0.007331 -0.999204 -0.039216
vn 0.00566 -0.999072 -0.042699
vn 0.003858 -0.999095 -0.042364
vn 0.002067 -0.999111 -0.042113
vn -0.00882 -0.999207 -0.038829
vn 0.029771 -0.998423 -0.047598
vn 0.027814 -0.998491 -0.047346
vn 0.056386 -0.996992 -0.053171
vn 0.054283 -0.997121 -0.052949
vn 0.02575 -0.998558 -0.047098
vn 0.05203 -0.997254 -0.052701
vn 0.080756 -0.995004 -0.058702
vn 0.078607 -0.995188 -0.05849
vn 0.098852 -0.993072 -0.063529
vn 0.096835 -0.993283 -0.063346
vn 0.076306 -0.995382 -0.058244
vn 0.094671 -0.993505 -0.063129
vn 0.105075 -0.992209 -0.066937
vn 0.103383 -0.992396 -0.0668
vn 0.095868 -0.993037 -0.068462
vn 0.09471 -0.993154 -0.068378
vn 0.101579 -0.992593 -0.066636
vn 0.093492 -0.993276 -0.068279
vn 0.073176 -0.994995 -0.068043
vn 0.072824 -0.995023 -0.068012
vn 0.037321 -0.997171 -0.065251
vn 0.038157 -0.997137 -0.065287
vn 0.072484 -0.995049 -0.06799
vn 0.039095 -0.997096 -0.06535
vn -0.012466 -0.99814 -0.059669
vn -0.010333 -0.998158 -0.059778
vn -0.077717 -0.995655 -0.051295
vn -0.07446 -0.995895 -0.051462
vn -0.008005 -0.998171 -0.059918
vn -0.070926 -0.996142 -0.051673
vn -0.114343 -0.992463 -0.044089
vn -0.111567 -0.992772 -0.044227
vn -0.07644 -0.996094 -0.044207
vn -0.077361 -0.996024 -0.044178
vn -0.108616 -0.993092 -0.044403
vn -0.078408 -0.995943 -0.044145
vn -0.006875 -0.998699 -0.050532
vn -0.010796 -0.99867 -0.050419
vn 0.049706 -0.99718 -0.056228
vn 0.047844 -0.997273 -0.056189
vn -0.015046 -0.998622 -0.050271
vn 0.045795 -0.997373 -0.056133
vn 0.098144 -0.993578 -0.056305
vn 0.101146 -0.993278 -0.056296
vn 0.139751 -0.988916 -0.050151
vn 0.147281 -0.987827 -0.050058
vn 0.104337 -0.992947 -0.056304
vn 0.155292 -0.986603 -0.049993
vn 0.166963 -0.985135 -0.040391
vn 0.176777 -0.983428 -0.040231
vn 0.169711 -0.984999 -0.031231
vn 0.177643 -0.983604 -0.031096
vn 0.18716 -0.981511 -0.040096
vn 0.18605 -0.982052 -0.030981
vn 0.15787 -0.987132 -0.025463
vn 0.1623 -0.986415 -0.02538
vn 0.146699 -0.988927 -0.022413
vn 0.149503 -0.988509 -0.022356
vn 0.16701 -0.98563 -0.025309
vn 0.152481 -0.988055 -0.0223
vn 0.134505 -0.990702 -0.020443
vn 0.136819 -0.990386 -0.020393
vn 0.119673 -0.992633 -0.018952
vn 0.121559 -0.992404 -0.018909
vn 0.139276 -0.990045 -0.020344
vn 0.123566 -0.992157 -0.018867
vn 0.101685 -0.994657 -0.01782
vn 0.103439 -0.994477 -0.017772
vn 0.077839 -0.996825 -0.016786
vn 0.079994 -0.996655 -0.01672
vn 0.105309 -0.994282 -0.01773
vn 0.082294 -0.996469 -0.016661
vn 0.046135 -0.998801 -0.01637
vn 0.047707 -0.998739 -0.015667
vn 0.007343 -0.999834 -0.016685
vn 0.007585 -0.999866 -0.014505
vn 0.050571 -0.998602 -0.015402
vn 0.010954 -0.999845 -0.013803
vn -0.103868 -0.994191 0.02822
vn -0.041124 -0.999149 -0.003265
vn -0.070431 -0.997323 0.01964
vn -0.068636 -0.997563 -0.0125
vn -0.028734 -0.999507 -0.012662
vn -0.158097 -0.987078 0.026111
vn -0.182098 -0.981586 0.057707
vn -0.272095 -0.958999 0.079281
vn -0.19254 -0.980361 0.042672
vn -0.121665 -0.992564 0.003646
vn -0.067603 -0.997662 -0.01005
vn 0.014977 -0.999794 -0.013663
vn -0.025664 -0.999601 -0.011841
vn 0.084645 -0.996273 -0.016596
vn 0.053777 -0.998436 -0.015303
vn 0.12562 -0.9919 -0.018829
vn 0.107226 -0.994077 -0.017685
vn 0.155515 -0.987583 -0.02225
vn 0.141781 -0.98969 -0.0203
vn 0.194619 -0.980393 -0.030871
vn 0.171824 -0.984804 -0.025239
vn 0.197664 -0.979454 -0.039976
vn 0.163405 -0.985294 -0.049939
vn 0.04359 -0.997475 -0.056061
vn 0.107535 -0.992605 -0.056312
vn -0.079496 -0.995859 -0.044103
vn -0.019463 -0.998555 -0.0501
vn -0.067272 -0.996384 -0.051898
vn -0.105592 -0.99341 -0.044583
vn 0.040096 -0.997052 -0.065418
vn -0.005576 -0.998178 -0.060076
vn 0.092256 -0.993398 -0.06818
vn 0.072167 -0.995074 -0.067967
vn 0.092423 -0.993731 -0.062899
vn 0.099719 -0.992793 -0.066466
vn 0.049709 -0.997386 -0.052436
vn 0.073924 -0.995577 -0.057984
vn 0.000295 -0.999121 -0.041912
vn 0.023647 -0.998622 -0.046854
vn -0.010535 -0.999198 -0.03864
vn 0.001035 -0.999297 -0.037476
vn -0.000341 -0.999424 -0.033924
vn -0.044241 -0.998679 -0.026121
vn -0.062841 -0.997979 0.009424
vn 0.066864 -0.992231 0.104917
vn 0.12403 -0.981897 0.143163
vn 0.046864 -0.998624 0.023533
vn 0.046242 -0.996581 0.06847
vn 0.140405 -0.982387 0.123297
vn 0.149831 -0.974484 0.167126
vn 0.062779 -0.996667 -0.052101
vn 0.093893 -0.994992 0.034286
vn 0.148733 -0.988727 0.017249
vn 0.149543 -0.986019 0.073503
vn 0.102658 -0.992643 -0.064191
vn 0.08597 -0.994544 -0.059082
vn 0.170556 -0.985209 0.016555
vn 0.126751 -0.990983 -0.043444
vn 0.097332 -0.992709 -0.0711
vn 0.098549 -0.992724 -0.069195
vn 0.108133 -0.991857 -0.067281
vn 0.097987 -0.992818 -0.068636
vn 0.072307 -0.995008 -0.068779
vn 0.073616 -0.994947 -0.068266
vn 0.033272 -0.99733 -0.065013
vn 0.034673 -0.997278 -0.065078
vn 0.073781 -0.994948 -0.068082
vn 0.035705 -0.997238 -0.065135
vn -0.020499 -0.998031 -0.059275
vn -0.01855 -0.998068 -0.059304
vn -0.088887 -0.99473 -0.051106
vn -0.086731 -0.994933 -0.050853
vn -0.01652 -0.998097 -0.059415
vn -0.0839 -0.995172 -0.05093
vn -0.124616 -0.991221 -0.04419
vn -0.122073 -0.991555 -0.043787
vn -0.073966 -0.996258 -0.044706
vn -0.073938 -0.996274 -0.044395
vn -0.11956 -0.991861 -0.043789
vn -0.07472 -0.996222 -0.044266
vn 0.007167 -0.998661 -0.051235
vn 0.003944 -0.998692 -0.050975
vn 0.056369 -0.996809 -0.056523
vn 0.05482 -0.996901 -0.056413
vn 0.00038 -0.99871 -0.050775
vn 0.053099 -0.997 -0.056324
vn 0.087664 -0.994554 -0.056363
vn 0.090003 -0.994348 -0.056315
vn 0.112929 -0.992314 -0.050589
vn 0.119013 -0.991615 -0.050357
vn 0.092477 -0.994121 -0.056316
vn 0.125524 -0.990815 -0.050299
vn 0.131374 -0.990473 -0.041291
vn 0.139516 -0.989378 -0.040827
vn 0.14101 -0.989486 -0.032146
vn 0.147509 -0.988554 -0.031651
vn 0.148253 -0.988113 -0.040677
vn 0.154614 -0.987473 -0.03149
vn 0.142269 -0.989479 -0.02629
vn 0.14559 -0.989009 -0.025775
vn 0.137364 -0.990243 -0.023468
vn 0.139018 -0.990029 -0.022722
vn 0.149482 -0.988433 -0.025622
vn 0.14142 -0.989693 -0.022523
vn 0.099001 -0.994955 0.016248
vn 0.121174 -0.992565 -0.011498
vn 0.102608 -0.994567 0.017523
vn 0.116513 -0.993004 -0.019162
vn 0.130265 -0.991266 -0.02057
vn 0.058586 -0.996194 0.064544
vn 0.083565 -0.995621 0.041904
vn 0.076869 -0.996862 -0.018907
vn 0.099976 -0.994816 -0.018618
vn 0.009073 -0.999629 0.02569
vn -0.001299 -0.996347 0.085382
vn -0.087264 -0.994593 0.056301
vn -0.019842 -0.999428 0.027383
vn 0.03623 -0.999328 -0.005644
vn 0.076252 -0.996939 -0.017257
vn 0.100331 -0.994791 -0.018027
vn 0.11799 -0.992833 -0.019028
vn 0.144039 -0.989317 -0.022471
vn 0.132347 -0.990991 -0.020502
vn 0.162101 -0.986275 -0.031385
vn 0.153643 -0.987796 -0.025552
vn 0.157496 -0.986686 -0.040566
vn 0.132506 -0.989908 -0.050251
vn 0.051408 -0.997092 -0.056265
vn 0.095231 -0.993861 -0.056319
vn -0.075618 -0.996155 -0.044231
vn -0.003217 -0.998712 -0.050633
vn -0.080806 -0.995417 -0.05114
vn -0.116995 -0.992159 -0.043959
vn 0.036532 -0.997203 -0.065203
vn -0.014486 -0.99812 -0.05956
vn 0.096964 -0.992925 -0.068545
vn 0.073509 -0.994969 -0.068067
vn 0.100784 -0.992862 -0.063773
vn 0.106662 -0.99203 -0.067083
vn 0.083015 -0.994806 -0.058898
vn 0.058679 -0.996863 -0.053118
vn 0.047315 -0.99848 -0.028254
vn 0.15467 -0.985753 0.066084
vn 0.202215 -0.972989 0.111367
vn 0.056069 -0.998274 0.01745
vn 0.111459 -0.993248 0.032166
vn -0.083375 -0.995984 0.032641
vn -0.009113 -0.999753 0.020274
vn -0.064604 -0.997187 0.037992
vn -0.121472 -0.991755 0.040824
vn 0.073883 -0.997092 0.01865
vn 0.025268 -0.999283 0.028194
vn 0.120357 -0.992573 0.017705
vn 0.100198 -0.994858 0.014734
vn 0.141852 -0.989189 0.037184
vn 0.13443 -0.990589 0.025731
vn 0.13375 -0.98857 0.069571
vn 0.14162 -0.988593 0.05126
vn 0.099476 -0.990817 0.091574
vn -0.061368 -0.997666 -0.029947
vn -0.077843 -0.996548 -0.028873
vn 0.090714 -0.993144 -0.073734
vn 0.167993 -0.984553 -0.049337
vn -0.032549 -0.997884 -0.056287
vn -0.068247 -0.997125 -0.032937
vn -0.082791 -0.996045 -0.032249
vn 0.078266 -0.996223 -0.037596
vn 0.131591 -0.990947 -0.026604
vn -0.080668 -0.99611 -0.035464
vn -0.093259 -0.99503 -0.03489
vn 0.074785 -0.997044 -0.017604
vn 0.148741 -0.98884 0.008496
vn -0.104084 -0.993853 -0.037711
vn -0.10968 -0.993313 -0.03606
vn 0.107256 -0.994032 0.019911
vn 0.237843 -0.968653 0.071715
vn 0.171959 -0.978484 0.114014
vn -0.086278 -0.995735 -0.032686
vn -0.115289 -0.993071 -0.022778
vn -0.127402 -0.991645 -0.020213
vn -0.123267 -0.992186 -0.019293
vn -0.1123 -0.993481 -0.019603
vn -0.102082 -0.994573 -0.020116
vn -0.087372 -0.995945 -0.021437
vn -0.06132 -0.997802 -0.025102
vn -0.036672 -0.99887 -0.030238
vn -0.032444 -0.998904 -0.033726
vn -0.033878 -0.99878 -0.035943
vn -0.024172 -0.998945 -0.039037
vn -0.006312 -0.999039 -0.043381
vn 0.01589 -0.99869 -0.048642
vn 0.038466 -0.997789 -0.054197
vn 0.058076 -0.996539 -0.059482
vn 0.070542 -0.995464 -0.063833
vn 0.07261 -0.995135 -0.066587
vn 0.066587 -0.995493 -0.067527
vn 0.054232 -0.996326 -0.066279
vn 0.029341 -0.997637 -0.062128
vn -0.014809 -0.998384 -0.054864
vn -0.061055 -0.997025 -0.047055
vn -0.094123 -0.994606 -0.043596
vn -0.086195 -0.995137 -0.047668
vn 0.009553 -0.998436 -0.055081
vn 0.160393 -0.985451 -0.056221
vn 0.285692 -0.957103 -0.048313
vn 0.34323 -0.938509 -0.037339
vn 0.311693 -0.949747 -0.02879
vn 0.238945 -0.970736 -0.024032
vn 0.197934 -0.979981 -0.021423
vn 0.176766 -0.984058 -0.019584
vn 0.15475 -0.987786 -0.018193
vn 0.134831 -0.990723 -0.016998
vn 0.118635 -0.992815 -0.015615
vn 0.100618 -0.99483 -0.013784
vn 0.076306 -0.99702 -0.011379
vn 0.04735 -0.998844 -0.008328
vn 0.014918 -0.999877 -0.004775
vn -0.020425 -0.999791 -0.000818
vn -0.05697 -0.998369 0.003685
vn -0.090431 -0.99586 0.009269
vn -0.120802 -0.992535 0.016767
vn -0.124346 -0.991849 0.027803
vn -0.074231 -0.996459 0.03948
vn -0.021067 -0.998938 0.040971
vn -0.013285 -0.999517 0.028104
vn -0.012879 -0.999895 0.006584
vn 0.013198 -0.999648 -0.023
vn -0.077312 -0.994013 -0.077206
vn -0.248715 -0.944185 -0.216002
vn -0.156703 -0.981277 -0.111978
vn -0.065124 -0.996995 0.041951
vn -0.175002 -0.981651 -0.075733
vn -0.237429 -0.959278 -0.153017
vn -0.163962 -0.983095 -0.081492
vn -0.037098 -0.999064 0.022268
vn -0.177121 -0.981199 -0.076659
vn -0.242769 -0.957383 -0.156465
vn -0.146857 -0.984165 -0.099263
vn 0.026557 -0.9996 0.009689
vn -0.126936 -0.987754 -0.090713
vn -0.191571 -0.963083 -0.189136
vn -0.065162 -0.990817 -0.118475
vn 0.096403 -0.995342 0.000266
vn -0.033732 -0.99219 -0.120087
vn -0.0804 -0.95494 -0.285702
vn 0.017565 -0.971155 -0.237801
vn 0.1306 -0.991389 -0.009594
vn 0.11721 -0.993094 -0.005097
vn 0.062524 -0.979587 -0.191049
vn 0.089418 -0.982421 -0.16387
vn 0.146886 -0.989042 -0.014864
vn 0.139805 -0.990098 -0.012643
vn 0.105371 -0.982922 -0.150868
vn 0.115672 -0.982562 -0.145576
vn 0.178899 -0.983709 -0.017672
vn 0.158081 -0.987289 -0.01645
vn 0.128611 -0.981212 -0.143811
vn 0.150497 -0.977985 -0.144554
vn 0.232426 -0.972395 -0.020658
vn 0.205079 -0.978562 -0.018969
vn 0.204401 -0.966438 -0.155624
vn 0.177114 -0.972975 -0.148157
vn 0.40079 -0.916022 -0.016432
vn 0.291518 -0.956367 -0.01949
vn 0.352235 -0.913059 -0.205555
vn 0.258488 -0.950833 -0.170589
vn 0.479342 -0.868915 -0.123358
vn 0.446129 -0.848376 -0.285003
vn -0.02273 -0.998275 -0.054133
vn 0.20759 -0.976618 -0.055894
vn 0.186602 -0.971675 -0.145007
vn -0.055856 -0.992045 -0.112813
vn 0.379691 -0.923954 -0.046305
vn 0.387565 -0.915133 -0.11102
vn -0.095009 -0.994879 -0.034477
vn -0.20665 -0.973296 -0.099954
vn -0.242853 -0.947694 -0.20712
vn -0.125178 -0.976272 -0.176703
vn 0.03681 -0.997633 -0.058086
vn -0.012279 -0.998785 -0.047716
vn -0.040045 -0.987071 -0.155202
vn 0.016983 -0.990109 -0.139269
vn 0.068788 -0.995368 -0.067166
vn 0.064598 -0.995842 -0.064233
vn 0.051137 -0.989936 -0.131954
vn 0.05825 -0.989896 -0.129275
vn 0.049482 -0.996665 -0.064882
vn 0.059939 -0.995946 -0.067081
vn 0.042708 -0.991292 -0.124566
vn 0.051128 -0.990609 -0.126805
vn 0.018551 -0.998263 -0.055913
vn 0.035827 -0.997496 -0.060981
vn 0.019446 -0.991901 -0.125519
vn 0.032081 -0.991841 -0.123381
vn -0.018338 -0.998751 -0.046469
vn 0.000266 -0.998702 -0.050928
vn -9.8e-05 -0.988711 -0.149836
vn 0.00791 -0.990987 -0.133721
vn -0.000455 -0.995661 -0.09305
vn 0.015665 -0.985688 -0.167849
vn -0.058257 -0.997781 -0.032245
vn -0.051792 -0.998064 -0.03445
vn -0.016479 -0.989252 -0.145288
vn -0.018807 -0.992844 -0.11793
vn -0.044044 -0.998348 -0.036896
vn -0.017572 -0.995856 -0.089237
vn -0.011187 -0.994411 -0.104984
vn 0.010845 -0.985292 -0.170532
vn -0.02651 -0.995164 -0.094581
vn 0.002868 -0.989052 -0.147542
vn -0.07225 -0.997082 -0.024639
vn -0.026739 -0.99412 -0.104933
vn -0.046495 -0.995317 -0.084745
vn -0.012147 -0.990174 -0.139311
vn -0.097252 -0.995036 -0.021093
vn -0.046863 -0.994186 -0.096949
vn -0.026259 -0.99223 -0.121617
vn -0.064328 -0.994171 -0.086523
vn -0.090471 -0.995091 -0.04012
vn -0.098655 -0.994908 -0.020618
vn -0.086322 -0.996033 -0.021605
vn -0.068747 -0.997339 -0.024273
vn -0.070405 -0.997227 -0.024097
vn -0.085773 -0.996076 -0.021792
vn -0.052465 -0.998216 -0.028484
vn -0.046655 -0.998394 -0.032131
vn -0.055922 -0.998039 -0.028116
vn -0.049723 -0.998257 -0.031801
vn -0.043532 -0.998445 -0.034828
vn -0.034378 -0.998693 -0.037834
vn -0.04561 -0.99836 -0.034597
vn -0.036601 -0.998623 -0.037582
vn -0.019221 -0.998938 -0.041878
vn 0.001016 -0.998896 -0.046969
vn -0.002315 -0.99891 -0.04661
vn -0.022078 -0.998892 -0.041558
vn 0.022565 -0.998366 -0.052494
vn 0.042298 -0.997425 -0.057908
vn 0.038673 -0.997592 -0.057566
vn 0.018963 -0.998461 -0.052125
vn 0.05696 -0.996412 -0.062606
vn 0.063594 -0.9958 -0.065859
vn 0.061498 -0.995942 -0.065704
vn 0.053805 -0.996604 -0.06234
vn 0.063961 -0.995679 -0.067328
vn 0.059891 -0.995979 -0.066622
vn 0.061178 -0.995897 -0.066687
vn 0.06335 -0.995721 -0.067287
vn 0.043238 -0.997081 -0.06293
vn 0.005579 -0.998416 -0.055988
vn 0.01012 -0.99837 -0.056177
vn 0.046357 -0.996932 -0.06307
vn -0.043619 -0.997894 -0.048005
vn -0.099272 -0.994112 -0.043431
vn -0.100515 -0.993989 -0.043397
vn -0.039731 -0.998049 -0.048168
vn -0.112981 -0.992502 -0.046636
vn -0.005487 -0.998492 -0.054628
vn -0.008694 -0.998473 -0.054553
vn -0.119165 -0.991788 -0.046442
vn 0.181071 -0.981866 -0.056141
vn 0.329155 -0.943077 -0.047563
vn 0.339648 -0.939365 -0.047257
vn 0.186613 -0.980832 -0.056074
vn 0.390186 -0.92002 -0.036317
vn 0.349946 -0.93635 -0.028036
vn 0.400633 -0.915533 -0.035946
vn 0.357902 -0.933346 -0.027781
vn 0.261299 -0.964969 -0.023618
vn 0.211606 -0.977126 -0.021155
vn 0.214591 -0.976477 -0.021072
vn 0.265985 -0.963691 -0.023487
vn 0.187908 -0.981996 -0.019356
vn 0.164107 -0.986279 -0.017989
vn 0.166135 -0.98594 -0.017925
vn 0.190322 -0.981532 -0.019281
vn 0.143731 -0.989475 -0.016774
vn 0.129436 -0.99147 -0.015301
vn 0.131878 -0.991149 -0.015211
vn 0.145702 -0.989187 -0.016709
vn 0.115499 -0.993219 -0.013305
vn 0.096511 -0.995275 -0.01063
vn 0.10116 -0.994816 -0.010418
vn 0.118873 -0.992822 -0.013168
vn 0.072471 -0.997344 -0.007208
vn 0.043733 -0.999038 -0.003211
vn 0.050511 -0.99872 -0.002778
vn 0.078341 -0.996903 -0.00689
vn 0.011632 -0.999932 0.001261
vn -0.021785 -0.999743 0.00636
vn -0.013486 -0.999884 0.007072
vn 0.019182 -0.999814 0.001821
vn -0.050324 -0.998651 0.012797
vn -0.071327 -0.997218 0.021634
vn -0.059804 -0.997947 0.022897
vn -0.04086 -0.999071 0.013735
vn -0.079486 -0.996309 0.032422
vn -0.067646 -0.996886 0.040528
vn -0.068906 -0.997056 0.033633
vn -0.082925 -0.996544 0.004829
vn -0.068371 -0.99663 -0.045313
vn -0.071776 -0.997129 -0.024106
vn -0.058993 -0.997869 -0.02787
vn -0.052511 -0.998123 -0.031509
vn -0.055033 -0.997995 -0.031254
vn -0.061497 -0.997719 -0.027846
vn -0.047505 -0.998279 -0.034396
vn -0.038645 -0.998554 -0.037362
vn -0.040531 -0.998487 -0.037158
vn -0.049232 -0.998201 -0.034217
vn -0.024723 -0.998842 -0.041271
vn -0.005422 -0.998914 -0.046278
vn -0.027187 -0.998789 -0.041008
vn -0.008343 -0.998908 -0.045978
vn 0.015577 -0.998537 -0.051785
vn 0.035238 -0.997738 -0.057253
vn 0.012363 -0.998598 -0.051471
vn 0.031942 -0.997866 -0.056958
vn 0.050797 -0.996777 -0.062097
vn 0.059497 -0.996073 -0.065563
vn 0.047892 -0.996935 -0.061866
vn 0.05756 -0.996196 -0.065429
vn 0.062775 -0.995759 -0.067253
vn 0.062435 -0.995815 -0.066745
vn 0.062232 -0.995796 -0.067215
vn 0.063694 -0.995732 -0.066797
vn 0.049366 -0.99678 -0.063185
vn 0.014491 -0.998307 -0.056332
vn 0.018837 -0.998226 -0.056485
vn 0.052351 -0.996621 -0.063301
vn -0.036015 -0.998183 -0.0483
vn -0.101845 -0.993855 -0.043357
vn -0.032333 -0.998303 -0.048428
vn -0.103263 -0.993711 -0.043316
vn -0.125266 -0.991044 -0.046267
vn -0.01183 -0.998444 -0.05449
vn -0.131513 -0.990242 -0.046089
vn -0.015047 -0.998404 -0.054429
vn 0.19211 -0.979774 -0.055998
vn 0.349917 -0.935604 -0.046938
vn 0.360467 -0.931606 -0.046623
vn 0.197843 -0.978637 -0.055927
vn 0.410872 -0.910999 -0.035566
vn 0.365913 -0.930242 -0.027518
vn 0.421305 -0.906236 -0.035193
vn 0.374129 -0.926976 -0.027256
vn 0.270762 -0.962363 -0.02335
vn 0.217617 -0.975808 -0.02099
vn 0.220779 -0.9751 -0.020902
vn 0.275718 -0.960958 -0.023212
vn 0.192791 -0.981052 -0.019217
vn 0.168233 -0.985586 -0.017861
vn 0.170462 -0.985204 -0.017796
vn 0.195389 -0.980539 -0.019144
vn 0.147746 -0.988885 -0.01664
vn 0.134402 -0.990812 -0.015116
vn 0.137113 -0.990442 -0.015021
vn 0.149934 -0.988557 -0.016566
vn 0.122383 -0.992398 -0.013024
vn 0.106034 -0.99431 -0.010198
vn 0.111363 -0.99373 -0.009967
vn 0.126177 -0.991924 -0.01288
vn 0.084546 -0.996398 -0.006561
vn 0.057715 -0.99833 -0.002325
vn 0.065713 -0.997837 -0.00184
vn 0.091394 -0.995795 -0.00621
vn 0.027235 -0.999626 0.002415
vn -0.004612 -0.999959 0.007831
vn 0.005341 -0.999948 0.008658
vn 0.036225 -0.999339 0.003054
vn -0.0309 -0.999417 0.014532
vn -0.048324 -0.998562 0.023231
vn -0.01999 -0.999685 0.015181
vn -0.090366 -0.995908 0.00078
vn -0.04739 -0.997486 -0.052685
vn -0.057139 -0.997874 -0.031347
vn -0.050731 -0.998127 -0.034184
vn -0.042318 -0.998419 -0.036995
vn -0.029621 -0.998731 -0.040737
vn -0.011274 -0.998894 -0.045649
vn -0.032145 -0.998665 -0.040436
vn -0.014391 -0.998872 -0.045245
vn 0.009137 -0.99865 -0.051126
vn 0.028622 -0.997985 -0.056625
vn 0.005715 -0.998698 -0.050703
vn 0.025106 -0.998103 -0.056214
vn 0.044964 -0.997087 -0.061606
vn 0.055616 -0.996316 -0.065277
vn 0.041874 -0.997243 -0.061271
vn 0.053575 -0.996441 -0.065076
vn 0.061693 -0.995832 -0.067174
vn 0.064961 -0.995645 -0.066866
vn 0.06111 -0.995872 -0.067123
vn 0.066215 -0.995555 -0.066973
vn 0.055371 -0.996447 -0.063463
vn 0.023249 -0.99812 -0.05671
vn 0.027783 -0.997983 -0.057073
vn 0.058457 -0.996255 -0.063712
vn -0.028573 -0.998409 -0.04862
vn -0.104598 -0.993573 -0.043278
vn -0.024603 -0.998499 -0.048935
vn -0.105561 -0.993473 -0.043234
vn -0.137828 -0.989394 -0.04585
vn -0.018663 -0.998349 -0.054318
vn -0.144138 -0.988512 -0.045489
vn 0.202975 -0.977588 -0.055891
vn 0.370393 -0.927715 -0.046408
vn 0.431552 -0.901411 -0.034934
vn 0.382888 -0.923398 -0.02706
vn 0.441323 -0.896674 -0.034796
vn 0.391593 -0.919744 -0.026949
vn 0.281072 -0.959409 -0.023101
vn 0.224062 -0.974352 -0.020833
vn 0.227273 -0.973609 -0.020794
vn 0.286435 -0.957823 -0.023037
vn 0.198112 -0.979994 -0.019082
vn 0.172816 -0.984794 -0.017741
vn 0.200777 -0.979452 -0.01905
vn 0.175125 -0.984387 -0.017706
vn 0.15222 -0.988209 -0.016507
vn 0.139899 -0.990053 -0.014939
vn 0.154441 -0.987865 -0.016469
vn 0.142579 -0.989672 -0.014879
vn 0.13009 -0.99142 -0.012753
vn 0.116895 -0.993096 -0.009756
vn 0.133848 -0.990921 -0.012652
vn 0.122225 -0.992456 -0.009592
vn 0.098565 -0.995113 -0.005882
vn 0.074125 -0.997248 -0.001381
vn 0.082312 -0.996606 -0.000986
vn 0.105528 -0.994401 -0.005614
vn 0.045768 -0.998945 0.003676
vn 0.01572 -0.999834 0.009255
vn 0.055522 -0.998448 0.004316
vn -0.047618 -0.998706 -0.017872
vn -0.022336 -0.99817 -0.056197
vn -0.017108 -0.99883 -0.045242
vn 0.002547 -0.998721 -0.0505
vn 0.02165 -0.998201 -0.055909
vn 0.038763 -0.997384 -0.06101
vn 0.051492 -0.996562 -0.06491
vn 0.060501 -0.995912 -0.067079
vn 0.067469 -0.995464 -0.067085
vn 0.061547 -0.996051 -0.063995
vn 0.032346 -0.997819 -0.057544
vn -0.019795 -0.99861 -0.048844
vn -0.104642 -0.99365 -0.041354
vn -0.16203 -0.984973 -0.059789
vn 0.455084 -0.888959 -0.051487
vn 0.399038 -0.916591 -0.025085
vn 0.290677 -0.95656 -0.022385
vn 0.230123 -0.97294 -0.020747
vn 0.203138 -0.978965 -0.019021
vn 0.177175 -0.98402 -0.017687
vn 0.156419 -0.987554 -0.016448
vn 0.144957 -0.989327 -0.014849
vn 0.137162 -0.990468 -0.012599
vn 0.126915 -0.991868 -0.009502
vn 0.111771 -0.99372 -0.005375
vn 0.089584 -0.995979 -0.000609
vn 0.03432 -0.999004 -0.028522
vt 0.176402 0.295494
vt 0.186005 0.290442
vt 0.178437 0.302815
vt 0.188184 0.298704
vt 0.195675 0.285665
vt 0.198051 0.294804
vt 0.190301 0.30799
vt 0.200323 0.305004
vt 0.180467 0.311078
vt 0.174664 0.289352
vt 0.184108 0.283477
vt 0.61637 0.712334
vt 0.619996 0.71733
vt 0.61863 0.723876
vt 0.614999 0.718208
vt 0.616765 0.730283
vt 0.613226 0.723842
vt 0.193549 0.277843
vt 0.167182 0.300804
vt 0.165474 0.295394
vt 0.158564 0.306331
vt 0.156751 0.30153
vt 0.617607 0.706291
vt 0.618725 0.700155
vt 0.621062 0.710762
vt 0.621926 0.704249
vt 0.169141 0.307192
vt 0.171145 0.314384
vt 0.162737 0.317989
vt 0.160607 0.311863
vt 0.2051 0.281179
vt 0.207708 0.291062
vt 0.21441 0.27694
vt 0.217219 0.287388
vt 0.22 0.298852
vt 0.210206 0.302001
vt 0.202726 0.272522
vt 0.614204 0.736438
vt 0.610787 0.729163
vt 0.611408 0.742228
vt 0.607982 0.734147
vt 0.608356 0.720507
vt 0.605611 0.724745
vt 0.625378 0.707663
vt 0.624945 0.714335
vt 0.628756 0.710656
vt 0.628865 0.717372
vt 0.628715 0.724417
vt 0.624244 0.721214
vt 0.622686 0.697873
vt 0.625727 0.701253
vt 0.624101 0.691412
vt 0.626868 0.694834
vt 0.629554 0.697938
vt 0.628679 0.704274
vt 0.100796 0.526538
vt 0.097594 0.522444
vt 0.098609 0.516291
vt 0.101555 0.520162
vt 0.616006 0.695355
vt 0.617174 0.689651
vt 0.619739 0.694003
vt 0.618832 0.683614
vt 0.621312 0.687656
vt 0.100181 0.509945
vt 0.10297 0.513701
vt 0.623091 0.728244
vt 0.628012 0.731784
vt 0.626585 0.739262
vt 0.621337 0.73528
vt 0.618832 0.742178
vt 0.624268 0.746638
vt 0.621883 0.753633
vt 0.616208 0.748709
vt 0.614095 0.754643
vt 0.608838 0.747538
vt 0.620256 0.759965
vt 0.613226 0.759702
vt 0.620072 0.765427
vt 0.219753 0.254147
vt 0.218283 0.247042
vt 0.230978 0.24964
vt 0.229461 0.241984
vt 0.60511 0.738771
vt 0.221505 0.262914
vt 0.231859 0.258922
vt 0.223737 0.272908
vt 0.233194 0.269219
vt 0.602572 0.728778
vt 0.244293 0.246262
vt 0.243454 0.255833
vt 0.261073 0.244354
vt 0.254586 0.256276
vt 0.250745 0.264165
vt 0.242896 0.266015
vt 0.242459 0.23808
vt 0.227575 0.236259
vt 0.239295 0.231877
vt 0.256053 0.234146
vt 0.251297 0.227713
vt 0.636091 0.68482
vt 0.640131 0.678596
vt 0.63841 0.688007
vt 0.642305 0.682095
vt 0.644409 0.672618
vt 0.646414 0.676526
vt 0.643679 0.685441
vt 0.647513 0.680257
vt 0.124807 0.313679
vt 0.121605 0.31959
vt 0.122843 0.310609
vt 0.119509 0.316244
vt 0.633475 0.681393
vt 0.637575 0.674877
vt 0.63065 0.677773
vt 0.634735 0.670994
vt 0.639148 0.664271
vt 0.64196 0.66852
vt 0.632295 0.691361
vt 0.629678 0.68813
vt 0.62693 0.684646
vt 0.634728 0.694309
vt 0.640075 0.691076
vt 0.636665 0.69714
vt 0.632098 0.700747
vt 0.634217 0.703429
vt 0.662443 0.549711
vt 0.649461 0.56322
vt 0.659576 0.544835
vt 0.646564 0.558541
vt 0.639345 0.577321
vt 0.636241 0.57292
vt 0.642797 0.554343
vt 0.632329 0.568751
vt 0.655544 0.540812
vt 0.663338 0.555584
vt 0.651084 0.568322
vt 0.662982 0.562144
vt 0.651751 0.573829
vt 0.642441 0.586623
vt 0.641317 0.58187
vt 0.678863 0.537561
vt 0.67841 0.54452
vt 0.700401 0.526579
vt 0.694595 0.537233
vt 0.676119 0.552529
vt 0.690125 0.546253
vt 0.675619 0.532578
vt 0.670531 0.528943
vt 0.692852 0.522143
vt 0.686475 0.518999
vt 0.162984 0.415062
vt 0.153707 0.410052
vt 0.153986 0.397816
vt 0.162955 0.402122
vt 0.642998 0.591633
vt 0.643704 0.597166
vt 0.636797 0.608554
vt 0.635862 0.60387
vt 0.145986 0.393131
vt 0.146831 0.381796
vt 0.154597 0.385766
vt 0.163306 0.389492
vt 0.163519 0.427856
vt 0.153779 0.421966
vt 0.65178 0.579719
vt 0.662099 0.569079
vt 0.651966 0.586252
vt 0.661477 0.576667
vt 0.172952 0.419815
vt 0.172561 0.406324
vt 0.172654 0.393248
vt 0.182631 0.41044
vt 0.182447 0.396974
vt 0.63371 0.595361
vt 0.631528 0.591245
vt 0.628266 0.587197
vt 0.625504 0.604712
vt 0.622155 0.601076
vt 0.624173 0.583254
vt 0.617934 0.597514
vt 0.163916 0.377632
vt 0.173022 0.380947
vt 0.164691 0.366661
vt 0.173571 0.369447
vt 0.182611 0.384247
vt 0.183005 0.372211
vt 0.155519 0.374412
vt 0.148037 0.371036
vt 0.149437 0.361123
vt 0.15661 0.363966
vt 0.620765 0.617438
vt 0.617426 0.61426
vt 0.617139 0.629474
vt 0.613914 0.626847
vt 0.613213 0.611194
vt 0.609854 0.624392
vt 0.61303 0.594009
vt 0.608261 0.608231
vt 0.605057 0.622146
vt 0.603129 0.605626
vt 0.600013 0.620335
vt 0.608024 0.590835
vt 0.619502 0.579451
vt 0.614812 0.576034
vt 0.62793 0.564895
vt 0.623565 0.561535
vt 0.18351 0.360813
vt 0.192747 0.374839
vt 0.19322 0.36275
vt 0.183892 0.349958
vt 0.193611 0.351063
vt 0.203294 0.36448
vt 0.203745 0.35196
vt 0.611454 0.638935
vt 0.607698 0.637205
vt 0.174207 0.358776
vt 0.165537 0.356698
vt 0.166255 0.347621
vt 0.1747 0.34881
vt 0.603276 0.635788
vt 0.606535 0.649726
vt 0.602611 0.649203
vt 0.598565 0.63489
vt 0.598362 0.649259
vt 0.225084 0.352427
vt 0.224971 0.33828
vt 0.236602 0.351592
vt 0.236113 0.336552
vt 0.224127 0.324518
vt 0.234798 0.322045
vt 0.248097 0.333934
vt 0.246041 0.318728
vt 0.249197 0.349882
vt 0.214184 0.352482
vt 0.214239 0.339242
vt 0.203829 0.339641
vt 0.203356 0.327625
vt 0.21366 0.326313
vt 0.594044 0.650094
vt 0.59394 0.634722
vt 0.249269 0.366313
vt 0.236344 0.366963
vt 0.248689 0.382893
vt 0.235756 0.382503
vt 0.595213 0.619182
vt 0.56332 0.019764
vt 0.555132 0.023786
vt 0.558942 0.015081
vt 0.552144 0.018222
vt 0.54632 0.026703
vt 0.544259 0.020396
vt 0.55022 0.013158
vt 0.542674 0.014639
vt 0.555603 0.012066
vt 0.568033 0.025909
vt 0.558412 0.030719
vt 0.573024 0.033108
vt 0.562528 0.038333
vt 0.550423 0.044076
vt 0.548429 0.034206
vt 0.570586 0.014521
vt 0.576986 0.020397
vt 0.577288 0.008517
vt 0.585861 0.014477
vt 0.59356 0.022231
vt 0.583088 0.027677
vt 0.564257 0.01031
vt 0.557578 0.007974
vt 0.56871 0.004513
vt 0.560014 0.002369
vt 0.625209 0.946286
vt 0.616977 0.945428
vt 0.61308 0.940137
vt 0.619526 0.940402
vt 0.608829 0.942981
vt 0.606831 0.938478
vt 0.605796 0.935224
vt 0.609204 0.935103
vt 0.614309 0.934635
vt 0.631855 0.952124
vt 0.621608 0.950942
vt 0.640396 0.957828
vt 0.625445 0.955723
vt 0.509964 0.496856
vt 0.517104 0.491658
vt 0.517847 0.50077
vt 0.525354 0.49666
vt 0.611342 0.947824
vt 0.632819 0.945488
vt 0.640539 0.950953
vt 0.639756 0.943479
vt 0.64793 0.948487
vt 0.649703 0.954952
vt 0.656962 0.952108
vt 0.626067 0.939563
vt 0.619964 0.933502
vt 0.632417 0.937487
vt 0.625771 0.931667
vt 0.609064 0.929152
vt 0.614196 0.92763
vt 0.603984 0.923835
vt 0.608881 0.921923
vt 0.61414 0.919804
vt 0.619638 0.925726
vt 0.604634 0.93036
vt 0.601655 0.93208
vt 0.599797 0.925653
vt 0.596747 0.927793
vt 0.609403 0.91404
vt 0.614715 0.911538
vt 0.619414 0.917361
vt 0.605411 0.9085
vt 0.610857 0.905984
vt 0.616225 0.902267
vt 0.620061 0.908
vt 0.624613 0.914109
vt 0.604139 0.916362
vt 0.599264 0.918567
vt 0.600036 0.910951
vt 0.595074 0.913326
vt 0.624997 0.923372
vt 0.630188 0.920908
vt 0.632848 0.925759
vt 0.631333 0.929092
vt 0.064743 0.04947
vt 0.076298 0.046324
vt 0.063282 0.054691
vt 0.074278 0.051924
vt 0.087971 0.044534
vt 0.085514 0.050309
vt 0.073024 0.058932
vt 0.083881 0.057728
vt 0.062392 0.061085
vt 0.534155 0.492003
vt 0.52652 0.486495
vt 0.507136 0.483677
vt 0.519826 0.478422
vt 0.53672 0.481138
vt 0.530638 0.473422
vt 0.543424 0.486715
vt 0.05291 0.058498
vt 0.053764 0.053861
vt 0.052303 0.064189
vt 0.043612 0.062674
vt 0.043019 0.067683
vt 0.044072 0.058705
vt 0.601474 0.939011
vt 0.600879 0.935136
vt 0.594884 0.934002
vt 0.595263 0.930672
vt 0.061839 0.068116
vt 0.072224 0.066618
vt 0.082788 0.065889
vt 0.071688 0.074621
vt 0.082018 0.074372
vt 0.061484 0.07549
vt 0.051881 0.070468
vt 0.05159 0.077111
vt 0.042523 0.073249
vt 0.042144 0.079198
vt 0.148447 0.132237
vt 0.142553 0.127024
vt 0.145738 0.120152
vt 0.151779 0.12707
vt 0.1355 0.121846
vt 0.138227 0.113586
vt 0.142293 0.103222
vt 0.150211 0.114002
vt 0.156097 0.122446
vt 0.146249 0.137548
vt 0.140409 0.133248
vt 0.144902 0.142799
vt 0.139105 0.138888
vt 0.133712 0.128834
vt 0.132681 0.134799
vt 0.15311 0.136563
vt 0.151311 0.141012
vt 0.156136 0.139226
vt 0.155959 0.143
vt 0.150393 0.145778
vt 0.155699 0.147517
vt 0.156328 0.132785
vt 0.160504 0.129484
vt 0.159286 0.137863
vt 0.163477 0.135638
vt 0.125309 0.131287
vt 0.126077 0.125026
vt 0.117007 0.128469
vt 0.117556 0.121921
vt 0.118409 0.114285
vt 0.127362 0.117629
vt 0.132223 0.139991
vt 0.12495 0.136575
vt 0.131944 0.144973
vt 0.124689 0.141638
vt 0.116783 0.133835
vt 0.116629 0.138938
vt 0.138438 0.144007
vt 0.144125 0.147791
vt 0.138069 0.148907
vt 0.143706 0.152586
vt 0.129269 0.10893
vt 0.119548 0.10566
vt 0.130799 0.099123
vt 0.120581 0.096314
vt 0.116291 0.144699
vt 0.108087 0.136909
vt 0.108006 0.142783
vt 0.115773 0.151035
vt 0.107651 0.149389
vt 0.099562 0.141288
vt 0.099383 0.148143
vt 0.09935 0.135291
vt 0.124213 0.147226
vt 0.131444 0.150307
vt 0.130796 0.155939
vt 0.123571 0.153248
vt 0.107887 0.131848
vt 0.09874 0.130203
vt 0.098276 0.124759
vt 0.107794 0.126462
vt 0.090703 0.133823
vt 0.091167 0.140025
vt 0.091152 0.147131
vt 0.082862 0.138946
vt 0.083012 0.14633
vt 0.082174 0.132483
vt 0.089819 0.128486
vt 0.08106 0.12684
vt 0.080022 0.121021
vt 0.08906 0.122852
vt 0.088971 0.115765
vt 0.098504 0.117693
vt 0.079566 0.114034
vt 0.089344 0.107903
vt 0.07961 0.106435
vt 0.099137 0.109692
vt 0.108198 0.11961
vt 0.108913 0.111729
vt 0.099889 0.101439
vt 0.109751 0.103254
vt 0.100692 0.092918
vt 0.110595 0.094337
vt 0.089971 0.099946
vt 0.080074 0.098783
vt 0.090722 0.091781
vt 0.080732 0.090938
vt 0.073793 0.131248
vt 0.074688 0.138007
vt 0.075021 0.145715
vt 0.06657 0.137278
vt 0.067108 0.145265
vt 0.065467 0.130271
vt 0.072398 0.125408
vt 0.063816 0.124274
vt 0.062174 0.118396
vt 0.071039 0.119543
vt 0.070252 0.112708
vt 0.061102 0.11174
vt 0.070006 0.105361
vt 0.060588 0.104665
vt 0.070273 0.097959
vt 0.060621 0.09753
vt 0.070772 0.090402
vt 0.060916 0.090294
vt 0.081356 0.082762
vt 0.071224 0.082586
vt 0.06119 0.082915
vt 0.091465 0.083295
vt 0.092289 0.07461
vt 0.102375 0.07517
vt 0.101479 0.084111
vt 0.057107 0.129703
vt 0.058431 0.136829
vt 0.059203 0.144959
vt 0.050231 0.136586
vt 0.05117 0.144759
vt 0.048778 0.129463
vt 0.055295 0.123522
vt 0.046915 0.123168
vt 0.053492 0.117556
vt 0.045029 0.117152
vt 0.052191 0.111079
vt 0.043505 0.110862
vt 0.051411 0.10433
vt 0.042444 0.10444
vt 0.05117 0.097548
vt 0.041945 0.098028
vt 0.051236 0.090735
vt 0.041826 0.091656
vt 0.051376 0.083895
vt 0.041902 0.085357
vt 0.040548 0.129465
vt 0.041929 0.136471
vt 0.042874 0.144628
vt 0.033662 0.136338
vt 0.034227 0.144392
vt 0.032753 0.129615
vt 0.038755 0.123234
vt 0.031109 0.123654
vt 0.036825 0.117311
vt 0.029073 0.117993
vt 0.035033 0.111224
vt 0.026988 0.112167
vt 0.033655 0.10508
vt 0.025313 0.106278
vt 0.032968 0.098986
vt 0.024506 0.100426
vt 0.032777 0.092987
vt 0.024338 0.094687
vt 0.025731 0.129822
vt 0.025569 0.136036
vt 0.025145 0.143877
vt 0.01471 0.141772
vt 0.018524 0.134223
vt 0.020793 0.130065
vt 0.024273 0.124365
vt 0.018339 0.12609
vt 0.021966 0.119158
vt 0.015509 0.120966
vt 0.019584 0.113695
vt 0.012882 0.115637
vt 0.582883 0.88799
vt 0.586966 0.886048
vt 0.581603 0.893621
vt 0.585916 0.891544
vt 0.017684 0.108064
vt 0.235256 0.060391
vt 0.239389 0.065784
vt 0.229574 0.059846
vt 0.232416 0.064517
vt 0.242606 0.071113
vt 0.234184 0.069149
vt 0.225302 0.062154
vt 0.225378 0.066308
vt 0.225257 0.059135
vt 0.241413 0.061226
vt 0.246499 0.067338
vt 0.247471 0.062882
vt 0.253301 0.069705
vt 0.258329 0.076621
vt 0.250758 0.073464
vt 0.230238 0.054085
vt 0.235853 0.054498
vt 0.224924 0.0469
vt 0.230421 0.047071
vt 0.24137 0.05572
vt 0.235721 0.048029
vt 0.225065 0.054115
vt 0.220763 0.055038
vt 0.219703 0.047311
vt 0.214831 0.04842
vt 0.2478 0.157849
vt 0.247836 0.146147
vt 0.256615 0.158868
vt 0.257104 0.148457
vt 0.248465 0.134595
vt 0.258029 0.137986
vt 0.26481 0.151701
vt 0.266102 0.142221
vt 0.26394 0.160944
vt 0.237458 0.15823
vt 0.237128 0.145133
vt 0.2245 0.160247
vt 0.226235 0.143784
vt 0.237778 0.132341
vt 0.22693 0.13041
vt 0.249348 0.168707
vt 0.240283 0.1702
vt 0.25194 0.178586
vt 0.244309 0.180905
vt 0.230726 0.174128
vt 0.236142 0.184829
vt 0.257231 0.168608
vt 0.263946 0.169609
vt 0.26502 0.177534
vt 0.258883 0.177526
vt 0.269815 0.16373
vt 0.270831 0.155515
vt 0.272314 0.147008
vt 0.275431 0.159562
vt 0.27698 0.151963
vt 0.274408 0.166887
vt 0.26951 0.171413
vt 0.273984 0.173711
vt 0.27454 0.1799
vt 0.270231 0.17842
vt 0.267352 0.184558
vt 0.261501 0.185471
vt 0.271476 0.190287
vt 0.265752 0.192024
vt 0.255033 0.187352
vt 0.259448 0.194583
vt 0.272291 0.184607
vt 0.276455 0.185322
vt 0.280231 0.18943
vt 0.276215 0.189517
vt 0.277888 0.170075
vt 0.277429 0.176193
vt 0.281 0.17289
vt 0.280611 0.178459
vt 0.281249 0.183429
vt 0.27797 0.181691
vt 0.278879 0.163503
vt 0.280413 0.1567
vt 0.281845 0.166997
vt 0.283251 0.16099
vt 0.279979 0.186403
vt 0.630345 0.267712
vt 0.625099 0.2604
vt 0.627274 0.257056
vt 0.63212 0.264007
vt 0.630517 0.253529
vt 0.635082 0.259985
vt 0.636671 0.270783
vt 0.639497 0.266266
vt 0.284491 0.174927
vt 0.284298 0.180109
vt 0.288592 0.175693
vt 0.288814 0.180766
vt 0.285103 0.184754
vt 0.289925 0.185331
vt 0.285001 0.1697
vt 0.286132 0.164603
vt 0.288393 0.166725
vt 0.288466 0.170797
vt 0.619942 0.252804
vt 0.622554 0.249743
vt 0.287586 0.188367
vt 0.29272 0.18871
vt 0.618459 0.242047
vt 0.626203 0.246808
vt 0.622639 0.239585
vt 0.630343 0.244293
vt 0.634765 0.250071
vt 0.627034 0.237984
vt 0.630801 0.236835
vt 0.634331 0.240832
vt 0.639503 0.245846
vt 0.639555 0.255845
vt 0.645114 0.251117
vt 0.650627 0.256523
vt 0.644256 0.261577
vt 0.139388 0.07862
vt 0.130763 0.07777
vt 0.13943 0.068984
vt 0.131254 0.068243
vt 0.121612 0.076753
vt 0.122538 0.067522
vt 0.132445 0.060123
vt 0.124002 0.059334
vt 0.140334 0.060987
vt 0.140312 0.089735
vt 0.130955 0.0884
vt 0.121114 0.086514
vt 0.147274 0.078986
vt 0.148655 0.089466
vt 0.154198 0.079305
vt 0.15574 0.088648
vt 0.151532 0.100132
vt 0.158449 0.098182
vt 0.147077 0.069737
vt 0.147812 0.062032
vt 0.154358 0.063718
vt 0.153827 0.070834
vt 0.112149 0.075885
vt 0.111325 0.085134
vt 0.113274 0.066828
vt 0.103506 0.066243
vt 0.105063 0.057845
vt 0.114861 0.05852
vt 0.494178 0.166805
vt 0.491067 0.181005
vt 0.484636 0.182545
vt 0.487886 0.168827
vt 0.488714 0.196245
vt 0.482277 0.197302
vt 0.4765 0.198777
vt 0.478673 0.184518
vt 0.48176 0.171195
vt 0.500356 0.165398
vt 0.497537 0.180097
vt 0.5065 0.164454
vt 0.504008 0.179556
vt 0.501967 0.195376
vt 0.495317 0.195703
vt 0.497332 0.154179
vt 0.503288 0.152223
vt 0.499932 0.142689
vt 0.50573 0.140278
vt 0.509094 0.150695
vt 0.511245 0.138198
vt 0.49106 0.156544
vt 0.484708 0.159078
vt 0.487127 0.147876
vt 0.493649 0.145282
vt 0.495145 0.134625
vt 0.501377 0.131902
vt 0.488628 0.137298
vt 0.489311 0.127348
vt 0.495671 0.124628
vt 0.501788 0.121878
vt 0.507084 0.129272
vt 0.507445 0.119219
vt 0.512407 0.126881
vt 0.512694 0.116783
vt 0.501285 0.112679
vt 0.506909 0.110135
vt 0.500392 0.10449
vt 0.506 0.102337
vt 0.248538 0.533415
vt 0.252318 0.532506
vt 0.250936 0.537927
vt 0.246535 0.538722
vt 0.512216 0.107948
vt 0.495349 0.115347
vt 0.489275 0.118026
vt 0.488862 0.109324
vt 0.494635 0.106854
vt 0.89073 0.867323
vt 0.889666 0.86397
vt 0.896861 0.855418
vt 0.895559 0.851918
vt 0.887439 0.859934
vt 0.893417 0.848031
vt 0.899878 0.839215
vt 0.898149 0.835942
vt 0.473603 0.186727
vt 0.476077 0.173645
vt 0.881586 0.87713
vt 0.881335 0.874288
vt 0.476295 0.213701
vt 0.477241 0.228649
vt 0.4726 0.229466
vt 0.471682 0.214975
vt 0.871495 0.883263
vt 0.870649 0.879939
vt 0.879751 0.870552
vt 0.481775 0.2127
vt 0.487834 0.211993
vt 0.482333 0.228009
vt 0.487856 0.227525
vt 0.478516 0.161538
vt 0.472005 0.175836
vt 0.473816 0.164392
vt 0.480615 0.15029
vt 0.475046 0.153801
vt 0.482069 0.13978
vt 0.477196 0.1417
vt 0.47816 0.132064
vt 0.482927 0.129915
vt 0.483238 0.120604
vt 0.478706 0.123311
vt 0.483208 0.111796
vt 0.478548 0.115192
vt 0.483042 0.103442
vt 0.488414 0.101233
vt 0.479144 0.105328
vt 0.479229 0.097088
vt 0.483025 0.095339
vt 0.488236 0.093587
vt 0.493987 0.099223
vt 0.263845 0.51492
vt 0.266945 0.514742
vt 0.264564 0.520181
vt 0.260754 0.520493
vt 0.263058 0.525747
vt 0.258532 0.526144
vt 0.257357 0.521141
vt 0.254427 0.526898
vt 0.270333 0.515139
vt 0.268544 0.520473
vt 0.273486 0.516014
vt 0.272058 0.521391
vt 0.271367 0.526789
vt 0.267541 0.525929
vt 0.488633 0.086218
vt 0.48344 0.087283
vt 0.479579 0.089055
vt 0.479475 0.080844
vt 0.484012 0.078867
vt 0.272854 0.509945
vt 0.275628 0.510518
vt 0.066437 0.204974
vt 0.066035 0.194535
vt 0.074433 0.192673
vt 0.075053 0.202523
vt 0.066065 0.184094
vt 0.074152 0.182815
vt 0.082306 0.181621
vt 0.082845 0.190849
vt 0.083659 0.200049
vt 0.057895 0.207415
vt 0.057696 0.196455
vt 0.049516 0.209968
vt 0.049463 0.198492
vt 0.05 0.187005
vt 0.058012 0.185492
vt 0.067457 0.215245
vt 0.058905 0.218246
vt 0.069369 0.225295
vt 0.060949 0.228851
vt 0.050581 0.221316
vt 0.052828 0.232409
vt 0.076136 0.212165
vt 0.08484 0.209001
vt 0.078003 0.221594
vt 0.086727 0.217748
vt 0.091224 0.189041
vt 0.09217 0.197539
vt 0.090559 0.180473
vt 0.098791 0.179468
vt 0.099481 0.187353
vt 0.100491 0.195095
vt 0.093465 0.205747
vt 0.101877 0.202484
vt 0.095415 0.213756
vt 0.103912 0.209671
vt 0.089654 0.226335
vt 0.080973 0.230805
vt 0.093487 0.234517
vt 0.084909 0.239582
vt 0.076559 0.244399
vt 0.072451 0.235071
vt 0.098331 0.221659
vt 0.106865 0.216805
vt 0.102108 0.229218
vt 0.110661 0.2237
vt 0.107527 0.185886
vt 0.108523 0.192818
vt 0.106882 0.178704
vt 0.114983 0.184764
vt 0.114559 0.178321
vt 0.115841 0.190811
vt 0.109947 0.199294
vt 0.117333 0.196269
vt 0.112058 0.205546
vt 0.119617 0.201483
vt 0.115117 0.211802
vt 0.122856 0.206799
vt 0.119032 0.217977
vt 0.126956 0.212213
vt 0.122018 0.189179
vt 0.121473 0.184108
vt 0.12155 0.178459
vt 0.127059 0.184373
vt 0.127928 0.179285
vt 0.125991 0.18798
vt 0.123694 0.193501
vt 0.128647 0.190309
vt 0.126354 0.197585
vt 0.131974 0.19342
vt 0.129852 0.201944
vt 0.135865 0.196949
vt 0.134166 0.206577
vt 0.140441 0.200838
vt 0.131824 0.217721
vt 0.123711 0.22398
vt 0.137088 0.222917
vt 0.128797 0.229505
vt 0.120219 0.236015
vt 0.115223 0.230168
vt 0.139276 0.211485
vt 0.145823 0.205026
vt 0.144795 0.216209
vt 0.151645 0.209092
vt 0.136184 0.188557
vt 0.140658 0.191528
vt 0.139175 0.183239
vt 0.144262 0.185854
vt 0.145559 0.194763
vt 0.149538 0.18853
vt 0.131807 0.186014
vt 0.133767 0.180963
vt 0.151219 0.198101
vt 0.155512 0.190987
vt 0.157363 0.201274
vt 0.162055 0.193079
vt 0.165829 0.184831
vt 0.173692 0.184705
vt 0.169038 0.19466
vt 0.168218 0.177022
vt 0.176551 0.1752
vt 0.187553 0.171639
vt 0.181828 0.185411
vt 0.176173 0.196553
vt 0.158748 0.183961
vt 0.152393 0.182313
vt 0.154205 0.176327
vt 0.160824 0.177283
vt 0.163715 0.204017
vt 0.170163 0.206702
vt 0.157543 0.212616
vt 0.163515 0.215831
vt 0.61586 0.197064
vt 0.607312 0.202212
vt 0.61395 0.180064
vt 0.603296 0.187443
vt 0.325866 0.189147
vt 0.318825 0.181828
vt 0.337061 0.191324
vt 0.327351 0.181144
vt 0.335497 0.180428
vt 0.3476 0.195002
vt 0.611386 0.157909
vt 0.59807 0.171762
vt 0.617351 0.210955
vt 0.610418 0.214541
vt 0.618735 0.222291
vt 0.61301 0.224947
vt 0.315939 0.188095
vt 0.307136 0.18791
vt 0.303205 0.183789
vt 0.310777 0.182749
vt 0.625619 0.195488
vt 0.625355 0.209828
vt 0.63633 0.196936
vt 0.634261 0.211187
vt 0.625262 0.221472
vt 0.63254 0.222801
vt 0.625815 0.178259
vt 0.627055 0.159404
vt 0.638614 0.180275
vt 0.641229 0.16217
vt 0.159313 0.072606
vt 0.159939 0.080011
vt 0.15945 0.06651
vt 0.163333 0.074914
vt 0.163138 0.069915
vt 0.164187 0.081207
vt 0.161327 0.088339
vt 0.165448 0.08844
vt 0.163649 0.096925
vt 0.167466 0.095938
vt 0.235929 0.46678
vt 0.246837 0.468625
vt 0.242344 0.477857
vt 0.253093 0.479349
vt 0.257426 0.469702
vt 0.263414 0.480101
vt 0.260364 0.488233
vt 0.270409 0.488725
vt 0.249859 0.487032
vt 0.646825 0.534905
vt 0.634354 0.54765
vt 0.642962 0.53306
vt 0.630653 0.545345
vt 0.61975 0.558854
vt 0.241847 0.45634
vt 0.238244 0.442831
vt 0.252691 0.457838
vt 0.249393 0.444685
vt 0.651156 0.537496
vt 0.638565 0.550681
vt 0.660623 0.523828
vt 0.665455 0.526028
vt 0.238637 0.485183
vt 0.23096 0.475657
vt 0.680516 0.516502
vt 0.267834 0.469985
vt 0.273511 0.480081
vt 0.27799 0.469581
vt 0.283344 0.479338
vt 0.280249 0.488443
vt 0.28983 0.487408
vt 0.263525 0.458448
vt 0.260788 0.445564
vt 0.274163 0.458384
vt 0.272102 0.445803
vt 0.236143 0.428435
vt 0.247716 0.430417
vt 0.610661 0.57325
vt 0.603497 0.588266
vt 0.247313 0.415223
vt 0.235246 0.413419
vt 0.259827 0.431427
vt 0.260256 0.4161
vt 0.272044 0.43189
vt 0.273675 0.416529
vt 0.283007 0.445734
vt 0.283935 0.432234
vt 0.287168 0.416989
vt 0.295096 0.432777
vt 0.299745 0.418204
vt 0.293318 0.44553
vt 0.284418 0.457862
vt 0.294218 0.456955
vt 0.297313 0.467051
vt 0.28782 0.468598
vt 0.302848 0.445363
vt 0.305122 0.433838
vt 0.310415 0.420896
vt 0.313985 0.43513
vt 0.319521 0.424192
vt 0.311438 0.445091
vt 0.303492 0.455738
vt 0.312102 0.454072
vt 0.306461 0.464954
vt 0.315193 0.462128
vt 0.31893 0.444568
vt 0.319905 0.451816
vt 0.324594 0.443781
vt 0.32702 0.448106
vt 0.323436 0.458393
vt 0.331257 0.453362
vt 0.321654 0.436367
vt 0.327405 0.427219
vt 0.328168 0.438399
vt 0.334307 0.430458
vt 0.276681 0.399601
vt 0.26169 0.399647
vt 0.247837 0.399289
vt 0.263197 0.382417
vt 0.279493 0.381476
vt 0.292677 0.399627
vt 0.297787 0.380475
vt 0.319402 0.380742
vt 0.307463 0.40132
vt 0.318826 0.406273
vt 0.330432 0.392884
vt 0.327822 0.41228
vt 0.338461 0.400964
vt 0.564275 0.189187
vt 0.565165 0.205291
vt 0.555723 0.20633
vt 0.554903 0.190567
vt 0.566083 0.221282
vt 0.556727 0.222145
vt 0.547431 0.223139
vt 0.546639 0.207368
vt 0.546067 0.191689
vt 0.574344 0.187496
vt 0.575092 0.204398
vt 0.33282 0.169626
vt 0.322905 0.158272
vt 0.322665 0.165707
vt 0.313303 0.154061
vt 0.313224 0.146922
vt 0.575471 0.22085
vt 0.562584 0.173505
vt 0.571692 0.171051
vt 0.560587 0.158682
vt 0.568286 0.155802
vt 0.581254 0.166039
vt 0.57616 0.150912
vt 0.586591 0.185653
vt 0.553868 0.175173
vt 0.545568 0.176305
vt 0.545315 0.161473
vt 0.55286 0.160446
vt 0.558781 0.145154
vt 0.565275 0.142485
vt 0.556945 0.132916
vt 0.562357 0.130822
vt 0.567796 0.127436
vt 0.571822 0.138216
vt 0.552123 0.146684
vt 0.545483 0.147452
vt 0.551347 0.134058
vt 0.545613 0.134537
vt 0.130071 0.161812
vt 0.12281 0.159612
vt 0.129334 0.167775
vt 0.122133 0.166078
vt 0.115077 0.157861
vt 0.114507 0.164851
vt 0.137202 0.159016
vt 0.136697 0.164374
vt 0.143197 0.161974
vt 0.142907 0.16696
vt 0.142306 0.172206
vt 0.136039 0.169892
vt 0.137658 0.153885
vt 0.14343 0.157248
vt 0.128654 0.173676
vt 0.121742 0.172405
vt 0.114367 0.171677
vt 0.13512 0.175506
vt 0.141139 0.177711
vt 0.149334 0.159687
vt 0.149191 0.164306
vt 0.149493 0.15516
vt 0.155424 0.15655
vt 0.155403 0.161021
vt 0.155325 0.165688
vt 0.148918 0.169234
vt 0.155054 0.170788
vt 0.148197 0.174492
vt 0.14671 0.180104
vt 0.161639 0.171214
vt 0.161739 0.165796
vt 0.168756 0.17014
vt 0.168368 0.164274
vt 0.176487 0.167189
vt 0.175151 0.160766
vt 0.18452 0.16149
vt 0.181854 0.154807
vt 0.24098 0.194063
vt 0.233102 0.198957
vt 0.22759 0.190705
vt 0.246088 0.201671
vt 0.238567 0.206089
vt 0.23057 0.210959
vt 0.224901 0.204599
vt 0.219002 0.1977
vt 0.248242 0.190205
vt 0.252971 0.197817
vt 0.22137 0.181533
vt 0.212462 0.190528
vt 0.214228 0.172731
vt 0.205179 0.183594
vt 0.259386 0.203458
vt 0.252311 0.207499
vt 0.266004 0.199855
vt 0.274073 0.203422
vt 0.266907 0.207408
vt 0.259171 0.211733
vt 0.244643 0.211906
vt 0.250871 0.216346
vt 0.23642 0.216513
vt 0.241978 0.220963
vt 0.274959 0.209951
vt 0.266191 0.214564
vt 0.283033 0.205538
vt 0.292713 0.208053
vt 0.283464 0.212867
vt 0.273489 0.217826
vt 0.256791 0.219348
vt 0.262731 0.222902
vt 0.246771 0.224007
vt 0.5035 0.459097
vt 0.501068 0.450842
vt 0.510207 0.450157
vt 0.513065 0.457724
vt 0.680013 0.963507
vt 0.691218 0.968124
vt 0.687334 0.970049
vt 0.676458 0.965303
vt 0.507297 0.443701
vt 0.5165 0.442751
vt 0.519578 0.448732
vt 0.52277 0.455429
vt 0.668281 0.959919
vt 0.672642 0.957848
vt 0.68411 0.961362
vt 0.677431 0.955676
vt 0.688368 0.959021
vt 0.699582 0.96306
vt 0.69539 0.965783
vt 0.505295 0.470197
vt 0.494311 0.458846
vt 0.495141 0.469431
vt 0.494491 0.480009
vt 0.485973 0.467165
vt 0.484898 0.476646
vt 0.485918 0.457649
vt 0.515806 0.467989
vt 0.526222 0.464256
vt 0.702378 0.972255
vt 0.706683 0.969873
vt 0.710968 0.96688
vt 0.722314 0.970772
vt 0.717854 0.974089
vt 0.713354 0.976519
vt 0.698282 0.974107
vt 0.709087 0.978242
vt 0.5044 0.436769
vt 0.501568 0.429986
vt 0.510372 0.429406
vt 0.513393 0.436072
vt 0.728767 0.978888
vt 0.724008 0.981539
vt 0.733408 0.975026
vt 0.739462 0.983338
vt 0.744185 0.978742
vt 0.734489 0.986486
vt 0.719537 0.983221
vt 0.729819 0.988413
vt 0.498855 0.423977
vt 0.496375 0.418124
vt 0.505021 0.417774
vt 0.507554 0.423462
vt 0.681887 0.953677
vt 0.692405 0.95664
vt 0.685827 0.950094
vt 0.695701 0.953829
vt 0.703523 0.959993
vt 0.70726 0.955306
vt 0.666879 0.953938
vt 0.672209 0.951643
vt 0.663102 0.949394
vt 0.676035 0.948789
vt 0.667898 0.945012
vt 0.139367 0.522994
vt 0.141065 0.520909
vt 0.140939 0.525726
vt 0.142506 0.523975
vt 0.141958 0.519387
vt 0.143258 0.522882
vt 0.144156 0.527111
vt 0.144936 0.526376
vt 0.142631 0.52857
vt 0.137956 0.520426
vt 0.139948 0.517908
vt 0.136903 0.518111
vt 0.139204 0.515147
vt 0.141076 0.512561
vt 0.141249 0.515827
vt 0.137589 0.525474
vt 0.136123 0.523344
vt 0.135876 0.528273
vt 0.134477 0.526574
vt 0.135112 0.521512
vt 0.133651 0.525208
vt 0.139298 0.527848
vt 0.141137 0.53036
vt 0.139688 0.53244
vt 0.137692 0.530275
vt 0.144401 0.531473
vt 0.145896 0.530324
vt 0.146779 0.529932
vt 0.147848 0.533428
vt 0.148862 0.53342
vt 0.146383 0.534224
vt 0.142991 0.532905
vt 0.144975 0.535346
vt 0.143577 0.536794
vt 0.141625 0.534626
vt 0.140262 0.536641
vt 0.138296 0.534767
vt 0.142142 0.538568
vt 0.140747 0.540383
vt 0.139002 0.538729
vt 0.137078 0.537189
vt 0.136229 0.532945
vt 0.135031 0.535722
vt 0.134375 0.531317
vt 0.133213 0.534464
vt 0.145619 0.538903
vt 0.143953 0.540545
vt 0.147617 0.540882
vt 0.145651 0.5425
vt 0.142258 0.542195
vt 0.143596 0.544096
vt 0.147204 0.537546
vt 0.148709 0.536611
vt 0.151164 0.538578
vt 0.14947 0.539475
vt 0.139465 0.541957
vt 0.140584 0.543577
vt 0.141474 0.545439
vt 0.138862 0.544414
vt 0.139292 0.54628
vt 0.138522 0.542996
vt 0.137943 0.540667
vt 0.137234 0.542539
vt 0.136152 0.539555
vt 0.135515 0.541822
vt 0.14944 0.542661
vt 0.147194 0.544358
vt 0.15102 0.544085
vt 0.148458 0.545865
vt 0.144818 0.546016
vt 0.145756 0.547593
vt 0.15156 0.541103
vt 0.15353 0.540068
vt 0.155783 0.541081
vt 0.15346 0.542356
vt 0.358979 0.44717
vt 0.36565 0.45083
vt 0.357344 0.459831
vt 0.350757 0.455854
vt 0.372463 0.453893
vt 0.364088 0.463173
vt 0.355699 0.471503
vt 0.349053 0.467912
vt 0.342596 0.463611
vt 0.367494 0.437869
vt 0.374111 0.441188
vt 0.376009 0.428306
vt 0.382457 0.431295
vt 0.380883 0.443906
vt 0.389077 0.433639
vt 0.352552 0.44304
vt 0.361067 0.43406
vt 0.346378 0.438695
vt 0.354794 0.429945
vt 0.363614 0.420854
vt 0.369737 0.424784
vt 0.344498 0.45135
vt 0.336556 0.458646
vt 0.338718 0.446648
vt 0.345354 0.407108
vt 0.33551 0.417131
vt 0.351582 0.412078
vt 0.34231 0.421412
vt 0.351009 0.391818
vt 0.356323 0.398153
vt 0.363707 0.384932
vt 0.36711 0.390825
vt 0.371021 0.395682
vt 0.361531 0.403274
vt 0.345311 0.38364
vt 0.341148 0.372476
vt 0.360632 0.377689
vt 0.358688 0.368708
vt 0.366913 0.407811
vt 0.357616 0.41664
vt 0.375616 0.399818
vt 0.372483 0.411876
vt 0.380701 0.403446
vt 0.34864 0.425706
vt 0.340464 0.434392
vt 0.378255 0.415582
vt 0.386081 0.40678
vt 0.384233 0.418836
vt 0.391703 0.409685
vt 0.378917 0.389986
vt 0.382809 0.393261
vt 0.383866 0.386707
vt 0.387999 0.387602
vt 0.387567 0.396002
vt 0.392838 0.389329
vt 0.376413 0.385682
vt 0.374796 0.380397
vt 0.384263 0.382813
vt 0.384274 0.377902
vt 0.136404 0.516142
vt 0.134768 0.520029
vt 0.420481 0.352513
vt 0.420942 0.348817
vt 0.422644 0.353995
vt 0.423116 0.34982
vt 0.425345 0.3551
vt 0.425741 0.350536
vt 0.421693 0.357883
vt 0.424475 0.359392
vt 0.13888 0.512801
vt 0.423238 0.363069
vt 0.420375 0.361224
vt 0.421342 0.366112
vt 0.418146 0.36408
vt 0.141385 0.509945
vt 0.420805 0.344965
vt 0.422998 0.345615
vt 0.420285 0.341082
vt 0.422457 0.341448
vt 0.425554 0.346044
vt 0.424925 0.341662
vt 0.133051 0.530026
vt 0.132345 0.52906
vt 0.131975 0.533555
vt 0.131341 0.532943
vt 0.134224 0.538472
vt 0.132515 0.537573
vt 0.133714 0.541046
vt 0.132141 0.540438
vt 0.131382 0.537019
vt 0.131106 0.540227
vt 0.417782 0.337006
vt 0.417135 0.333798
vt 0.419599 0.337293
vt 0.418742 0.333741
vt 0.130788 0.536732
vt 0.131949 0.542851
vt 0.130982 0.542993
vt 0.132087 0.544446
vt 0.131385 0.54521
vt 0.130517 0.543456
vt 0.131003 0.546103
vt 0.416403 0.331032
vt 0.417708 0.330569
vt 0.133411 0.543296
vt 0.135168 0.543948
vt 0.134942 0.545936
vt 0.133131 0.545208
vt 0.137021 0.544429
vt 0.137055 0.54637
vt 0.707403 0.113636
vt 0.709675 0.101345
vt 0.71988 0.117893
vt 0.722111 0.105738
vt 0.711614 0.089697
vt 0.72389 0.094183
vt 0.735237 0.09797
vt 0.733731 0.109555
vt 0.731591 0.121699
vt 0.694149 0.109061
vt 0.6964 0.096483
vt 0.680423 0.104345
vt 0.682625 0.091445
vt 0.684507 0.079365
vt 0.698363 0.084641
vt 0.704799 0.126584
vt 0.691622 0.122508
vt 0.702065 0.139565
vt 0.689154 0.136695
vt 0.677929 0.118322
vt 0.675512 0.133755
vt 0.717191 0.130603
vt 0.728794 0.134363
vt 0.714013 0.143229
vt 0.725154 0.147079
vt 0.710313 0.155133
vt 0.699403 0.151958
vt 0.720485 0.159376
vt 0.714519 0.171126
vt 0.704773 0.165852
vt 0.697424 0.161036
vt 0.687083 0.151499
vt 0.688395 0.164909
vt 0.67338 0.171667
vt 0.673541 0.151022
vt 0.165469 0.073442
vt 0.165688 0.077616
vt 0.11248 0.535976
vt 0.11221 0.532784
vt 0.116277 0.535539
vt 0.114436 0.531533
vt 0.119894 0.533573
vt 0.117659 0.529443
vt 0.166637 0.082996
vt 0.163854 0.066565
vt 0.166161 0.071199
vt 0.165306 0.064524
vt 0.16768 0.070208
vt 0.16761 0.076261
vt 0.169281 0.076474
vt 0.108813 0.534461
vt 0.109854 0.530691
vt 0.160352 0.062107
vt 0.155521 0.05844
vt 0.157179 0.055018
vt 0.161849 0.059284
vt 0.163776 0.05793
vt 0.167318 0.063454
vt 0.159194 0.053469
vt 0.161895 0.052373
vt 0.166388 0.056926
vt 0.170075 0.062602
vt 0.169942 0.069785
vt 0.173137 0.06947
vt 0.171887 0.076923
vt 0.175602 0.07738
vt 0.415201 0.312264
vt 0.421157 0.313999
vt 0.422175 0.321096
vt 0.4173 0.320087
vt 0.426891 0.31709
vt 0.427051 0.323395
vt 0.427634 0.32833
vt 0.423478 0.326614
vt 0.419436 0.325995
vt 0.413504 0.302396
vt 0.420756 0.305291
vt 0.412884 0.29124
vt 0.421363 0.295466
vt 0.427421 0.309437
vt 0.428935 0.300764
vt 0.409191 0.312167
vt 0.405592 0.300939
vt 0.403671 0.314273
vt 0.398158 0.302491
vt 0.391309 0.286221
vt 0.403261 0.288161
vt 0.412681 0.320699
vt 0.415757 0.326821
vt 0.408495 0.322981
vt 0.412467 0.328992
vt 0.424736 0.330585
vt 0.421239 0.330117
vt 0.428375 0.331876
vt 0.425893 0.332854
vt 0.429206 0.333744
vt 0.422722 0.332541
vt 0.418112 0.330823
vt 0.419891 0.333109
vt 0.417553 0.334663
vt 0.415429 0.332684
vt 0.423899 0.333359
vt 0.421236 0.334086
vt 0.157997 0.540666
vt 0.155321 0.539939
vt 0.152655 0.538491
vt 0.419017 0.335534
vt 0.211855 0.545442
vt 0.211984 0.542165
vt 0.21478 0.545481
vt 0.215161 0.54276
vt 0.212475 0.538621
vt 0.215903 0.539803
vt 0.217956 0.544292
vt 0.218996 0.54185
vt 0.217303 0.546478
vt 0.157899 0.541613
vt 0.155149 0.543157
vt 0.15978 0.54168
vt 0.156545 0.543427
vt 0.22024 0.546616
vt 0.221573 0.544606
vt 0.222104 0.549463
vt 0.22371 0.547797
vt 0.152292 0.545004
vt 0.432233 0.321251
vt 0.431675 0.32665
vt 0.437214 0.326388
vt 0.435982 0.330784
vt 0.435388 0.334011
vt 0.431653 0.330794
vt 0.433571 0.314644
vt 0.435838 0.307064
vt 0.439265 0.320876
vt 0.442144 0.314379
vt 0.431926 0.333637
vt 0.435253 0.336015
vt 0.209529 0.534263
vt 0.210384 0.530056
vt 0.213274 0.535153
vt 0.214338 0.531658
vt 0.208893 0.538463
vt 0.216972 0.536844
vt 0.218376 0.533744
vt 0.222186 0.536438
vt 0.220396 0.539275
vt 0.441862 0.332405
vt 0.439906 0.335718
vt 0.445564 0.339588
vt 0.4429 0.341553
vt 0.438693 0.337986
vt 0.441137 0.34272
vt 0.444564 0.328098
vt 0.447928 0.322724
vt 0.452842 0.332788
vt 0.448973 0.336881
vt 0.206436 0.528798
vt 0.207274 0.523683
vt 0.211378 0.525846
vt 0.207962 0.518902
vt 0.212291 0.521923
vt 0.215626 0.528036
vt 0.21686 0.524627
vt 0.447706 0.348225
vt 0.444418 0.34839
vt 0.447796 0.357617
vt 0.444295 0.355669
vt 0.166062 0.55402
vt 0.165623 0.549948
vt 0.170506 0.549427
vt 0.170425 0.545936
vt 0.203787 0.515403
vt 0.203801 0.509945
vt 0.208244 0.514739
vt 0.451994 0.347794
vt 0.456538 0.345264
vt 0.458838 0.361816
vt 0.45247 0.360047
vt 0.208912 0.040383
vt 0.214301 0.039422
vt 0.203111 0.031965
vt 0.209014 0.031154
vt 0.219902 0.03887
vt 0.215183 0.030542
vt 0.210382 0.050341
vt 0.203734 0.041616
vt 0.205375 0.053447
vt 0.198263 0.042152
vt 0.197524 0.032705
vt 0.191966 0.033165
vt 0.217764 0.057308
vt 0.216075 0.061323
vt 0.225716 0.038865
vt 0.221566 0.0304
vt 0.231249 0.039623
vt 0.227612 0.031074
vt 0.197529 0.024201
vt 0.203995 0.023215
vt 0.192006 0.01732
vt 0.199065 0.015941
vt 0.210777 0.022466
vt 0.206451 0.015063
vt 0.191452 0.025179
vt 0.185594 0.026185
vt 0.185392 0.019002
vt 0.179108 0.020934
vt 0.186384 0.011549
vt 0.194043 0.009667
vt 0.180645 0.00712
vt 0.188889 0.004862
vt 0.201973 0.008756
vt 0.197317 0.004099
vt 0.179213 0.014138
vt 0.172474 0.017131
vt 0.172983 0.010558
vt 0.165846 0.01456
vt 0.177631 0.0592
vt 0.173761 0.061215
vt 0.173911 0.052992
vt 0.169945 0.055153
vt 0.165612 0.050311
vt 0.169919 0.047879
vt 0.181774 0.066849
vt 0.177459 0.068803
vt 0.187404 0.077049
vt 0.1806 0.077611
vt 0.180938 0.056464
vt 0.184948 0.062672
vt 0.183121 0.054343
vt 0.186555 0.057143
vt 0.190293 0.068735
vt 0.191671 0.061401
vt 0.177752 0.05083
vt 0.174393 0.045674
vt 0.179065 0.044435
vt 0.181745 0.049822
vt 0.164962 0.043515
vt 0.169864 0.040903
vt 0.159055 0.039959
vt 0.164215 0.036831
vt 0.169553 0.034462
vt 0.174955 0.039122
vt 0.160364 0.046387
vt 0.156412 0.048874
vt 0.154255 0.04335
vt 0.150091 0.046318
vt 0.152212 0.037273
vt 0.157498 0.033776
vt 0.144679 0.035697
vt 0.150055 0.031983
vt 0.155675 0.028919
vt 0.162993 0.031036
vt 0.147339 0.041164
vt 0.143084 0.044593
vt 0.139718 0.039711
vt 0.13535 0.043206
vt 0.673847 0.560664
vt 0.686299 0.555226
vt 0.67213 0.56927
vt 0.683337 0.564521
vt 0.227014 0.118936
vt 0.237893 0.121282
vt 0.226788 0.109012
vt 0.237702 0.111658
vt 0.2487 0.124186
vt 0.248617 0.114858
vt 0.216885 0.127986
vt 0.216776 0.116733
vt 0.207854 0.125204
vt 0.207429 0.114509
vt 0.206778 0.104324
vt 0.216396 0.106641
vt 0.21641 0.140466
vt 0.213412 0.153295
vt 0.207766 0.136137
vt 0.205197 0.1474
vt 0.198183 0.101844
vt 0.197166 0.091771
vt 0.206187 0.094919
vt 0.19071 0.099415
vt 0.189262 0.088982
vt 0.196743 0.082323
vt 0.205895 0.086262
vt 0.199224 0.112106
vt 0.200049 0.122195
vt 0.19339 0.118944
vt 0.192178 0.109493
vt 0.216061 0.097645
vt 0.215856 0.089499
vt 0.226553 0.100284
vt 0.226357 0.092424
vt 0.237434 0.103168
vt 0.237129 0.095429
vt 0.247817 0.098819
vt 0.248294 0.106546
vt 0.206136 0.078325
vt 0.21587 0.081956
vt 0.206422 0.070598
vt 0.215891 0.074717
vt 0.226078 0.078267
vt 0.226246 0.085107
vt 0.197483 0.073935
vt 0.198321 0.066023
vt 0.236824 0.088053
vt 0.236334 0.081133
vt 0.247267 0.091241
vt 0.246378 0.083986
vt 0.179291 0.09513
vt 0.175058 0.092825
vt 0.177496 0.086178
vt 0.173393 0.084871
vt 0.171845 0.090359
vt 0.170414 0.083462
vt 0.181462 0.103497
vt 0.177479 0.099983
vt 0.183167 0.111398
vt 0.179409 0.106578
vt 0.118267 0.511983
vt 0.124674 0.509945
vt 0.119029 0.51766
vt 0.124659 0.5159
vt 0.112241 0.515059
vt 0.113627 0.520495
vt 0.184461 0.097251
vt 0.186309 0.106645
vt 0.187795 0.115432
vt 0.182746 0.087333
vt 0.188419 0.12353
vt 0.183565 0.118952
vt 0.194069 0.12749
vt 0.187532 0.131881
vt 0.192819 0.136147
vt 0.182085 0.12746
vt 0.1796 0.112839
vt 0.177988 0.117993
vt 0.176188 0.106303
vt 0.174285 0.110214
vt 0.176313 0.101612
vt 0.173669 0.09714
vt 0.172994 0.100453
vt 0.170595 0.103029
vt 0.170236 0.0948
vt 0.171426 0.094016
vt 0.124434 0.520996
vt 0.11999 0.522556
vt 0.123855 0.524707
vt 0.121279 0.526796
vt 0.115502 0.525187
vt 0.258721 0.128065
vt 0.259009 0.118892
vt 0.267361 0.132844
vt 0.26816 0.123892
vt 0.274023 0.138448
vt 0.275349 0.129988
vt 0.278979 0.144316
vt 0.280743 0.136521
vt 0.282499 0.149889
vt 0.284507 0.142831
vt 0.285323 0.155082
vt 0.287498 0.148903
vt 0.288187 0.159814
vt 0.290573 0.154721
vt 0.290673 0.164479
vt 0.293561 0.160476
vt 0.258724 0.110663
vt 0.258067 0.102898
vt 0.267363 0.107802
vt 0.268072 0.115686
vt 0.275684 0.121781
vt 0.275188 0.113663
vt 0.281474 0.12026
vt 0.281586 0.128474
vt 0.285804 0.135289
vt 0.624782 0.291609
vt 0.619304 0.293301
vt 0.620158 0.280786
vt 0.615082 0.282077
vt 0.615158 0.270567
vt 0.610297 0.27117
vt 0.289215 0.142083
vt 0.257237 0.095116
vt 0.255929 0.0875
vt 0.266301 0.099813
vt 0.264613 0.091856
vt 0.681145 0.256474
vt 0.669379 0.262456
vt 0.664483 0.256641
vt 0.674795 0.249928
vt 0.659367 0.267353
vt 0.655507 0.261944
vt 0.658288 0.250908
vt 0.666714 0.243615
vt 0.308373 0.199296
vt 0.301292 0.203412
vt 0.296532 0.197679
vt 0.290353 0.201353
vt 0.280663 0.199826
vt 0.286384 0.196761
vt 0.321912 0.203829
vt 0.313405 0.208071
vt 0.338203 0.21184
vt 0.324486 0.215338
vt 0.302944 0.212819
vt 0.312668 0.219836
vt 0.313123 0.196056
vt 0.326646 0.200226
vt 0.685897 0.240407
vt 0.675385 0.233525
vt 0.696224 0.228462
vt 0.683792 0.221272
vt 0.341092 0.206222
vt 0.697372 0.58386
vt 0.694416 0.594111
vt 0.68738 0.593652
vt 0.689053 0.58332
vt 0.691551 0.604107
vt 0.685883 0.603446
vt 0.680002 0.604359
vt 0.680104 0.594913
vt 0.680451 0.584777
vt 0.705227 0.586126
vt 0.701136 0.595941
vt 0.712526 0.589688
vt 0.707473 0.598684
vt 0.697095 0.60579
vt 0.702466 0.608029
vt 0.700914 0.573752
vt 0.709848 0.576704
vt 0.705251 0.564088
vt 0.715166 0.56787
vt 0.718001 0.581348
vt 0.724034 0.573709
vt 0.691357 0.572941
vt 0.681458 0.574508
vt 0.694509 0.562882
vt 0.673817 0.607401
vt 0.672663 0.598249
vt 0.667365 0.612098
vt 0.665179 0.603352
vt 0.671749 0.588498
vt 0.663206 0.594223
vt 0.679732 0.612555
vt 0.674785 0.615414
vt 0.679125 0.618144
vt 0.675903 0.621888
vt 0.669301 0.619986
vt 0.671039 0.626803
vt 0.684106 0.612214
vt 0.68828 0.613449
vt 0.681497 0.619895
vt 0.684355 0.622135
vt 0.253835 0.080233
vt 0.24488 0.077229
vt 0.262028 0.084065
vt 0.235472 0.074759
vt 0.225713 0.071839
vt 0.570589 0.332305
vt 0.5683 0.323858
vt 0.578848 0.319119
vt 0.580768 0.328413
vt 0.564614 0.314249
vt 0.575506 0.308727
vt 0.586402 0.304233
vt 0.589324 0.315118
vt 0.59085 0.325212
vt 0.560981 0.336995
vt 0.558508 0.329305
vt 0.552384 0.34212
vt 0.549929 0.334947
vt 0.554864 0.320901
vt 0.546607 0.327644
vt 0.5989 0.311885
vt 0.600169 0.322596
vt 0.596162 0.30066
vt 0.604875 0.297774
vt 0.607551 0.309228
vt 0.269148 0.089016
vt 0.272053 0.097238
vt 0.55948 0.303199
vt 0.54995 0.31173
vt 0.542364 0.320452
vt 0.54341 0.303919
vt 0.537012 0.314488
vt 0.552039 0.289549
vt 0.570837 0.297032
vt 0.566174 0.283826
vt 0.582329 0.292534
vt 0.577891 0.279856
vt 0.656382 0.693714
vt 0.651066 0.693981
vt 0.657825 0.690624
vt 0.651409 0.691247
vt 0.647096 0.694421
vt 0.645543 0.692594
vt 0.650028 0.689044
vt 0.642887 0.690617
vt 0.659117 0.687128
vt 0.654338 0.697671
vt 0.649308 0.69747
vt 0.651861 0.702178
vt 0.646727 0.701573
vt 0.644748 0.696962
vt 0.641716 0.700868
vt 0.662048 0.693613
vt 0.659652 0.698068
vt 0.66681 0.69444
vt 0.664238 0.699296
vt 0.657025 0.702887
vt 0.66143 0.704362
vt 0.664171 0.689753
vt 0.666798 0.685445
vt 0.669006 0.689934
vt 0.672589 0.68625
vt 0.775493 0.542157
vt 0.786235 0.53976
vt 0.782409 0.556342
vt 0.792623 0.554361
vt 0.797504 0.538328
vt 0.803327 0.55307
vt 0.796466 0.567087
vt 0.807008 0.568078
vt 0.78751 0.569046
vt 0.766659 0.530443
vt 0.778054 0.527669
vt 0.756382 0.521378
vt 0.768635 0.518204
vt 0.781255 0.516381
vt 0.789989 0.526064
vt 0.765184 0.545472
vt 0.755737 0.534391
vt 0.755455 0.549683
vt 0.745587 0.539445
vt 0.744336 0.526028
vt 0.733384 0.531969
vt 0.772495 0.558974
vt 0.778361 0.571563
vt 0.768543 0.575733
vt 0.763053 0.562236
vt 0.745136 0.515144
vt 0.758532 0.511479
vt 0.734236 0.5109
vt 0.748472 0.506886
vt 0.771773 0.509384
vt 0.762016 0.504571
vt 0.731159 0.52068
vt 0.718782 0.527703
vt 0.718695 0.517066
vt 0.785287 0.508555
vt 0.794404 0.515788
vt 0.348884 0.554262
vt 0.364499 0.550742
vt 0.363436 0.562976
vt 0.347901 0.566731
vt 0.346705 0.580743
vt 0.362504 0.576588
vt 0.799608 0.509216
vt 0.808438 0.516683
vt 0.802533 0.525623
vt 0.815952 0.526547
vt 0.82211 0.538626
vt 0.809395 0.537913
vt 0.394793 0.568705
vt 0.409736 0.566175
vt 0.395419 0.579652
vt 0.410378 0.575499
vt 0.423526 0.564584
vt 0.423799 0.572886
vt 0.424972 0.58085
vt 0.412126 0.584418
vt 0.39756 0.590039
vt 0.395045 0.557933
vt 0.410035 0.556597
vt 0.396128 0.54738
vt 0.411246 0.546907
vt 0.424105 0.55592
vt 0.425544 0.546996
vt 0.378792 0.572376
vt 0.379331 0.560051
vt 0.380396 0.548553
vt 0.378758 0.585828
vt 0.380975 0.598427
vt 0.361235 0.611501
vt 0.361594 0.592181
vt 0.415146 0.59278
vt 0.401856 0.59913
vt 0.427091 0.588507
vt 0.430109 0.59593
vt 0.419205 0.600666
vt 0.407531 0.607245
vt 0.387186 0.608193
vt 0.395395 0.61611
vt 0.373765 0.620778
vt 0.384313 0.627588
vt 0.372984 0.3669
vt 0.373564 0.374175
vt 0.384741 0.366347
vt 0.38444 0.372454
vt 0.358677 0.357601
vt 0.373323 0.358451
vt 0.360586 0.345871
vt 0.374653 0.349527
vt 0.385996 0.352245
vt 0.385162 0.359457
vt 0.340439 0.357181
vt 0.320269 0.357748
vt 0.321292 0.333456
vt 0.343186 0.341071
vt 0.410249 0.509945
vt 0.426019 0.511649
vt 0.420684 0.519201
vt 0.40482 0.517951
vt 0.44049 0.513449
vt 0.435336 0.520706
vt 0.431091 0.529036
vt 0.416446 0.527908
vt 0.400837 0.527226
vt 0.702093 0.511245
vt 0.709433 0.513903
vt 0.387618 0.516895
vt 0.384348 0.527054
vt 0.724998 0.50781
vt 0.453884 0.515528
vt 0.448901 0.522531
vt 0.278167 0.495263
vt 0.268398 0.495001
vt 0.46141 0.524927
vt 0.457247 0.532659
vt 0.444687 0.530545
vt 0.287739 0.494777
vt 0.297055 0.493543
vt 0.304598 0.498201
vt 0.295566 0.499525
vt 0.472895 0.528148
vt 0.468788 0.535606
vt 0.299101 0.485641
vt 0.306057 0.491559
vt 0.308143 0.483107
vt 0.314847 0.488775
vt 0.321858 0.493206
vt 0.313323 0.496114
vt 0.292868 0.477923
vt 0.302127 0.475817
vt 0.311161 0.473004
vt 0.317036 0.479771
vt 0.319927 0.469315
vt 0.325754 0.475493
vt 0.323531 0.485139
vt 0.332122 0.480523
vt 0.33032 0.489416
vt 0.338762 0.484607
vt 0.328379 0.464582
vt 0.334268 0.470132
vt 0.340637 0.474795
vt 0.34724 0.478642
vt 0.333565 0.442079
vt 0.034838 0.154346
vt 0.025815 0.154213
vt 0.03515 0.165638
vt 0.026669 0.166135
vt 0.01674 0.154284
vt 0.018216 0.166638
vt 0.043356 0.154307
vt 0.051489 0.154206
vt 0.051298 0.164601
vt 0.043341 0.165113
vt 0.034818 0.177708
vt 0.026793 0.178732
vt 0.034158 0.190309
vt 0.026422 0.192029
vt 0.6153 0.822953
vt 0.614389 0.809656
vt 0.617686 0.808404
vt 0.617768 0.822134
vt 0.018926 0.179551
vt 0.042792 0.176654
vt 0.050707 0.175621
vt 0.042033 0.188622
vt 0.059356 0.154154
vt 0.067067 0.154202
vt 0.066719 0.163811
vt 0.059078 0.164143
vt 0.058551 0.174656
vt 0.066339 0.173813
vt 0.041386 0.200708
vt 0.041389 0.212755
vt 0.605957 0.800977
vt 0.60192 0.78893
vt 0.608334 0.798489
vt 0.604063 0.785685
vt 0.033487 0.203196
vt 0.074727 0.1544
vt 0.082512 0.154733
vt 0.081959 0.163653
vt 0.074263 0.163674
vt 0.074083 0.173148
vt 0.081951 0.172585
vt 0.090596 0.155184
vt 0.098821 0.155804
vt 0.098329 0.163799
vt 0.090061 0.163665
vt 0.09011 0.172054
vt 0.098363 0.171652
vt 0.107031 0.156644
vt 0.106525 0.164142
vt 0.417394 0.43471
vt 0.410111 0.435831
vt 0.417193 0.423828
vt 0.424599 0.421695
vt 0.402867 0.43598
vt 0.410024 0.424705
vt 0.415731 0.413601
vt 0.422465 0.412006
vt 0.42956 0.408949
vt 0.408764 0.447164
vt 0.401803 0.447545
vt 0.399333 0.458874
vt 0.392833 0.458671
vt 0.394758 0.447146
vt 0.38613 0.457833
vt 0.424509 0.432545
vt 0.415497 0.446055
vt 0.545985 0.65865
vt 0.539419 0.670468
vt 0.527531 0.660292
vt 0.534335 0.648563
vt 0.514046 0.649038
vt 0.523517 0.637627
vt 0.405538 0.458568
vt 0.432071 0.418045
vt 0.436911 0.404046
vt 0.445834 0.396577
vt 0.438935 0.414984
vt 0.557175 0.668123
vt 0.550667 0.680511
vt 0.389724 0.469654
vt 0.383766 0.468909
vt 0.380324 0.479218
vt 0.374813 0.478068
vt 0.368731 0.476503
vt 0.377413 0.467673
vt 0.395138 0.470078
vt 0.514819 0.625602
vt 0.507121 0.632695
vt 0.500958 0.620207
vt 0.507514 0.613907
vt 0.385032 0.480138
vt 0.379315 0.456234
vt 0.370815 0.465774
vt 0.362309 0.474341
vt 0.387776 0.445912
vt 0.395868 0.435225
vt 0.03289 0.08713
vt 0.578211 0.908698
vt 0.580886 0.906998
vt 0.583845 0.912547
vt 0.581345 0.914555
vt 0.587565 0.917892
vt 0.585322 0.920221
vt 0.033285 0.081464
vt 0.578104 0.895407
vt 0.578776 0.901259
vt 0.582327 0.899333
vt 0.58672 0.897168
vt 0.588802 0.902743
vt 0.584431 0.904971
vt 0.58729 0.910383
vt 0.591587 0.90809
vt 0.590866 0.915617
vt 0.589209 0.880719
vt 0.59361 0.878112
vt 0.591727 0.883866
vt 0.598371 0.875578
vt 0.596869 0.881846
vt 0.596712 0.887573
vt 0.591105 0.889472
vt 0.009706 0.123573
vt 0.013401 0.129555
vt 0.008306 0.133104
vt 0.596516 0.872131
vt 0.601423 0.868581
vt 0.591979 0.895013
vt 0.597696 0.892943
vt 0.599587 0.898114
vt 0.593956 0.900438
vt 0.272301 0.196763
vt 0.277926 0.194326
vt 0.282528 0.19269
vt 0.643361 0.272463
vt 0.648413 0.267235
vt 0.290945 0.19437
vt 0.41547 0.666252
vt 0.419388 0.6572
vt 0.425935 0.668743
vt 0.429863 0.660739
vt 0.4243 0.64851
vt 0.434354 0.652764
vt 0.439901 0.664344
vt 0.44423 0.656711
vt 0.435601 0.671714
vt 0.404398 0.663937
vt 0.40865 0.653629
vt 0.392988 0.661749
vt 0.397781 0.649949
vt 0.414222 0.643938
vt 0.404208 0.638987
vt 0.412863 0.675295
vt 0.401753 0.674421
vt 0.411854 0.684102
vt 0.400678 0.684698
vt 0.390085 0.673743
vt 0.388861 0.685425
vt 0.422897 0.676351
vt 0.431611 0.678335
vt 0.428471 0.683041
vt 0.421667 0.683547
vt 0.449329 0.668119
vt 0.444275 0.67547
vt 0.453773 0.66036
vt 0.463166 0.663723
vt 0.458382 0.67197
vt 0.452373 0.679721
vt 0.438759 0.68199
vt 0.445175 0.686671
vt 0.431986 0.687124
vt 0.436563 0.692504
vt 0.632832 0.655569
vt 0.629621 0.651358
vt 0.633879 0.643114
vt 0.637306 0.647867
vt 0.626807 0.647394
vt 0.630806 0.638592
vt 0.635535 0.629298
vt 0.638753 0.634576
vt 0.642274 0.640044
vt 0.62868 0.663009
vt 0.625832 0.659126
vt 0.624891 0.670183
vt 0.622458 0.666401
vt 0.620465 0.662819
vt 0.623397 0.65548
vt 0.636057 0.659914
vt 0.631709 0.667002
vt 0.627705 0.674005
vt 0.640693 0.652726
vt 0.645728 0.645536
vt 0.643856 0.657565
vt 0.648884 0.650926
vt 0.621506 0.677088
vt 0.624103 0.68094
vt 0.619448 0.673164
vt 0.616992 0.679334
vt 0.615764 0.675046
vt 0.617899 0.669377
vt 0.618972 0.659595
vt 0.621612 0.652196
vt 0.147059 0.34209
vt 0.152354 0.344687
vt 0.145037 0.349489
vt 0.150865 0.352328
vt 0.143282 0.357894
vt 0.624773 0.643791
vt 0.616827 0.665936
vt 0.14577 0.332308
vt 0.149958 0.326639
vt 0.152916 0.330702
vt 0.149464 0.335749
vt 0.155433 0.333881
vt 0.153933 0.338237
vt 0.226647 0.283691
vt 0.236072 0.279922
vt 0.239655 0.291526
vt 0.229753 0.295426
vt 0.245574 0.27603
vt 0.254839 0.270766
vt 0.260438 0.281188
vt 0.249894 0.28695
vt 0.484898 0.627498
vt 0.476672 0.629663
vt 0.473871 0.621415
vt 0.481384 0.618426
vt 0.468898 0.631144
vt 0.466446 0.623844
vt 0.470191 0.613799
vt 0.462912 0.616821
vt 0.477206 0.610377
vt 0.487367 0.637669
vt 0.478109 0.638578
vt 0.488066 0.648459
vt 0.478 0.647912
vt 0.469661 0.638851
vt 0.468878 0.646915
vt 0.493206 0.624541
vt 0.497504 0.636213
vt 0.499544 0.648836
vt 0.488566 0.61466
vt 0.483656 0.606251
vt 0.49515 0.609907
vt 0.489448 0.601321
vt 0.466117 0.606783
vt 0.472744 0.603276
vt 0.458902 0.609943
vt 0.46205 0.600366
vt 0.454876 0.603243
vt 0.468273 0.597127
vt 0.478552 0.598995
vt 0.473312 0.592898
vt 0.4836 0.593971
vt 0.477476 0.587856
vt 0.464067 0.591937
vt 0.45839 0.594545
vt 0.451293 0.596751
vt 0.455859 0.589044
vt 0.448559 0.590393
vt 0.460733 0.588512
vt 0.467996 0.587964
vt 0.462114 0.584694
vt 0.470949 0.582972
vt 0.463761 0.579566
vt 0.649037 0.231836
vt 0.657949 0.237548
vt 0.644216 0.240015
vt 0.651335 0.245333
vt 0.654098 0.220565
vt 0.664689 0.226815
vt 0.659566 0.206652
vt 0.671579 0.21373
vt 0.640516 0.226588
vt 0.643898 0.215061
vt 0.64773 0.200856
vt 0.637525 0.235054
vt 0.631299 0.231554
vt 0.665609 0.190547
vt 0.652072 0.184357
vt 0.656094 0.166393
vt 0.678643 0.198885
vt 0.686577 0.185031
vt 0.698943 0.193893
vt 0.691427 0.207489
vt 0.598373 0.603637
vt 0.235254 0.398049
vt 0.263845 0.364755
vt 0.263332 0.347204
vt 0.280542 0.362525
vt 0.279547 0.34362
vt 0.299826 0.35986
vt 0.298381 0.339194
vt 0.261356 0.330304
vt 0.258227 0.314402
vt 0.276224 0.325632
vt 0.271444 0.308969
vt 0.293037 0.31989
vt 0.285779 0.302334
vt 0.309369 0.312311
vt 0.299979 0.294619
vt 0.232574 0.308274
vt 0.243102 0.304527
vt 0.222387 0.311302
vt 0.254259 0.299845
vt 0.266077 0.294038
vt 0.44708 0.584095
vt 0.455175 0.583586
vt 0.446565 0.577662
vt 0.45566 0.577886
vt 0.439935 0.592597
vt 0.437727 0.585673
vt 0.436393 0.578624
vt 0.443105 0.599515
vt 0.446987 0.60639
vt 0.43398 0.603197
vt 0.438524 0.610238
vt 0.435846 0.571329
vt 0.436072 0.563732
vt 0.446722 0.570898
vt 0.447536 0.563815
vt 0.456633 0.57166
vt 0.45808 0.565031
vt 0.465611 0.573751
vt 0.467698 0.567451
vt 0.437059 0.555775
vt 0.438812 0.54751
vt 0.44899 0.556423
vt 0.451085 0.548717
vt 0.397999 0.53709
vt 0.413342 0.537244
vt 0.42785 0.537917
vt 0.382005 0.537581
vt 0.365799 0.539285
vt 0.367491 0.528343
vt 0.084942 0.509945
vt 0.091751 0.510022
vt 0.084507 0.515862
vt 0.091244 0.515806
vt 0.075082 0.312721
vt 0.079085 0.31091
vt 0.085851 0.313648
vt 0.082032 0.315248
vt 0.092314 0.315736
vt 0.088804 0.317267
vt 0.090751 0.521697
vt 0.084182 0.521862
vt 0.0714 0.313287
vt 0.064947 0.308857
vt 0.068351 0.308198
vt 0.628168 0.692828
vt 0.622445 0.698567
vt 0.623754 0.693487
vt 0.617744 0.699354
vt 0.061818 0.302332
vt 0.072224 0.30647
vt 0.065416 0.30069
vt 0.634789 0.688398
vt 0.639093 0.689084
vt 0.632694 0.693129
vt 0.637022 0.694147
vt 0.627301 0.698461
vt 0.632173 0.698928
vt 0.078403 0.510869
vt 0.077793 0.516923
vt 0.07739 0.523017
vt 0.646615 0.687149
vt 0.654181 0.685003
vt 0.090688 0.526197
vt 0.084363 0.52609
vt 0.098264 0.318228
vt 0.094998 0.320265
vt 0.100419 0.324303
vt 0.103469 0.321456
vt 0.091906 0.321418
vt 0.097594 0.326625
vt 0.649668 0.684027
vt 0.655963 0.680267
vt 0.66071 0.680323
vt 0.660852 0.67506
vt 0.665857 0.673562
vt 0.665717 0.680482
vt 0.670835 0.672612
vt 0.069696 0.29802
vt 0.076535 0.303563
vt 0.07457 0.294519
vt 0.081272 0.299791
vt 0.087782 0.303913
vt 0.083297 0.307861
vt 0.05881 0.293932
vt 0.062951 0.291246
vt 0.052235 0.286431
vt 0.056219 0.283506
vt 0.061027 0.279998
vt 0.067802 0.287834
vt 0.055462 0.295772
vt 0.617645 0.70479
vt 0.612738 0.705913
vt 0.613823 0.711397
vt 0.608754 0.713005
vt 0.608341 0.707754
vt 0.604201 0.715254
vt 0.089813 0.310904
vt 0.093971 0.307153
vt 0.099789 0.309804
vt 0.09597 0.313294
vt 0.101654 0.315631
vt 0.105185 0.312162
vt 0.106614 0.31838
vt 0.109887 0.314692
vt 0.107693 0.32575
vt 0.110597 0.322002
vt 0.113621 0.31786
vt 0.651063 0.679683
vt 0.64724 0.683825
vt 0.651609 0.675546
vt 0.655163 0.675936
vt 0.65595 0.671068
vt 0.104868 0.329443
vt 0.660517 0.666585
vt 0.659401 0.672243
vt 0.665435 0.66188
vt 0.664023 0.668643
vt 0.65653 0.677382
vt 0.108873 0.307506
vt 0.113318 0.310005
vt 0.103788 0.305132
vt 0.112972 0.302141
vt 0.10824 0.299784
vt 0.117115 0.304644
vt 0.116805 0.312984
vt 0.120342 0.307532
vt 0.643836 0.688702
vt 0.650739 0.671251
vt 0.648917 0.666816
vt 0.653636 0.661121
vt 0.655278 0.666122
vt 0.436048 0.360231
vt 0.435009 0.363536
vt 0.432721 0.364512
vt 0.433722 0.360684
vt 0.195674 0.518771
vt 0.191408 0.518092
vt 0.191642 0.51484
vt 0.195925 0.515775
vt 0.431128 0.367655
vt 0.428409 0.368265
vt 0.429962 0.364857
vt 0.430916 0.360736
vt 0.43783 0.35944
vt 0.436941 0.362173
vt 0.197945 0.522645
vt 0.196718 0.524702
vt 0.19509 0.521827
vt 0.194559 0.52487
vt 0.191073 0.521511
vt 0.190788 0.525012
vt 0.436578 0.356161
vt 0.438372 0.355928
vt 0.436711 0.351678
vt 0.438637 0.351912
vt 0.439495 0.356119
vt 0.440041 0.352522
vt 0.438702 0.358615
vt 0.434298 0.356261
vt 0.431577 0.356163
vt 0.4318 0.351367
vt 0.43444 0.351538
vt 0.436561 0.347132
vt 0.438696 0.347666
vt 0.436053 0.342697
vt 0.4385 0.343339
vt 0.440406 0.348551
vt 0.440581 0.344329
vt 0.434138 0.346806
vt 0.431438 0.346581
vt 0.430614 0.341988
vt 0.433409 0.342264
vt 0.427691 0.360325
vt 0.426618 0.364328
vt 0.424955 0.367629
vt 0.428458 0.355799
vt 0.428768 0.351043
vt 0.428472 0.346346
vt 0.427715 0.341814
vt 0.42945 0.337773
vt 0.426643 0.337552
vt 0.423997 0.337429
vt 0.425459 0.333545
vt 0.422917 0.333421
vt 0.428176 0.333856
vt 0.432268 0.338108
vt 0.430945 0.334285
vt 0.435115 0.338547
vt 0.433854 0.334757
vt 0.427022 0.330155
vt 0.429666 0.330745
vt 0.42573 0.32689
vt 0.428199 0.327691
vt 0.430624 0.328643
vt 0.432376 0.331401
vt 0.424366 0.329777
vt 0.421835 0.32971
vt 0.420795 0.326512
vt 0.423221 0.326473
vt 0.42166 0.337388
vt 0.420674 0.333551
vt 0.419567 0.330051
vt 0.416823 0.327922
vt 0.418573 0.327075
vt 0.417927 0.324806
vt 0.419843 0.32404
vt 0.416414 0.325947
vt 0.132355 0.549219
vt 0.132347 0.548078
vt 0.134405 0.549426
vt 0.134214 0.550734
vt 0.419336 0.323077
vt 0.417919 0.323292
vt 0.421885 0.323858
vt 0.420408 0.322402
vt 0.23247 0.563195
vt 0.23048 0.564364
vt 0.231592 0.560285
vt 0.229319 0.561716
vt 0.424043 0.324281
vt 0.180123 0.038743
vt 0.183966 0.044902
vt 0.174883 0.033349
vt 0.180363 0.033053
vt 0.185693 0.039475
vt 0.189566 0.046765
vt 0.186169 0.051127
vt 0.191494 0.054076
vt 0.168491 0.029418
vt 0.55873 0.428323
vt 0.551338 0.432595
vt 0.547563 0.425917
vt 0.555084 0.421654
vt 0.543845 0.418987
vt 0.551424 0.414586
vt 0.174063 0.028349
vt 0.186152 0.033136
vt 0.191995 0.041025
vt 0.196333 0.049715
vt 0.179781 0.027257
vt 0.167149 0.025122
vt 0.173046 0.023062
vt 0.543261 0.436032
vt 0.539542 0.429474
vt 0.534655 0.438804
vt 0.531107 0.43235
vt 0.535919 0.422732
vt 0.527668 0.425754
vt 0.554939 0.438525
vt 0.546869 0.441855
vt 0.142229 0.031701
vt 0.136699 0.035473
vt 0.550391 0.44724
vt 0.541665 0.450193
vt 0.538141 0.444516
vt 0.159977 0.023132
vt 0.166111 0.020227
vt 0.152762 0.022143
vt 0.159177 0.01851
vt 0.53238 0.452921
vt 0.528966 0.44683
vt 0.525677 0.441081
vt 0.545328 0.456537
vt 0.536091 0.46045
vt 0.549601 0.463087
vt 0.540549 0.4683
vt 0.553852 0.452485
vt 0.131492 0.03887
vt 0.12685 0.041662
vt 0.557834 0.457813
vt 0.522343 0.434574
vt 0.519112 0.427987
vt 0.14572 0.021917
vt 0.152446 0.017668
vt 0.516135 0.421996
vt 0.146027 0.017665
vt 0.159381 0.013005
vt 0.153206 0.012548
vt 0.166768 0.008235
vt 0.160794 0.007455
vt 0.51136 0.410362
vt 0.502851 0.411874
vt 0.509682 0.403681
vt 0.50119 0.405001
vt 0.174774 0.004264
vt 0.132691 0.546772
vt 0.134668 0.547795
vt 0.431608 0.387247
vt 0.431455 0.397301
vt 0.426653 0.390871
vt 0.425343 0.400837
vt 0.419489 0.402942
vt 0.421794 0.393251
vt 0.436605 0.382241
vt 0.437758 0.39204
vt 0.441298 0.375599
vt 0.443827 0.38418
vt 0.431342 0.379282
vt 0.435445 0.374864
vt 0.431409 0.373289
vt 0.434868 0.369497
vt 0.439221 0.369384
vt 0.438001 0.364959
vt 0.427219 0.382657
vt 0.423141 0.385046
vt 0.42439 0.378564
vt 0.427886 0.3763
vt 0.169353 0.524736
vt 0.169432 0.51943
vt 0.175032 0.520345
vt 0.175031 0.524999
vt 0.426401 0.374038
vt 0.429498 0.371905
vt 0.175123 0.515964
vt 0.180842 0.516898
vt 0.180787 0.520888
vt 0.180756 0.525087
vt 0.169379 0.53037
vt 0.175069 0.529857
vt 0.18073 0.529404
vt 0.175174 0.534676
vt 0.18072 0.533677
vt 0.169578 0.536008
vt 0.186098 0.525088
vt 0.186037 0.528995
vt 0.190709 0.528508
vt 0.185999 0.532877
vt 0.190698 0.532009
vt 0.186219 0.521237
vt 0.186367 0.517537
vt 0.194466 0.527825
vt 0.197327 0.526585
vt 0.194507 0.530805
vt 0.197482 0.529117
vt 0.421012 0.380113
vt 0.423392 0.375592
vt 0.417519 0.380844
vt 0.420195 0.376315
vt 0.423053 0.373077
vt 0.426064 0.372408
vt 0.175354 0.511925
vt 0.18094 0.51321
vt 0.419174 0.386509
vt 0.417087 0.394525
vt 0.41517 0.387096
vt 0.412434 0.394839
vt 0.186509 0.514083
vt 0.180709 0.509945
vt 0.186227 0.511029
vt 0.191371 0.511925
vt 0.413681 0.380651
vt 0.410978 0.386862
vt 0.407735 0.394341
vt 0.406479 0.385972
vt 0.40291 0.393133
vt 0.409363 0.379816
vt 0.416531 0.375956
vt 0.412264 0.374884
vt 0.415276 0.37113
vt 0.419465 0.372509
vt 0.422422 0.370045
vt 0.425948 0.370699
vt 0.418495 0.368502
vt 0.410457 0.369362
vt 0.414463 0.366512
vt 0.404285 0.366578
vt 0.411146 0.363729
vt 0.41561 0.361464
vt 0.407258 0.373469
vt 0.404434 0.378618
vt 0.398743 0.377559
vt 0.401154 0.372278
vt 0.442367 0.362827
vt 0.445345 0.367066
vt 0.440546 0.359705
vt 0.442108 0.354028
vt 0.44924 0.372846
vt 0.453466 0.379325
vt 0.413959 0.403909
vt 0.40946 0.414113
vt 0.408602 0.403842
vt 0.403455 0.413578
vt 0.403268 0.402845
vt 0.397515 0.412026
vt 0.397957 0.401078
vt 0.397876 0.391318
vt 0.39267 0.398703
vt 0.401552 0.384595
vt 0.396267 0.383212
vt 0.390692 0.382304
vt 0.39214 0.377138
vt 0.393592 0.371881
vt 0.394667 0.366345
vt 0.387538 0.345171
vt 0.377048 0.340827
vt 0.364401 0.335022
vt 0.380163 0.332484
vt 0.369136 0.325046
vt 0.389683 0.338322
vt 0.395225 0.354234
vt 0.394983 0.360348
vt 0.402675 0.355346
vt 0.402984 0.360628
vt 0.396081 0.348355
vt 0.397503 0.34269
vt 0.403911 0.34565
vt 0.403011 0.350389
vt 0.408663 0.351287
vt 0.408682 0.355431
vt 0.409195 0.347265
vt 0.413075 0.347649
vt 0.41284 0.351143
vt 0.413103 0.354639
vt 0.409364 0.359807
vt 0.413977 0.358198
vt 0.405299 0.341021
vt 0.399443 0.337221
vt 0.392322 0.331783
vt 0.401911 0.331977
vt 0.39548 0.325432
vt 0.407188 0.33658
vt 0.410164 0.343256
vt 0.411532 0.339361
vt 0.41464 0.340605
vt 0.413693 0.344093
vt 0.415865 0.337311
vt 0.413261 0.335684
vt 0.409594 0.332408
vt 0.151258 0.536714
vt 0.150132 0.536235
vt 0.417356 0.33779
vt 0.292346 0.217937
vt 0.281182 0.223354
vt 0.301178 0.225063
vt 0.289295 0.230872
vt 0.269023 0.228997
vt 0.276294 0.237113
vt 0.473694 0.577305
vt 0.476384 0.571147
vt 0.484353 0.576016
vt 0.481075 0.582181
vt 0.459992 0.558121
vt 0.462393 0.550886
vt 0.470055 0.560872
vt 0.472741 0.553967
vt 0.479168 0.564679
vt 0.482131 0.557905
vt 0.333621 0.504701
vt 0.327328 0.502571
vt 0.335424 0.499588
vt 0.341537 0.501668
vt 0.339315 0.506144
vt 0.347032 0.503108
vt 0.349593 0.497676
vt 0.354967 0.499095
vt 0.343578 0.49565
vt 0.351826 0.49057
vt 0.357805 0.49251
vt 0.363126 0.493891
vt 0.35181 0.503983
vt 0.359538 0.500012
vt 0.367577 0.494836
vt 0.487948 0.588234
vt 0.494488 0.595486
vt 0.441339 0.538985
vt 0.453821 0.540693
vt 0.465306 0.543283
vt 0.475812 0.546686
vt 0.479337 0.539311
vt 0.31916 0.504635
vt 0.312039 0.50184
vt 0.320488 0.499747
vt 0.32879 0.496788
vt 0.337077 0.492908
vt 0.345405 0.487945
vt 0.360206 0.484162
vt 0.353827 0.481744
vt 0.366185 0.485954
vt 0.371518 0.487281
vt 0.137086 0.548395
vt 0.13971 0.548354
vt 0.139962 0.550174
vt 0.137038 0.550193
vt 0.136836 0.55145
vt 0.139895 0.551278
vt 0.228728 0.564816
vt 0.22739 0.562431
vt 0.230199 0.566176
vt 0.231168 0.565442
vt 0.165178 0.126467
vt 0.167925 0.133289
vt 0.161254 0.118763
vt 0.166461 0.115749
vt 0.169973 0.123729
vt 0.17247 0.131117
vt 0.165061 0.141428
vt 0.160556 0.142873
vt 0.165934 0.146668
vt 0.160942 0.147709
vt 0.169432 0.139464
vt 0.173567 0.137866
vt 0.173365 0.142445
vt 0.170485 0.144703
vt 0.176953 0.129421
vt 0.177362 0.137522
vt 0.180956 0.138639
vt 0.175687 0.144357
vt 0.177966 0.146881
vt 0.174511 0.121264
vt 0.170923 0.113131
vt 0.156219 0.109941
vt 0.162321 0.107225
vt 0.552669 0.0712
vt 0.547792 0.077603
vt 0.545928 0.066298
vt 0.541021 0.073479
vt 0.543595 0.083256
vt 0.536819 0.079736
vt 0.533928 0.069799
vt 0.529855 0.076479
vt 0.538628 0.062136
vt 0.558736 0.076449
vt 0.554038 0.082158
vt 0.564378 0.0818
vt 0.55996 0.087051
vt 0.555969 0.091683
vt 0.549944 0.087192
vt 0.558421 0.064658
vt 0.564233 0.070673
vt 0.565349 0.058553
vt 0.570764 0.065305
vt 0.569349 0.076513
vt 0.57523 0.071739
vt 0.551679 0.05874
vt 0.543943 0.053938
vt 0.558853 0.051667
vt 0.573753 0.053462
vt 0.578561 0.06082
vt 0.583179 0.049082
vt 0.587364 0.057131
vt 0.582376 0.068029
vt 0.590559 0.065285
vt 0.568025 0.04594
vt 0.578236 0.040953
vt 0.261513 0.548085
vt 0.267238 0.548794
vt 0.261 0.553816
vt 0.266772 0.55491
vt 0.272106 0.550332
vt 0.271616 0.556817
vt 0.265941 0.561054
vt 0.270532 0.563316
vt 0.260357 0.559533
vt 0.261885 0.542485
vt 0.267487 0.54289
vt 0.262166 0.536931
vt 0.267528 0.537141
vt 0.271834 0.538104
vt 0.272118 0.544096
vt 0.255608 0.547979
vt 0.255948 0.542639
vt 0.249802 0.548254
vt 0.250186 0.543123
vt 0.256391 0.537262
vt 0.255146 0.55338
vt 0.254768 0.558686
vt 0.249581 0.558583
vt 0.249518 0.553477
vt 0.390418 0.421542
vt 0.396774 0.42352
vt 0.403263 0.424589
vt 0.476161 0.657419
vt 0.466688 0.655289
vt 0.48627 0.659387
vt 0.472592 0.666812
vt 0.482208 0.67001
vt 0.460232 0.64519
vt 0.461954 0.6384
vt 0.451929 0.642477
vt 0.454897 0.63662
vt 0.456794 0.632441
vt 0.461946 0.632047
vt 0.457456 0.652613
vt 0.448306 0.649298
vt 0.49741 0.661575
vt 0.508943 0.665572
vt 0.492165 0.673701
vt 0.502126 0.678596
vt 0.34336 0.692593
vt 0.331909 0.696645
vt 0.331073 0.677778
vt 0.343317 0.675242
vt 0.318921 0.703382
vt 0.319011 0.679976
vt 0.320696 0.658708
vt 0.333179 0.656882
vt 0.345976 0.655761
vt 0.345763 0.707026
vt 0.336243 0.711873
vt 0.349536 0.718356
vt 0.342378 0.723399
vt 0.328396 0.719021
vt 0.336814 0.729939
vt 0.354478 0.689719
vt 0.355669 0.703393
vt 0.365615 0.687739
vt 0.366141 0.700608
vt 0.367771 0.711628
vt 0.358031 0.714611
vt 0.355099 0.673805
vt 0.358144 0.656259
vt 0.366695 0.673229
vt 0.369913 0.657757
vt 0.377124 0.686374
vt 0.377361 0.698303
vt 0.3891 0.696291
vt 0.378666 0.70887
vt 0.390407 0.706183
vt 0.378378 0.673277
vt 0.381511 0.659638
vt 0.401131 0.694388
vt 0.412726 0.692445
vt 0.402688 0.703407
vt 0.414869 0.700372
vt 0.42316 0.690317
vt 0.426311 0.696904
vt 0.337671 0.635566
vt 0.351681 0.634942
vt 0.323877 0.638049
vt 0.342377 0.615128
vt 0.32738 0.618624
vt 0.364226 0.637692
vt 0.375803 0.642007
vt 0.386909 0.646084
vt 0.39435 0.633598
vt 0.349392 0.32746
vt 0.334647 0.316907
vt 0.356791 0.315874
vt 0.344528 0.304743
vt 0.373804 0.315934
vt 0.383657 0.324635
vt 0.378719 0.306882
vt 0.38767 0.316829
vt 0.36312 0.30584
vt 0.352456 0.294554
vt 0.368865 0.296307
vt 0.358984 0.285339
vt 0.374514 0.286226
vt 0.384192 0.297083
vt 0.364663 0.276093
vt 0.368721 0.266309
vt 0.378994 0.275207
vt 0.392344 0.308617
vt 0.399182 0.319145
vt 0.404916 0.326985
vt 0.495204 0.713143
vt 0.479977 0.721456
vt 0.47536 0.714871
vt 0.489293 0.706177
vt 0.463773 0.728807
vt 0.460238 0.722507
vt 0.45616 0.716336
vt 0.470111 0.708621
vt 0.4827 0.699801
vt 0.500288 0.720613
vt 0.483873 0.728364
vt 0.504304 0.728469
vt 0.486894 0.735511
vt 0.466705 0.735281
vt 0.468923 0.741876
vt 0.508805 0.703841
vt 0.515259 0.711977
vt 0.520741 0.693548
vt 0.528794 0.702429
vt 0.535213 0.71199
vt 0.520382 0.720649
vt 0.501432 0.696416
vt 0.493375 0.689899
vt 0.511752 0.685408
vt 0.530975 0.682262
vt 0.520227 0.67297
vt 0.540902 0.691943
vt 0.562907 0.690971
vt 0.548881 0.70243
vt 0.513184 0.035776
vt 0.510883 0.030952
vt 0.518632 0.027117
vt 0.5203 0.032537
vt 0.508728 0.025791
vt 0.516898 0.021591
vt 0.525485 0.018499
vt 0.526963 0.024333
vt 0.528315 0.03032
vt 0.507009 0.040538
vt 0.503904 0.036177
vt 0.501594 0.046714
vt 0.497404 0.04287
vt 0.493899 0.03827
vt 0.50121 0.03131
vt 0.5153 0.040079
vt 0.510285 0.044298
vt 0.517027 0.043352
vt 0.514328 0.047132
vt 0.506033 0.050036
vt 0.510994 0.052776
vt 0.521517 0.03773
vt 0.529145 0.036527
vt 0.521566 0.043016
vt 0.528801 0.043012
vt 0.500184 0.396392
vt 0.508499 0.39552
vt 0.499478 0.386698
vt 0.507572 0.386293
vt 0.515341 0.384501
vt 0.516433 0.393118
vt 0.183563 0.001992
vt 0.492657 0.404476
vt 0.491837 0.395569
vt 0.750381 0.99667
vt 0.75518 0.993173
vt 0.760534 0.998008
vt 0.764981 0.993889
vt 0.774247 0.993007
vt 0.770265 0.997407
vt 0.491367 0.385762
vt 0.494239 0.411809
vt 0.740122 0.993184
vt 0.744948 0.990535
vt 0.715 0.963194
vt 0.718226 0.958934
vt 0.730266 0.960134
vt 0.72646 0.966386
vt 0.451331 0.613184
vt 0.455669 0.619748
vt 0.443564 0.616987
vt 0.448671 0.6232
vt 0.540194 0.333438
vt 0.536838 0.327195
vt 0.534836 0.338006
vt 0.532278 0.331764
vt 0.530414 0.32707
vt 0.532682 0.322338
vt 0.543018 0.340275
vt 0.240352 0.049976
vt 0.236009 0.04136
vt 0.232769 0.032913
vt 0.239805 0.043803
vt 0.236835 0.035677
vt 0.106511 0.171476
vt 0.010111 0.167185
vt 0.008065 0.154937
vt 0.617838 0.834501
vt 0.620891 0.834222
vt 0.616215 0.84606
vt 0.613777 0.846748
vt 0.613109 0.857555
vt 0.609328 0.857695
vt 0.005316 0.14399
vt 0.011426 0.179986
vt 0.620331 0.821699
vt 0.621422 0.808124
vt 0.623031 0.821678
vt 0.626133 0.808759
vt 0.611498 0.811377
vt 0.611617 0.795636
vt 0.607494 0.781756
vt 0.61301 0.776446
vt 0.615899 0.793599
vt 0.621274 0.793557
vt 0.621456 0.779536
vt 0.626504 0.794589
vt 0.628933 0.781208
vt 0.602149 0.903246
vt 0.596642 0.905697
vt 0.605388 0.895828
vt 0.6078 0.90078
vt 0.609274 0.894147
vt 0.612802 0.896598
vt 0.603463 0.891032
vt 0.602279 0.886013
vt 0.607909 0.883791
vt 0.609582 0.889607
vt 0.602092 0.880396
vt 0.603142 0.873987
vt 0.606441 0.873054
vt 0.607083 0.877784
vt 0.605668 0.866598
vt 0.001897 0.135087
vt 0.60909 0.867419
vt 0.142305 0.547454
vt 0.142896 0.549169
vt 0.143064 0.550129
vt 0.146239 0.548469
vt 0.226173 0.559301
vt 0.224962 0.555866
vt 0.22696 0.554659
vt 0.228191 0.558331
vt 0.149318 0.546768
vt 0.223642 0.552567
vt 0.225486 0.551148
vt 0.259594 0.565091
vt 0.254686 0.56374
vt 0.258627 0.570273
vt 0.254239 0.568282
vt 0.251095 0.566822
vt 0.250235 0.563366
vt 0.264599 0.567038
vt 0.268734 0.569592
vt 0.263225 0.572661
vt 0.267054 0.575485
vt 0.274692 0.559689
vt 0.273144 0.566386
vt 0.275439 0.552924
vt 0.533183 0.08452
vt 0.526418 0.081732
vt 0.53988 0.087552
vt 0.271036 0.572764
vt 0.546259 0.090944
vt 0.55228 0.095116
vt 0.269139 0.578786
vt 0.275141 0.546342
vt 0.27444 0.540035
vt 0.519836 0.079072
vt 0.513529 0.076695
vt 0.51629 0.070534
vt 0.522939 0.073334
vt 0.370577 0.244429
vt 0.359318 0.238795
vt 0.357214 0.227974
vt 0.370225 0.234006
vt 0.348482 0.235494
vt 0.344359 0.224254
vt 0.355597 0.218721
vt 0.369897 0.22536
vt 0.370384 0.255475
vt 0.360576 0.249264
vt 0.359847 0.258779
vt 0.353447 0.25389
vt 0.351595 0.245909
vt 0.382164 0.250636
vt 0.381232 0.262862
vt 0.393786 0.256855
vt 0.392502 0.269878
vt 0.382724 0.239976
vt 0.383124 0.231414
vt 0.394815 0.245936
vt 0.395627 0.237304
vt 0.047994 0.261698
vt 0.054173 0.257538
vt 0.060134 0.267204
vt 0.054304 0.271275
vt 0.061143 0.253306
vt 0.066723 0.262831
vt 0.072887 0.271515
vt 0.066613 0.276004
vt 0.042457 0.251296
vt 0.049059 0.247132
vt 0.038032 0.240154
vt 0.045094 0.236112
vt 0.05643 0.243119
vt 0.592665 0.739987
vt 0.59555 0.73585
vt 0.593131 0.750389
vt 0.595866 0.745954
vt 0.599477 0.731935
vt 0.599678 0.741451
vt 0.598177 0.756956
vt 0.601939 0.751849
vt 0.595425 0.761532
vt 0.049422 0.275064
vt 0.042887 0.265835
vt 0.045518 0.278427
vt 0.597173 0.726621
vt 0.601115 0.723258
vt 0.073281 0.283815
vt 0.079351 0.27918
vt 0.08583 0.285608
vt 0.079948 0.290387
vt 0.042581 0.224604
vt 0.035058 0.228354
vt 0.597608 0.777081
vt 0.599414 0.773331
vt 0.064248 0.239137
vt 0.068621 0.24895
vt 0.073882 0.258138
vt 0.081553 0.253105
vt 0.087156 0.261043
vt 0.079759 0.266521
vt 0.085975 0.273919
vt 0.093091 0.268071
vt 0.099067 0.274093
vt 0.092218 0.280172
vt 0.089675 0.247711
vt 0.098091 0.242045
vt 0.095005 0.255104
vt 0.103204 0.248864
vt 0.100637 0.261674
vt 0.108564 0.254918
vt 0.106335 0.267387
vt 0.114014 0.26024
vt 0.106645 0.236193
vt 0.111648 0.242484
vt 0.116825 0.24799
vt 0.125316 0.241048
vt 0.122095 0.252839
vt 0.1305 0.245464
vt 0.133933 0.234245
vt 0.142374 0.227391
vt 0.13915 0.238393
vt 0.147735 0.231315
vt 0.150336 0.220294
vt 0.155948 0.223915
vt 0.157728 0.35464
vt 0.158779 0.346388
vt 0.166642 0.339307
vt 0.174818 0.339428
vt 0.166297 0.331657
vt 0.174327 0.330577
vt 0.183916 0.339546
vt 0.183407 0.329576
vt 0.15967 0.339167
vt 0.159677 0.332819
vt 0.193654 0.33968
vt 0.193178 0.328652
vt 0.164814 0.324569
vt 0.172988 0.322204
vt 0.182191 0.320042
vt 0.158078 0.327188
vt 0.155645 0.32197
vt 0.192013 0.318031
vt 0.20214 0.316012
vt 0.212253 0.313825
vt 0.655083 0.60169
vt 0.661909 0.585189
vt 0.653108 0.593688
vt 0.64764 0.610368
vt 0.645273 0.603489
vt 0.657771 0.60992
vt 0.660679 0.617978
vt 0.654086 0.624779
vt 0.650741 0.617571
vt 0.671501 0.578693
vt 0.63858 0.61389
vt 0.641135 0.61973
vt 0.632994 0.624375
vt 0.631187 0.619889
vt 0.62848 0.63443
vt 0.626814 0.630649
vt 0.623306 0.640563
vt 0.738214 0.560545
vt 0.730756 0.566817
vt 0.728443 0.552412
vt 0.721347 0.559815
vt 0.71059 0.555169
vt 0.716966 0.54686
vt 0.746097 0.57056
vt 0.738575 0.57554
vt 0.75172 0.579608
vt 0.744636 0.583772
vt 0.737836 0.588497
vt 0.731634 0.581087
vt 0.746457 0.554771
vt 0.754255 0.566112
vt 0.759006 0.576148
vt 0.736506 0.545537
vt 0.724412 0.53902
vt 0.703967 0.544585
vt 0.710185 0.535826
vt 0.698727 0.553517
vt 0.719174 0.59412
vt 0.713365 0.601886
vt 0.725168 0.599484
vt 0.718943 0.606306
vt 0.712756 0.614048
vt 0.707619 0.610355
vt 0.725215 0.587234
vt 0.731406 0.593641
vt 0.692625 0.615315
vt 0.697126 0.617415
vt 0.687603 0.624727
vt 0.691353 0.627196
vt 0.215705 0.067483
vt 0.206259 0.062574
vt 0.19819 0.057999
vt 0.814711 0.552509
vt 0.826871 0.55274
vt 0.817873 0.565311
vt 0.829843 0.567255
vt 0.835852 0.540579
vt 0.839902 0.553821
vt 0.850532 0.543922
vt 0.853838 0.555948
vt 0.842251 0.565478
vt 0.855763 0.568618
vt 0.830514 0.529034
vt 0.823712 0.519325
vt 0.846059 0.533235
vt 0.840102 0.524017
vt 0.81527 0.511591
vt 0.345126 0.596864
vt 0.33003 0.601055
vt 0.857481 0.531064
vt 0.862425 0.5393
vt 0.874892 0.53987
vt 0.878932 0.546899
vt 0.881895 0.555131
vt 0.866059 0.548808
vt 0.307775 0.680398
vt 0.309465 0.660322
vt 0.306197 0.69954
vt 0.8949 0.555705
vt 0.909481 0.565182
vt 0.91048 0.57028
vt 0.897501 0.562783
vt 0.397094 0.814651
vt 0.391759 0.820304
vt 0.380898 0.820341
vt 0.384433 0.815391
vt 0.385261 0.824334
vt 0.376683 0.823885
vt 0.367987 0.823218
vt 0.370466 0.8199
vt 0.372689 0.815369
vt 0.411005 0.813084
vt 0.403226 0.819745
vt 0.427861 0.810982
vt 0.413257 0.819658
vt 0.595253 0.008444
vt 0.605285 0.01696
vt 0.393834 0.824531
vt 0.400311 0.807963
vt 0.415044 0.805411
vt 0.402184 0.800845
vt 0.416919 0.797489
vt 0.431139 0.801506
vt 0.432819 0.793168
vt 0.386844 0.809464
vt 0.374361 0.809973
vt 0.388464 0.803023
vt 0.375599 0.804054
vt 0.361531 0.814649
vt 0.362579 0.809548
vt 0.350859 0.813351
vt 0.351401 0.808374
vt 0.36343 0.803968
vt 0.351883 0.802995
vt 0.360281 0.819022
vt 0.359062 0.822368
vt 0.350301 0.817752
vt 0.349935 0.821292
vt 0.349966 0.823686
vt 0.340635 0.819944
vt 0.341217 0.822734
vt 0.541993 0.008787
vt 0.533244 0.010389
vt 0.534253 0.016301
vt 0.524277 0.012748
vt 0.33138 0.818124
vt 0.332249 0.821304
vt 0.358103 0.824386
vt 0.551089 0.001992
vt 0.55013 0.007725
vt 0.340481 0.816132
vt 0.330916 0.81404
vt 0.340573 0.811596
vt 0.330693 0.809355
vt 0.340726 0.806636
vt 0.330546 0.804375
vt 0.340886 0.80137
vt 0.330431 0.799173
vt 0.352258 0.797391
vt 0.340996 0.795915
vt 0.330305 0.79382
vt 0.341023 0.790266
vt 0.330147 0.788265
vt 0.352486 0.791601
vt 0.364084 0.798155
vt 0.36451 0.792188
vt 0.377122 0.791762
vt 0.376523 0.797953
vt 0.322386 0.815632
vt 0.321698 0.811355
vt 0.313772 0.812474
vt 0.312906 0.808063
vt 0.312271 0.803289
vt 0.321238 0.806602
vt 0.323454 0.819172
vt 0.515481 0.01608
vt 0.507048 0.020478
vt 0.315021 0.816326
vt 0.320852 0.801631
vt 0.311713 0.798348
vt 0.320513 0.796484
vt 0.311213 0.793256
vt 0.320189 0.7912
vt 0.310749 0.788028
vt 0.319883 0.785684
vt 0.310346 0.782539
vt 0.30386 0.79937
vt 0.303197 0.79447
vt 0.295961 0.794829
vt 0.295258 0.789994
vt 0.302613 0.789441
vt 0.29466 0.785043
vt 0.304619 0.804149
vt 0.305654 0.808659
vt 0.297907 0.804125
vt 0.296788 0.799557
vt 0.302086 0.784277
vt 0.294153 0.779971
vt 0.301654 0.778846
vt 0.293765 0.774651
vt 0.310029 0.776664
vt 0.301353 0.773016
vt 0.293527 0.768955
vt 0.293365 0.762747
vt 0.301129 0.766647
vt 0.309782 0.770282
vt 0.319595 0.77984
vt 0.319346 0.773566
vt 0.329708 0.776315
vt 0.329934 0.782454
vt 0.286639 0.769997
vt 0.286512 0.764539
vt 0.950473 0.635773
vt 0.948415 0.6372
vt 0.949309 0.628464
vt 0.94696 0.630605
vt 0.945263 0.623822
vt 0.947566 0.62136
vt 0.286467 0.758668
vt 0.286902 0.775132
vt 0.287303 0.780066
vt 0.28178 0.770463
vt 0.281471 0.774515
vt 0.281667 0.765891
vt 0.298699 0.172335
vt 0.296295 0.166359
vt 0.303466 0.169022
vt 0.299885 0.16209
vt 0.296249 0.155329
vt 0.302798 0.156856
vt 0.298247 0.149275
vt 0.307687 0.16486
vt 0.293534 0.174695
vt 0.29236 0.169472
vt 0.300697 0.178371
vt 0.294481 0.180048
vt 0.296106 0.18483
vt 0.306858 0.176149
vt 0.312897 0.173458
vt 0.299316 0.188336
vt 0.311472 0.190724
vt 0.303171 0.190527
vt 0.615484 0.233949
vt 0.620324 0.231624
vt 0.625581 0.230618
vt 0.318748 0.170373
vt 0.311211 0.159957
vt 0.274022 0.105467
vt 0.612629 0.295338
vt 0.615253 0.306954
vt 0.28037 0.111968
vt 0.592263 0.28901
vt 0.587824 0.276765
vt 0.596376 0.274364
vt 0.600925 0.286213
vt 0.608602 0.283894
vt 0.603952 0.272468
vt 0.57387 0.266035
vt 0.583462 0.263754
vt 0.570461 0.251485
vt 0.579689 0.250106
vt 0.588084 0.249273
vt 0.5919 0.262049
vt 0.562847 0.2689
vt 0.551255 0.271031
vt 0.560385 0.253206
vt 0.549929 0.254658
vt 0.599459 0.260909
vt 0.59566 0.249189
vt 0.602139 0.249865
vt 0.605842 0.260432
vt 0.290064 0.134705
vt 0.294049 0.141949
vt 0.292695 0.148711
vt 0.567857 0.236624
vt 0.558313 0.237696
vt 0.548591 0.238798
vt 0.577014 0.235945
vt 0.585516 0.236039
vt 0.584279 0.221735
vt 0.593094 0.23728
vt 0.305445 0.144134
vt 0.304704 0.150845
vt 0.299065 0.142552
vt 0.439084 0.645247
vt 0.429889 0.640553
vt 0.443837 0.638517
vt 0.435913 0.633568
vt 0.428116 0.627886
vt 0.44213 0.627795
vt 0.435761 0.621834
vt 0.420671 0.621567
vt 0.429629 0.615221
vt 0.420823 0.635306
vt 0.412018 0.629508
vt 0.448399 0.632904
vt 0.453414 0.628634
vt 0.424071 0.608155
vt 0.413806 0.614706
vt 0.459529 0.625933
vt 0.468055 0.688943
vt 0.460311 0.684181
vt 0.476107 0.679887
vt 0.467294 0.675803
vt 0.458137 0.697105
vt 0.451695 0.691733
vt 0.446682 0.704228
vt 0.441567 0.698259
vt 0.475569 0.694104
vt 0.464323 0.702717
vt 0.451593 0.710248
vt 0.484867 0.684488
vt 0.434022 0.710165
vt 0.430055 0.703557
vt 0.420742 0.715123
vt 0.417669 0.707927
vt 0.437847 0.716617
vt 0.441395 0.722924
vt 0.423706 0.721972
vt 0.426455 0.728499
vt 0.345139 0.737136
vt 0.333103 0.738174
vt 0.342718 0.744037
vt 0.353844 0.741129
vt 0.352658 0.747439
vt 0.341229 0.751337
vt 0.351971 0.754038
vt 0.330889 0.746959
vt 0.348613 0.73116
vt 0.353691 0.726403
vt 0.357382 0.730753
vt 0.355529 0.735399
vt 0.323504 0.729559
vt 0.320808 0.740971
vt 0.31384 0.721221
vt 0.311147 0.734909
vt 0.363401 0.742432
vt 0.363234 0.748667
vt 0.373931 0.741779
vt 0.374552 0.748158
vt 0.363259 0.754999
vt 0.375168 0.754438
vt 0.363707 0.736359
vt 0.363199 0.730062
vt 0.373248 0.735204
vt 0.372081 0.728214
vt 0.385555 0.739899
vt 0.38672 0.746346
vt 0.398245 0.736972
vt 0.399818 0.743407
vt 0.401214 0.74958
vt 0.387773 0.752576
vt 0.384257 0.733098
vt 0.382665 0.725805
vt 0.396512 0.730148
vt 0.394574 0.722837
vt 0.411975 0.733177
vt 0.409795 0.726461
vt 0.40743 0.719312
vt 0.413926 0.739519
vt 0.428886 0.734731
vt 0.430988 0.7408
vt 0.415633 0.74562
vt 0.647469 0.125713
vt 0.650438 0.109732
vt 0.663989 0.113973
vt 0.661368 0.129878
vt 0.653042 0.095293
vt 0.666528 0.099661
vt 0.634558 0.121908
vt 0.637912 0.105868
vt 0.622853 0.11788
vt 0.626509 0.102297
vt 0.629095 0.088413
vt 0.640538 0.091527
vt 0.64429 0.143588
vt 0.630454 0.140186
vt 0.617997 0.135823
vt 0.658964 0.147793
vt 0.655121 0.082048
vt 0.668687 0.086525
vt 0.6566 0.069592
vt 0.670417 0.074221
vt 0.64246 0.078342
vt 0.630739 0.075565
vt 0.643566 0.065864
vt 0.631335 0.063327
vt 0.704211 0.214474
vt 0.711069 0.20021
vt 0.355801 0.21296
vt 0.370164 0.219646
vt 0.706989 0.182202
vt 0.718008 0.187433
vt 0.724643 0.175317
vt 0.383576 0.225485
vt 0.396258 0.23114
vt 0.696074 0.174919
vt 0.868716 0.559316
vt 0.884436 0.564384
vt 0.870208 0.568832
vt 0.885174 0.573943
vt 0.900901 0.571608
vt 0.911054 0.576063
vt 0.911086 0.576843
vt 0.911186 0.579248
vt 0.911027 0.584035
vt 0.899539 0.577304
vt 0.296511 0.697889
vt 0.294716 0.712612
vt 0.304025 0.716184
vt 0.302071 0.730309
vt 0.293887 0.726864
vt 0.92099 0.589476
vt 0.9174 0.586529
vt 0.919281 0.583644
vt 0.92199 0.590296
vt 0.921296 0.578839
vt 0.930944 0.587643
vt 0.929799 0.592109
vt 0.929304 0.597104
vt 0.293385 0.738453
vt 0.301148 0.741896
vt 0.30992 0.746061
vt 0.309591 0.755306
vt 0.300889 0.751481
vt 0.29317 0.747941
vt 0.93795 0.596084
vt 0.936949 0.600066
vt 0.286534 0.744889
vt 0.286788 0.735943
vt 0.941735 0.607526
vt 0.93952 0.611248
vt 0.934866 0.604432
vt 0.51759 0.114704
vt 0.517491 0.124876
vt 0.522561 0.113264
vt 0.52268 0.123474
vt 0.522202 0.1355
vt 0.516677 0.136602
vt 0.242923 0.5392
vt 0.24511 0.543707
vt 0.240961 0.544095
vt 0.244372 0.548686
vt 0.239949 0.549066
vt 0.257165 0.531749
vt 0.262408 0.531342
vt 0.267374 0.531485
vt 0.271439 0.532348
vt 0.489508 0.078713
vt 0.490762 0.070658
vt 0.494885 0.078946
vt 0.496449 0.071809
vt 0.492983 0.062378
vt 0.498806 0.064404
vt 0.501926 0.073165
vt 0.50434 0.066368
vt 0.274468 0.522955
vt 0.273923 0.528432
vt 0.48447 0.069682
vt 0.479636 0.070054
vt 0.47877 0.058489
vt 0.486325 0.060254
vt 0.404924 0.711671
vt 0.392385 0.71494
vt 0.380617 0.717884
vt 0.370003 0.720593
vt 0.175374 0.539218
vt 0.170022 0.54133
vt 0.180737 0.537745
vt 0.180575 0.541356
vt 0.175445 0.543182
vt 0.405152 0.262523
vt 0.403577 0.274976
vt 0.41597 0.268289
vt 0.414012 0.279556
vt 0.406602 0.251939
vt 0.407753 0.243447
vt 0.417839 0.258387
vt 0.419235 0.250275
vt 0.425946 0.274801
vt 0.42828 0.265682
vt 0.429804 0.258215
vt 0.437587 0.273868
vt 0.439117 0.267132
vt 0.434908 0.28216
vt 0.423366 0.285016
vt 0.431728 0.291398
vt 0.442688 0.290463
vt 0.44542 0.282991
vt 0.446833 0.276892
vt 0.452112 0.292743
vt 0.453348 0.287077
vt 0.449488 0.299566
vt 0.439185 0.298746
vt 0.445859 0.307027
vt 0.333745 0.291428
vt 0.342667 0.282281
vt 0.324078 0.277267
vt 0.333694 0.269543
vt 0.349952 0.274211
vt 0.341852 0.262868
vt 0.322792 0.30213
vt 0.312793 0.285945
vt 0.355992 0.266735
vt 0.348762 0.257338
vt 0.403607 0.623163
vt 0.539298 0.722172
vt 0.523757 0.729686
vt 0.54099 0.732294
vt 0.525338 0.738676
vt 0.507006 0.736597
vt 0.508361 0.744757
vt 0.553789 0.71414
vt 0.451295 0.400213
vt 0.45744 0.385665
vt 0.462438 0.372104
vt 0.555505 0.725978
vt 0.175163 0.54627
vt 0.180027 0.544258
vt 0.212901 0.518573
vt 0.217765 0.521772
vt 0.185948 0.536655
vt 0.190623 0.535522
vt 0.185706 0.540129
vt 0.190361 0.538897
vt 0.185094 0.543101
vt 0.189795 0.54198
vt 0.184017 0.545085
vt 0.188651 0.544157
vt 0.179122 0.546108
vt 0.221756 0.527176
vt 0.22012 0.530362
vt 0.226389 0.530157
vt 0.224395 0.533215
vt 0.194375 0.533924
vt 0.197322 0.531868
vt 0.194063 0.537055
vt 0.196925 0.53471
vt 0.193563 0.540074
vt 0.442125 0.345802
vt 0.440555 0.339982
vt 0.44238 0.341516
vt 0.231301 0.531829
vt 0.234106 0.536159
vt 0.232945 0.538556
vt 0.230174 0.534157
vt 0.227533 0.527819
vt 0.227986 0.536982
vt 0.230734 0.541139
vt 0.228119 0.54366
vt 0.22546 0.539869
vt 0.223317 0.542384
vt 0.225746 0.545871
vt 0.736289 0.076994
vt 0.745273 0.079115
vt 0.746047 0.089628
vt 0.736131 0.086982
vt 0.752999 0.080432
vt 0.754607 0.091639
vt 0.754749 0.103314
vt 0.745703 0.10093
vt 0.735586 0.068406
vt 0.743065 0.069729
vt 0.734106 0.062465
vt 0.738513 0.061206
vt 0.551038 0.766477
vt 0.546486 0.765902
vt 0.557383 0.760548
vt 0.551401 0.760264
vt 0.74941 0.069905
vt 0.726113 0.073333
vt 0.72657 0.064706
vt 0.71458 0.06849
vt 0.715789 0.05932
vt 0.727725 0.057863
vt 0.717436 0.051466
vt 0.725221 0.08327
vt 0.713219 0.078681
vt 0.74456 0.112686
vt 0.753942 0.115243
vt 0.742549 0.124921
vt 0.752089 0.127524
vt 0.739603 0.137665
vt 0.749096 0.140258
vt 0.429949 0.252961
vt 0.419776 0.24438
vt 0.735643 0.150506
vt 0.730588 0.163032
vt 0.408435 0.237272
vt 0.149226 0.056182
vt 0.141996 0.054787
vt 0.151159 0.052257
vt 0.144227 0.050483
vt 0.153449 0.050326
vt 0.146837 0.048178
vt 0.134357 0.053711
vt 0.126113 0.052705
vt 0.136816 0.049181
vt 0.128742 0.047944
vt 0.139651 0.046704
vt 0.131756 0.045365
vt 0.576549 0.452907
vt 0.570113 0.457859
vt 0.571829 0.447967
vt 0.565244 0.4527
vt 0.582184 0.448123
vt 0.577565 0.443276
vt 0.11707 0.051517
vt 0.107233 0.050489
vt 0.110015 0.044957
vt 0.119818 0.046369
vt 0.389624 0.796532
vt 0.390348 0.790054
vt 0.404277 0.787141
vt 0.403486 0.793904
vt 0.418207 0.790082
vt 0.418997 0.783095
vt 0.434016 0.78551
vt 0.434801 0.778401
vt 0.340929 0.784415
vt 0.340751 0.778344
vt 0.352407 0.779604
vt 0.352527 0.785664
vt 0.364676 0.786146
vt 0.364605 0.780045
vt 0.377336 0.779382
vt 0.377384 0.785572
vt 0.390657 0.783656
vt 0.390596 0.777331
vt 0.404616 0.780556
vt 0.404551 0.774127
vt 0.293205 0.755891
vt 0.300929 0.7596
vt 0.30959 0.763271
vt 0.286451 0.752291
vt 0.945157 0.614502
vt 0.94263 0.617748
vt 0.319155 0.766761
vt 0.319172 0.759219
vt 0.329508 0.769779
vt 0.329493 0.762754
vt 0.340529 0.772038
vt 0.340412 0.765443
vt 0.351899 0.767139
vt 0.352153 0.773445
vt 0.364316 0.773906
vt 0.36392 0.767691
vt 0.377004 0.773191
vt 0.376475 0.766977
vt 0.319543 0.75074
vt 0.32982 0.75515
vt 0.340553 0.758507
vt 0.351778 0.760637
vt 0.657405 0.057523
vt 0.671671 0.062403
vt 0.657707 0.045609
vt 0.672653 0.050913
vt 0.686042 0.067844
vt 0.687405 0.056803
vt 0.643743 0.053646
vt 0.630778 0.051271
vt 0.643003 0.04135
vt 0.628944 0.039015
vt 0.700026 0.073404
vt 0.701529 0.062821
vt 0.657678 0.03362
vt 0.673569 0.039593
vt 0.657833 0.022194
vt 0.674629 0.02888
vt 0.688769 0.046165
vt 0.690347 0.036248
vt 0.641357 0.02864
vt 0.625709 0.026172
vt 0.44933 0.808206
vt 0.433682 0.81499
vt 0.448121 0.803034
vt 0.46565 0.801209
vt 0.465806 0.79609
vt 0.703015 0.05294
vt 0.704796 0.044019
vt 0.451144 0.780631
vt 0.450036 0.788094
vt 0.451981 0.773546
vt 0.469116 0.77577
vt 0.470163 0.76883
vt 0.467883 0.782761
vt 0.448692 0.795946
vt 0.466665 0.789738
vt 0.419382 0.77643
vt 0.419371 0.770007
vt 0.43531 0.765302
vt 0.435249 0.771709
vt 0.452511 0.766826
vt 0.452619 0.760342
vt 0.470929 0.755255
vt 0.470823 0.762005
vt 0.390206 0.771071
vt 0.389562 0.764872
vt 0.404128 0.767827
vt 0.4034 0.761659
vt 0.418977 0.763743
vt 0.418208 0.757618
vt 0.434936 0.759044
vt 0.434094 0.752902
vt 0.452189 0.753963
vt 0.451161 0.747664
vt 0.470313 0.74854
vt 0.363528 0.761364
vt 0.375836 0.760718
vt 0.388735 0.758729
vt 0.402418 0.75562
vt 0.417077 0.751615
vt 0.432751 0.746838
vt 0.449479 0.741417
vt 0.447239 0.735225
vt 0.444535 0.729093
vt 0.459054 0.297272
vt 0.457994 0.302817
vt 0.761451 0.09345
vt 0.759403 0.081681
vt 0.462655 0.313082
vt 0.455515 0.309318
vt 0.460398 0.319711
vt 0.451869 0.316209
vt 0.456889 0.326672
vt 0.755028 0.070164
vt 0.563 0.753013
vt 0.556134 0.753114
vt 0.567942 0.744013
vt 0.560663 0.744338
vt 0.465684 0.323405
vt 0.463767 0.330732
vt 0.46059 0.338797
vt 0.564966 0.73382
vt 0.572261 0.733686
vt 0.463408 0.35074
vt 0.50262 0.772714
vt 0.505074 0.76671
vt 0.517931 0.767824
vt 0.520875 0.761776
vt 0.507155 0.76014
vt 0.523442 0.754998
vt 0.534757 0.757403
vt 0.537865 0.750112
vt 0.531348 0.76376
vt 0.485674 0.777664
vt 0.487457 0.771252
vt 0.488975 0.764557
vt 0.500324 0.778442
vt 0.484018 0.78389
vt 0.498319 0.78371
vt 0.482602 0.789615
vt 0.515156 0.773429
vt 0.528085 0.769394
vt 0.525408 0.774243
vt 0.512769 0.778476
vt 0.542614 0.761287
vt 0.546615 0.754547
vt 0.550455 0.746465
vt 0.538682 0.76688
vt 0.542079 0.769476
vt 0.535698 0.771336
vt 0.540227 0.741674
vt 0.525082 0.747205
vt 0.50833 0.752714
vt 0.553906 0.736848
vt 0.5701 0.719891
vt 0.578638 0.131883
vt 0.58441 0.143119
vt 0.573477 0.122416
vt 0.578992 0.115934
vt 0.585149 0.123756
vt 0.592151 0.132928
vt 0.591331 0.1567
vt 0.60053 0.143955
vt 0.590783 0.114105
vt 0.598499 0.120847
vt 0.583938 0.108165
vt 0.588096 0.099675
vt 0.59538 0.103695
vt 0.60349 0.108095
vt 0.607458 0.128731
vt 0.612573 0.113049
vt 0.563636 0.118056
vt 0.559228 0.120532
vt 0.554858 0.121961
vt 0.555607 0.111713
vt 0.552127 0.112644
vt 0.559196 0.109959
vt 0.568386 0.114139
vt 0.563238 0.106885
vt 0.56746 0.102656
vt 0.573148 0.108956
vt 0.577594 0.102688
vt 0.571589 0.09744
vt 0.575449 0.09179
vt 0.581492 0.095859
vt 0.591247 0.091031
vt 0.598782 0.093295
vt 0.592892 0.082345
vt 0.600711 0.083037
vt 0.609397 0.084231
vt 0.607161 0.095893
vt 0.584609 0.088995
vt 0.578863 0.086261
vt 0.581292 0.082005
vt 0.586102 0.082081
vt 0.610083 0.073101
vt 0.600891 0.073054
vt 0.592532 0.073726
vt 0.599549 0.063406
vt 0.609342 0.0624
vt 0.618786 0.086002
vt 0.616332 0.098933
vt 0.619989 0.073878
vt 0.619932 0.062273
vt 0.607296 0.052028
vt 0.618607 0.0509
vt 0.604002 0.041822
vt 0.615935 0.039481
vt 0.596912 0.054153
vt 0.593173 0.045112
vt 0.588524 0.036101
vt 0.599515 0.031618
vt 0.611836 0.027737
vt 0.419809 0.82104
vt 0.526717 0.066572
vt 0.519745 0.063815
vt 0.530883 0.059109
vt 0.523367 0.056821
vt 0.535147 0.051271
vt 0.52663 0.049832
vt 0.538115 0.043376
vt 0.273973 0.534095
vt 0.507589 0.07476
vt 0.510129 0.068312
vt 0.513369 0.061545
vt 0.507514 0.05938
vt 0.516755 0.054874
vt 0.519733 0.048714
vt 0.631294 0.720698
vt 0.633292 0.715634
vt 0.636148 0.721216
vt 0.6385 0.716171
vt 0.635779 0.710439
vt 0.641101 0.711055
vt 0.646277 0.711878
vt 0.643521 0.717037
vt 0.640844 0.722215
vt 0.626138 0.720904
vt 0.627841 0.715492
vt 0.620732 0.72179
vt 0.622237 0.715835
vt 0.62476 0.709949
vt 0.630307 0.710017
vt 0.629882 0.725307
vt 0.625364 0.726003
vt 0.629148 0.728659
vt 0.625969 0.73046
vt 0.620466 0.727691
vt 0.621631 0.733157
vt 0.634077 0.725912
vt 0.638241 0.727232
vt 0.631693 0.730181
vt 0.63543 0.732065
vt 0.638657 0.705439
vt 0.643918 0.706145
vt 0.649115 0.706919
vt 0.633371 0.704728
vt 0.628078 0.704254
vt 0.636921 0.699858
vt 0.632129 0.736691
vt 0.628403 0.733945
vt 0.628449 0.741555
vt 0.624418 0.737807
vt 0.639727 0.733844
vt 0.63661 0.738935
vt 0.643532 0.735822
vt 0.640571 0.741021
vt 0.633351 0.744315
vt 0.637659 0.746355
vt 0.642666 0.728682
vt 0.645528 0.723455
vt 0.649496 0.725298
vt 0.646503 0.730578
vt 0.648412 0.718167
vt 0.65131 0.712925
vt 0.655548 0.714704
vt 0.652525 0.719989
vt 0.654213 0.707836
vt 0.658525 0.709496
vt 0.535685 0.022263
vt 0.537185 0.028628
vt 0.538395 0.035747
vt 0.500874 0.603955
vt 0.37596 0.488301
vt 0.306572 0.251018
vt 0.297853 0.2401
vt 0.317578 0.244858
vt 0.309533 0.234148
vt 0.320821 0.229108
vt 0.327992 0.239844
vt 0.294624 0.258013
vt 0.285171 0.246724
vt 0.282571 0.26565
vt 0.273175 0.254243
vt 0.315167 0.263602
vt 0.303617 0.271163
vt 0.291276 0.279087
vt 0.325482 0.256863
vt 0.334767 0.251255
vt 0.343232 0.247088
vt 0.338167 0.236283
vt 0.606482 0.763172
vt 0.602533 0.768876
vt 0.606505 0.746214
vt 0.610775 0.755677
vt 0.611537 0.740851
vt 0.615302 0.748155
vt 0.616643 0.763472
vt 0.6205 0.754136
vt 0.604401 0.737081
vt 0.604243 0.728444
vt 0.609557 0.725523
vt 0.609674 0.733176
vt 0.605808 0.720467
vt 0.611034 0.718286
vt 0.561771 0.096868
vt 0.565761 0.092186
vt 0.569847 0.087009
vt 0.557905 0.100487
vt 0.55433 0.103025
vt 0.268225 0.58441
vt 0.266324 0.580836
vt 0.574001 0.081904
vt 0.578876 0.07767
vt 0.266042 0.585702
vt 0.261701 0.582113
vt 0.262298 0.577721
vt 0.2563 0.578633
vt 0.257372 0.574861
vt 0.550227 0.122742
vt 0.545245 0.123024
vt 0.544184 0.11345
vt 0.548411 0.113246
vt 0.251238 0.574917
vt 0.252767 0.572054
vt 0.246952 0.570689
vt 0.249004 0.568737
vt 0.585124 0.075105
vt 0.149817 0.150509
vt 0.155521 0.152041
vt 0.200418 0.131752
vt 0.19852 0.141502
vt 0.161669 0.161068
vt 0.167982 0.159509
vt 0.161487 0.156677
vt 0.167487 0.155317
vt 0.174193 0.156024
vt 0.173228 0.152246
vt 0.179845 0.15015
vt 0.166773 0.151167
vt 0.161248 0.152267
vt 0.171871 0.148718
vt 0.112103 0.527749
vt 0.109709 0.523646
vt 0.168537 0.082002
vt 0.167075 0.105103
vt 0.168135 0.088852
vt 0.123026 0.530502
vt 0.170091 0.090137
vt 0.271253 0.273731
vt 0.263552 0.26288
vt 0.278589 0.286916
vt 0.332329 0.225221
vt 0.438006 0.339082
vt 0.43699 0.335194
vt 0.439791 0.335993
vt 0.435234 0.331976
vt 0.437751 0.332842
vt 0.433004 0.329509
vt 0.232477 0.545163
vt 0.230085 0.547436
vt 0.227694 0.549434
vt 0.23158 0.551179
vt 0.229259 0.553077
vt 0.232828 0.554874
vt 0.23054 0.556803
vt 0.426312 0.32533
vt 0.61995 0.742371
vt 0.624505 0.7471
vt 0.6167 0.73656
vt 0.626662 0.757837
vt 0.623536 0.767599
vt 0.63314 0.759728
vt 0.629723 0.769371
vt 0.629985 0.750346
vt 0.63484 0.752006
vt 0.09328 0.065847
vt 0.094648 0.057473
vt 0.096606 0.049958
vt 0.099305 0.044212
vt 0.562919 0.463449
vt 0.123018 0.043623
vt 0.113408 0.042032
vt 0.554955 0.46938
vt 0.54621 0.475354
vt 0.560743 0.474425
vt 0.552337 0.480713
vt 0.674233 0.637432
vt 0.6689 0.643845
vt 0.672631 0.63234
vt 0.667369 0.638177
vt 0.663635 0.649743
vt 0.661962 0.644034
vt 0.665576 0.632243
vt 0.659867 0.638135
vt 0.676004 0.642915
vt 0.67038 0.649829
vt 0.677826 0.650083
vt 0.670831 0.656736
vt 0.665049 0.655636
vt 0.679529 0.630163
vt 0.681904 0.634238
vt 0.685052 0.637724
vt 0.677506 0.626425
vt 0.657185 0.631675
vt 0.663314 0.625465
vt 0.654262 0.644406
vt 0.651274 0.638443
vt 0.647909 0.632241
vt 0.656654 0.650009
vt 0.658545 0.655466
vt 0.651513 0.656088
vt 0.615278 0.684828
vt 0.150771 0.312035
vt 0.153146 0.316858
vt 0.146987 0.322352
vt 0.69572 0.629065
vt 0.689393 0.639695
vt 0.700465 0.63205
vt 0.694165 0.642187
vt 0.688255 0.652405
vt 0.683584 0.650798
vt 0.701766 0.61935
vt 0.706629 0.622649
vt 0.619211 0.710393
vt 0.622797 0.704256
vt 0.616572 0.716754
vt 0.615129 0.723318
vt 0.640846 0.695639
vt 0.53761 0.192608
vt 0.537786 0.208261
vt 0.538221 0.223962
vt 0.529361 0.209021
vt 0.529408 0.22464
vt 0.529627 0.193357
vt 0.537708 0.17715
vt 0.530326 0.177786
vt 0.53816 0.162141
vt 0.531403 0.162597
vt 0.539045 0.147838
vt 0.532799 0.148076
vt 0.539791 0.134644
vt 0.533909 0.134668
vt 0.52346 0.178294
vt 0.525049 0.162988
vt 0.522214 0.193968
vt 0.515233 0.194487
vt 0.5169 0.178723
vt 0.518882 0.163376
vt 0.526734 0.148398
vt 0.520793 0.148884
vt 0.527996 0.134905
vt 0.52832 0.12289
vt 0.528036 0.112747
vt 0.533682 0.11283
vt 0.53413 0.12282
vt 0.514921 0.149616
vt 0.512687 0.163822
vt 0.473039 0.324884
vt 0.477858 0.325091
vt 0.477011 0.334533
vt 0.471996 0.333903
vt 0.483551 0.325338
vt 0.482978 0.335086
vt 0.482681 0.344784
vt 0.476412 0.343843
vt 0.812551 0.961454
vt 0.812014 0.966631
vt 0.806658 0.972881
vt 0.807482 0.967063
vt 0.474288 0.31543
vt 0.47894 0.315355
vt 0.47563 0.305333
vt 0.48014 0.305084
vt 0.484356 0.315424
vt 0.48531 0.305044
vt 0.81726 0.955031
vt 0.816365 0.949753
vt 0.821026 0.943356
vt 0.821791 0.947755
vt 0.814622 0.944497
vt 0.819324 0.938686
vt 0.82432 0.931919
vt 0.825892 0.936044
vt 0.826445 0.939669
vt 0.811667 0.955268
vt 0.806778 0.960021
vt 0.810003 0.949446
vt 0.805436 0.95362
vt 0.801867 0.971899
vt 0.801548 0.964136
vt 0.795659 0.975922
vt 0.795856 0.967663
vt 0.800884 0.957105
vt 0.795236 0.958181
vt 0.800562 0.978167
vt 0.482705 0.354552
vt 0.476075 0.353186
vt 0.482911 0.364342
vt 0.475911 0.362545
vt 0.793767 0.982445
vt 0.790853 0.987508
vt 0.78287 0.990852
vt 0.786312 0.985672
vt 0.778208 0.987782
vt 0.788808 0.97909
vt 0.781322 0.981239
vt 0.490272 0.365597
vt 0.490834 0.375731
vt 0.48316 0.374111
vt 0.497894 0.366235
vt 0.498715 0.376566
vt 0.779259 0.995078
vt 0.489713 0.355479
vt 0.489338 0.345436
vt 0.497013 0.355941
vt 0.496291 0.345765
vt 0.789582 0.970655
vt 0.78276 0.972884
vt 0.782759 0.96486
vt 0.78871 0.962207
vt 0.506663 0.376411
vt 0.505678 0.366182
vt 0.513375 0.365311
vt 0.5144 0.375139
vt 0.769466 0.988706
vt 0.760064 0.988322
vt 0.764336 0.982093
vt 0.773207 0.982203
vt 0.775423 0.974123
vt 0.767299 0.974459
vt 0.77668 0.966669
vt 0.769606 0.965876
vt 0.749978 0.986508
vt 0.754578 0.981018
vt 0.758113 0.973982
vt 0.748108 0.972472
vt 0.760533 0.967074
vt 0.75142 0.964596
vt 0.737526 0.969709
vt 0.740602 0.963993
vt 0.230184 0.025279
vt 0.234717 0.028938
vt 0.224467 0.022953
vt 0.221276 0.015992
vt 0.227535 0.018986
vt 0.529742 0.341074
vt 0.531752 0.34888
vt 0.526055 0.351872
vt 0.52426 0.343081
vt 0.527589 0.333965
vt 0.522364 0.334819
vt 0.526444 0.327009
vt 0.521182 0.32668
vt 0.2178 0.022197
vt 0.214052 0.014882
vt 0.209958 0.009079
vt 0.217503 0.01092
vt 0.20553 0.005147
vt 0.520738 0.363492
vt 0.521646 0.372624
vt 0.527496 0.360692
vt 0.519344 0.353978
vt 0.512029 0.355293
vt 0.51774 0.344467
vt 0.510646 0.345323
vt 0.654298 0.945785
vt 0.645969 0.940704
vt 0.65869 0.942366
vt 0.650902 0.936777
vt 0.63829 0.934041
vt 0.636989 0.926978
vt 0.640341 0.928177
vt 0.643065 0.932577
vt 0.539826 0.122957
vt 0.53917 0.113188
vt 0.243878 0.565675
vt 0.246604 0.564349
vt 0.241758 0.560188
vt 0.245201 0.559294
vt 0.240331 0.554542
vt 0.244429 0.553977
vt 0.502104 0.056942
vt 0.496756 0.054196
vt 0.49109 0.051106
vt 0.486348 0.046791
vt 0.529781 0.255302
vt 0.529646 0.24008
vt 0.539566 0.255229
vt 0.538901 0.239566
vt 0.521064 0.255261
vt 0.521232 0.240416
vt 0.513252 0.255227
vt 0.513541 0.240711
vt 0.513782 0.22572
vt 0.5213 0.225198
vt 0.529518 0.270273
vt 0.520506 0.269678
vt 0.528369 0.284479
vt 0.519443 0.283356
vt 0.511677 0.282661
vt 0.512622 0.269292
vt 0.539957 0.271106
vt 0.538816 0.286221
vt 0.50618 0.255324
vt 0.506457 0.241097
vt 0.499735 0.255503
vt 0.499905 0.241491
vt 0.50674 0.226294
vt 0.500101 0.226814
vt 0.505565 0.269084
vt 0.504707 0.282199
vt 0.498394 0.28195
vt 0.49919 0.269033
vt 0.51427 0.210233
vt 0.507374 0.210802
vt 0.500726 0.211285
vt 0.508545 0.194964
vt 0.52156 0.209658
vt 0.510439 0.179121
vt 0.493805 0.255718
vt 0.49381 0.241809
vt 0.488434 0.255983
vt 0.488212 0.242121
vt 0.493793 0.227176
vt 0.493351 0.269118
vt 0.492598 0.281894
vt 0.488058 0.269313
vt 0.487288 0.281992
vt 0.494182 0.211602
vt 0.483669 0.256314
vt 0.483152 0.2425
vt 0.479392 0.256745
vt 0.478521 0.242978
vt 0.48332 0.26959
vt 0.482435 0.282206
vt 0.479111 0.270005
vt 0.478141 0.282604
vt 0.475488 0.257311
vt 0.475401 0.270612
vt 0.474511 0.283255
vt 0.843556 0.908938
vt 0.837065 0.918705
vt 0.84261 0.905765
vt 0.835892 0.915344
vt 0.85134 0.89947
vt 0.850585 0.896366
vt 0.474212 0.243587
vt 0.861075 0.891284
vt 0.860429 0.888151
vt 0.499169 0.026031
vt 0.491519 0.032681
vt 0.497681 0.020566
vt 0.489934 0.026722
vt 0.307142 0.812754
vt 0.483773 0.040367
vt 0.478053 0.047466
vt 0.476436 0.040325
vt 0.482432 0.033318
vt 0.488815 0.021014
vt 0.481388 0.027123
vt 0.476079 0.032417
vt 0.474679 0.027605
vt 0.480562 0.021545
vt 0.289361 0.794229
vt 0.288535 0.789649
vt 0.287848 0.784917
vt 0.474596 0.021362
vt 0.479876 0.016345
vt 0.282569 0.780222
vt 0.523159 0.308765
vt 0.516135 0.307351
vt 0.525845 0.297407
vt 0.517763 0.295983
vt 0.509343 0.306441
vt 0.510446 0.29509
vt 0.521526 0.318259
vt 0.515232 0.317251
vt 0.515203 0.326357
vt 0.508784 0.316576
vt 0.508822 0.326105
vt 0.530365 0.310868
vt 0.52746 0.319657
vt 0.534884 0.299599
vt 0.502388 0.316178
vt 0.502834 0.30585
vt 0.502352 0.32599
vt 0.496132 0.315912
vt 0.495908 0.325876
vt 0.496643 0.305469
vt 0.503702 0.294489
vt 0.497471 0.294122
vt 0.491693 0.293928
vt 0.490806 0.305186
vt 0.48633 0.293901
vt 0.481339 0.294035
vt 0.476947 0.294386
vt 0.473378 0.295008
vt 0.831522 0.930818
vt 0.831208 0.927783
vt 0.82982 0.9241
vt 0.516199 0.335345
vt 0.50951 0.335641
vt 0.504519 0.355913
vt 0.503445 0.345742
vt 0.502714 0.335806
vt 0.495942 0.335785
vt 0.489325 0.335524
vt 0.489604 0.325629
vt 0.490104 0.315635
vt 0.360924 0.723156
vt 0.489837 0.757475
vt 0.489866 0.750172
vt 0.488889 0.742816
vt 0.615133 0.730064
vt 0.660032 0.660992
vt 0.64661 0.662257
vt 0.669277 0.665173
vt 0.674515 0.662661
vt 0.644387 0.625926
vt 0.131908 0.298256
vt 0.129643 0.295529
vt 0.139001 0.291944
vt 0.136582 0.28928
vt 0.126869 0.292932
vt 0.133712 0.286726
vt 0.144857 0.282769
vt 0.141717 0.280142
vt 0.147533 0.285462
vt 0.63563 0.706156
vt 0.637795 0.700022
vt 0.640728 0.694153
vt 0.124426 0.301663
vt 0.121484 0.298929
vt 0.633499 0.709741
vt 0.63136 0.707067
vt 0.149822 0.288196
vt 0.141114 0.294618
vt 0.631732 0.713489
vt 0.157006 0.278661
vt 0.159321 0.28145
vt 0.166962 0.271442
vt 0.169191 0.274313
vt 0.632431 0.720235
vt 0.63301 0.727372
vt 0.154082 0.275843
vt 0.150588 0.273011
vt 0.163838 0.268489
vt 0.160002 0.265471
vt 0.155635 0.262403
vt 0.169635 0.257661
vt 0.165066 0.254607
vt 0.150917 0.259325
vt 0.160154 0.251577
vt 0.169422 0.243864
vt 0.174471 0.246817
vt 0.179171 0.249832
vt 0.146562 0.270177
vt 0.138036 0.27761
vt 0.142143 0.267286
vt 0.133905 0.274999
vt 0.173705 0.260692
vt 0.183396 0.252872
vt 0.176941 0.263708
vt 0.186677 0.255937
vt 0.636342 0.730243
vt 0.636864 0.737977
vt 0.63302 0.734968
vt 0.636415 0.745748
vt 0.632154 0.742657
vt 0.164154 0.24101
vt 0.172928 0.233169
vt 0.178293 0.236012
vt 0.158733 0.238069
vt 0.167385 0.230318
vt 0.181242 0.225023
vt 0.175522 0.222036
vt 0.186752 0.228109
vt 0.155056 0.248618
vt 0.14603 0.256278
vt 0.140975 0.253058
vt 0.149817 0.245538
vt 0.183467 0.239062
vt 0.192082 0.231471
vt 0.188298 0.242235
vt 0.197061 0.234974
vt 0.19263 0.245451
vt 0.201513 0.238482
vt 0.204845 0.241778
vt 0.195899 0.248609
vt 0.634688 0.753076
vt 0.630106 0.750074
vt 0.632819 0.759908
vt 0.627934 0.757042
vt 0.194786 0.220244
vt 0.200343 0.224177
vt 0.202682 0.212504
vt 0.208466 0.217236
vt 0.205508 0.228152
vt 0.21384 0.221856
vt 0.188963 0.2165
vt 0.182891 0.212976
vt 0.189973 0.203441
vt 0.196496 0.207828
vt 0.210156 0.23202
vt 0.218797 0.226199
vt 0.222869 0.229945
vt 0.213749 0.235497
vt 0.631944 0.766188
vt 0.626697 0.763384
vt 0.632526 0.77174
vt 0.626964 0.768913
vt 0.183175 0.199582
vt 0.189726 0.188777
vt 0.197248 0.193739
vt 0.19705 0.177408
vt 0.176589 0.209698
vt 0.169561 0.218971
vt 0.20425 0.199232
vt 0.210727 0.204978
vt 0.21667 0.210701
vt 0.222261 0.21617
vt 0.227678 0.221154
vt 0.232461 0.225298
vt 0.236148 0.228244
vt 0.225586 0.232772
vt 0.595121 0.920722
vt 0.591958 0.923019
vt 0.034806 0.071013
vt 0.033939 0.076039
vt 0.590019 0.925646
vt 0.086424 0.29547
vt 0.092041 0.290586
vt 0.09788 0.294399
vt 0.092603 0.299405
vt 0.098378 0.302529
vt 0.103244 0.297334
vt 0.098172 0.285121
vt 0.10479 0.279014
vt 0.11014 0.282932
vt 0.10373 0.288956
vt 0.108782 0.291872
vt 0.114997 0.285945
vt 0.119406 0.2884
vt 0.113419 0.294266
vt 0.117734 0.296541
vt 0.12341 0.290643
vt 0.111865 0.272205
vt 0.119395 0.264864
vt 0.117096 0.27618
vt 0.124574 0.268818
vt 0.121899 0.27936
vt 0.129414 0.272132
vt 0.12628 0.282007
vt 0.130248 0.284382
vt 0.127379 0.257158
vt 0.135759 0.24946
vt 0.132547 0.260964
vt 0.13747 0.264277
vt 0.144479 0.242143
vt 0.153224 0.234856
vt 0.161678 0.227244
vt 0.205952 0.165594
vt 0.198178 0.159087
vt 0.188245 0.145926
vt 0.184483 0.141428
vt 0.192543 0.152171
vt 0.675078 0.671936
vt 0.670707 0.679639
vt 0.679967 0.672319
vt 0.675466 0.68026
vt 0.679091 0.661934
vt 0.683259 0.662047
vt 0.792955 0.765771
vt 0.783777 0.773639
vt 0.788232 0.758873
vt 0.77906 0.766636
vt 0.774575 0.781142
vt 0.769846 0.774013
vt 0.774503 0.75987
vt 0.765313 0.767181
vt 0.783637 0.752162
vt 0.823754 0.733368
vt 0.816816 0.741214
vt 0.819059 0.726946
vt 0.812104 0.734663
vt 0.809387 0.749346
vt 0.804662 0.742671
vt 0.807476 0.728231
vt 0.800032 0.736129
vt 0.814441 0.720631
vt 0.836329 0.718996
vt 0.830201 0.725968
vt 0.83168 0.712823
vt 0.825525 0.719675
vt 0.820922 0.713479
vt 0.827097 0.706738
vt 0.848224 0.706221
vt 0.842309 0.712434
vt 0.843662 0.700243
vt 0.837699 0.706365
vt 0.833146 0.700371
vt 0.839143 0.694324
vt 0.86015 0.694559
vt 0.854156 0.700294
vt 0.855702 0.688737
vt 0.849647 0.6944
vt 0.845165 0.688543
vt 0.851263 0.682927
vt 0.87238 0.683275
vt 0.86625 0.688918
vt 0.861874 0.683156
vt 0.868083 0.677571
vt 0.857487 0.677377
vt 0.863752 0.671821
vt 0.885034 0.67155
vt 0.878465 0.677533
vt 0.880878 0.665999
vt 0.874246 0.671897
vt 0.869973 0.666188
vt 0.876643 0.660344
vt 0.900611 0.658766
vt 0.892616 0.665188
vt 0.89652 0.653432
vt 0.888493 0.659745
vt 0.884259 0.654155
vt 0.892279 0.647901
vt 0.915768 0.646931
vt 0.908421 0.652606
vt 0.904387 0.647358
vt 0.911843 0.641723
vt 0.900163 0.641863
vt 0.907692 0.636213
vt 0.930927 0.618876
vt 0.934643 0.624649
vt 0.930118 0.628174
vt 0.926563 0.622263
vt 0.937347 0.630519
vt 0.933396 0.633621
vt 0.924739 0.632247
vt 0.928249 0.637577
vt 0.920959 0.626503
vt 0.922375 0.641968
vt 0.918637 0.636724
vt 0.914646 0.631124
vt 0.801462 0.757603
vt 0.796735 0.750813
vt 0.792116 0.744177
vt 0.758615 0.79493
vt 0.753022 0.801358
vt 0.753798 0.787457
vt 0.748243 0.793751
vt 0.748733 0.807674
vt 0.744034 0.799982
vt 0.743724 0.786557
vt 0.739576 0.792683
vt 0.749242 0.780388
vt 0.765993 0.788215
vt 0.761212 0.780916
vt 0.756666 0.773975
vt 0.742112 0.820137
vt 0.73874 0.825561
vt 0.737581 0.812413
vt 0.734245 0.817808
vt 0.735238 0.830585
vt 0.730756 0.822794
vt 0.729911 0.810333
vt 0.726423 0.815264
vt 0.733229 0.804993
vt 0.74527 0.814054
vt 0.740662 0.806337
vt 0.736264 0.798969
vt 0.728013 0.84032
vt 0.724109 0.845242
vt 0.723538 0.832445
vt 0.719641 0.837308
vt 0.720072 0.850131
vt 0.715614 0.842134
vt 0.715306 0.829612
vt 0.711289 0.834375
vt 0.7192 0.824811
vt 0.731693 0.83547
vt 0.727214 0.82764
vt 0.722879 0.820059
vt 0.715991 0.854887
vt 0.711548 0.846829
vt 0.711702 0.859621
vt 0.707287 0.851494
vt 0.707236 0.839011
vt 0.703007 0.843613
vt 0.702001 0.869319
vt 0.696579 0.87421
vt 0.697713 0.861001
vt 0.692373 0.865787
vt 0.690646 0.879186
vt 0.686534 0.870654
vt 0.688321 0.857672
vt 0.682587 0.862465
vt 0.693569 0.852963
vt 0.70704 0.864444
vt 0.70268 0.856227
vt 0.698458 0.84827
vt 0.677169 0.889334
vt 0.670238 0.893973
vt 0.673272 0.88059
vt 0.666439 0.88517
vt 0.663699 0.89874
vt 0.659945 0.889875
vt 0.662856 0.876867
vt 0.656424 0.88156
vt 0.669572 0.872288
vt 0.684074 0.884316
vt 0.680069 0.875669
vt 0.676243 0.867412
vt 0.65277 0.90982
vt 0.647802 0.915426
vt 0.643588 0.906258
vt 0.648812 0.900734
vt 0.643459 0.920444
vt 0.638892 0.912113
vt 0.63444 0.903406
vt 0.639662 0.897716
vt 0.645118 0.892253
vt 0.657973 0.90414
vt 0.654167 0.895167
vt 0.650608 0.886778
vt 0.629647 0.909563
vt 0.635122 0.918673
vt 0.64013 0.92436
vt 0.619734 0.873633
vt 0.613707 0.879904
vt 0.611527 0.872283
vt 0.616283 0.865668
vt 0.63207 0.862288
vt 0.625932 0.867821
vt 0.622209 0.859714
vt 0.628527 0.854151
vt 0.619589 0.852252
vt 0.625464 0.846651
vt 0.64374 0.85161
vt 0.637915 0.85685
vt 0.634462 0.848709
vt 0.64029 0.843462
vt 0.631276 0.841196
vt 0.6371 0.835929
vt 0.655982 0.841807
vt 0.64982 0.84667
vt 0.646286 0.838484
vt 0.652315 0.833582
vt 0.64301 0.830894
vt 0.648903 0.82593
vt 0.667805 0.83181
vt 0.662054 0.836797
vt 0.658238 0.828563
vt 0.663837 0.823579
vt 0.654677 0.82088
vt 0.660124 0.81588
vt 0.677776 0.822337
vt 0.673007 0.827015
vt 0.668895 0.818784
vt 0.673527 0.8141
vt 0.665039 0.811067
vt 0.669537 0.806363
vt 0.686422 0.813084
vt 0.682231 0.817697
vt 0.677852 0.809449
vt 0.681928 0.804813
vt 0.673734 0.801691
vt 0.677695 0.797021
vt 0.694265 0.803839
vt 0.690402 0.808485
vt 0.685815 0.800169
vt 0.689599 0.795468
vt 0.68149 0.792327
vt 0.685193 0.787567
vt 0.701853 0.794287
vt 0.698111 0.799085
vt 0.693364 0.790659
vt 0.697028 0.785798
vt 0.68888 0.782699
vt 0.692466 0.777772
vt 0.708826 0.784678
vt 0.705406 0.789508
vt 0.700506 0.78094
vt 0.703845 0.776022
vt 0.69587 0.772834
vt 0.69913 0.767827
vt 0.715255 0.774354
vt 0.712164 0.779726
vt 0.707091 0.770977
vt 0.710048 0.76548
vt 0.702285 0.762689
vt 0.705113 0.75707
vt 0.72081 0.76197
vt 0.717931 0.768265
vt 0.712521 0.759208
vt 0.715172 0.752746
vt 0.707391 0.75062
vt 0.709825 0.743997
vt 0.729661 0.750014
vt 0.724511 0.755981
vt 0.718667 0.746684
vt 0.723671 0.740724
vt 0.713121 0.737861
vt 0.717981 0.7319
vt 0.745322 0.737056
vt 0.736886 0.743784
vt 0.739251 0.727905
vt 0.730848 0.734567
vt 0.725105 0.7258
vt 0.733463 0.719184
vt 0.76276 0.721678
vt 0.754106 0.729595
vt 0.747931 0.72043
vt 0.756443 0.712455
vt 0.742029 0.71167
vt 0.750389 0.703615
vt 0.778352 0.705509
vt 0.770809 0.713579
vt 0.764342 0.704293
vt 0.771739 0.696169
vt 0.75813 0.695373
vt 0.765376 0.687182
vt 0.792199 0.690216
vt 0.785491 0.697679
vt 0.778745 0.688306
vt 0.785334 0.680828
vt 0.772247 0.679276
vt 0.778715 0.671778
vt 0.804447 0.676668
vt 0.798454 0.683244
vt 0.79148 0.67386
vt 0.797383 0.66729
vt 0.784752 0.664807
vt 0.790563 0.658237
vt 0.816282 0.664377
vt 0.810371 0.670393
vt 0.803242 0.66101
vt 0.809107 0.654978
vt 0.796354 0.651944
vt 0.80217 0.64589
vt 0.828299 0.652871
vt 0.822236 0.658575
vt 0.815029 0.649155
vt 0.821077 0.643419
vt 0.808053 0.640038
vt 0.814079 0.63426
vt 0.84085 0.641415
vt 0.83454 0.647151
vt 0.83365 0.631856
vt 0.827324 0.637646
vt 0.820322 0.628423
vt 0.826654 0.622568
vt 0.853733 0.629751
vt 0.847123 0.635663
vt 0.839939 0.626067
vt 0.846536 0.62014
vt 0.832951 0.616731
vt 0.839526 0.610779
vt 0.868741 0.61721
vt 0.861057 0.623532
vt 0.853787 0.613936
vt 0.861392 0.607628
vt 0.846694 0.604574
vt 0.854208 0.59826
vt 0.884104 0.60489
vt 0.876432 0.610989
vt 0.876796 0.595188
vt 0.869051 0.601387
vt 0.861821 0.591981
vt 0.869574 0.585999
vt 0.899033 0.593531
vt 0.891731 0.598937
vt 0.892247 0.584342
vt 0.884659 0.589006
vt 0.877506 0.580575
vt 0.905732 0.589075
vt 0.899169 0.582698
vt 0.62543 0.902572
vt 0.621367 0.896213
vt 0.630877 0.896427
vt 0.627442 0.889792
vt 0.636456 0.890737
vt 0.642081 0.885281
vt 0.633356 0.883986
vt 0.639132 0.878508
vt 0.647665 0.879839
vt 0.653486 0.874622
vt 0.644794 0.87307
vt 0.650608 0.867828
vt 0.65982 0.869837
vt 0.666387 0.865145
vt 0.65684 0.862936
vt 0.663252 0.858117
vt 0.672902 0.860204
vt 0.679098 0.85523
vt 0.669606 0.853095
vt 0.675646 0.848073
vt 0.684705 0.850434
vt 0.689847 0.845745
vt 0.681118 0.843253
vt 0.686142 0.83856
vt 0.699131 0.836477
vt 0.694647 0.841089
vt 0.69084 0.833916
vt 0.695245 0.829324
vt 0.707364 0.827334
vt 0.703326 0.831921
vt 0.699391 0.824785
vt 0.703398 0.82022
vt 0.71527 0.817896
vt 0.711375 0.822632
vt 0.707385 0.815548
vt 0.711264 0.810846
vt 0.722523 0.808484
vt 0.718962 0.813209
vt 0.714948 0.806192
vt 0.718507 0.801503
vt 0.729363 0.798401
vt 0.726028 0.803635
vt 0.722008 0.796701
vt 0.725334 0.791531
vt 0.735733 0.786391
vt 0.732416 0.792521
vt 0.72837 0.785743
vt 0.731655 0.779715
vt 0.745341 0.774336
vt 0.73986 0.780406
vt 0.735729 0.773829
vt 0.741144 0.767826
vt 0.752718 0.76795
vt 0.761298 0.76113
vt 0.748457 0.761446
vt 0.756951 0.754581
vt 0.770385 0.753758
vt 0.779416 0.745998
vt 0.765913 0.747121
vt 0.774813 0.739278
vt 0.795702 0.730012
vt 0.787826 0.738017
vt 0.783123 0.731261
vt 0.790922 0.723261
vt 0.810084 0.714672
vt 0.803126 0.722185
vt 0.798291 0.715466
vt 0.805209 0.708004
vt 0.822742 0.700955
vt 0.816564 0.707613
vt 0.811654 0.701006
vt 0.817806 0.694402
vt 0.8348 0.688634
vt 0.828797 0.694646
vt 0.823841 0.688124
vt 0.829827 0.68212
vt 0.840821 0.682866
vt 0.846918 0.677241
vt 0.835829 0.676341
vt 0.841909 0.670684
vt 0.85942 0.666069
vt 0.853146 0.67166
vt 0.848126 0.665047
vt 0.854394 0.659397
vt 0.865653 0.660417
vt 0.872309 0.654556
vt 0.860626 0.653703
vt 0.867252 0.647803
vt 0.879851 0.648338
vt 0.887782 0.642037
vt 0.874699 0.641539
vt 0.882518 0.635175
vt 0.903127 0.63015
vt 0.8956 0.635927
vt 0.890255 0.628972
vt 0.897775 0.623042
vt 0.916662 0.619967
vt 0.910181 0.624849
vt 0.904946 0.617492
vt 0.911624 0.6123
vt 0.922443 0.603804
vt 0.92731 0.611574
vt 0.922469 0.615445
vt 0.917669 0.607446
vt 0.94905 0.651232
vt 0.945557 0.654548
vt 0.942996 0.649574
vt 0.946024 0.64617
vt 0.941711 0.658179
vt 0.938515 0.653167
vt 0.93517 0.648088
vt 0.93987 0.644381
vt 0.943262 0.641431
vt 0.936846 0.662265
vt 0.933297 0.657288
vt 0.930958 0.667088
vt 0.92723 0.662141
vt 0.923485 0.657171
vt 0.929734 0.652291
vt 0.924043 0.67293
vt 0.920203 0.667934
vt 0.916477 0.679457
vt 0.912569 0.67436
vt 0.916344 0.662914
vt 0.908642 0.669239
vt 0.908634 0.686338
vt 0.90468 0.681117
vt 0.901211 0.693154
vt 0.897209 0.68781
vt 0.900707 0.675871
vt 0.893189 0.682441
vt 0.894903 0.699489
vt 0.89083 0.69405
vt 0.889132 0.705514
vt 0.884976 0.699997
vt 0.880801 0.694454
vt 0.886739 0.688584
vt 0.883319 0.711399
vt 0.879079 0.705815
vt 0.877516 0.717287
vt 0.873198 0.711635
vt 0.868857 0.705954
vt 0.874819 0.700204
vt 0.871776 0.723324
vt 0.867389 0.717589
vt 0.866066 0.729594
vt 0.861618 0.723767
vt 0.862979 0.711825
vt 0.857146 0.717908
vt 0.860354 0.736187
vt 0.855849 0.730257
vt 0.854544 0.743181
vt 0.84999 0.737134
vt 0.85132 0.724295
vt 0.845412 0.731055
vt 0.848541 0.750654
vt 0.843949 0.744473
vt 0.842194 0.758591
vt 0.837569 0.752266
vt 0.839332 0.738259
vt 0.83292 0.745906
vt 0.83535 0.766977
vt 0.830695 0.760505
vt 0.827994 0.775636
vt 0.823312 0.76902
vt 0.826014 0.753999
vt 0.818605 0.762369
vt 0.820109 0.78439
vt 0.815408 0.777636
vt 0.811621 0.793037
vt 0.806905 0.786149
vt 0.810683 0.770848
vt 0.802168 0.779229
vt 0.802454 0.801371
vt 0.797727 0.794352
vt 0.793331 0.809416
vt 0.788576 0.802248
vt 0.792978 0.787302
vt 0.7838 0.795048
vt 0.784974 0.817194
vt 0.780156 0.809838
vt 0.777753 0.824624
vt 0.772889 0.817077
vt 0.775316 0.802449
vt 0.768004 0.809497
vt 0.772036 0.831627
vt 0.767197 0.823923
vt 0.76746 0.83833
vt 0.762688 0.830516
vt 0.762338 0.816187
vt 0.757896 0.822673
vt 0.763663 0.844861
vt 0.758968 0.836998
vt 0.760226 0.851016
vt 0.755596 0.843123
vt 0.754257 0.829106
vt 0.750951 0.835205
vt 0.756729 0.856589
vt 0.752126 0.84865
vt 0.753195 0.861797
vt 0.748597 0.853804
vt 0.747509 0.840686
vt 0.743984 0.845787
vt 0.749645 0.866861
vt 0.745044 0.858816
vt 0.745967 0.871915
vt 0.741362 0.863811
vt 0.740429 0.850747
vt 0.736744 0.855684
vt 0.74205 0.877093
vt 0.737444 0.868917
vt 0.737984 0.882263
vt 0.733382 0.874008
vt 0.732826 0.860717
vt 0.728768 0.86573
vt 0.733859 0.88729
vt 0.729264 0.878958
vt 0.72947 0.892335
vt 0.724897 0.883915
vt 0.724658 0.870605
vt 0.720313 0.875475
vt 0.72461 0.897556
vt 0.720083 0.889024
vt 0.719303 0.902884
vt 0.714841 0.894226
vt 0.715547 0.880475
vt 0.710369 0.885552
vt 0.713574 0.908248
vt 0.709186 0.899457
vt 0.707289 0.913722
vt 0.702986 0.904792
vt 0.70479 0.890653
vt 0.698677 0.895851
vt 0.700313 0.91938
vt 0.696108 0.910301
vt 0.692998 0.924858
vt 0.688894 0.915648
vt 0.691901 0.901215
vt 0.684789 0.906434
vt 0.685694 0.929796
vt 0.681681 0.920496
vt 0.679015 0.934543
vt 0.675018 0.925471
vt 0.67767 0.911197
vt 0.671045 0.916089
vt 0.664615 0.935885
vt 0.66945 0.931196
vt 0.673574 0.939451
vt 0.660486 0.927251
vt 0.665419 0.921693
vt 0.655944 0.932005
vt 0.660153 0.937751
vt 0.64425 0.929356
vt 0.647689 0.928364
vt 0.651874 0.924286
vt 0.6566 0.918611
vt 0.667336 0.907328
vt 0.661658 0.912828
vt 0.680944 0.897806
vt 0.673918 0.902503
vt 0.694629 0.88745
vt 0.687953 0.892692
vt 0.706155 0.877376
vt 0.700653 0.882368
vt 0.715979 0.867496
vt 0.711264 0.872404
vt 0.724394 0.857884
vt 0.720297 0.862697
vt 0.732355 0.84796
vt 0.728443 0.852935
vt 0.73959 0.838149
vt 0.736038 0.843069
vt 0.746512 0.827638
vt 0.743104 0.833088
vt 0.749746 0.821551
vt 0.753299 0.815148
vt 0.763298 0.802196
vt 0.757666 0.808751
vt 0.779179 0.788083
vt 0.770645 0.795317
vt 0.797559 0.772496
vt 0.788373 0.780463
vt 0.813998 0.755861
vt 0.806073 0.764226
vt 0.828345 0.739648
vt 0.821421 0.747614
vt 0.840882 0.725041
vt 0.834777 0.732127
vt 0.8527 0.712084
vt 0.846828 0.718382
vt 0.864521 0.70028
vt 0.858584 0.706081
vt 0.870553 0.694586
vt 0.87661 0.688891
vt 0.889134 0.677026
vt 0.882623 0.683087
vt 0.904653 0.664038
vt 0.896686 0.670562
vt 0.912411 0.657797
vt 0.919656 0.652091
vt 0.926084 0.64717
vt 0.931737 0.642874
vt 0.940635 0.63588
vt 0.936658 0.639043
vt 0.947951 0.668131
vt 0.944692 0.663189
vt 0.947072 0.65923
vt 0.949303 0.65958
vt 0.94494 0.686705
vt 0.941458 0.681837
vt 0.94485 0.676957
vt 0.947447 0.676994
vt 0.938316 0.677056
vt 0.94337 0.672284
vt 0.938435 0.692979
vt 0.935488 0.687818
vt 0.93178 0.699747
vt 0.928058 0.69456
vt 0.93176 0.682968
vt 0.924292 0.689649
vt 0.92427 0.706982
vt 0.920289 0.701726
vt 0.916938 0.714159
vt 0.912943 0.708824
vt 0.916506 0.696731
vt 0.909141 0.703746
vt 0.91082 0.720751
vt 0.906786 0.715363
vt 0.905289 0.726964
vt 0.901203 0.721539
vt 0.897304 0.716363
vt 0.902942 0.710228
vt 0.89972 0.733
vt 0.895581 0.727548
vt 0.894142 0.739047
vt 0.889955 0.733567
vt 0.885949 0.728324
vt 0.891626 0.722339
vt 0.888586 0.745294
vt 0.884361 0.739772
vt 0.88303 0.751818
vt 0.878775 0.746243
vt 0.880313 0.734482
vt 0.874693 0.740896
vt 0.877451 0.758693
vt 0.873171 0.753059
vt 0.871743 0.766017
vt 0.867446 0.760312
vt 0.86906 0.747648
vt 0.863314 0.754825
vt 0.865799 0.773883
vt 0.861497 0.768092
vt 0.859486 0.782243
vt 0.855185 0.77636
vt 0.857354 0.762515
vt 0.851037 0.770686
vt 0.852671 0.791052
vt 0.848372 0.785077
vt 0.845325 0.800121
vt 0.841033 0.794057
vt 0.84422 0.779307
vt 0.836883 0.788194
vt 0.837423 0.809262
vt 0.833144 0.803116
vt 0.828903 0.818281
vt 0.82464 0.812055
vt 0.829001 0.797164
vt 0.820508 0.806019
vt 0.819702 0.826982
vt 0.815456 0.820677
vt 0.810606 0.835457
vt 0.806361 0.829058
vt 0.811335 0.814558
vt 0.802236 0.822841
vt 0.802398 0.843795
vt 0.798126 0.837272
vt 0.795269 0.8518
vt 0.790982 0.84515
vt 0.793969 0.830926
vt 0.786806 0.838671
vt 0.789407 0.859278
vt 0.785162 0.852521
vt 0.78455 0.866304
vt 0.780378 0.859475
vt 0.781022 0.845932
vt 0.776308 0.852812
vt 0.780436 0.872955
vt 0.776345 0.866103
vt 0.776731 0.879154
vt 0.772709 0.872297
vt 0.76878 0.865599
vt 0.772351 0.859414
vt 0.773102 0.884829
vt 0.769116 0.877953
vt 0.769516 0.890165
vt 0.765546 0.883265
vt 0.76522 0.871234
vt 0.761664 0.876518
vt 0.765938 0.895351
vt 0.761979 0.888429
vt 0.762239 0.900549
vt 0.758289 0.893598
vt 0.758105 0.881655
vt 0.754422 0.886792
vt 0.758286 0.90592
vt 0.754349 0.898929
vt 0.754172 0.911304
vt 0.750251 0.904269
vt 0.750491 0.892081
vt 0.746406 0.897372
vt 0.749988 0.91654
vt 0.746085 0.909461
vt 0.745492 0.921834
vt 0.741618 0.914701
vt 0.742255 0.902517
vt 0.737815 0.9077
vt 0.740442 0.927392
vt 0.736616 0.920183
vt 0.734886 0.933112
vt 0.731124 0.925813
vt 0.73286 0.913104
vt 0.727427 0.918643
vt 0.728875 0.938892
vt 0.725183 0.931498
vt 0.722351 0.944492
vt 0.718657 0.937312
vt 0.721555 0.924231
vt 0.715105 0.929942
vt 0.704183 0.948112
vt 0.711407 0.943334
vt 0.715254 0.949674
vt 0.700529 0.941299
vt 0.707942 0.935853
vt 0.69333 0.945619
vt 0.697733 0.950197
vt 0.677614 0.94457
vt 0.682798 0.942377
vt 0.689447 0.938495
vt 0.696839 0.933478
vt 0.711322 0.922092
vt 0.704251 0.927882
vt 0.723493 0.911011
vt 0.717691 0.916493
vt 0.733771 0.900254
vt 0.728863 0.905572
vt 0.742321 0.890044
vt 0.738185 0.895135
vt 0.750317 0.87957
vt 0.746395 0.884809
vt 0.757549 0.869365
vt 0.753996 0.87447
vt 0.76462 0.858507
vt 0.761092 0.864114
vt 0.768124 0.852333
vt 0.772001 0.845763
vt 0.782394 0.831825
vt 0.776646 0.838965
vt 0.797889 0.816287
vt 0.789582 0.824228
vt 0.816161 0.79967
vt 0.806995 0.808115
vt 0.832527 0.78204
vt 0.824648 0.790911
vt 0.846694 0.764747
vt 0.839869 0.773259
vt 0.858999 0.749096
vt 0.853022 0.756685
vt 0.870441 0.735325
vt 0.864772 0.742004
vt 0.881785 0.722874
vt 0.876102 0.728977
vt 0.88752 0.716931
vt 0.893261 0.710995
vt 0.905209 0.698495
vt 0.89896 0.704909
vt 0.920408 0.684584
vt 0.912598 0.691572
vt 0.92792 0.677973
vt 0.934735 0.6721
vt 0.940453 0.667326
vt 0.939924 0.711814
vt 0.935532 0.705637
vt 0.939933 0.698911
vt 0.943488 0.698178
vt 0.931876 0.737299
vt 0.929148 0.732009
vt 0.933482 0.725257
vt 0.935772 0.725518
vt 0.925758 0.726324
vt 0.932329 0.71915
vt 0.927028 0.743528
vt 0.924144 0.738551
vt 0.922245 0.749752
vt 0.918789 0.744885
vt 0.914547 0.739254
vt 0.919967 0.73297
vt 0.917247 0.756081
vt 0.913398 0.751015
vt 0.912071 0.762511
vt 0.907984 0.757164
vt 0.903616 0.751447
vt 0.909091 0.745342
vt 0.906752 0.769037
vt 0.902558 0.763556
vt 0.90134 0.775804
vt 0.897107 0.770259
vt 0.89814 0.757781
vt 0.892646 0.764414
vt 0.895883 0.782957
vt 0.891615 0.777339
vt 0.890264 0.790608
vt 0.885969 0.784904
vt 0.887116 0.771416
vt 0.881439 0.778891
vt 0.884363 0.798868
vt 0.880051 0.793064
vt 0.878068 0.807658
vt 0.873743 0.801743
vt 0.875502 0.786941
vt 0.869181 0.795502
vt 0.871264 0.816896
vt 0.866928 0.810869
vt 0.863916 0.826385
vt 0.859571 0.820247
vt 0.862352 0.804509
vt 0.854986 0.813769
vt 0.855986 0.835926
vt 0.851638 0.829681
vt 0.847426 0.845336
vt 0.843078 0.838985
vt 0.847049 0.823089
vt 0.838488 0.83228
vt 0.838188 0.85443
vt 0.833839 0.847972
vt 0.829113 0.863355
vt 0.82475 0.856778
vt 0.829248 0.841155
vt 0.820144 0.849834
vt 0.821042 0.872258
vt 0.81664 0.865537
vt 0.81399 0.880846
vt 0.809563 0.873977
vt 0.81199 0.858439
vt 0.804886 0.866721
vt 0.807969 0.888827
vt 0.803573 0.881828
vt 0.80282 0.896212
vt 0.798485 0.889116
vt 0.798928 0.874434
vt 0.793907 0.88162
vt 0.798381 0.903012
vt 0.794116 0.895868
vt 0.794403 0.90928
vt 0.790196 0.902108
vt 0.789612 0.888323
vt 0.785754 0.894535
vt 0.790635 0.915068
vt 0.786456 0.90786
vt 0.786989 0.920537
vt 0.78282 0.913289
vt 0.782043 0.900249
vt 0.778417 0.905637
vt 0.783379 0.925846
vt 0.779213 0.918562
vt 0.779651 0.931189
vt 0.775488 0.923863
vt 0.774814 0.91087
vt 0.771092 0.916126
vt 0.775656 0.936758
vt 0.771499 0.929377
vt 0.771487 0.942365
vt 0.767339 0.934923
vt 0.767108 0.921582
vt 0.762957 0.927063
vt 0.767238 0.947822
vt 0.763101 0.940319
vt 0.762675 0.953119
vt 0.758515 0.94581
vt 0.758731 0.932395
vt 0.754169 0.937809
vt 0.747752 0.956464
vt 0.753308 0.951641
vt 0.757564 0.958247
vt 0.743361 0.949151
vt 0.749008 0.943536
vt 0.737343 0.954232
vt 0.742113 0.958933
vt 0.720091 0.954219
vt 0.726559 0.951771
vt 0.73293 0.947011
vt 0.739019 0.94113
vt 0.749752 0.929677
vt 0.744646 0.935315
vt 0.758488 0.919046
vt 0.754282 0.924327
vt 0.766591 0.908206
vt 0.762622 0.913616
vt 0.773894 0.897775
vt 0.770303 0.902982
vt 0.781173 0.886725
vt 0.777502 0.892416
vt 0.784955 0.880523
vt 0.78916 0.873851
vt 0.800012 0.85916
vt 0.794101 0.86675
vt 0.815314 0.842555
vt 0.807131 0.851021
vt 0.833641 0.825201
vt 0.824418 0.833983
vt 0.850107 0.806876
vt 0.842185 0.816101
vt 0.86429 0.788813
vt 0.857465 0.797716
vt 0.876552 0.772402
vt 0.87061 0.780356
vt 0.887803 0.758071
vt 0.882247 0.765007
vt 0.898849 0.745208
vt 0.893331 0.751496
vt 0.904378 0.739134
vt 0.909892 0.733074
vt 0.915369 0.726829
vt 0.921449 0.720183
vt 0.92877 0.712924
vt 0.926331 0.755584
vt 0.924542 0.753638
vt 0.927741 0.747859
vt 0.929362 0.747271
vt 0.919034 0.773622
vt 0.915994 0.767642
vt 0.920586 0.76047
vt 0.922979 0.763965
vt 0.912835 0.79172
vt 0.911079 0.789704
vt 0.914413 0.783595
vt 0.916325 0.78315
vt 0.908954 0.786064
vt 0.913822 0.779414
vt 0.904995 0.812676
vt 0.902159 0.806406
vt 0.907001 0.7976
vt 0.909208 0.801163
vt 0.898442 0.801466
vt 0.90386 0.793458
vt 0.899282 0.820376
vt 0.896528 0.815241
vt 0.893604 0.829272
vt 0.890248 0.824316
vt 0.892603 0.809957
vt 0.886297 0.818912
vt 0.887207 0.839062
vt 0.883456 0.833842
vt 0.880086 0.849234
vt 0.876111 0.843615
vt 0.87948 0.828315
vt 0.872112 0.837965
vt 0.872238 0.859273
vt 0.868173 0.853433
vt 0.863642 0.86902
vt 0.8596 0.863118
vt 0.864155 0.84766
vt 0.855564 0.857223
vt 0.854277 0.878315
vt 0.850351 0.87249
vt 0.845127 0.887493
vt 0.8413 0.881726
vt 0.846298 0.866471
vt 0.837219 0.875573
vt 0.837175 0.896887
vt 0.83332 0.891001
vt 0.830232 0.906047
vt 0.826317 0.899972
vt 0.829189 0.884695
vt 0.822153 0.89351
vt 0.824108 0.914519
vt 0.820201 0.908299
vt 0.818725 0.922247
vt 0.814874 0.915944
vt 0.816052 0.901694
vt 0.81077 0.909225
vt 0.814001 0.929174
vt 0.810238 0.922871
vt 0.809749 0.93544
vt 0.806094 0.92921
vt 0.806187 0.916086
vt 0.802087 0.922379
vt 0.805781 0.941189
vt 0.802242 0.935088
vt 0.802058 0.946485
vt 0.798563 0.940653
vt 0.798253 0.928208
vt 0.794575 0.933722
vt 0.790967 0.951093
vt 0.794935 0.946052
vt 0.798545 0.951392
vt 0.787141 0.944366
vt 0.790943 0.939073
vt 0.781557 0.959308
vt 0.78627 0.955585
vt 0.778623 0.954885
vt 0.78295 0.949704
vt 0.774408 0.959707
vt 0.777544 0.962045
vt 0.761792 0.96197
vt 0.766536 0.959172
vt 0.77099 0.954625
vt 0.775258 0.949128
vt 0.779443 0.943481
vt 0.783452 0.937878
vt 0.790813 0.927182
vt 0.78719 0.932511
vt 0.798278 0.915887
vt 0.794476 0.921692
vt 0.80232 0.909609
vt 0.806834 0.902781
vt 0.818115 0.887246
vt 0.812052 0.895326
vt 0.833213 0.869535
vt 0.825161 0.878545
vt 0.851547 0.851356
vt 0.842292 0.860524
vt 0.868072 0.832256
vt 0.860125 0.841872
vt 0.882245 0.81337
vt 0.875432 0.822689
vt 0.894449 0.796164
vt 0.888547 0.804499
vt 0.900059 0.788454
vt 0.905498 0.781252
vt 0.910887 0.774442
vt 0.895875 0.833468
vt 0.899823 0.825389
vt 0.902095 0.824768
vt 0.884054 0.854848
vt 0.89058 0.843769
vt 0.867678 0.87491
vt 0.876408 0.865263
vt 0.848368 0.892373
vt 0.8579 0.883682
vt 0.833519 0.911148
vt 0.840377 0.901778
vt 0.821903 0.927446
vt 0.827384 0.919733
vt 0.812504 0.940131
vt 0.817006 0.934202
vt 0.804343 0.949725
vt 0.808204 0.945364
vt 0.801156 0.953038
vt 0.926753 0.600991
vt 0.925313 0.60225
vt 0.921626 0.594332
vt 0.927043 0.600752
vt 0.917439 0.59456
vt 0.93552 0.615174
vt 0.933516 0.616818
vt 0.930892 0.608644
vt 0.935723 0.615019
vt 0.941521 0.627112
vt 0.939634 0.628691
vt 0.93818 0.62181
vt 0.941655 0.627007
vt 0.945848 0.638604
vt 0.944771 0.6395
vt 0.943454 0.633587
vt 0.945913 0.638552
vt 0.946882 0.642622
vt 0.949202 0.643641
vt 0.911994 0.59799
vt 0.90562 0.603169
vt 0.898644 0.608643
vt 0.891266 0.614398
vt 0.883682 0.620422
vt 0.875977 0.626646
vt 0.868231 0.633002
vt 0.860849 0.639253
vt 0.854234 0.645163
vt 0.847985 0.650887
vt 0.841699 0.656581
vt 0.835472 0.66226
vt 0.829402 0.66794
vt 0.823422 0.673729
vt 0.817469 0.679735
vt 0.811481 0.686006
vt 0.805398 0.692588
vt 0.799036 0.699563
vt 0.792209 0.707015
vt 0.784943 0.714817
vt 0.77726 0.722842
vt 0.769072 0.730895
vt 0.760293 0.73878
vt 0.751424 0.746252
vt 0.742967 0.753067
vt 0.735701 0.759383
vt 0.730405 0.765359
vt 0.726493 0.771267
vt 0.723378 0.777383
vt 0.720491 0.783277
vt 0.717261 0.788516
vt 0.713827 0.79337
vt 0.710325 0.798108
vt 0.706695 0.802807
vt 0.702874 0.80754
vt 0.698949 0.812239
vt 0.695005 0.816832
vt 0.690935 0.821391
vt 0.68663 0.825986
vt 0.682049 0.830624
vt 0.67715 0.835309
vt 0.671812 0.84012
vt 0.665917 0.845133
vt 0.659706 0.850162
vt 0.653422 0.855017
vt 0.64727 0.859945
vt 0.641451 0.865188
vt 0.6357 0.870625
vt 0.629748 0.87613
vt 0.623374 0.882116
vt 0.616357 0.888997
vt 0.619087 0.845883
vt 0.623272 0.840226
vt 0.631866 0.823166
vt 0.626626 0.828621
vt 0.625912 0.822104
vt 0.629456 0.816266
vt 0.636613 0.798013
vt 0.631771 0.803407
vt 0.630354 0.795774
vt 0.633366 0.789683
vt 0.638843 0.771437
vt 0.634612 0.776323
vt 0.633474 0.770103
vt 0.63623 0.765115
vt 0.641144 0.75106
vt 0.637786 0.755505
vt 0.637522 0.751973
vt 0.639911 0.74794
vt 0.647682 0.741776
vt 0.644428 0.746481
vt 0.642732 0.743295
vt 0.645794 0.738305
vt 0.654225 0.732019
vt 0.650948 0.736948
vt 0.648901 0.733237
vt 0.652043 0.728107
vt 0.660726 0.721922
vt 0.657511 0.727012
vt 0.655211 0.72293
vt 0.65834 0.717723
vt 0.666706 0.711473
vt 0.663793 0.716749
vt 0.664283 0.707261
vt 0.661365 0.712503
vt 0.671662 0.700241
vt 0.669459 0.706076
vt 0.669414 0.696962
vt 0.667089 0.701987
vt 0.672922 0.69365
vt 0.670887 0.692464
vt 0.68843 0.68606
vt 0.684105 0.691688
vt 0.67978 0.684807
vt 0.684014 0.67921
vt 0.681646 0.697887
vt 0.67745 0.691022
vt 0.695418 0.661478
vt 0.687967 0.667611
vt 0.687274 0.662058
vt 0.692327 0.655717
vt 0.710261 0.645024
vt 0.702952 0.653673
vt 0.698606 0.647236
vt 0.70535 0.637861
vt 0.72345 0.627966
vt 0.717036 0.636362
vt 0.711797 0.628841
vt 0.718082 0.620385
vt 0.735649 0.612886
vt 0.729674 0.620115
vt 0.730505 0.605844
vt 0.724344 0.612704
vt 0.7469 0.600269
vt 0.741316 0.606354
vt 0.74251 0.594435
vt 0.736492 0.599852
vt 0.758366 0.588786
vt 0.752626 0.594384
vt 0.754717 0.584843
vt 0.748766 0.589298
vt 0.76399 0.583567
vt 0.759818 0.581469
vt 0.794923 0.580743
vt 0.788145 0.586046
vt 0.790901 0.576313
vt 0.783473 0.579905
vt 0.781439 0.591541
vt 0.775928 0.584334
vt 0.801353 0.575727
vt 0.797014 0.573552
vt 0.823427 0.575153
vt 0.818274 0.572215
vt 0.816658 0.580564
vt 0.812043 0.57537
vt 0.848598 0.576137
vt 0.842488 0.572267
vt 0.841242 0.581694
vt 0.835616 0.575379
vt 0.870348 0.575365
vt 0.862669 0.578029
vt 0.855023 0.583137
vt 0.847465 0.589469
vt 0.840049 0.595804
vt 0.83297 0.602025
vt 0.826957 0.593995
vt 0.833961 0.587768
vt 0.826426 0.608015
vt 0.820132 0.613908
vt 0.820434 0.600009
vt 0.814134 0.605944
vt 0.813804 0.619838
vt 0.807576 0.625747
vt 0.807803 0.611934
vt 0.801581 0.617901
vt 0.80158 0.631579
vt 0.795741 0.637469
vt 0.7898 0.629686
vt 0.795606 0.623771
vt 0.789982 0.643556
vt 0.784262 0.649873
vt 0.778421 0.642119
vt 0.784083 0.635792
vt 0.778544 0.656454
vt 0.772617 0.66344
vt 0.766943 0.655682
vt 0.772779 0.648696
vt 0.766271 0.670974
vt 0.759537 0.678936
vt 0.754083 0.671234
vt 0.7607 0.663233
vt 0.752445 0.68721
vt 0.744863 0.695548
vt 0.739683 0.687984
vt 0.747124 0.67957
vt 0.73666 0.703701
vt 0.728215 0.711274
vt 0.723278 0.703834
vt 0.731618 0.696219
vt 0.719907 0.717867
vt 0.712841 0.723928
vt 0.707988 0.7164
vt 0.715009 0.71039
vt 0.70812 0.729905
vt 0.705012 0.736123
vt 0.700451 0.728661
vt 0.703388 0.722378
vt 0.702785 0.74291
vt 0.700693 0.749538
vt 0.698413 0.735591
vt 0.69649 0.742375
vt 0.697991 0.755283
vt 0.694924 0.760518
vt 0.690911 0.753543
vt 0.693899 0.748227
vt 0.691743 0.765619
vt 0.688414 0.770642
vt 0.684534 0.763814
vt 0.687799 0.758722
vt 0.684904 0.775641
vt 0.681296 0.780576
vt 0.67755 0.773859
vt 0.68109 0.768872
vt 0.677671 0.785404
vt 0.673966 0.790157
vt 0.67037 0.783539
vt 0.673996 0.778739
vt 0.670113 0.79487
vt 0.666038 0.799578
vt 0.662653 0.793015
vt 0.666616 0.788284
vt 0.661666 0.804315
vt 0.656884 0.809162
vt 0.653742 0.802646
vt 0.658399 0.797776
vt 0.651579 0.814196
vt 0.645945 0.819295
vt 0.643068 0.812844
vt 0.64857 0.807705
vt 0.640179 0.824335
vt 0.634353 0.829442
vt 0.637423 0.817952
vt 0.628539 0.834742
vt 0.828538 0.580611
vt 0.821575 0.586807
vt 0.815043 0.592808
vt 0.808712 0.598746
vt 0.803764 0.592177
vt 0.810152 0.586275
vt 0.802352 0.604754
vt 0.796109 0.610739
vt 0.791057 0.604128
vt 0.797349 0.598164
vt 0.790127 0.616609
vt 0.784324 0.622513
vt 0.78504 0.609961
vt 0.779212 0.615816
vt 0.778619 0.628599
vt 0.77298 0.634895
vt 0.773488 0.621846
vt 0.767842 0.628074
vt 0.767378 0.641429
vt 0.761596 0.64837
vt 0.762248 0.634524
vt 0.756485 0.641379
vt 0.755416 0.655889
vt 0.748874 0.663876
vt 0.75033 0.648821
vt 0.743824 0.656743
vt 0.742006 0.67222
vt 0.734664 0.680655
vt 0.729727 0.673445
vt 0.737008 0.665042
vt 0.726699 0.688916
vt 0.718427 0.696523
vt 0.721824 0.68168
vt 0.713587 0.689227
vt 0.710164 0.702994
vt 0.703158 0.708909
vt 0.705299 0.695566
vt 0.698279 0.70134
vt 0.698654 0.714843
vt 0.695859 0.721149
vt 0.691173 0.71348
vt 0.693845 0.707192
vt 0.693984 0.728175
vt 0.692205 0.735072
vt 0.689439 0.720565
vt 0.687784 0.727536
vt 0.689704 0.740992
vt 0.686773 0.746351
vt 0.682461 0.738857
vt 0.685353 0.733487
vt 0.683709 0.751571
vt 0.680489 0.756697
vt 0.676234 0.749211
vt 0.679427 0.744084
vt 0.677093 0.761776
vt 0.673603 0.766778
vt 0.669412 0.75926
vt 0.672869 0.754276
vt 0.670101 0.771676
vt 0.666539 0.776487
vt 0.662435 0.768932
vt 0.665946 0.764143
vt 0.662871 0.781228
vt 0.659008 0.785947
vt 0.65507 0.77831
vt 0.658842 0.773636
vt 0.654862 0.790695
vt 0.650322 0.795552
vt 0.646595 0.787821
vt 0.651025 0.783011
vt 0.645276 0.800598
vt 0.639902 0.805741
vt 0.641672 0.792819
vt 0.634374 0.810888
vt 0.80566 0.580275
vt 0.799189 0.586103
vt 0.792692 0.59203
vt 0.786325 0.597933
vt 0.780245 0.603693
vt 0.774364 0.609464
vt 0.775225 0.597133
vt 0.769316 0.602852
vt 0.768593 0.615401
vt 0.762909 0.621525
vt 0.763524 0.608729
vt 0.75783 0.61478
vt 0.757293 0.627855
vt 0.751516 0.634584
vt 0.752217 0.621023
vt 0.746455 0.627662
vt 0.745353 0.641903
vt 0.738849 0.649714
vt 0.740315 0.634901
vt 0.733845 0.642646
vt 0.732049 0.657919
vt 0.724793 0.666238
vt 0.719899 0.659092
vt 0.727095 0.650804
vt 0.716919 0.674397
vt 0.708682 0.681835
vt 0.712089 0.667226
vt 0.703885 0.674604
vt 0.700338 0.687992
vt 0.693278 0.69358
vt 0.695512 0.680624
vt 0.688894 0.699311
vt 0.686328 0.70555
vt 0.684718 0.71266
vt 0.683172 0.719674
vt 0.680166 0.705036
vt 0.678733 0.712108
vt 0.680795 0.725626
vt 0.677926 0.730975
vt 0.673577 0.723415
vt 0.676416 0.718074
vt 0.674906 0.73618
vt 0.671726 0.741276
vt 0.670577 0.72861
vt 0.667413 0.733688
vt 0.668375 0.746297
vt 0.664937 0.751232
vt 0.664083 0.738677
vt 0.660668 0.743576
vt 0.661494 0.756069
vt 0.658021 0.760806
vt 0.657254 0.74838
vt 0.653824 0.753078
vt 0.654494 0.765442
vt 0.650807 0.77004
vt 0.646763 0.762197
vt 0.650364 0.757661
vt 0.646856 0.774664
vt 0.642533 0.779394
vt 0.642908 0.766759
vt 0.637731 0.784312
vt 0.769467 0.589606
vt 0.763608 0.595374
vt 0.757873 0.601292
vt 0.75225 0.607373
vt 0.746725 0.613634
vt 0.741066 0.620294
vt 0.735043 0.627576
vt 0.728708 0.635391
vt 0.722113 0.643651
vt 0.715083 0.652061
vt 0.707439 0.660327
vt 0.699367 0.667796
vt 0.691051 0.673815
vt 0.676125 0.698271
vt 0.674832 0.70546
vt 0.672603 0.711498
vt 0.66982 0.716886
vt 0.666868 0.722125
vt 0.663749 0.72724
vt 0.660465 0.732255
vt 0.657099 0.737173
vt 0.653736 0.742001
vt 0.650368 0.746717
vt 0.646991 0.751305
vt 0.643485 0.755841
vt 0.639733 0.760403
usemtl initialShadingGroup
f 1/1/1 2/2/2 3/3/3
f 2/2/2 4/4/4 3/3/3
f 2/2/2 5/5/5 4/4/4
f 5/5/5 6/6/6 4/4/4
f 4/4/4 6/6/6 7/7/7
f 6/6/6 8/8/8 7/7/7
f 3/3/3 4/4/4 9/9/9
f 4/4/4 7/7/7 9/9/9
f 1/1/1 10/10/10 11/11/11
f 1/1/1 11/11/11 2/2/2
f 10/12/10 12/13/12 13/14/13
f 10/12/10 13/14/13 11/15/11
f 11/15/11 13/14/13 14/16/14
f 11/15/11 14/16/14 15/17/15
f 2/2/2 11/11/11 15/18/15
f 2/2/2 15/18/15 5/5/5
f 1/1/1 16/19/16 10/10/10
f 16/19/16 17/20/17 10/10/10
f 16/19/16 18/21/18 17/20/17
f 18/21/18 19/22/19 17/20/17
f 17/23/17 19/24/19 20/25/20
f 19/24/19 21/26/21 20/25/20
f 10/12/10 17/23/17 12/13/12
f 17/23/17 20/25/20 12/13/12
f 1/1/1 3/3/3 22/27/22
f 1/1/1 22/27/22 16/19/16
f 3/3/3 9/9/9 23/28/23
f 3/3/3 23/28/23 22/27/22
f 22/27/22 23/28/23 24/29/24
f 22/27/22 24/29/24 25/30/25
f 16/19/16 22/27/22 25/30/25
f 16/19/16 25/30/25 18/21/18
f 5/5/5 26/31/26 6/6/6
f 26/31/26 27/32/27 6/6/6
f 26/31/26 28/33/28 27/32/27
f 28/33/28 29/34/29 27/32/27
f 27/32/27 29/34/29 30/35/30
f 27/32/27 30/35/30 31/36/31
f 6/6/6 27/32/27 31/36/31
f 6/6/6 31/36/31 8/8/8
f 5/5/5 15/18/15 32/37/32
f 5/5/5 32/37/32 26/31/26
f 15/17/15 14/16/14 33/38/33
f 15/17/15 33/38/33 32/39/32
f 32/39/32 33/38/33 34/40/34
f 32/39/32 34/40/34 35/41/35
f 26/42/26 32/39/32 35/41/35
f 26/42/26 35/41/35 28/43/28
f 21/26/21 36/44/36 37/45/37
f 21/26/21 37/45/37 20/25/20
f 36/44/36 38/46/38 39/47/39
f 36/44/36 39/47/39 37/45/37
f 37/45/37 39/47/39 40/48/40
f 37/45/37 40/48/40 41/49/41
f 20/25/20 37/45/37 41/49/41
f 20/25/20 41/49/41 12/13/12
f 21/26/21 42/50/42 36/44/36
f 42/50/42 43/51/43 36/44/36
f 42/50/42 44/52/44 43/51/43
f 44/52/44 45/53/45 43/51/43
f 43/51/43 45/53/45 46/54/46
f 43/51/43 46/54/46 47/55/47
f 36/44/36 43/51/43 38/46/38
f 43/51/43 47/55/47 38/46/38
f 21/56/21 19/57/19 48/58/48
f 21/56/21 48/58/48 42/59/42
f 19/24/19 18/60/18 49/61/49
f 19/24/19 49/61/49 48/62/48
f 48/62/48 49/61/49 50/63/50
f 48/62/48 50/63/50 51/64/51
f 42/59/42 48/58/48 51/65/51
f 42/59/42 51/65/51 44/66/44
f 12/13/12 41/49/41 52/67/52
f 12/13/12 52/67/52 13/14/13
f 41/49/41 40/48/40 53/68/53
f 41/49/41 53/68/53 52/67/52
f 52/67/52 53/68/53 54/69/54
f 52/67/52 54/69/54 55/70/55
f 13/14/13 52/67/52 55/70/55
f 13/14/13 55/70/55 14/16/14
f 14/16/14 55/70/55 56/71/56
f 14/16/14 56/71/56 33/38/33
f 55/70/55 54/69/54 57/72/57
f 55/70/55 57/72/57 56/71/56
f 56/71/56 57/72/57 58/73/58
f 56/71/56 58/73/58 59/74/59
f 33/38/33 56/71/56 59/74/59
f 33/38/33 59/74/59 34/40/34
f 34/40/34 59/74/59 60/75/60
f 34/40/34 60/75/60 61/76/61
f 59/74/59 58/73/58 60/75/60
f 58/73/58 62/77/62 60/75/60
f 60/75/60 62/77/62 63/78/63
f 62/77/62 64/79/64 63/78/63
f 61/80/61 60/81/60 65/82/65
f 60/81/60 63/83/63 65/82/65
f 34/40/34 61/76/61 35/41/35
f 61/76/61 66/84/66 35/41/35
f 61/80/61 65/82/65 66/85/66
f 65/82/65 67/86/67 66/85/66
f 66/85/66 67/86/67 68/87/68
f 67/86/67 69/88/69 68/87/68
f 35/41/35 66/84/66 28/43/28
f 66/84/66 68/89/68 28/43/28
f 65/82/65 70/90/70 67/86/67
f 70/90/70 71/91/71 67/86/67
f 70/90/70 72/92/72 71/91/71
f 72/92/72 73/93/73 71/91/71
f 71/91/71 73/93/73 74/94/74
f 71/91/71 74/94/74 75/95/75
f 67/86/67 71/91/71 75/95/75
f 67/86/67 75/95/75 69/88/69
f 65/82/65 63/83/63 70/90/70
f 63/83/63 76/96/76 70/90/70
f 63/83/63 64/97/64 76/96/76
f 64/97/64 77/98/77 76/96/76
f 76/96/76 77/98/77 78/99/78
f 77/98/77 79/100/79 78/99/78
f 70/90/70 76/96/76 72/92/72
f 76/96/76 78/99/78 72/92/72
f 80/101/80 81/102/81 82/103/82
f 81/102/81 83/104/83 82/103/82
f 81/102/81 84/105/84 83/104/83
f 84/105/84 85/106/85 83/104/83
f 83/104/83 85/106/85 86/107/86
f 85/106/85 87/108/87 86/107/86
f 82/109/82 83/110/83 88/111/88
f 83/110/83 86/112/86 88/111/88
f 80/101/80 89/113/89 90/114/90
f 80/101/80 90/114/90 81/102/81
f 89/113/89 91/115/91 92/116/92
f 89/113/89 92/116/92 90/114/90
f 90/114/90 92/116/92 93/117/93
f 90/114/90 93/117/93 94/118/94
f 81/102/81 90/114/90 94/118/94
f 81/102/81 94/118/94 84/105/84
f 80/101/80 95/119/95 89/113/89
f 95/119/95 96/120/96 89/113/89
f 95/119/95 46/54/46 96/120/96
f 46/54/46 45/53/45 96/120/96
f 96/120/96 45/53/45 97/121/97
f 45/53/45 44/52/44 97/121/97
f 89/113/89 96/120/96 91/115/91
f 96/120/96 97/121/97 91/115/91
f 80/101/80 82/103/82 98/122/98
f 80/101/80 98/122/98 95/119/95
f 82/103/82 88/123/88 99/124/99
f 82/103/82 99/124/99 98/122/98
f 98/122/98 99/124/99 100/125/100
f 99/124/99 101/126/101 100/125/100
f 95/119/95 98/122/98 46/54/46
f 98/122/98 100/125/100 46/54/46
f 102/127/102 103/128/103 104/129/104
f 103/128/103 105/130/105 104/129/104
f 103/128/103 106/131/106 105/130/105
f 106/131/106 107/132/107 105/130/105
f 105/130/105 107/132/107 108/133/108
f 107/132/107 109/134/109 108/133/108
f 104/129/104 105/130/105 108/133/108
f 104/129/104 108/133/108 110/135/110
f 102/127/102 111/136/111 112/137/112
f 102/127/102 112/137/112 103/128/103
f 111/136/111 113/138/113 114/139/114
f 111/136/111 114/139/114 112/137/112
f 112/137/112 114/139/114 115/140/115
f 112/137/112 115/140/115 116/141/116
f 103/128/103 112/137/112 116/141/116
f 103/128/103 116/141/116 106/131/106
f 102/127/102 117/142/117 111/136/111
f 117/142/117 118/143/118 111/136/111
f 117/142/117 119/144/119 118/143/118
f 119/144/119 120/145/120 118/143/118
f 118/143/118 120/145/120 121/146/121
f 120/145/120 122/147/122 121/146/121
f 111/136/111 118/143/118 113/138/113
f 118/143/118 121/146/121 113/138/113
f 102/127/102 104/129/104 117/142/117
f 104/129/104 123/148/123 117/142/117
f 104/129/104 110/135/110 123/148/123
f 110/135/110 124/149/124 123/148/123
f 123/148/123 124/149/124 125/150/125
f 124/149/124 126/151/126 125/150/125
f 117/142/117 123/148/123 119/144/119
f 123/148/123 125/150/125 119/144/119
f 115/152/115 127/153/127 128/154/128
f 115/152/115 128/154/128 129/155/129
f 127/156/127 130/157/130 131/158/131
f 127/156/127 131/158/131 128/159/128
f 128/154/128 131/160/131 132/161/132
f 128/154/128 132/161/132 133/162/133
f 129/155/129 128/154/128 133/162/133
f 129/155/129 133/162/133 134/163/134
f 115/152/115 114/164/114 127/153/127
f 114/164/114 135/165/135 127/153/127
f 114/139/114 113/138/113 135/166/135
f 113/138/113 136/167/136 135/166/135
f 135/166/135 136/167/136 137/168/137
f 136/167/136 138/169/138 137/168/137
f 127/156/127 135/166/135 130/157/130
f 135/166/135 137/168/137 130/157/130
f 115/152/115 129/155/129 116/170/116
f 129/155/129 139/171/139 116/170/116
f 129/155/129 134/163/134 139/171/139
f 134/163/134 140/172/140 139/171/139
f 139/171/139 140/172/140 141/173/141
f 140/172/140 142/174/142 141/173/141
f 116/141/116 139/175/139 106/131/106
f 139/175/139 141/176/141 106/131/106
f 106/131/106 141/176/141 107/132/107
f 141/176/141 143/177/143 107/132/107
f 141/176/141 142/178/142 143/177/143
f 142/178/142 144/179/144 143/177/143
f 143/177/143 144/179/144 145/180/145
f 144/179/144 146/181/146 145/180/145
f 107/132/107 143/177/143 109/134/109
f 143/177/143 145/180/145 109/134/109
f 134/163/134 147/182/147 140/172/140
f 147/182/147 148/183/148 140/172/140
f 147/182/147 149/184/149 148/183/148
f 149/184/149 150/185/150 148/183/148
f 148/183/148 150/185/150 151/186/151
f 150/185/150 152/187/152 151/186/151
f 140/172/140 148/183/148 142/174/142
f 148/183/148 151/186/151 142/174/142
f 134/163/134 133/162/133 153/188/153
f 134/163/134 153/188/153 147/182/147
f 133/162/133 132/161/132 154/189/154
f 133/162/133 154/189/154 153/188/153
f 153/188/153 154/189/154 155/190/155
f 153/188/153 155/190/155 156/191/156
f 147/182/147 153/188/153 156/191/156
f 147/182/147 156/191/156 149/184/149
f 142/178/142 151/192/151 144/179/144
f 151/192/151 157/193/157 144/179/144
f 151/192/151 152/194/152 157/193/157
f 152/194/152 158/195/158 157/193/157
f 157/193/157 158/195/158 159/196/159
f 158/195/158 160/197/160 159/196/159
f 144/179/144 157/193/157 146/181/146
f 157/193/157 159/196/159 146/181/146
f 146/181/146 159/196/159 161/198/161
f 159/196/159 162/199/162 161/198/161
f 159/196/159 160/197/160 162/199/162
f 160/197/160 163/200/163 162/199/162
f 162/199/162 163/200/163 164/201/164
f 163/200/163 165/202/165 164/201/164
f 161/198/161 162/199/162 164/201/164
f 161/198/161 164/201/164 166/203/166
f 146/181/146 161/198/161 167/204/167
f 146/181/146 167/204/167 145/180/145
f 161/198/161 166/203/166 167/204/167
f 166/203/166 168/205/168 167/204/167
f 167/204/167 168/205/168 169/206/169
f 168/205/168 170/207/170 169/206/169
f 145/180/145 167/204/167 169/206/169
f 145/180/145 169/206/169 109/134/109
f 152/187/152 171/208/171 158/209/158
f 171/208/171 172/210/172 158/209/158
f 171/208/171 173/211/173 172/210/172
f 173/211/173 174/212/174 172/210/172
f 172/210/172 174/212/174 175/213/175
f 174/212/174 176/214/176 175/213/175
f 158/195/158 172/215/172 160/197/160
f 172/215/172 175/216/175 160/197/160
f 152/187/152 150/185/150 177/217/177
f 152/187/152 177/217/177 171/208/171
f 150/185/150 149/184/149 178/218/178
f 150/185/150 178/218/178 177/217/177
f 177/217/177 178/218/178 179/219/179
f 177/217/177 179/219/179 180/220/180
f 171/208/171 177/217/177 180/220/180
f 171/208/171 180/220/180 173/211/173
f 160/197/160 175/216/175 163/200/163
f 175/216/175 181/221/181 163/200/163
f 175/216/175 176/222/176 181/221/181
f 176/222/176 182/223/182 181/221/181
f 181/221/181 182/223/182 183/224/183
f 182/223/182 184/225/184 183/224/183
f 163/200/163 181/221/181 165/202/165
f 181/221/181 183/224/183 165/202/165
f 184/226/184 185/227/185 186/228/186
f 185/227/185 187/229/187 186/228/186
f 185/227/185 188/230/188 187/229/187
f 188/230/188 189/231/189 187/229/187
f 187/229/187 189/231/189 190/232/190
f 189/231/189 191/233/191 190/232/190
f 186/228/186 187/229/187 192/234/192
f 187/229/187 190/232/190 192/234/192
f 184/226/184 182/235/182 193/236/193
f 184/226/184 193/236/193 185/227/185
f 182/235/182 176/214/176 194/237/194
f 182/235/182 194/237/194 193/236/193
f 193/236/193 194/237/194 195/238/195
f 193/236/193 195/238/195 196/239/196
f 185/227/185 193/236/193 196/239/196
f 185/227/185 196/239/196 188/230/188
f 184/225/184 186/240/186 197/241/197
f 184/225/184 197/241/197 183/224/183
f 186/228/186 192/234/192 198/242/198
f 186/228/186 198/242/198 197/243/197
f 197/243/197 198/242/198 199/244/199
f 197/243/197 199/244/199 200/245/200
f 183/224/183 197/241/197 200/246/200
f 183/224/183 200/246/200 165/202/165
f 201/247/201 202/248/202 203/249/203
f 202/248/202 204/250/204 203/249/203
f 202/248/202 205/251/205 204/250/204
f 205/251/205 206/252/206 204/250/204
f 204/250/204 206/252/206 207/253/207
f 206/252/206 208/254/208 207/253/207
f 203/249/203 204/250/204 209/255/209
f 204/250/204 207/253/207 209/255/209
f 201/247/201 210/256/210 211/257/211
f 201/247/201 211/257/211 202/248/202
f 210/256/210 212/258/212 211/257/211
f 212/258/212 213/259/213 211/257/211
f 211/257/211 213/259/213 214/260/214
f 211/257/211 214/260/214 215/261/215
f 202/248/202 211/257/211 215/261/215
f 202/248/202 215/261/215 205/251/205
f 201/247/201 216/262/216 217/263/217
f 201/247/201 217/263/217 210/256/210
f 216/262/216 218/264/218 219/265/219
f 216/262/216 219/265/219 217/263/217
f 217/263/217 219/265/219 220/266/220
f 217/263/217 220/266/220 221/267/221
f 210/256/210 217/263/217 221/267/221
f 210/256/210 221/267/221 212/258/212
f 201/247/201 203/249/203 216/262/216
f 203/249/203 222/268/222 216/262/216
f 203/249/203 209/255/209 222/268/222
f 209/255/209 223/269/223 222/268/222
f 222/268/222 223/269/223 224/270/224
f 223/269/223 225/271/225 224/270/224
f 216/262/216 222/268/222 218/264/218
f 222/268/222 224/270/224 218/264/218
f 226/272/226 227/273/227 228/274/228
f 226/272/226 228/274/228 229/275/229
f 227/273/227 230/276/230 231/277/231
f 227/273/227 231/277/231 228/274/228
f 228/274/228 231/277/231 232/278/232
f 228/274/228 232/278/232 233/279/233
f 229/275/229 228/274/228 233/279/233
f 229/275/229 233/279/233 234/280/234
f 226/272/226 235/281/235 227/273/227
f 235/281/235 236/282/236 227/273/227
f 235/281/235 237/283/237 236/282/236
f 237/283/237 238/284/238 236/282/236
f 236/285/236 238/286/238 239/287/239
f 238/286/238 240/288/240 239/287/239
f 227/273/227 236/282/236 230/276/230
f 236/282/236 239/289/239 230/276/230
f 226/272/226 241/290/241 235/281/235
f 241/290/241 242/291/242 235/281/235
f 241/290/241 243/292/243 242/291/242
f 243/292/243 244/293/244 242/291/242
f 242/291/242 244/293/244 245/294/245
f 244/293/244 246/295/246 245/294/245
f 235/281/235 242/291/242 237/283/237
f 242/291/242 245/294/245 237/283/237
f 226/272/226 229/275/229 241/290/241
f 229/275/229 247/296/247 241/290/241
f 229/275/229 234/280/234 247/296/247
f 234/280/234 248/297/248 247/296/247
f 247/296/247 248/297/248 249/298/249
f 248/297/248 250/299/250 249/298/249
f 241/290/241 247/296/247 243/292/243
f 247/296/247 249/298/249 243/292/243
f 234/280/234 251/300/251 252/301/252
f 234/280/234 252/301/252 248/297/248
f 251/300/251 253/302/253 254/303/254
f 251/300/251 254/303/254 252/301/252
f 252/301/252 254/303/254 255/304/255
f 252/301/252 255/304/255 256/305/256
f 248/297/248 252/301/252 250/299/250
f 252/301/252 256/305/256 250/299/250
f 234/280/234 233/279/233 251/300/251
f 233/279/233 257/306/257 251/300/251
f 233/279/233 232/278/232 257/306/257
f 232/278/232 258/307/258 257/306/257
f 257/306/257 258/307/258 259/308/259
f 258/307/258 260/309/260 259/308/259
f 251/300/251 257/306/257 253/302/253
f 257/306/257 259/308/259 253/302/253
f 255/304/255 261/310/261 262/311/262
f 255/304/255 262/311/262 263/312/263
f 261/310/261 264/313/264 262/311/262
f 264/313/264 265/314/265 262/311/262
f 262/311/262 265/314/265 266/315/266
f 262/311/262 266/315/266 267/316/267
f 263/312/263 262/311/262 267/316/267
f 263/312/263 267/316/267 268/317/268
f 255/304/255 254/303/254 261/310/261
f 254/303/254 269/318/269 261/310/261
f 254/303/254 253/302/253 269/318/269
f 253/302/253 270/319/270 269/318/269
f 269/318/269 270/319/270 271/320/271
f 270/319/270 272/321/272 271/320/271
f 261/310/261 269/318/269 264/313/264
f 269/318/269 271/320/271 264/313/264
f 255/304/255 263/312/263 256/305/256
f 263/312/263 273/322/273 256/305/256
f 263/312/263 268/317/268 273/322/273
f 268/317/268 274/323/274 273/322/273
f 273/322/273 274/323/274 275/324/275
f 273/322/273 275/324/275 276/325/276
f 256/305/256 273/322/273 250/299/250
f 273/322/273 276/325/276 250/299/250
f 240/326/240 277/327/277 278/328/278
f 277/327/277 279/329/279 278/328/278
f 277/327/277 280/330/280 281/331/281
f 277/327/277 281/331/281 279/329/279
f 279/329/279 281/331/281 282/332/282
f 281/331/281 283/333/283 282/332/282
f 278/328/278 279/329/279 284/334/284
f 279/329/279 282/332/282 284/334/284
f 240/288/240 238/286/238 277/335/277
f 238/286/238 285/336/285 277/335/277
f 238/286/238 237/337/237 285/336/285
f 237/337/237 286/338/286 285/336/285
f 285/336/285 286/338/286 287/339/287
f 286/338/286 288/340/288 287/339/287
f 277/335/277 285/336/285 280/341/280
f 285/336/285 287/339/287 280/341/280
f 240/326/240 278/328/278 289/342/289
f 240/326/240 289/342/289 239/343/239
f 278/328/278 284/334/284 290/344/290
f 278/328/278 290/344/290 289/342/289
f 289/342/289 290/344/290 291/345/291
f 290/344/290 292/346/292 291/345/291
f 239/343/239 289/342/289 291/345/291
f 239/343/239 291/345/291 230/347/230
f 230/276/230 291/348/291 231/277/231
f 291/348/291 293/349/293 231/277/231
f 291/348/291 292/350/292 293/349/293
f 292/350/292 294/351/294 293/349/293
f 293/349/293 294/351/294 258/307/258
f 294/351/294 260/309/260 258/307/258
f 231/277/231 293/349/293 232/278/232
f 293/349/293 258/307/258 232/278/232
f 284/334/284 282/332/282 295/352/295
f 282/332/282 296/353/296 295/352/295
f 282/332/282 283/333/283 296/353/296
f 283/333/283 297/354/297 296/353/296
f 296/353/296 297/354/297 298/355/298
f 297/354/297 299/356/299 298/355/298
f 295/352/295 296/353/296 300/357/300
f 296/353/296 298/355/298 300/357/300
f 284/334/284 295/352/295 301/358/301
f 284/334/284 301/358/301 290/344/290
f 295/352/295 300/357/300 302/359/302
f 295/352/295 302/359/302 301/358/301
f 301/358/301 302/359/302 303/360/303
f 302/359/302 304/361/304 303/360/303
f 290/344/290 301/358/301 292/346/292
f 301/358/301 303/360/303 292/346/292
f 305/362/305 306/363/306 307/364/307
f 305/362/305 307/364/307 308/365/308
f 306/363/306 309/366/309 310/367/310
f 306/363/306 310/367/310 307/364/307
f 307/364/307 310/367/310 311/368/311
f 307/364/307 311/368/311 312/369/312
f 308/365/308 307/364/307 312/369/312
f 308/365/308 312/369/312 313/370/313
f 305/362/305 314/371/314 306/363/306
f 314/371/314 315/372/315 306/363/306
f 314/371/314 316/373/316 315/372/315
f 316/373/316 317/374/317 315/372/315
f 315/372/315 317/374/317 318/375/318
f 317/374/317 319/376/319 318/375/318
f 306/363/306 315/372/315 309/366/309
f 315/372/315 318/375/318 309/366/309
f 305/362/305 320/377/320 314/371/314
f 320/377/320 321/378/321 314/371/314
f 320/377/320 322/379/322 321/378/321
f 322/379/322 323/380/323 321/378/321
f 321/378/321 323/380/323 324/381/324
f 323/380/323 325/382/325 324/381/324
f 314/371/314 321/378/321 316/373/316
f 321/378/321 324/381/324 316/373/316
f 305/362/305 308/365/308 320/377/320
f 308/365/308 326/383/326 320/377/320
f 308/365/308 313/370/313 326/383/326
f 313/370/313 327/384/327 326/383/326
f 326/383/326 327/384/327 328/385/328
f 327/384/327 329/386/329 328/385/328
f 320/377/320 326/383/326 322/379/322
f 326/383/326 328/385/328 322/379/322
f 319/376/319 330/387/330 331/388/331
f 319/376/319 331/388/331 318/375/318
f 330/387/330 332/389/332 333/390/333
f 330/387/330 333/390/333 331/388/331
f 331/388/331 333/390/333 334/391/334
f 331/388/331 334/391/334 335/392/335
f 318/375/318 331/388/331 335/392/335
f 318/375/318 335/392/335 309/366/309
f 319/376/319 336/393/336 330/387/330
f 336/393/336 337/394/337 330/387/330
f 336/393/336 338/395/338 339/396/339
f 336/393/336 339/396/339 337/394/337
f 337/394/337 339/396/339 340/397/340
f 339/396/339 341/398/341 340/397/340
f 330/387/330 337/394/337 332/389/332
f 337/394/337 340/397/340 332/389/332
f 319/376/319 317/374/317 342/399/342
f 319/376/319 342/399/342 336/393/336
f 317/374/317 316/373/316 342/399/342
f 316/373/316 343/400/343 342/399/342
f 342/399/342 343/400/343 344/401/344
f 343/400/343 345/402/345 344/401/344
f 336/393/336 342/399/342 338/395/338
f 342/399/342 344/401/344 338/395/338
f 309/366/309 335/392/335 346/403/346
f 309/366/309 346/403/346 310/367/310
f 335/392/335 334/391/334 346/403/346
f 334/391/334 347/404/347 346/403/346
f 346/403/346 347/404/347 348/405/348
f 347/404/347 349/406/349 348/405/348
f 310/367/310 346/403/346 311/368/311
f 346/403/346 348/405/348 311/368/311
f 341/398/341 350/407/350 351/408/351
f 350/407/350 352/409/352 351/408/351
f 350/407/350 353/410/353 352/409/352
f 353/410/353 354/411/354 352/409/352
f 352/409/352 354/411/354 355/412/355
f 354/411/354 356/413/356 355/412/355
f 351/408/351 352/409/352 357/414/357
f 352/409/352 355/412/355 357/414/357
f 341/398/341 339/396/339 358/415/358
f 341/398/341 358/415/358 350/407/350
f 339/396/339 338/395/338 359/416/359
f 339/396/339 359/416/359 358/415/358
f 358/415/358 359/416/359 360/417/360
f 358/415/358 360/417/360 361/418/361
f 350/407/350 358/415/358 361/418/361
f 350/407/350 361/418/361 353/410/353
f 341/398/341 351/408/351 362/419/362
f 341/398/341 362/419/362 340/397/340
f 351/408/351 357/414/357 363/420/363
f 351/408/351 363/420/363 362/419/362
f 362/419/362 363/420/363 364/421/364
f 362/419/362 364/421/364 365/422/365
f 340/397/340 362/419/362 365/422/365
f 340/397/340 365/422/365 332/389/332
f 357/414/357 355/412/355 366/423/366
f 355/412/355 367/424/367 366/423/366
f 355/412/355 356/413/356 367/424/367
f 356/413/356 368/425/368 367/424/367
f 367/424/367 368/425/368 369/426/369
f 368/425/368 370/427/370 369/426/369
f 366/423/366 367/424/367 371/428/371
f 367/424/367 369/426/369 371/428/371
f 357/414/357 366/423/366 372/429/372
f 357/414/357 372/429/372 363/420/363
f 366/423/366 371/428/371 373/430/373
f 366/423/366 373/430/373 372/429/372
f 372/429/372 373/430/373 374/431/374
f 372/429/372 374/431/374 375/432/375
f 363/420/363 372/429/372 375/432/375
f 363/420/363 375/432/375 364/421/364
f 364/421/364 375/432/375 376/433/376
f 364/421/364 376/433/376 377/434/377
f 375/432/375 374/431/374 376/433/376
f 374/431/374 378/435/378 376/433/376
f 376/433/376 378/435/378 379/436/379
f 378/435/378 380/437/380 379/436/379
f 377/434/377 376/433/376 381/438/381
f 376/433/376 379/436/379 381/438/381
f 364/421/364 377/434/377 365/422/365
f 377/434/377 382/439/382 365/422/365
f 377/434/377 381/438/381 382/439/382
f 381/438/381 383/440/383 382/439/382
f 382/439/382 383/440/383 333/390/333
f 383/440/383 334/391/334 333/390/333
f 365/422/365 382/439/382 332/389/332
f 382/439/382 333/390/333 332/389/332
f 381/438/381 384/441/384 385/442/385
f 381/438/381 385/442/385 383/440/383
f 384/441/384 386/443/386 387/444/387
f 384/441/384 387/444/387 385/442/385
f 385/442/385 387/444/387 349/406/349
f 385/442/385 349/406/349 347/404/347
f 383/440/383 385/442/385 347/404/347
f 383/440/383 347/404/347 334/391/334
f 381/438/381 379/436/379 384/441/384
f 379/436/379 388/445/388 384/441/384
f 379/436/379 380/437/380 388/445/388
f 380/437/380 389/446/389 388/445/388
f 388/445/388 389/446/389 390/447/390
f 389/446/389 391/448/391 390/447/390
f 384/441/384 388/445/388 386/443/386
f 388/445/388 390/447/390 386/443/386
f 371/428/371 369/426/369 392/449/392
f 369/426/369 393/450/393 392/449/392
f 369/426/369 370/427/370 393/450/393
f 370/427/370 394/451/394 393/450/393
f 393/450/393 394/451/394 395/452/395
f 394/451/394 396/453/396 395/452/395
f 392/449/392 393/450/393 397/454/397
f 393/450/393 395/452/395 397/454/397
f 371/428/371 392/449/392 398/455/398
f 371/428/371 398/455/398 373/430/373
f 392/449/392 397/454/397 399/456/399
f 392/449/392 399/456/399 398/455/398
f 398/455/398 399/456/399 400/457/400
f 398/455/398 400/457/400 401/458/401
f 373/430/373 398/455/398 401/458/401
f 373/430/373 401/458/401 374/431/374
f 374/431/374 401/458/401 378/435/378
f 401/458/401 402/459/402 378/435/378
f 401/458/401 400/457/400 402/459/402
f 400/457/400 403/460/403 402/459/402
f 402/459/402 403/460/403 404/461/404
f 403/460/403 405/462/405 404/461/404
f 378/435/378 402/459/402 380/437/380
f 402/459/402 404/461/404 380/437/380
f 380/437/380 404/461/404 389/446/389
f 404/461/404 406/463/406 389/446/389
f 404/461/404 405/462/405 406/463/406
f 405/462/405 407/464/407 406/463/406
f 406/463/406 407/464/407 408/465/408
f 407/464/407 409/466/409 408/465/408
f 389/446/389 406/463/406 391/448/391
f 406/463/406 408/465/408 391/448/391
f 391/448/391 408/465/408 410/467/410
f 408/465/408 411/468/411 410/467/410
f 408/465/408 409/466/409 411/468/411
f 409/466/409 412/469/412 411/468/411
f 411/468/411 412/469/412 298/355/298
f 412/469/412 300/357/300 298/355/298
f 410/467/410 411/468/411 299/356/299
f 411/468/411 298/355/298 299/356/299
f 391/448/391 410/467/410 413/470/413
f 391/448/391 413/470/413 390/447/390
f 410/467/410 299/356/299 414/471/414
f 410/467/410 414/471/414 413/470/413
f 413/470/413 414/471/414 415/472/415
f 413/470/413 415/472/415 416/473/416
f 390/447/390 413/470/413 416/473/416
f 390/447/390 416/473/416 386/443/386
f 397/454/397 395/452/395 417/474/417
f 395/452/395 418/475/418 417/474/417
f 395/452/395 396/453/396 418/475/418
f 396/453/396 419/476/419 418/475/418
f 418/475/418 419/476/419 420/477/420
f 419/476/419 421/478/421 420/477/420
f 417/474/417 418/475/418 422/479/422
f 418/475/418 420/477/420 422/479/422
f 397/454/397 417/474/417 423/480/423
f 397/454/397 423/480/423 399/456/399
f 417/474/417 422/479/422 424/481/424
f 417/474/417 424/481/424 423/480/423
f 423/480/423 424/481/424 425/482/425
f 424/481/424 426/483/426 425/482/425
f 399/456/399 423/480/423 425/482/425
f 399/456/399 425/482/425 400/457/400
f 400/457/400 425/482/425 403/460/403
f 425/482/425 427/484/427 403/460/403
f 425/482/425 426/483/426 427/484/427
f 426/483/426 428/485/428 427/484/427
f 427/484/427 428/485/428 429/486/429
f 428/485/428 430/487/430 429/486/429
f 403/460/403 427/484/427 405/462/405
f 427/484/427 429/486/429 405/462/405
f 405/462/405 429/486/429 407/464/407
f 429/486/429 431/488/431 407/464/407
f 429/486/429 430/487/430 431/488/431
f 430/487/430 432/489/432 431/488/431
f 431/488/431 432/489/432 433/490/433
f 432/489/432 434/491/434 433/490/433
f 407/464/407 431/488/431 409/466/409
f 431/488/431 433/490/433 409/466/409
f 409/466/409 433/490/433 412/469/412
f 433/490/433 435/492/435 412/469/412
f 433/490/433 434/491/434 435/492/435
f 434/491/434 436/493/436 435/492/435
f 435/492/435 436/493/436 304/361/304
f 435/492/435 304/361/304 302/359/302
f 412/469/412 435/492/435 300/357/300
f 435/492/435 302/359/302 300/357/300
f 422/479/422 420/477/420 437/494/437
f 420/477/420 438/495/438 437/494/437
f 420/477/420 421/478/421 439/496/439
f 420/477/420 439/496/439 438/495/438
f 438/495/438 439/496/439 440/497/440
f 439/496/439 441/498/441 440/497/440
f 437/494/437 438/495/438 442/499/442
f 438/495/438 440/497/440 442/499/442
f 422/479/422 437/494/437 424/481/424
f 437/494/437 443/500/443 424/481/424
f 437/494/437 442/499/442 443/500/443
f 442/499/442 444/501/444 443/500/443
f 443/500/443 444/501/444 445/502/445
f 444/501/444 446/503/446 445/502/445
f 424/481/424 443/500/443 426/483/426
f 443/500/443 445/502/445 426/483/426
f 426/483/426 445/502/445 428/485/428
f 445/502/445 447/504/447 428/485/428
f 445/502/445 446/503/446 447/504/447
f 446/503/446 448/505/448 447/504/447
f 447/504/447 448/505/448 449/506/449
f 448/505/448 450/507/450 449/506/449
f 428/485/428 447/504/447 430/487/430
f 447/504/447 449/506/449 430/487/430
f 430/487/430 449/506/449 432/489/432
f 449/506/449 451/508/451 432/489/432
f 449/506/449 450/507/450 451/508/451
f 450/507/450 452/509/452 451/508/451
f 451/508/451 452/509/452 453/510/453
f 452/509/452 454/511/454 453/510/453
f 432/489/432 451/508/451 434/491/434
f 451/508/451 453/510/453 434/491/434
f 442/499/442 440/497/440 455/512/455
f 440/497/440 456/513/456 455/512/455
f 440/497/440 441/498/441 456/513/456
f 441/498/441 457/514/457 456/513/456
f 456/513/456 457/514/457 458/515/458
f 456/513/456 458/515/458 459/516/459
f 455/512/455 456/513/456 460/517/460
f 456/513/456 459/516/459 460/517/460
f 442/499/442 455/512/455 444/501/444
f 455/512/455 461/518/461 444/501/444
f 455/512/455 460/517/460 461/518/461
f 460/517/460 462/519/462 461/518/461
f 461/518/461 462/519/462 463/520/463
f 462/519/462 464/521/464 463/520/463
f 444/501/444 461/518/461 446/503/446
f 461/518/461 463/520/463 446/503/446
f 446/503/446 463/520/463 448/505/448
f 463/520/463 465/522/465 448/505/448
f 463/520/463 464/521/464 465/522/465
f 464/521/464 466/523/466 465/522/465
f 465/524/465 466/525/466 467/526/467
f 466/525/466 468/527/468 467/526/467
f 448/505/448 465/522/465 450/507/450
f 465/522/465 467/528/467 450/507/450
f 469/529/469 470/530/470 471/531/471
f 470/530/470 472/532/472 471/531/471
f 470/530/470 473/533/473 472/532/472
f 473/533/473 474/534/474 472/532/472
f 472/532/472 474/534/474 475/535/475
f 474/534/474 476/536/476 475/535/475
f 471/531/471 472/532/472 477/537/477
f 472/532/472 475/535/475 477/537/477
f 469/529/469 478/538/478 479/539/479
f 469/529/469 479/539/479 470/530/470
f 478/538/478 480/540/480 481/541/481
f 478/538/478 481/541/481 479/539/479
f 479/539/479 481/541/481 482/542/482
f 479/539/479 482/542/482 483/543/483
f 470/530/470 479/539/479 483/543/483
f 470/530/470 483/543/483 473/533/473
f 469/529/469 484/544/484 478/538/478
f 484/544/484 485/545/485 478/538/478
f 484/544/484 486/546/486 487/547/487
f 484/544/484 487/547/487 485/545/485
f 485/545/485 487/547/487 488/548/488
f 487/547/487 489/549/489 488/548/488
f 478/538/478 485/545/485 480/540/480
f 485/545/485 488/548/488 480/540/480
f 469/529/469 471/531/471 484/544/484
f 471/531/471 490/550/490 484/544/484
f 471/531/471 477/537/477 490/550/490
f 477/537/477 491/551/491 490/550/490
f 490/550/490 491/551/491 492/552/492
f 491/551/491 493/553/493 492/552/492
f 484/544/484 490/550/490 486/546/486
f 490/550/490 492/552/492 486/546/486
f 494/554/494 495/555/495 496/556/496
f 495/555/495 497/557/497 496/556/496
f 495/555/495 498/558/498 497/557/497
f 498/558/498 499/559/499 497/557/497
f 497/557/497 499/559/499 500/560/500
f 499/559/499 501/561/501 500/560/500
f 496/556/496 497/557/497 502/562/502
f 497/557/497 500/560/500 502/562/502
f 494/554/494 503/563/503 504/564/504
f 494/554/494 504/564/504 495/555/495
f 503/563/503 505/565/505 504/564/504
f 505/565/505 506/566/506 504/564/504
f 504/564/504 506/566/506 507/567/507
f 506/566/506 508/568/508 507/567/507
f 495/555/495 504/564/504 498/558/498
f 504/564/504 507/567/507 498/558/498
f 494/554/494 509/569/509 503/563/503
f 509/569/509 510/570/510 503/563/503
f 509/569/509 511/571/511 510/570/510
f 511/571/511 512/572/512 510/570/510
f 510/570/510 512/572/512 513/573/513
f 512/572/512 514/574/514 513/573/513
f 503/563/503 510/570/510 505/565/505
f 510/570/510 513/573/513 505/565/505
f 494/554/494 496/556/496 515/575/515
f 494/554/494 515/575/515 509/569/509
f 496/556/496 502/562/502 516/576/516
f 496/556/496 516/576/516 515/575/515
f 515/575/515 516/576/516 517/577/517
f 515/575/515 517/577/517 518/578/518
f 509/569/509 515/575/515 518/578/518
f 509/569/509 518/578/518 511/571/511
f 502/562/502 500/560/500 519/579/519
f 500/560/500 520/580/520 519/579/519
f 500/560/500 501/561/501 520/580/520
f 501/561/501 521/581/521 520/580/520
f 520/580/520 521/581/521 522/582/522
f 521/581/521 523/583/523 522/582/522
f 519/579/519 520/580/520 524/584/524
f 520/580/520 522/582/522 524/584/524
f 502/562/502 519/579/519 525/585/525
f 502/562/502 525/585/525 516/576/516
f 519/579/519 524/584/524 526/586/526
f 519/579/519 526/586/526 525/585/525
f 525/585/525 526/586/526 527/587/527
f 525/585/525 527/587/527 528/588/528
f 516/576/516 525/585/525 528/588/528
f 516/576/516 528/588/528 517/577/517
f 517/577/517 529/589/529 518/578/518
f 529/589/529 530/590/530 518/578/518
f 529/589/529 531/591/531 532/592/532
f 529/589/529 532/592/532 530/590/530
f 530/590/530 532/592/532 533/593/533
f 532/592/532 534/594/534 533/593/533
f 518/578/518 530/590/530 511/571/511
f 530/590/530 533/593/533 511/571/511
f 517/577/517 528/588/528 535/595/535
f 517/577/517 535/595/535 529/589/529
f 528/588/528 527/587/527 536/596/536
f 528/588/528 536/596/536 535/595/535
f 535/595/535 536/596/536 537/597/537
f 535/595/535 537/597/537 538/598/538
f 529/589/529 535/595/535 531/591/531
f 535/595/535 538/598/538 531/591/531
f 524/584/524 539/599/539 540/600/540
f 524/584/524 540/600/540 526/586/526
f 539/599/539 541/601/541 540/600/540
f 541/601/541 542/602/542 540/600/540
f 540/600/540 542/602/542 543/603/543
f 540/600/540 543/603/543 544/604/544
f 526/586/526 540/600/540 544/604/544
f 526/586/526 544/604/544 527/587/527
f 524/584/524 522/582/522 539/599/539
f 522/582/522 545/605/545 539/599/539
f 522/582/522 523/583/523 545/605/545
f 523/583/523 546/606/546 545/605/545
f 545/605/545 546/606/546 547/607/547
f 546/606/546 548/608/548 547/607/547
f 539/599/539 545/605/545 547/607/547
f 539/599/539 547/607/547 541/601/541
f 527/587/527 544/604/544 549/609/549
f 527/587/527 549/609/549 536/596/536
f 544/610/544 543/611/543 550/612/550
f 544/610/544 550/612/550 549/613/549
f 549/613/549 550/612/550 551/614/551
f 549/613/549 551/614/551 552/615/552
f 536/616/536 549/613/549 552/615/552
f 536/616/536 552/615/552 537/617/537
f 541/601/541 553/618/553 542/602/542
f 553/618/553 554/619/554 542/602/542
f 553/618/553 555/620/555 554/619/554
f 555/620/555 556/621/556 554/619/554
f 554/619/554 556/621/556 557/622/557
f 556/621/556 558/623/558 557/622/557
f 542/602/542 554/619/554 543/603/543
f 554/619/554 557/622/557 543/603/543
f 541/601/541 547/607/547 559/624/559
f 541/601/541 559/624/559 553/618/553
f 547/607/547 548/608/548 560/625/560
f 547/607/547 560/625/560 559/624/559
f 559/624/559 560/625/560 561/626/561
f 559/624/559 561/626/561 562/627/562
f 553/618/553 559/624/559 562/627/562
f 553/618/553 562/627/562 555/620/555
f 543/611/543 557/628/557 563/629/563
f 543/611/543 563/629/563 550/612/550
f 557/622/557 558/623/558 563/630/563
f 558/623/558 564/631/564 563/630/563
f 563/629/563 564/632/564 565/633/565
f 564/632/564 566/634/566 565/633/565
f 550/612/550 563/629/563 565/633/565
f 550/612/550 565/633/565 551/614/551
f 551/614/551 565/633/565 567/635/567
f 551/614/551 567/635/567 568/636/568
f 565/633/565 566/634/566 569/637/569
f 565/633/565 569/637/569 567/635/567
f 567/635/567 569/637/569 570/638/570
f 567/635/567 570/638/570 571/639/571
f 568/636/568 567/635/567 571/639/571
f 568/636/568 571/639/571 572/640/572
f 551/614/551 568/636/568 552/615/552
f 568/636/568 573/641/573 552/615/552
f 568/636/568 572/640/572 574/642/574
f 568/636/568 574/642/574 573/641/573
f 573/641/573 574/642/574 575/643/575
f 573/641/573 575/643/575 576/644/576
f 552/615/552 573/641/573 576/644/576
f 552/615/552 576/644/576 537/617/537
f 577/645/577 578/646/578 579/647/579
f 578/646/578 580/648/580 579/647/579
f 578/646/578 581/649/581 582/650/582
f 578/646/578 582/650/582 580/648/580
f 580/648/580 582/650/582 583/651/583
f 582/650/582 584/652/584 583/651/583
f 579/647/579 580/648/580 585/653/585
f 580/648/580 583/651/583 585/653/585
f 577/645/577 586/654/586 578/646/578
f 586/654/586 587/655/587 578/646/578
f 586/654/586 311/368/311 587/655/587
f 311/368/311 348/405/348 587/655/587
f 587/655/587 348/405/348 588/656/588
f 348/405/348 349/406/349 588/656/588
f 578/646/578 587/655/587 581/649/581
f 587/655/587 588/656/588 581/649/581
f 577/645/577 589/657/589 586/654/586
f 589/657/589 590/658/590 586/654/586
f 589/657/589 591/659/591 590/658/590
f 591/659/591 592/660/592 590/658/590
f 590/658/590 592/660/592 593/661/593
f 592/660/592 594/662/594 593/661/593
f 586/654/586 590/658/590 311/368/311
f 590/658/590 593/661/593 311/368/311
f 577/645/577 579/647/579 595/663/595
f 577/645/577 595/663/595 589/657/589
f 579/647/579 585/653/585 596/664/596
f 579/647/579 596/664/596 595/663/595
f 595/663/595 596/664/596 597/665/597
f 595/663/595 597/665/597 598/666/598
f 589/657/589 595/663/595 598/666/598
f 589/657/589 598/666/598 591/659/591
f 581/649/581 588/656/588 599/667/599
f 588/656/588 600/668/600 599/667/599
f 588/656/588 349/406/349 600/668/600
f 349/406/349 387/444/387 600/668/600
f 600/668/600 387/444/387 416/473/416
f 387/444/387 386/443/386 416/473/416
f 599/667/599 600/668/600 415/472/415
f 600/668/600 416/473/416 415/472/415
f 581/649/581 599/667/599 601/669/601
f 581/649/581 601/669/601 582/650/582
f 599/667/599 415/472/415 602/670/602
f 599/667/599 602/670/602 601/669/601
f 601/669/601 602/670/602 603/671/603
f 601/669/601 603/671/603 604/672/604
f 582/650/582 601/669/601 584/652/584
f 601/669/601 604/672/604 584/652/584
f 605/673/605 606/674/606 607/675/607
f 605/673/605 607/675/607 608/676/608
f 606/674/606 609/677/609 610/678/610
f 606/674/606 610/678/610 607/675/607
f 607/675/607 610/678/610 611/679/611
f 607/675/607 611/679/611 612/680/612
f 608/676/608 607/675/607 612/680/612
f 608/676/608 612/680/612 613/681/613
f 605/673/605 614/682/614 606/674/606
f 614/682/614 615/683/615 606/674/606
f 614/682/614 616/684/616 617/685/617
f 614/682/614 617/685/617 615/683/615
f 615/683/615 617/685/617 618/686/618
f 615/683/615 618/686/618 619/687/619
f 606/674/606 615/683/615 609/677/609
f 615/683/615 619/687/619 609/677/609
f 605/673/605 620/688/620 614/682/614
f 620/688/620 621/689/621 614/682/614
f 620/688/620 622/690/622 621/689/621
f 622/690/622 623/691/623 621/689/621
f 621/689/621 623/691/623 624/692/624
f 623/691/623 625/693/625 624/692/624
f 614/682/614 621/689/621 616/684/616
f 621/689/621 624/692/624 616/684/616
f 605/673/605 608/676/608 626/694/626
f 605/673/605 626/694/626 620/688/620
f 608/676/608 613/681/613 627/695/627
f 608/676/608 627/695/627 626/694/626
f 626/694/626 627/695/627 628/696/628
f 626/694/626 628/696/628 629/697/629
f 620/688/620 626/694/626 629/697/629
f 620/688/620 629/697/629 622/690/622
f 622/690/622 629/697/629 630/698/630
f 622/690/622 630/698/630 631/699/631
f 629/697/629 628/696/628 632/700/632
f 629/697/629 632/700/632 630/698/630
f 630/698/630 632/700/632 633/701/633
f 630/698/630 633/701/633 634/702/634
f 631/699/631 630/698/630 634/702/634
f 631/699/631 634/702/634 635/703/635
f 622/690/622 631/699/631 623/691/623
f 631/699/631 636/704/636 623/691/623
f 631/699/631 635/703/635 636/704/636
f 635/703/635 637/705/637 636/704/636
f 636/704/636 637/705/637 638/706/638
f 637/705/637 639/707/639 638/706/638
f 623/691/623 636/704/636 625/693/625
f 636/704/636 638/706/638 625/693/625
f 635/703/635 640/708/640 637/705/637
f 640/708/640 641/709/641 637/705/637
f 640/708/640 642/710/642 643/711/643
f 640/708/640 643/711/643 641/709/641
f 641/712/641 643/713/643 644/714/644
f 641/712/641 644/714/644 645/715/645
f 637/705/637 641/709/641 639/707/639
f 641/709/641 645/716/645 639/707/639
f 635/703/635 634/702/634 646/717/646
f 635/703/635 646/717/646 640/708/640
f 634/702/634 633/701/633 647/718/647
f 634/702/634 647/718/647 646/717/646
f 646/717/646 647/718/647 648/719/648
f 646/717/646 648/719/648 649/720/649
f 640/708/640 646/717/646 649/720/649
f 640/708/640 649/720/649 642/710/642
f 611/721/611 650/722/650 612/723/612
f 650/722/650 651/724/651 612/723/612
f 650/722/650 652/725/652 651/724/651
f 652/725/652 653/726/653 651/724/651
f 651/724/651 653/726/653 654/727/654
f 653/726/653 655/728/655 654/727/654
f 612/680/612 651/729/651 613/681/613
f 651/729/651 654/730/654 613/681/613
f 611/721/611 656/731/656 657/732/657
f 611/721/611 657/732/657 650/722/650
f 656/733/656 658/734/658 659/735/659
f 656/733/656 659/735/659 657/736/657
f 657/732/657 659/737/659 660/738/660
f 657/732/657 660/738/660 661/739/661
f 650/722/650 657/732/657 661/739/661
f 650/722/650 661/739/661 652/725/652
f 611/679/611 610/678/610 656/733/656
f 610/678/610 662/740/662 656/733/656
f 610/678/610 609/677/609 662/740/662
f 609/677/609 663/741/663 662/740/662
f 662/740/662 663/741/663 664/742/664
f 663/741/663 665/743/665 664/742/664
f 656/733/656 662/740/662 658/734/658
f 662/740/662 664/742/664 658/734/658
f 613/681/613 654/730/654 627/695/627
f 654/730/654 666/744/666 627/695/627
f 654/730/654 655/745/655 667/746/667
f 654/730/654 667/746/667 666/744/666
f 666/744/666 667/746/667 668/747/668
f 667/746/667 669/748/669 668/747/668
f 627/695/627 666/744/666 668/747/668
f 627/695/627 668/747/668 628/696/628
f 628/696/628 668/747/668 670/749/670
f 628/696/628 670/749/670 632/700/632
f 668/747/668 669/748/669 670/749/670
f 669/748/669 671/750/671 670/749/670
f 670/749/670 671/750/671 672/751/672
f 670/749/670 672/751/672 673/752/673
f 632/700/632 670/749/670 673/752/673
f 632/700/632 673/752/673 633/701/633
f 633/701/633 673/752/673 674/753/674
f 633/701/633 674/753/674 647/718/647
f 673/752/673 672/751/672 675/754/675
f 673/752/673 675/754/675 674/753/674
f 674/753/674 675/754/675 676/755/676
f 675/754/675 677/756/677 676/755/676
f 647/718/647 674/753/674 676/755/676
f 647/718/647 676/755/676 648/719/648
f 648/719/648 676/755/676 678/757/678
f 648/719/648 678/757/678 679/758/679
f 676/755/676 677/756/677 678/757/678
f 677/756/677 680/759/680 678/757/678
f 678/757/678 680/759/680 681/760/681
f 678/757/678 681/760/681 682/761/682
f 679/758/679 678/757/678 683/762/683
f 678/757/678 682/761/682 683/762/683
f 648/719/648 679/758/679 684/763/684
f 648/719/648 684/763/684 649/720/649
f 679/764/679 683/765/683 685/766/685
f 679/764/679 685/766/685 684/767/684
f 684/767/684 685/766/685 686/768/686
f 684/767/684 686/768/686 687/769/687
f 649/770/649 684/767/684 687/769/687
f 649/770/649 687/769/687 642/771/642
f 683/765/683 688/772/688 689/773/689
f 683/765/683 689/773/689 685/766/685
f 688/772/688 690/774/690 691/775/691
f 688/772/688 691/775/691 689/773/689
f 689/773/689 691/775/691 692/776/692
f 689/773/689 692/776/692 693/777/693
f 685/766/685 689/773/689 693/777/693
f 685/766/685 693/777/693 686/768/686
f 683/762/683 682/761/682 688/778/688
f 682/761/682 694/779/694 688/778/688
f 682/761/682 681/760/681 695/780/695
f 682/761/682 695/780/695 694/779/694
f 694/779/694 695/780/695 696/781/696
f 694/779/694 696/781/696 697/782/697
f 688/772/688 694/783/694 697/784/697
f 688/772/688 697/784/697 690/774/690
f 698/785/698 699/786/699 700/787/700
f 698/785/698 700/787/700 701/788/701
f 699/786/699 702/789/702 703/790/703
f 699/786/699 703/790/703 700/787/700
f 700/787/700 703/790/703 704/791/704
f 700/787/700 704/791/704 705/792/705
f 701/788/701 700/787/700 705/792/705
f 701/788/701 705/792/705 706/793/706
f 698/785/698 707/794/707 699/786/699
f 707/794/707 708/795/708 699/786/699
f 707/794/707 709/796/709 710/797/710
f 707/794/707 710/797/710 708/795/708
f 708/795/708 710/797/710 711/798/711
f 708/795/708 711/798/711 712/799/712
f 699/786/699 708/795/708 712/799/712
f 699/786/699 712/799/712 702/789/702
f 698/785/698 713/800/713 714/801/714
f 698/785/698 714/801/714 707/794/707
f 713/800/713 715/802/715 714/801/714
f 715/802/715 716/803/716 714/801/714
f 714/801/714 716/803/716 717/804/717
f 716/803/716 718/805/718 717/804/717
f 707/794/707 714/801/714 709/796/709
f 714/801/714 717/804/717 709/796/709
f 698/785/698 701/788/701 713/800/713
f 701/788/701 719/806/719 713/800/713
f 701/788/701 706/793/706 719/806/719
f 706/793/706 720/807/720 719/806/719
f 719/806/719 720/807/720 721/808/721
f 720/807/720 722/809/722 721/808/721
f 713/800/713 719/806/719 715/802/715
f 719/806/719 721/808/721 715/802/715
f 706/793/706 705/792/705 723/810/723
f 706/793/706 723/810/723 724/811/724
f 705/792/705 704/791/704 725/812/725
f 705/792/705 725/812/725 723/810/723
f 723/810/723 725/812/725 726/813/726
f 723/810/723 726/813/726 727/814/727
f 724/811/724 723/810/723 727/814/727
f 724/811/724 727/814/727 728/815/728
f 706/793/706 724/811/724 720/807/720
f 724/811/724 729/816/729 720/807/720
f 724/811/724 728/815/728 729/816/729
f 728/815/728 730/817/730 729/816/729
f 729/816/729 730/817/730 731/818/731
f 730/817/730 732/819/732 731/818/731
f 720/807/720 729/816/729 722/809/722
f 729/816/729 731/818/731 722/809/722
f 722/809/722 733/820/733 734/821/734
f 722/809/722 734/821/734 721/808/721
f 733/820/733 735/822/735 736/823/736
f 733/820/733 736/823/736 734/821/734
f 734/821/734 736/823/736 737/824/737
f 734/821/734 737/824/737 738/825/738
f 721/808/721 734/821/734 738/825/738
f 721/808/721 738/825/738 715/802/715
f 722/809/722 731/818/731 733/820/733
f 731/818/731 739/826/739 733/820/733
f 731/818/731 732/819/732 739/826/739
f 732/819/732 740/827/740 739/826/739
f 739/826/739 740/827/740 741/828/741
f 740/827/740 742/829/742 741/828/741
f 733/820/733 739/826/739 735/822/735
f 739/826/739 741/828/741 735/822/735
f 728/815/728 727/814/727 743/830/743
f 728/815/728 743/830/743 744/831/744
f 727/814/727 726/813/726 745/832/745
f 727/814/727 745/832/745 743/830/743
f 743/830/743 745/832/745 746/833/746
f 745/832/745 747/834/747 746/833/746
f 744/831/744 743/830/743 748/835/748
f 743/830/743 746/833/746 748/835/748
f 728/815/728 744/831/744 730/817/730
f 744/831/744 749/836/749 730/817/730
f 744/831/744 748/835/748 749/836/749
f 748/835/748 750/837/750 749/836/749
f 749/836/749 750/837/750 751/838/751
f 750/837/750 752/839/752 751/838/751
f 730/817/730 749/836/749 732/819/732
f 749/836/749 751/838/751 732/819/732
f 732/819/732 751/838/751 740/827/740
f 751/838/751 753/840/753 740/827/740
f 751/838/751 752/839/752 753/840/753
f 752/839/752 754/841/754 753/840/753
f 753/840/753 754/841/754 755/842/755
f 754/841/754 756/843/756 755/842/755
f 740/827/740 753/840/753 742/829/742
f 753/840/753 755/842/755 742/829/742
f 748/835/748 746/833/746 757/844/757
f 746/833/746 758/845/758 757/844/757
f 746/833/746 747/834/747 758/845/758
f 747/834/747 759/846/759 758/845/758
f 758/845/758 759/846/759 760/847/760
f 759/846/759 761/848/761 760/847/760
f 757/844/757 758/845/758 762/849/762
f 758/845/758 760/847/760 762/849/762
f 748/835/748 757/844/757 750/837/750
f 757/844/757 763/850/763 750/837/750
f 757/844/757 762/849/762 763/850/763
f 762/849/762 764/851/764 763/850/763
f 763/850/763 764/851/764 765/852/765
f 764/851/764 766/853/766 765/852/765
f 750/837/750 763/850/763 752/839/752
f 763/850/763 765/852/765 752/839/752
f 752/839/752 765/852/765 754/841/754
f 765/852/765 767/854/767 754/841/754
f 765/852/765 766/853/766 767/854/767
f 766/853/766 768/855/768 767/854/767
f 767/854/767 768/855/768 769/856/769
f 768/855/768 770/857/770 769/856/769
f 754/841/754 767/854/767 756/843/756
f 767/854/767 769/856/769 756/843/756
f 756/843/756 771/858/771 772/859/772
f 756/843/756 772/859/772 755/842/755
f 771/858/771 773/860/773 774/861/774
f 771/858/771 774/861/774 772/859/772
f 772/859/772 774/861/774 775/862/775
f 772/859/772 775/862/775 776/863/776
f 755/842/755 772/859/772 776/863/776
f 755/842/755 776/863/776 742/829/742
f 756/843/756 769/856/769 771/858/771
f 769/856/769 777/864/777 771/858/771
f 769/856/769 770/857/770 777/864/777
f 770/857/770 778/865/778 777/864/777
f 777/864/777 778/865/778 779/866/779
f 778/865/778 780/867/780 779/866/779
f 771/858/771 777/864/777 773/860/773
f 777/864/777 779/866/779 773/860/773
f 766/853/766 781/868/781 782/869/782
f 766/853/766 782/869/782 768/855/768
f 781/868/781 783/870/783 784/871/784
f 781/868/781 784/871/784 782/869/782
f 782/869/782 784/871/784 785/872/785
f 784/871/784 786/873/786 785/872/785
f 768/855/768 782/869/782 770/857/770
f 782/869/782 785/872/785 770/857/770
f 766/853/766 764/851/764 781/868/781
f 764/851/764 787/874/787 781/868/781
f 764/851/764 762/849/762 787/874/787
f 762/849/762 760/847/760 787/874/787
f 787/874/787 760/847/760 788/875/788
f 760/847/760 761/848/761 788/875/788
f 781/868/781 787/874/787 783/870/783
f 787/874/787 788/875/788 783/870/783
f 770/857/770 785/872/785 778/865/778
f 785/872/785 789/876/789 778/865/778
f 785/872/785 786/873/786 789/876/789
f 786/873/786 790/877/790 789/876/789
f 789/876/789 790/877/790 791/878/791
f 790/877/790 792/879/792 791/878/791
f 778/865/778 789/876/789 780/867/780
f 789/876/789 791/878/791 780/867/780
f 792/879/792 793/880/793 794/881/794
f 792/879/792 794/881/794 795/882/795
f 793/880/793 796/883/796 797/884/797
f 793/880/793 797/884/797 794/881/794
f 794/881/794 797/884/797 798/885/798
f 794/881/794 798/885/798 799/886/799
f 795/882/795 794/881/794 799/886/799
f 795/882/795 799/886/799 800/887/800
f 792/879/792 790/877/790 801/888/801
f 792/879/792 801/888/801 793/880/793
f 790/877/790 786/873/786 802/889/802
f 790/877/790 802/889/802 801/888/801
f 801/888/801 802/889/802 803/890/803
f 801/888/801 803/890/803 804/891/804
f 793/880/793 801/888/801 804/891/804
f 793/880/793 804/891/804 796/883/796
f 792/879/792 795/882/795 791/878/791
f 795/882/795 805/892/805 791/878/791
f 795/882/795 800/887/800 805/892/805
f 800/887/800 806/893/806 805/892/805
f 805/892/805 806/893/806 807/894/807
f 806/893/806 808/895/808 807/894/807
f 791/878/791 805/892/805 807/894/807
f 791/878/791 807/894/807 780/867/780
f 809/896/809 810/897/810 811/898/811
f 810/897/810 812/899/812 811/898/811
f 810/900/810 813/901/813 812/902/812
f 813/901/813 814/903/814 812/902/812
f 812/902/812 814/903/814 815/904/815
f 812/902/812 815/904/815 816/905/816
f 811/898/811 812/899/812 817/906/817
f 812/899/812 816/907/816 817/906/817
f 809/896/809 818/908/818 819/909/819
f 809/896/809 819/909/819 810/897/810
f 818/908/818 820/910/820 821/911/821
f 818/908/818 821/911/821 819/909/819
f 819/912/819 821/913/821 822/914/822
f 819/912/819 822/914/822 823/915/823
f 810/900/810 819/912/819 823/915/823
f 810/900/810 823/915/823 813/901/813
f 809/896/809 824/916/824 825/917/825
f 809/896/809 825/917/825 818/908/818
f 824/916/824 826/918/826 825/917/825
f 826/918/826 827/919/827 825/917/825
f 825/917/825 827/919/827 828/920/828
f 827/919/827 829/921/829 828/920/828
f 818/908/818 825/917/825 828/920/828
f 818/908/818 828/920/828 820/910/820
f 809/896/809 811/898/811 824/916/824
f 811/898/811 830/922/830 824/916/824
f 811/898/811 817/906/817 830/922/830
f 817/906/817 831/923/831 830/922/830
f 830/922/830 831/923/831 832/924/832
f 831/923/831 833/925/833 832/924/832
f 824/916/824 830/922/830 826/918/826
f 830/922/830 832/924/832 826/918/826
f 591/659/591 598/666/598 834/926/834
f 591/659/591 834/926/834 835/927/835
f 598/666/598 597/665/597 836/928/836
f 598/666/598 836/928/836 834/926/834
f 834/926/834 836/928/836 837/929/837
f 836/928/836 838/930/838 837/929/837
f 835/927/835 834/926/834 837/929/837
f 835/927/835 837/929/837 839/931/839
f 591/659/591 835/927/835 592/660/592
f 835/927/835 840/932/840 592/660/592
f 835/927/835 839/931/839 840/932/840
f 839/931/839 841/933/841 840/932/840
f 840/932/840 841/933/841 842/934/842
f 841/933/841 843/935/843 842/934/842
f 592/660/592 840/932/840 594/662/594
f 840/932/840 842/934/842 594/662/594
f 844/936/844 845/937/845 846/938/846
f 845/937/845 847/939/847 846/938/846
f 845/937/845 848/940/848 849/941/849
f 845/937/845 849/941/849 847/939/847
f 847/939/847 849/941/849 850/942/850
f 849/941/849 851/943/851 850/942/850
f 846/938/846 847/939/847 852/944/852
f 847/939/847 850/942/850 852/944/852
f 844/945/844 853/946/853 845/947/845
f 853/946/853 854/948/854 845/947/845
f 853/946/853 170/207/170 854/948/854
f 170/207/170 855/949/855 854/948/854
f 854/950/854 855/951/855 856/952/856
f 855/951/855 857/953/857 856/952/856
f 845/937/845 854/950/854 848/940/848
f 854/950/854 856/952/856 848/940/848
f 844/945/844 858/954/858 853/946/853
f 858/954/858 859/955/859 853/946/853
f 858/954/858 110/135/110 859/955/859
f 110/135/110 108/133/108 859/955/859
f 859/955/859 108/133/108 169/206/169
f 108/133/108 109/134/109 169/206/169
f 853/946/853 859/955/859 170/207/170
f 859/955/859 169/206/169 170/207/170
f 844/945/844 846/956/846 860/957/860
f 844/945/844 860/957/860 858/954/858
f 846/938/846 852/944/852 861/958/861
f 846/938/846 861/958/861 860/959/860
f 860/957/860 861/960/861 126/151/126
f 860/957/860 126/151/126 124/149/124
f 858/954/858 860/957/860 124/149/124
f 858/954/858 124/149/124 110/135/110
f 848/940/848 862/961/862 863/962/863
f 848/940/848 863/962/863 849/941/849
f 862/961/862 864/963/864 865/964/865
f 862/961/862 865/964/865 863/962/863
f 863/962/863 865/964/865 866/965/866
f 865/964/865 867/966/867 866/965/866
f 849/941/849 863/962/863 851/943/851
f 863/962/863 866/965/866 851/943/851
f 848/940/848 856/952/856 862/961/862
f 856/952/856 868/967/868 862/961/862
f 856/952/856 857/953/857 868/967/868
f 857/953/857 869/968/869 868/967/868
f 868/967/868 869/968/869 870/969/870
f 869/968/869 871/970/871 870/969/870
f 862/961/862 868/967/868 864/963/864
f 868/967/868 870/969/870 864/963/864
f 857/953/857 855/951/855 872/971/872
f 857/953/857 872/971/872 873/972/873
f 855/949/855 170/207/170 872/973/872
f 170/207/170 168/205/168 872/973/872
f 872/973/872 168/205/168 874/974/874
f 168/205/168 166/203/166 874/974/874
f 873/972/873 872/971/872 875/975/875
f 872/971/872 874/976/874 875/975/875
f 857/953/857 873/972/873 869/968/869
f 873/972/873 876/977/876 869/968/869
f 873/972/873 875/975/875 877/978/877
f 873/972/873 877/978/877 876/977/876
f 876/977/876 877/978/877 878/979/878
f 877/978/877 879/980/879 878/979/878
f 869/968/869 876/977/876 871/970/871
f 876/977/876 878/979/878 871/970/871
f 871/970/871 878/979/878 880/981/880
f 878/979/878 881/982/881 880/981/880
f 878/979/878 879/980/879 881/982/881
f 879/980/879 882/983/882 881/982/881
f 881/982/881 882/983/882 883/984/883
f 882/983/882 884/985/884 883/984/883
f 880/981/880 881/982/881 885/986/885
f 881/982/881 883/984/883 885/986/885
f 871/970/871 880/981/880 886/987/886
f 871/970/871 886/987/886 870/969/870
f 880/981/880 885/986/885 887/988/887
f 880/981/880 887/988/887 886/987/886
f 886/987/886 887/988/887 888/989/888
f 886/987/886 888/989/888 889/990/889
f 870/969/870 886/987/886 889/990/889
f 870/969/870 889/990/889 864/963/864
f 885/986/885 883/984/883 890/991/890
f 883/984/883 891/992/891 890/991/890
f 883/984/883 884/985/884 891/992/891
f 884/985/884 892/993/892 891/992/891
f 891/992/891 892/993/892 893/994/893
f 892/993/892 894/995/894 893/994/893
f 890/991/890 891/992/891 895/996/895
f 891/992/891 893/994/893 895/996/895
f 885/986/885 890/991/890 896/997/896
f 885/986/885 896/997/896 887/988/887
f 890/991/890 895/996/895 896/997/896
f 895/996/895 897/998/897 896/997/896
f 896/997/896 897/998/897 898/999/898
f 897/998/897 899/1000/899 898/999/898
f 887/988/887 896/997/896 888/989/888
f 896/997/896 898/999/898 888/989/888
f 895/996/895 900/1001/900 897/998/897
f 900/1001/900 901/1002/901 897/998/897
f 900/1001/900 902/1003/902 901/1002/901
f 902/1003/902 903/1004/903 901/1002/901
f 901/1002/901 903/1004/903 904/1005/904
f 903/1004/903 905/1006/905 904/1005/904
f 897/998/897 901/1002/901 899/1000/899
f 901/1002/901 904/1005/904 899/1000/899
f 895/996/895 893/994/893 900/1001/900
f 893/994/893 906/1007/906 900/1001/900
f 893/994/893 894/995/894 906/1007/906
f 894/995/894 907/1008/907 906/1007/906
f 906/1007/906 907/1008/907 908/1009/908
f 907/1008/907 909/1010/909 908/1009/908
f 900/1001/900 906/1007/906 902/1003/902
f 906/1007/906 908/1009/908 902/1003/902
f 879/980/879 877/978/877 910/1011/910
f 877/978/877 911/1012/911 910/1011/910
f 877/978/877 875/975/875 911/1012/911
f 875/975/875 912/1013/912 911/1012/911
f 911/1012/911 912/1013/912 913/1014/913
f 912/1013/912 199/244/199 913/1014/913
f 910/1011/910 911/1012/911 914/1015/914
f 911/1012/911 913/1014/913 914/1015/914
f 879/980/879 910/1011/910 915/1016/915
f 879/980/879 915/1016/915 882/983/882
f 910/1011/910 914/1015/914 916/1017/916
f 910/1011/910 916/1017/916 915/1016/915
f 915/1016/915 916/1017/916 917/1018/917
f 915/1016/915 917/1018/917 918/1019/918
f 882/983/882 915/1016/915 884/985/884
f 915/1016/915 918/1019/918 884/985/884
f 884/985/884 918/1019/918 892/993/892
f 918/1019/918 919/1020/919 892/993/892
f 918/1019/918 917/1018/917 919/1020/919
f 917/1018/917 920/1021/920 919/1020/919
f 919/1020/919 920/1021/920 921/1022/921
f 920/1021/920 922/1023/922 921/1022/921
f 892/993/892 919/1020/919 894/995/894
f 919/1020/919 921/1022/921 894/995/894
f 923/1024/923 924/1025/924 925/1026/925
f 923/1024/923 925/1026/925 926/1027/926
f 924/1025/924 927/1028/927 928/1029/928
f 924/1025/924 928/1029/928 925/1026/925
f 925/1026/925 928/1029/928 929/1030/929
f 925/1026/925 929/1030/929 930/1031/930
f 926/1027/926 925/1026/925 931/1032/931
f 925/1026/925 930/1031/930 931/1032/931
f 923/1024/923 932/1033/932 924/1025/924
f 932/1033/932 933/1034/933 924/1025/924
f 932/1035/932 815/904/815 933/1036/933
f 815/904/815 934/1037/934 933/1036/933
f 933/1036/933 934/1037/934 935/1038/935
f 933/1036/933 935/1038/935 936/1039/936
f 924/1025/924 933/1034/933 927/1028/927
f 933/1034/933 936/1040/936 927/1028/927
f 923/1024/923 937/1041/937 932/1033/932
f 937/1041/937 938/1042/938 932/1033/932
f 937/1041/937 939/1043/939 938/1042/938
f 939/1043/939 940/1044/940 938/1042/938
f 938/1042/938 940/1044/940 941/1045/941
f 940/1044/940 942/1046/942 941/1045/941
f 932/1033/932 938/1042/938 815/1047/815
f 938/1042/938 941/1045/941 815/1047/815
f 923/1024/923 926/1027/926 943/1048/943
f 923/1024/923 943/1048/943 937/1041/937
f 926/1027/926 931/1032/931 944/1049/944
f 926/1027/926 944/1049/944 943/1048/943
f 943/1048/943 944/1049/944 945/1050/945
f 943/1048/943 945/1050/945 946/1051/946
f 937/1041/937 943/1048/943 946/1051/946
f 937/1041/937 946/1051/946 939/1043/939
f 939/1043/939 947/1052/947 940/1044/940
f 947/1052/947 948/1053/948 940/1044/940
f 947/1052/947 949/1054/949 950/1055/950
f 947/1052/947 950/1055/950 948/1053/948
f 948/1053/948 950/1055/950 951/1056/951
f 948/1053/948 951/1056/951 952/1057/952
f 940/1044/940 948/1053/948 942/1046/942
f 948/1053/948 952/1057/952 942/1046/942
f 939/1043/939 946/1051/946 953/1058/953
f 939/1043/939 953/1058/953 947/1052/947
f 946/1051/946 945/1050/945 953/1058/953
f 945/1050/945 954/1059/954 953/1058/953
f 953/1058/953 954/1059/954 955/1060/955
f 954/1059/954 956/1061/956 955/1060/955
f 947/1052/947 953/1058/953 949/1054/949
f 953/1058/953 955/1060/955 949/1054/949
f 360/417/360 957/1062/957 361/418/361
f 957/1062/957 958/1063/958 361/418/361
f 957/1062/957 959/1064/959 958/1063/958
f 959/1064/959 960/1065/960 958/1063/958
f 958/1063/958 960/1065/960 961/1066/961
f 960/1065/960 962/1067/962 961/1066/961
f 361/418/361 958/1063/958 353/410/353
f 958/1063/958 961/1066/961 353/410/353
f 360/417/360 963/1068/963 964/1069/964
f 360/417/360 964/1069/964 957/1062/957
f 963/1068/963 965/1070/965 964/1069/964
f 965/1070/965 966/1071/966 964/1069/964
f 964/1069/964 966/1071/966 967/1072/967
f 964/1069/964 967/1072/967 968/1073/968
f 957/1062/957 964/1069/964 968/1073/968
f 957/1062/957 968/1073/968 959/1064/959
f 360/417/360 359/416/359 963/1068/963
f 359/416/359 969/1074/969 963/1068/963
f 359/416/359 338/395/338 344/401/344
f 359/416/359 344/401/344 969/1074/969
f 969/1074/969 344/401/344 345/402/345
f 969/1074/969 345/402/345 970/1075/970
f 963/1068/963 969/1074/969 970/1075/970
f 963/1068/963 970/1075/970 965/1070/965
f 959/1064/959 971/1076/971 960/1065/960
f 971/1076/971 972/1077/972 960/1065/960
f 971/1076/971 761/848/761 972/1077/972
f 761/848/761 759/846/759 972/1077/972
f 972/1077/972 759/846/759 973/1078/973
f 759/846/759 747/834/747 973/1078/973
f 960/1065/960 972/1077/972 962/1067/962
f 972/1077/972 973/1078/973 962/1067/962
f 959/1064/959 968/1073/968 974/1079/974
f 959/1064/959 974/1079/974 971/1076/971
f 968/1073/968 967/1072/967 975/1080/975
f 968/1073/968 975/1080/975 974/1079/974
f 974/1079/974 975/1080/975 788/875/788
f 975/1080/975 783/870/783 788/875/788
f 971/1076/971 974/1079/974 788/875/788
f 971/1076/971 788/875/788 761/848/761
f 965/1070/965 970/1075/970 976/1081/976
f 965/1070/965 976/1081/976 977/1082/977
f 970/1075/970 345/402/345 978/1083/978
f 970/1075/970 978/1083/978 976/1081/976
f 976/1081/976 978/1083/978 979/1084/979
f 976/1081/976 979/1084/979 980/1085/980
f 977/1082/977 976/1081/976 980/1085/980
f 977/1082/977 980/1085/980 981/1086/981
f 965/1070/965 977/1082/977 966/1071/966
f 977/1082/977 982/1087/982 966/1071/966
f 977/1082/977 981/1086/981 982/1087/982
f 981/1086/981 983/1088/983 982/1087/982
f 982/1087/982 983/1088/983 803/890/803
f 982/1087/982 803/890/803 984/1089/984
f 966/1071/966 982/1087/982 984/1089/984
f 966/1071/966 984/1089/984 967/1072/967
f 967/1072/967 984/1089/984 975/1080/975
f 984/1089/984 985/1090/985 975/1080/975
f 984/1089/984 803/890/803 985/1090/985
f 803/890/803 802/889/802 985/1090/985
f 985/1090/985 802/889/802 784/871/784
f 802/889/802 786/873/786 784/871/784
f 975/1080/975 985/1090/985 783/870/783
f 985/1090/985 784/871/784 783/870/783
f 803/890/803 983/1088/983 804/891/804
f 983/1088/983 986/1091/986 804/891/804
f 983/1088/983 981/1086/981 986/1091/986
f 981/1086/981 987/1092/987 986/1091/986
f 986/1091/986 987/1092/987 988/1093/988
f 987/1092/987 989/1094/989 988/1093/988
f 804/891/804 986/1091/986 796/883/796
f 986/1091/986 988/1093/988 796/883/796
f 796/883/796 988/1093/988 797/884/797
f 988/1093/988 990/1095/990 797/884/797
f 988/1093/988 989/1094/989 990/1095/990
f 989/1094/989 991/1096/991 990/1095/990
f 990/1095/990 991/1096/991 992/1097/992
f 991/1096/991 993/1098/993 992/1097/992
f 797/884/797 990/1095/990 798/885/798
f 990/1095/990 992/1097/992 798/885/798
f 514/574/514 994/1099/994 995/1100/995
f 514/574/514 995/1100/995 996/1101/996
f 994/1099/994 997/1102/997 998/1103/998
f 994/1099/994 998/1103/998 995/1100/995
f 995/1100/995 998/1103/998 999/1104/999
f 995/1100/995 999/1104/999 1000/1105/1000
f 996/1101/996 995/1100/995 1000/1105/1000
f 996/1101/996 1000/1105/1000 1001/1106/1001
f 514/574/514 512/572/512 1002/1107/1002
f 514/574/514 1002/1107/1002 994/1099/994
f 512/572/512 511/571/511 533/593/533
f 512/572/512 533/593/533 1002/1107/1002
f 1002/1107/1002 533/593/533 534/594/534
f 1002/1107/1002 534/594/534 1003/1108/1003
f 994/1099/994 1002/1107/1002 1003/1108/1003
f 994/1099/994 1003/1108/1003 997/1102/997
f 514/574/514 996/1101/996 513/573/513
f 996/1101/996 1004/1109/1004 513/573/513
f 996/1101/996 1001/1106/1001 1004/1109/1004
f 1001/1106/1001 1005/1110/1005 1004/1109/1004
f 1004/1109/1004 1005/1110/1005 1006/1111/1006
f 1005/1110/1005 1007/1112/1007 1006/1111/1006
f 513/573/513 1004/1109/1004 505/565/505
f 1004/1109/1004 1006/1111/1006 505/565/505
f 997/1102/997 1003/1108/1003 1008/1113/1008
f 997/1102/997 1008/1113/1008 1009/1114/1009
f 1003/1108/1003 534/594/534 1008/1113/1008
f 534/594/534 1010/1115/1010 1008/1113/1008
f 1008/1113/1008 1010/1115/1010 1011/1116/1011
f 1008/1113/1008 1011/1116/1011 1012/1117/1012
f 1009/1114/1009 1008/1113/1008 1012/1117/1012
f 1009/1114/1009 1012/1117/1012 1013/1118/1013
f 997/1102/997 1009/1114/1009 998/1103/998
f 1009/1114/1009 1014/1119/1014 998/1103/998
f 1009/1114/1009 1013/1118/1013 1014/1119/1014
f 1013/1118/1013 1015/1120/1015 1014/1119/1014
f 1014/1119/1014 1015/1120/1015 1016/1121/1016
f 1015/1120/1015 1017/1122/1017 1016/1121/1016
f 998/1103/998 1014/1119/1014 1016/1121/1016
f 998/1103/998 1016/1121/1016 999/1104/999
f 1013/1118/1013 1012/1117/1012 1018/1123/1018
f 1013/1118/1013 1018/1123/1018 1019/1124/1019
f 1012/1117/1012 1011/1116/1011 1020/1125/1020
f 1012/1117/1012 1020/1125/1020 1018/1123/1018
f 1018/1123/1018 1020/1125/1020 1021/1126/1021
f 1018/1123/1018 1021/1126/1021 1022/1127/1022
f 1019/1124/1019 1018/1123/1018 1022/1127/1022
f 1019/1124/1019 1022/1127/1022 1023/1128/1023
f 1013/1118/1013 1019/1124/1019 1015/1120/1015
f 1019/1124/1019 1024/1129/1024 1015/1120/1015
f 1019/1124/1019 1023/1128/1023 1024/1129/1024
f 1023/1128/1023 1025/1130/1025 1024/1129/1024
f 1024/1129/1024 1025/1130/1025 1026/1131/1026
f 1025/1130/1025 79/100/79 1026/1131/1026
f 1015/1120/1015 1024/1129/1024 1017/1122/1017
f 1024/1129/1024 1026/1131/1026 1017/1122/1017
f 1027/1132/1027 1028/1133/1028 1029/1134/1029
f 1027/1132/1027 1029/1134/1029 1030/1135/1030
f 1028/1136/1028 1031/1137/1031 1032/1138/1032
f 1028/1136/1028 1032/1138/1032 1029/1139/1029
f 1029/1134/1029 1032/1140/1032 1033/1141/1033
f 1029/1134/1029 1033/1141/1033 1034/1142/1034
f 1030/1135/1030 1029/1134/1029 1034/1142/1034
f 1030/1135/1030 1034/1142/1034 1035/1143/1035
f 1027/1144/1027 1036/1145/1036 1037/1146/1037
f 1027/1144/1027 1037/1146/1037 1028/1136/1028
f 1036/1145/1036 1038/1147/1038 1039/1148/1039
f 1036/1145/1036 1039/1148/1039 1037/1146/1037
f 1037/1146/1037 1039/1148/1039 1040/1149/1040
f 1037/1146/1037 1040/1149/1040 1041/1150/1041
f 1028/1136/1028 1037/1146/1037 1031/1137/1031
f 1037/1146/1037 1041/1150/1041 1031/1137/1031
f 1027/1132/1027 1042/1151/1042 1036/1152/1036
f 1042/1151/1042 1043/1153/1043 1036/1152/1036
f 1042/1151/1042 237/337/237 1043/1153/1043
f 237/337/237 245/1154/245 1043/1153/1043
f 1043/1153/1043 245/1154/245 1044/1155/1044
f 245/1154/245 246/1156/246 1044/1155/1044
f 1036/1152/1036 1043/1153/1043 1038/1157/1038
f 1043/1153/1043 1044/1155/1044 1038/1157/1038
f 1027/1132/1027 1030/1135/1030 1042/1151/1042
f 1030/1135/1030 1045/1158/1045 1042/1151/1042
f 1030/1135/1030 1035/1143/1035 1045/1158/1045
f 1035/1143/1035 1046/1159/1046 1045/1158/1045
f 1045/1158/1045 1046/1159/1046 286/338/286
f 1046/1159/1046 288/340/288 286/338/286
f 1042/1151/1042 1045/1158/1045 237/337/237
f 1045/1158/1045 286/338/286 237/337/237
f 1031/1137/1031 1041/1150/1041 1047/1160/1047
f 1041/1150/1041 1048/1161/1048 1047/1160/1047
f 1041/1150/1041 1040/1149/1040 1048/1161/1048
f 1040/1149/1040 1049/1162/1049 1048/1161/1048
f 1048/1161/1048 1049/1162/1049 1050/1163/1050
f 1048/1161/1048 1050/1163/1050 1051/1164/1051
f 1047/1160/1047 1048/1161/1048 1052/1165/1052
f 1048/1161/1048 1051/1164/1051 1052/1165/1052
f 1031/1137/1031 1047/1160/1047 1053/1166/1053
f 1031/1137/1031 1053/1166/1053 1032/1138/1032
f 1047/1160/1047 1052/1165/1052 1054/1167/1054
f 1047/1160/1047 1054/1167/1054 1053/1166/1053
f 1053/1168/1053 1054/1169/1054 1055/1170/1055
f 1053/1168/1053 1055/1170/1055 1056/1171/1056
f 1032/1140/1032 1053/1168/1053 1056/1171/1056
f 1032/1140/1032 1056/1171/1056 1033/1141/1033
f 1052/1165/1052 1051/1164/1051 1057/1172/1057
f 1052/1165/1052 1057/1172/1057 1058/1173/1058
f 1051/1164/1051 1050/1163/1050 1059/1174/1059
f 1051/1164/1051 1059/1174/1059 1057/1172/1057
f 1057/1172/1057 1059/1174/1059 1060/1175/1060
f 1059/1174/1059 1061/1176/1061 1060/1175/1060
f 1058/1173/1058 1057/1172/1057 1060/1175/1060
f 1058/1173/1058 1060/1175/1060 1062/1177/1062
f 1052/1165/1052 1058/1173/1058 1063/1178/1063
f 1052/1165/1052 1063/1178/1063 1054/1167/1054
f 1058/1173/1058 1062/1177/1062 1064/1179/1064
f 1058/1173/1058 1064/1179/1064 1063/1178/1063
f 1063/1180/1063 1064/1181/1064 1065/1182/1065
f 1063/1180/1063 1065/1182/1065 1066/1183/1066
f 1054/1169/1054 1063/1180/1063 1066/1183/1066
f 1054/1169/1054 1066/1183/1066 1055/1170/1055
f 1038/1147/1038 1067/1184/1067 1039/1148/1039
f 1067/1184/1067 1068/1185/1068 1039/1148/1039
f 1067/1184/1067 1069/1186/1069 1070/1187/1070
f 1067/1184/1067 1070/1187/1070 1068/1185/1068
f 1068/1185/1068 1070/1187/1070 1071/1188/1071
f 1070/1187/1070 1072/1189/1072 1071/1188/1071
f 1039/1148/1039 1068/1185/1068 1040/1149/1040
f 1068/1185/1068 1071/1188/1071 1040/1149/1040
f 1038/1147/1038 1044/1190/1044 1067/1184/1067
f 1044/1190/1044 1073/1191/1073 1067/1184/1067
f 1044/1190/1044 246/295/246 1073/1191/1073
f 246/295/246 1074/1192/1074 1073/1191/1073
f 1073/1191/1073 1074/1192/1074 1075/1193/1075
f 1074/1192/1074 1076/1194/1076 1075/1193/1075
f 1067/1184/1067 1073/1191/1073 1075/1193/1075
f 1067/1184/1067 1075/1193/1075 1069/1186/1069
f 1077/1195/1077 1078/1196/1078 1079/1197/1079
f 1078/1196/1078 1080/1198/1080 1079/1197/1079
f 1078/1196/1078 1081/1199/1081 1080/1198/1080
f 1081/1199/1081 1082/1200/1082 1080/1198/1080
f 1080/1198/1080 1082/1200/1082 1083/1201/1083
f 1082/1200/1082 1084/1202/1084 1083/1201/1083
f 1079/1197/1079 1080/1198/1080 1085/1203/1085
f 1080/1198/1080 1083/1201/1083 1085/1203/1085
f 1077/1195/1077 1086/1204/1086 1087/1205/1087
f 1077/1195/1077 1087/1205/1087 1078/1196/1078
f 1086/1204/1086 1088/1206/1088 1089/1207/1089
f 1086/1204/1086 1089/1207/1089 1087/1205/1087
f 1087/1205/1087 1089/1207/1089 1090/1208/1090
f 1087/1205/1087 1090/1208/1090 1091/1209/1091
f 1078/1196/1078 1087/1205/1087 1091/1209/1091
f 1078/1196/1078 1091/1209/1091 1081/1199/1081
f 1077/1195/1077 1092/1210/1092 1086/1204/1086
f 1092/1210/1092 1093/1211/1093 1086/1204/1086
f 1092/1210/1092 1094/1212/1094 1093/1211/1093
f 1094/1212/1094 1095/1213/1095 1093/1211/1093
f 1093/1211/1093 1095/1213/1095 1096/1214/1096
f 1095/1213/1095 1097/1215/1097 1096/1214/1096
f 1086/1204/1086 1093/1211/1093 1088/1206/1088
f 1093/1211/1093 1096/1214/1096 1088/1206/1088
f 1077/1195/1077 1079/1197/1079 1098/1216/1098
f 1077/1195/1077 1098/1216/1098 1092/1210/1092
f 1079/1197/1079 1085/1203/1085 1099/1217/1099
f 1079/1197/1079 1099/1217/1099 1098/1216/1098
f 1098/1216/1098 1099/1217/1099 1100/1218/1100
f 1098/1216/1098 1100/1218/1100 1101/1219/1101
f 1092/1210/1092 1098/1216/1098 1101/1219/1101
f 1092/1210/1092 1101/1219/1101 1094/1212/1094
f 1085/1203/1085 1083/1201/1083 1102/1220/1102
f 1083/1201/1083 1103/1221/1103 1102/1220/1102
f 1083/1201/1083 1084/1202/1084 1103/1221/1103
f 1084/1202/1084 1104/1222/1104 1103/1221/1103
f 1103/1221/1103 1104/1222/1104 1105/1223/1105
f 1104/1222/1104 1106/1224/1106 1105/1223/1105
f 1102/1220/1102 1103/1221/1103 1107/1225/1107
f 1103/1221/1103 1105/1223/1105 1107/1225/1107
f 1085/1203/1085 1102/1220/1102 1108/1226/1108
f 1085/1203/1085 1108/1226/1108 1099/1217/1099
f 1102/1220/1102 1107/1225/1107 1109/1227/1109
f 1102/1220/1102 1109/1227/1109 1108/1226/1108
f 1108/1226/1108 1109/1227/1109 1110/1228/1110
f 1108/1226/1108 1110/1228/1110 1111/1229/1111
f 1099/1217/1099 1108/1226/1108 1111/1229/1111
f 1099/1217/1099 1111/1229/1111 1100/1218/1100
f 1100/1218/1100 1111/1229/1111 1112/1230/1112
f 1100/1218/1100 1112/1230/1112 1113/1231/1113
f 1111/1229/1111 1110/1228/1110 1114/1232/1114
f 1111/1229/1111 1114/1232/1114 1112/1230/1112
f 1112/1230/1112 1114/1232/1114 1115/1233/1115
f 1112/1230/1112 1115/1233/1115 1116/1234/1116
f 1113/1231/1113 1112/1230/1112 1116/1234/1116
f 1113/1231/1113 1116/1234/1116 1117/1235/1117
f 1100/1218/1100 1113/1231/1113 1101/1219/1101
f 1113/1231/1113 1118/1236/1118 1101/1219/1101
f 1113/1231/1113 1117/1235/1117 1118/1236/1118
f 1117/1235/1117 1119/1237/1119 1118/1236/1118
f 1118/1236/1118 1119/1237/1119 1120/1238/1120
f 1119/1237/1119 1121/1239/1121 1120/1238/1120
f 1101/1219/1101 1118/1236/1118 1094/1212/1094
f 1118/1236/1118 1120/1238/1120 1094/1212/1094
f 1110/1228/1110 1122/1240/1122 1114/1232/1114
f 1122/1240/1122 1123/1241/1123 1114/1232/1114
f 1122/1240/1122 1124/1242/1124 1123/1241/1123
f 1124/1242/1124 1125/1243/1125 1123/1241/1123
f 1123/1241/1123 1125/1243/1125 1126/1244/1126
f 1125/1243/1125 1127/1245/1127 1126/1244/1126
f 1114/1232/1114 1123/1241/1123 1115/1233/1115
f 1123/1241/1123 1126/1244/1126 1115/1233/1115
f 1110/1228/1110 1109/1227/1109 1128/1246/1128
f 1110/1228/1110 1128/1246/1128 1122/1240/1122
f 1109/1227/1109 1107/1225/1107 1128/1246/1128
f 1107/1225/1107 1129/1247/1129 1128/1246/1128
f 1128/1246/1128 1129/1247/1129 1130/1248/1130
f 1128/1246/1128 1130/1248/1130 1131/1249/1131
f 1122/1240/1122 1128/1246/1128 1131/1249/1131
f 1122/1240/1122 1131/1249/1131 1124/1242/1124
f 1115/1233/1115 1126/1244/1126 1132/1250/1132
f 1126/1244/1126 1133/1251/1133 1132/1250/1132
f 1126/1244/1126 1127/1245/1127 1133/1251/1133
f 1127/1245/1127 1134/1252/1134 1133/1251/1133
f 1133/1251/1133 1134/1252/1134 1135/1253/1135
f 1134/1252/1134 1136/1254/1136 1135/1253/1135
f 1132/1250/1132 1133/1251/1133 1137/1255/1137
f 1133/1251/1133 1135/1253/1135 1137/1255/1137
f 1115/1233/1115 1132/1250/1132 1116/1234/1116
f 1132/1250/1132 1138/1256/1138 1116/1234/1116
f 1132/1250/1132 1137/1255/1137 1138/1256/1138
f 1137/1255/1137 1139/1257/1139 1138/1256/1138
f 1138/1256/1138 1139/1257/1139 1140/1258/1140
f 1139/1257/1139 1141/1259/1141 1140/1258/1140
f 1116/1234/1116 1138/1256/1138 1117/1235/1117
f 1138/1256/1138 1140/1258/1140 1117/1235/1117
f 1124/1242/1124 1142/1260/1142 1125/1243/1125
f 1142/1260/1142 1143/1261/1143 1125/1243/1125
f 1142/1260/1142 1144/1262/1144 1143/1261/1143
f 1144/1262/1144 1145/1263/1145 1143/1261/1143
f 1143/1261/1143 1145/1263/1145 1146/1264/1146
f 1145/1263/1145 1147/1265/1147 1146/1264/1146
f 1125/1243/1125 1143/1261/1143 1127/1245/1127
f 1143/1261/1143 1146/1264/1146 1127/1245/1127
f 1124/1242/1124 1131/1249/1131 1148/1266/1148
f 1124/1242/1124 1148/1266/1148 1142/1260/1142
f 1131/1249/1131 1130/1248/1130 1149/1267/1149
f 1131/1249/1131 1149/1267/1149 1148/1266/1148
f 1148/1266/1148 1149/1267/1149 1150/1268/1150
f 1148/1266/1148 1150/1268/1150 1151/1269/1151
f 1142/1260/1142 1148/1266/1148 1151/1269/1151
f 1142/1260/1142 1151/1269/1151 1144/1262/1144
f 1152/1270/1152 1153/1271/1153 1154/1272/1154
f 1152/1270/1152 1154/1272/1154 1155/1273/1155
f 1153/1271/1153 1156/1274/1156 1157/1275/1157
f 1153/1271/1153 1157/1275/1157 1154/1272/1154
f 1154/1272/1154 1157/1275/1157 1158/1276/1158
f 1154/1272/1154 1158/1276/1158 1159/1277/1159
f 1155/1273/1155 1154/1272/1154 1159/1277/1159
f 1155/1273/1155 1159/1277/1159 1160/1278/1160
f 1152/1270/1152 1161/1279/1161 1153/1271/1153
f 1161/1279/1161 1162/1280/1162 1153/1271/1153
f 1161/1279/1161 1163/1281/1163 1162/1280/1162
f 1163/1281/1163 1164/1282/1164 1162/1280/1162
f 1162/1280/1162 1164/1282/1164 1165/1283/1165
f 1164/1282/1164 1166/1284/1166 1165/1283/1165
f 1153/1271/1153 1162/1280/1162 1156/1274/1156
f 1162/1280/1162 1165/1283/1165 1156/1274/1156
f 1152/1270/1152 1167/1285/1167 1168/1286/1168
f 1152/1270/1152 1168/1286/1168 1161/1279/1161
f 1167/1285/1167 1169/1287/1169 1170/1288/1170
f 1167/1285/1167 1170/1288/1170 1168/1286/1168
f 1168/1286/1168 1170/1288/1170 1171/1289/1171
f 1168/1286/1168 1171/1289/1171 1172/1290/1172
f 1161/1279/1161 1168/1286/1168 1172/1290/1172
f 1161/1279/1161 1172/1290/1172 1163/1281/1163
f 1152/1270/1152 1155/1273/1155 1167/1285/1167
f 1155/1273/1155 1173/1291/1173 1167/1285/1167
f 1155/1273/1155 1160/1278/1160 1173/1291/1173
f 1160/1278/1160 1174/1292/1174 1173/1291/1173
f 1173/1291/1173 1174/1292/1174 1175/1293/1175
f 1174/1292/1174 905/1006/905 1175/1293/1175
f 1167/1285/1167 1173/1291/1173 1175/1293/1175
f 1167/1285/1167 1175/1293/1175 1169/1287/1169
f 922/1023/922 1176/1294/1176 1177/1295/1177
f 922/1023/922 1177/1295/1177 921/1022/921
f 1176/1294/1176 1178/1296/1178 1179/1297/1179
f 1176/1294/1176 1179/1297/1179 1177/1295/1177
f 1177/1295/1177 1179/1297/1179 909/1010/909
f 1177/1295/1177 909/1010/909 907/1008/907
f 921/1022/921 1177/1295/1177 907/1008/907
f 921/1022/921 907/1008/907 894/995/894
f 922/1023/922 1180/1298/1180 1181/1299/1181
f 922/1023/922 1181/1299/1181 1176/1294/1176
f 1180/1298/1180 1182/1300/1182 1183/1301/1183
f 1180/1298/1180 1183/1301/1183 1181/1299/1181
f 1181/1299/1181 1183/1301/1183 1184/1302/1184
f 1181/1299/1181 1184/1302/1184 1185/1303/1185
f 1176/1294/1176 1181/1299/1181 1185/1303/1185
f 1176/1294/1176 1185/1303/1185 1178/1296/1178
f 922/1023/922 920/1021/920 1180/1298/1180
f 920/1021/920 1186/1304/1186 1180/1298/1180
f 920/1021/920 917/1018/917 1186/1304/1186
f 917/1018/917 1187/1305/1187 1186/1304/1186
f 1186/1304/1186 1187/1305/1187 1188/1306/1188
f 1187/1305/1187 1189/1307/1189 1188/1306/1188
f 1180/1298/1180 1186/1304/1186 1182/1300/1182
f 1186/1304/1186 1188/1306/1188 1182/1300/1182
f 1178/1296/1178 1185/1303/1185 1190/1308/1190
f 1178/1296/1178 1190/1308/1190 1191/1309/1191
f 1185/1303/1185 1184/1302/1184 1192/1310/1192
f 1185/1303/1185 1192/1310/1192 1190/1308/1190
f 1190/1308/1190 1192/1310/1192 1193/1311/1193
f 1192/1310/1192 1194/1312/1194 1193/1311/1193
f 1191/1309/1191 1190/1308/1190 1193/1311/1193
f 1191/1309/1191 1193/1311/1193 1171/1289/1171
f 1178/1296/1178 1191/1309/1191 1179/1297/1179
f 1191/1309/1191 1195/1313/1195 1179/1297/1179
f 1191/1309/1191 1171/1289/1171 1195/1313/1195
f 1171/1289/1171 1170/1288/1170 1195/1313/1195
f 1195/1313/1195 1170/1288/1170 1196/1314/1196
f 1170/1288/1170 1169/1287/1169 1196/1314/1196
f 1179/1297/1179 1195/1313/1195 1196/1314/1196
f 1179/1297/1179 1196/1314/1196 909/1010/909
f 1171/1289/1171 1193/1311/1193 1172/1290/1172
f 1193/1311/1193 1197/1315/1197 1172/1290/1172
f 1193/1311/1193 1194/1312/1194 1197/1315/1197
f 1194/1312/1194 1198/1316/1198 1197/1315/1197
f 1197/1315/1197 1198/1316/1198 1199/1317/1199
f 1198/1316/1198 1200/1318/1200 1199/1317/1199
f 1172/1290/1172 1197/1315/1197 1163/1281/1163
f 1197/1315/1197 1199/1317/1199 1163/1281/1163
f 1184/1302/1184 1201/1319/1201 1192/1310/1192
f 1201/1319/1201 1202/1320/1202 1192/1310/1192
f 1201/1319/1201 1203/1321/1203 1202/1320/1202
f 1203/1321/1203 1204/1322/1204 1202/1320/1202
f 1202/1320/1202 1204/1322/1204 1205/1323/1205
f 1204/1322/1204 1206/1324/1206 1205/1323/1205
f 1192/1310/1192 1202/1320/1202 1194/1312/1194
f 1202/1320/1202 1205/1323/1205 1194/1312/1194
f 1184/1302/1184 1183/1301/1183 1201/1319/1201
f 1183/1301/1183 1207/1325/1207 1201/1319/1201
f 1183/1301/1183 1182/1300/1182 1207/1325/1207
f 1182/1300/1182 1208/1326/1208 1207/1325/1207
f 1207/1325/1207 1208/1326/1208 1209/1327/1209
f 1208/1326/1208 1210/1328/1210 1209/1327/1209
f 1201/1319/1201 1207/1325/1207 1203/1321/1203
f 1207/1325/1207 1209/1327/1209 1203/1321/1203
f 1088/1206/1088 1096/1214/1096 1211/1329/1211
f 1096/1214/1096 1212/1330/1212 1211/1329/1211
f 1096/1331/1096 1097/1332/1097 1212/1333/1212
f 1097/1332/1097 1213/1334/1213 1212/1333/1212
f 1212/1333/1212 1213/1334/1213 1214/1335/1214
f 1213/1334/1213 1215/1336/1215 1214/1335/1214
f 1211/1337/1211 1212/1333/1212 1216/1338/1216
f 1212/1333/1212 1214/1335/1214 1216/1338/1216
f 1088/1206/1088 1211/1329/1211 1217/1339/1217
f 1088/1206/1088 1217/1339/1217 1089/1207/1089
f 1211/1337/1211 1216/1338/1216 1218/1340/1218
f 1211/1337/1211 1218/1340/1218 1217/1341/1217
f 1217/1341/1217 1218/1340/1218 1219/1342/1219
f 1217/1341/1217 1219/1342/1219 1220/1343/1220
f 1089/1207/1089 1217/1339/1217 1220/1344/1220
f 1089/1207/1089 1220/1344/1220 1090/1208/1090
f 1097/1332/1097 1221/1345/1221 1213/1334/1213
f 1221/1345/1221 1222/1346/1222 1213/1334/1213
f 1221/1345/1221 1223/1347/1223 1222/1346/1222
f 1223/1347/1223 1224/1348/1224 1222/1346/1222
f 1222/1346/1222 1224/1348/1224 1225/1349/1225
f 1224/1348/1224 1226/1350/1226 1225/1349/1225
f 1213/1334/1213 1222/1346/1222 1215/1336/1215
f 1222/1346/1222 1225/1349/1225 1215/1336/1215
f 1097/1215/1097 1095/1213/1095 1227/1351/1227
f 1097/1215/1097 1227/1351/1227 1221/1352/1221
f 1095/1213/1095 1094/1212/1094 1120/1238/1120
f 1095/1213/1095 1120/1238/1120 1227/1351/1227
f 1227/1351/1227 1120/1238/1120 1121/1239/1121
f 1227/1351/1227 1121/1239/1121 1228/1353/1228
f 1221/1352/1221 1227/1351/1227 1223/1354/1223
f 1227/1351/1227 1228/1353/1228 1223/1354/1223
f 1121/1239/1121 1119/1237/1119 1229/1355/1229
f 1121/1239/1121 1229/1355/1229 1230/1356/1230
f 1119/1237/1119 1117/1235/1117 1140/1258/1140
f 1119/1237/1119 1140/1258/1140 1229/1355/1229
f 1229/1355/1229 1140/1258/1140 1141/1259/1141
f 1229/1355/1229 1141/1259/1141 1231/1357/1231
f 1230/1356/1230 1229/1355/1229 1231/1357/1231
f 1230/1356/1230 1231/1357/1231 1232/1358/1232
f 1121/1239/1121 1230/1356/1230 1228/1353/1228
f 1230/1356/1230 1233/1359/1233 1228/1353/1228
f 1230/1356/1230 1232/1358/1232 1233/1359/1233
f 1232/1358/1232 1234/1360/1234 1233/1359/1233
f 1233/1361/1233 1234/1362/1234 1235/1363/1235
f 1234/1362/1234 1236/1364/1236 1235/1363/1235
f 1228/1353/1228 1233/1359/1233 1223/1354/1223
f 1233/1359/1233 1235/1365/1235 1223/1354/1223
f 1232/1358/1232 1237/1366/1237 1234/1360/1234
f 1237/1366/1237 1238/1367/1238 1234/1360/1234
f 1237/1366/1237 1239/1368/1239 1238/1367/1238
f 1239/1368/1239 1240/1369/1240 1238/1367/1238
f 1238/1367/1238 1240/1369/1240 1241/1370/1241
f 1240/1369/1240 1242/1371/1242 1241/1370/1241
f 1234/1362/1234 1238/1372/1238 1236/1364/1236
f 1238/1372/1238 1241/1373/1241 1236/1364/1236
f 1232/1358/1232 1231/1357/1231 1243/1374/1243
f 1232/1358/1232 1243/1374/1243 1237/1366/1237
f 1231/1357/1231 1141/1259/1141 1244/1375/1244
f 1231/1357/1231 1244/1375/1244 1243/1374/1243
f 1243/1374/1243 1244/1375/1244 1245/1376/1245
f 1243/1374/1243 1245/1376/1245 1246/1377/1246
f 1237/1366/1237 1243/1374/1243 1239/1368/1239
f 1243/1374/1243 1246/1377/1246 1239/1368/1239
f 1141/1259/1141 1139/1257/1139 1244/1375/1244
f 1139/1257/1139 1247/1378/1247 1244/1375/1244
f 1139/1257/1139 1137/1255/1137 1247/1378/1247
f 1137/1255/1137 1135/1253/1135 1247/1378/1247
f 1247/1378/1247 1135/1253/1135 1248/1379/1248
f 1135/1253/1135 1136/1254/1136 1248/1379/1248
f 1244/1375/1244 1247/1378/1247 1245/1376/1245
f 1247/1378/1247 1248/1379/1248 1245/1376/1245
f 1249/1380/1249 1250/1381/1250 1251/1382/1251
f 1250/1381/1250 1252/1383/1252 1251/1382/1251
f 1250/1381/1250 1253/1384/1253 1254/1385/1254
f 1250/1381/1250 1254/1385/1254 1252/1383/1252
f 1252/1383/1252 1254/1385/1254 1255/1386/1255
f 1252/1383/1252 1255/1386/1255 1256/1387/1256
f 1251/1382/1251 1252/1383/1252 1256/1387/1256
f 1251/1382/1251 1256/1387/1256 1257/1388/1257
f 1249/1380/1249 1258/1389/1258 1259/1390/1259
f 1249/1380/1249 1259/1390/1259 1250/1381/1250
f 1258/1389/1258 1260/1391/1260 1261/1392/1261
f 1258/1389/1258 1261/1392/1261 1259/1390/1259
f 1259/1390/1259 1261/1392/1261 1262/1393/1262
f 1259/1390/1259 1262/1393/1262 1263/1394/1263
f 1250/1381/1250 1259/1390/1259 1253/1384/1253
f 1259/1390/1259 1263/1394/1263 1253/1384/1253
f 1249/1380/1249 1264/1395/1264 1258/1389/1258
f 1264/1395/1264 1265/1396/1265 1258/1389/1258
f 1264/1395/1264 1266/1397/1266 1265/1396/1265
f 1266/1397/1266 1267/1398/1267 1265/1396/1265
f 1265/1396/1265 1267/1398/1267 1268/1399/1268
f 1267/1398/1267 1269/1400/1269 1268/1399/1268
f 1258/1389/1258 1265/1396/1265 1260/1391/1260
f 1265/1396/1265 1268/1399/1268 1260/1391/1260
f 1249/1380/1249 1251/1382/1251 1270/1401/1270
f 1249/1380/1249 1270/1401/1270 1264/1395/1264
f 1251/1382/1251 1257/1388/1257 1271/1402/1271
f 1251/1382/1251 1271/1402/1271 1270/1401/1270
f 1270/1401/1270 1271/1402/1271 1272/1403/1272
f 1271/1402/1271 1273/1404/1273 1272/1403/1272
f 1264/1395/1264 1270/1401/1270 1272/1403/1272
f 1264/1395/1264 1272/1403/1272 1266/1397/1266
f 1266/1397/1266 1272/1403/1272 1274/1405/1274
f 1266/1397/1266 1274/1405/1274 1275/1406/1275
f 1272/1403/1272 1273/1404/1273 1274/1405/1274
f 1273/1404/1273 1276/1407/1276 1274/1405/1274
f 1274/1405/1274 1276/1407/1276 1277/1408/1277
f 1274/1405/1274 1277/1408/1277 1278/1409/1278
f 1275/1406/1275 1274/1405/1274 1279/1410/1279
f 1274/1405/1274 1278/1409/1278 1279/1410/1279
f 1266/1397/1266 1275/1406/1275 1267/1398/1267
f 1275/1406/1275 1280/1411/1280 1267/1398/1267
f 1275/1406/1275 1279/1410/1279 1280/1411/1280
f 1279/1410/1279 1281/1412/1281 1280/1411/1280
f 1280/1411/1280 1281/1412/1281 1282/1413/1282
f 1280/1411/1280 1282/1413/1282 1283/1414/1283
f 1267/1398/1267 1280/1411/1280 1269/1400/1269
f 1280/1411/1280 1283/1414/1283 1269/1400/1269
f 838/930/838 1284/1415/1284 837/929/837
f 1284/1415/1284 1285/1416/1285 837/929/837
f 1284/1417/1284 1286/1418/1286 1285/1419/1285
f 1286/1418/1286 1287/1420/1287 1285/1419/1285
f 1285/1419/1285 1287/1420/1287 1288/1421/1288
f 1287/1420/1287 1289/1422/1289 1288/1421/1288
f 837/929/837 1285/1416/1285 839/931/839
f 1285/1416/1285 1288/1423/1288 839/931/839
f 838/930/838 1290/1424/1290 1284/1415/1284
f 1290/1424/1290 1291/1425/1291 1284/1415/1284
f 1290/1424/1290 1292/1426/1292 1291/1425/1291
f 1292/1426/1292 1293/1427/1293 1291/1425/1291
f 1291/1425/1291 1293/1427/1293 1294/1428/1294
f 1293/1427/1293 1295/1429/1295 1294/1428/1294
f 1284/1417/1284 1291/1430/1291 1286/1418/1286
f 1291/1430/1291 1294/1431/1294 1286/1418/1286
f 838/930/838 836/928/836 1296/1432/1296
f 838/930/838 1296/1432/1296 1290/1424/1290
f 836/928/836 597/665/597 1297/1433/1297
f 836/928/836 1297/1433/1297 1296/1432/1296
f 1296/1432/1296 1297/1433/1297 1298/1434/1298
f 1296/1432/1296 1298/1434/1298 1299/1435/1299
f 1290/1424/1290 1296/1432/1296 1299/1435/1299
f 1290/1424/1290 1299/1435/1299 1292/1426/1292
f 1292/1426/1292 1299/1435/1299 1300/1436/1300
f 1292/1426/1292 1300/1436/1300 1301/1437/1301
f 1299/1435/1299 1298/1434/1298 1302/1438/1302
f 1299/1435/1299 1302/1438/1302 1300/1436/1300
f 1300/1436/1300 1302/1438/1302 1303/1439/1303
f 1300/1436/1300 1303/1439/1303 1304/1440/1304
f 1301/1437/1301 1300/1436/1300 1304/1440/1304
f 1301/1437/1301 1304/1440/1304 1305/1441/1305
f 1292/1426/1292 1301/1437/1301 1293/1427/1293
f 1301/1437/1301 1306/1442/1306 1293/1427/1293
f 1301/1437/1301 1305/1441/1305 1306/1442/1306
f 1305/1441/1305 1307/1443/1307 1306/1442/1306
f 1306/1442/1306 1307/1443/1307 1308/1444/1308
f 1307/1443/1307 1309/1445/1309 1308/1444/1308
f 1293/1427/1293 1306/1442/1306 1295/1429/1295
f 1306/1442/1306 1308/1444/1308 1295/1429/1295
f 1310/1446/1310 1311/1447/1311 1312/1448/1312
f 1310/1446/1310 1312/1448/1312 1313/1449/1313
f 1311/1447/1311 1314/1450/1314 1315/1451/1315
f 1311/1447/1311 1315/1451/1315 1312/1448/1312
f 1312/1448/1312 1315/1451/1315 1316/1452/1316
f 1312/1448/1312 1316/1452/1316 1317/1453/1317
f 1313/1449/1313 1312/1448/1312 1317/1453/1317
f 1313/1449/1313 1317/1453/1317 1318/1454/1318
f 1310/1446/1310 1319/1455/1319 1311/1447/1311
f 1319/1455/1319 1320/1456/1320 1311/1447/1311
f 1319/1455/1319 1321/1457/1321 1320/1456/1320
f 1321/1457/1321 1322/1458/1322 1320/1456/1320
f 1320/1456/1320 1322/1458/1322 1323/1459/1323
f 1322/1458/1322 1324/1460/1324 1323/1459/1323
f 1311/1447/1311 1320/1456/1320 1314/1450/1314
f 1320/1456/1320 1323/1459/1323 1314/1450/1314
f 1310/1446/1310 1325/1461/1325 1326/1462/1326
f 1310/1446/1310 1326/1462/1326 1319/1455/1319
f 1325/1461/1325 1327/1463/1327 1328/1464/1328
f 1325/1461/1325 1328/1464/1328 1326/1462/1326
f 1326/1462/1326 1328/1464/1328 1329/1465/1329
f 1326/1462/1326 1329/1465/1329 1330/1466/1330
f 1319/1455/1319 1326/1462/1326 1330/1466/1330
f 1319/1455/1319 1330/1466/1330 1321/1457/1321
f 1310/1446/1310 1313/1449/1313 1325/1461/1325
f 1313/1449/1313 1331/1467/1331 1325/1461/1325
f 1313/1449/1313 1318/1454/1318 1331/1467/1331
f 1318/1454/1318 1332/1468/1332 1331/1467/1331
f 1331/1467/1331 1332/1468/1332 1333/1469/1333
f 1332/1468/1332 1334/1470/1334 1333/1469/1333
f 1325/1461/1325 1331/1467/1331 1327/1463/1327
f 1331/1467/1331 1333/1469/1333 1327/1463/1327
f 1318/1454/1318 1317/1453/1317 1335/1471/1335
f 1318/1454/1318 1335/1471/1335 1336/1472/1336
f 1317/1453/1317 1316/1452/1316 1337/1473/1337
f 1317/1453/1317 1337/1473/1337 1335/1471/1335
f 1335/1471/1335 1337/1473/1337 1338/1474/1338
f 1337/1473/1337 1339/1475/1339 1338/1474/1338
f 1336/1472/1336 1335/1471/1335 1340/1476/1340
f 1335/1471/1335 1338/1474/1338 1340/1476/1340
f 1318/1454/1318 1336/1472/1336 1341/1477/1341
f 1318/1454/1318 1341/1477/1341 1332/1468/1332
f 1336/1472/1336 1340/1476/1340 1342/1478/1342
f 1336/1472/1336 1342/1478/1342 1341/1477/1341
f 1341/1477/1341 1342/1478/1342 1343/1479/1343
f 1341/1477/1341 1343/1479/1343 1344/1480/1344
f 1332/1468/1332 1341/1477/1341 1334/1470/1334
f 1341/1477/1341 1344/1480/1344 1334/1470/1334
f 1340/1476/1340 1345/1481/1345 1346/1482/1346
f 1340/1476/1340 1346/1482/1346 1342/1478/1342
f 1345/1483/1345 1150/1268/1150 1149/1267/1149
f 1345/1483/1345 1149/1267/1149 1346/1484/1346
f 1346/1484/1346 1149/1267/1149 1130/1248/1130
f 1346/1484/1346 1130/1248/1130 1347/1485/1347
f 1342/1478/1342 1346/1482/1346 1347/1486/1347
f 1342/1478/1342 1347/1486/1347 1343/1479/1343
f 1340/1487/1340 1338/1488/1338 1345/1489/1345
f 1338/1488/1338 1348/1490/1348 1345/1489/1345
f 1338/1488/1338 1339/1491/1339 1348/1490/1348
f 1339/1491/1339 1349/1492/1349 1348/1490/1348
f 1348/1490/1348 1349/1492/1349 1350/1493/1350
f 1349/1492/1349 1351/1494/1351 1350/1493/1350
f 1345/1489/1345 1348/1490/1348 1150/1495/1150
f 1348/1490/1348 1350/1493/1350 1150/1495/1150
f 1150/1268/1150 1350/1496/1350 1151/1269/1151
f 1350/1496/1350 1352/1497/1352 1151/1269/1151
f 1350/1496/1350 1351/1498/1351 1352/1497/1352
f 1351/1498/1351 1353/1499/1353 1352/1497/1352
f 1352/1500/1352 1353/1501/1353 1354/1502/1354
f 1353/1501/1353 1355/1503/1355 1354/1502/1354
f 1151/1269/1151 1352/1497/1352 1144/1262/1144
f 1352/1497/1352 1354/1504/1354 1144/1262/1144
f 1314/1450/1314 1356/1505/1356 1357/1506/1357
f 1314/1450/1314 1357/1506/1357 1315/1451/1315
f 1356/1505/1356 1358/1507/1358 1359/1508/1359
f 1356/1505/1356 1359/1508/1359 1357/1506/1357
f 1357/1506/1357 1359/1508/1359 1360/1509/1360
f 1357/1506/1357 1360/1509/1360 1361/1510/1361
f 1315/1451/1315 1357/1506/1357 1361/1510/1361
f 1315/1451/1315 1361/1510/1361 1316/1452/1316
f 1314/1450/1314 1323/1459/1323 1356/1505/1356
f 1323/1459/1323 1362/1511/1362 1356/1505/1356
f 1323/1459/1323 1324/1460/1324 1362/1511/1362
f 1324/1460/1324 1363/1512/1363 1362/1511/1362
f 1362/1511/1362 1363/1512/1363 1364/1513/1364
f 1363/1512/1363 1365/1514/1365 1364/1513/1364
f 1356/1505/1356 1362/1511/1362 1358/1507/1358
f 1362/1511/1362 1364/1513/1364 1358/1507/1358
f 1316/1452/1316 1361/1510/1361 1366/1515/1366
f 1316/1452/1316 1366/1515/1366 1337/1473/1337
f 1361/1510/1361 1360/1509/1360 1367/1516/1367
f 1361/1510/1361 1367/1516/1367 1366/1515/1366
f 1366/1517/1366 1367/1518/1367 1368/1519/1368
f 1367/1518/1367 1369/1520/1369 1368/1519/1368
f 1337/1521/1337 1366/1517/1366 1339/1491/1339
f 1366/1517/1366 1368/1519/1368 1339/1491/1339
f 1339/1491/1339 1368/1519/1368 1349/1492/1349
f 1368/1519/1368 1370/1522/1370 1349/1492/1349
f 1368/1519/1368 1369/1520/1369 1370/1522/1370
f 1369/1520/1369 1371/1523/1371 1370/1522/1370
f 1370/1522/1370 1371/1523/1371 1372/1524/1372
f 1370/1522/1370 1372/1524/1372 1373/1525/1373
f 1349/1492/1349 1370/1522/1370 1351/1494/1351
f 1370/1522/1370 1373/1525/1373 1351/1494/1351
f 1358/1507/1358 1374/1526/1374 1359/1508/1359
f 1374/1526/1374 1375/1527/1375 1359/1508/1359
f 1374/1526/1374 1376/1528/1376 1375/1527/1375
f 1376/1528/1376 1377/1529/1377 1375/1527/1375
f 1375/1527/1375 1377/1529/1377 1378/1530/1378
f 1377/1529/1377 1379/1531/1379 1378/1530/1378
f 1359/1508/1359 1375/1527/1375 1360/1509/1360
f 1375/1527/1375 1378/1530/1378 1360/1509/1360
f 1358/1507/1358 1364/1513/1364 1380/1532/1380
f 1358/1507/1358 1380/1532/1380 1374/1526/1374
f 1364/1513/1364 1365/1514/1365 1381/1533/1381
f 1364/1513/1364 1381/1533/1381 1380/1532/1380
f 1380/1532/1380 1381/1533/1381 1382/1534/1382
f 1380/1532/1380 1382/1534/1382 1383/1535/1383
f 1374/1526/1374 1380/1532/1380 1383/1535/1383
f 1374/1526/1374 1383/1535/1383 1376/1528/1376
f 1360/1536/1360 1378/1537/1378 1367/1518/1367
f 1378/1537/1378 1384/1538/1384 1367/1518/1367
f 1378/1537/1378 1379/1539/1379 1384/1538/1384
f 1379/1539/1379 1385/1540/1385 1384/1538/1384
f 1384/1538/1384 1385/1540/1385 1386/1541/1386
f 1385/1540/1385 1387/1542/1387 1386/1541/1386
f 1367/1518/1367 1384/1538/1384 1369/1520/1369
f 1384/1538/1384 1386/1541/1386 1369/1520/1369
f 1376/1528/1376 1388/1543/1388 1377/1529/1377
f 1388/1543/1388 1389/1544/1389 1377/1529/1377
f 1388/1543/1388 1390/1545/1390 1389/1544/1389
f 1390/1545/1390 1391/1546/1391 1389/1544/1389
f 1389/1547/1389 1391/1548/1391 1392/1549/1392
f 1391/1548/1391 1393/1550/1393 1392/1549/1392
f 1377/1551/1377 1389/1552/1389 1379/1539/1379
f 1389/1552/1389 1392/1553/1392 1379/1539/1379
f 1376/1528/1376 1383/1535/1383 1394/1554/1394
f 1376/1528/1376 1394/1554/1394 1388/1543/1388
f 1383/1535/1383 1382/1534/1382 1395/1555/1395
f 1383/1535/1383 1395/1555/1395 1394/1554/1394
f 1394/1554/1394 1395/1555/1395 1396/1556/1396
f 1394/1554/1394 1396/1556/1396 1397/1557/1397
f 1388/1543/1388 1394/1554/1394 1397/1557/1397
f 1388/1543/1388 1397/1557/1397 1390/1545/1390
f 493/553/493 1398/1558/1398 492/552/492
f 1398/1558/1398 1399/1559/1399 492/552/492
f 1398/1558/1398 1400/1560/1400 1399/1559/1399
f 1400/1560/1400 1401/1561/1401 1399/1559/1399
f 1399/1559/1399 1401/1561/1401 1402/1562/1402
f 1401/1561/1401 1403/1563/1403 1402/1562/1402
f 492/552/492 1399/1559/1399 1402/1562/1402
f 492/552/492 1402/1562/1402 486/546/486
f 493/553/493 1404/1564/1404 1405/1565/1405
f 493/553/493 1405/1565/1405 1398/1558/1398
f 1404/1564/1404 1406/1566/1406 1405/1565/1405
f 1406/1566/1406 1407/1567/1407 1405/1565/1405
f 1405/1565/1405 1407/1567/1407 1408/1568/1408
f 1407/1567/1407 1409/1569/1409 1408/1568/1408
f 1398/1558/1398 1405/1565/1405 1400/1560/1400
f 1405/1565/1405 1408/1568/1408 1400/1560/1400
f 493/553/493 491/551/491 1404/1564/1404
f 491/551/491 1410/1570/1410 1404/1564/1404
f 491/551/491 477/537/477 1410/1570/1410
f 477/537/477 475/535/475 1410/1570/1410
f 1410/1570/1410 475/535/475 1411/1571/1411
f 475/535/475 476/536/476 1411/1571/1411
f 1404/1564/1404 1410/1570/1410 1406/1566/1406
f 1410/1570/1410 1411/1571/1411 1406/1566/1406
f 486/546/486 1402/1562/1402 1412/1572/1412
f 486/546/486 1412/1572/1412 487/547/487
f 1402/1562/1402 1403/1563/1403 1412/1572/1412
f 1403/1563/1403 1413/1573/1413 1412/1572/1412
f 1412/1572/1412 1413/1573/1413 1414/1574/1414
f 1413/1573/1413 1415/1575/1415 1414/1574/1414
f 487/547/487 1412/1572/1412 1414/1574/1414
f 487/547/487 1414/1574/1414 489/549/489
f 1400/1560/1400 1416/1576/1416 1401/1561/1401
f 1416/1576/1416 1417/1577/1417 1401/1561/1401
f 1416/1576/1416 1418/1578/1418 1417/1577/1417
f 1418/1578/1418 1419/1579/1419 1417/1577/1417
f 1417/1577/1417 1419/1579/1419 1420/1580/1420
f 1419/1579/1419 1421/1581/1421 1420/1580/1420
f 1401/1561/1401 1417/1577/1417 1403/1563/1403
f 1417/1577/1417 1420/1580/1420 1403/1563/1403
f 1400/1560/1400 1408/1568/1408 1422/1582/1422
f 1400/1560/1400 1422/1582/1422 1416/1576/1416
f 1408/1568/1408 1409/1569/1409 1422/1582/1422
f 1409/1569/1409 1423/1583/1423 1422/1582/1422
f 1422/1582/1422 1423/1583/1423 1424/1584/1424
f 1423/1583/1423 1425/1585/1425 1424/1584/1424
f 1416/1576/1416 1422/1582/1422 1418/1578/1418
f 1422/1582/1422 1424/1584/1424 1418/1578/1418
f 1418/1578/1418 1426/1586/1426 1427/1587/1427
f 1418/1578/1418 1427/1587/1427 1419/1579/1419
f 1426/1586/1426 1428/1588/1428 1427/1587/1427
f 1428/1588/1428 1429/1589/1429 1427/1587/1427
f 1427/1587/1427 1429/1589/1429 1430/1590/1430
f 1429/1589/1429 1431/1591/1431 1430/1590/1430
f 1419/1579/1419 1427/1587/1427 1421/1581/1421
f 1427/1587/1427 1430/1590/1430 1421/1581/1421
f 1418/1578/1418 1424/1584/1424 1426/1586/1426
f 1424/1584/1424 1432/1592/1432 1426/1586/1426
f 1424/1584/1424 1425/1585/1425 1432/1592/1432
f 1425/1585/1425 1433/1593/1433 1432/1592/1432
f 1432/1592/1432 1433/1593/1433 1434/1594/1434
f 1433/1593/1433 1435/1595/1435 1434/1594/1434
f 1426/1586/1426 1432/1592/1432 1428/1588/1428
f 1432/1592/1432 1434/1594/1434 1428/1588/1428
f 1436/1596/1436 1437/1597/1437 1438/1598/1438
f 1437/1597/1437 1439/1599/1439 1438/1598/1438
f 1437/1597/1437 1305/1441/1305 1439/1599/1439
f 1305/1441/1305 1304/1440/1304 1439/1599/1439
f 1439/1599/1439 1304/1440/1304 1440/1600/1440
f 1304/1440/1304 1303/1439/1303 1440/1600/1440
f 1438/1598/1438 1439/1599/1439 1441/1601/1441
f 1439/1599/1439 1440/1600/1440 1441/1601/1441
f 1436/1596/1436 1442/1602/1442 1437/1597/1437
f 1442/1602/1442 1443/1603/1443 1437/1597/1437
f 1442/1602/1442 1444/1604/1444 1443/1603/1443
f 1444/1604/1444 1445/1605/1445 1443/1603/1443
f 1443/1603/1443 1445/1605/1445 1307/1443/1307
f 1445/1605/1445 1309/1445/1309 1307/1443/1307
f 1437/1597/1437 1443/1603/1443 1305/1441/1305
f 1443/1603/1443 1307/1443/1307 1305/1441/1305
f 1436/1596/1436 1446/1606/1446 1442/1602/1442
f 1446/1606/1446 1447/1607/1447 1442/1602/1442
f 1446/1606/1446 1448/1608/1448 1447/1607/1447
f 1448/1608/1448 1449/1609/1449 1447/1607/1447
f 1447/1607/1447 1449/1609/1449 1450/1610/1450
f 1449/1609/1449 1451/1611/1451 1450/1610/1450
f 1442/1602/1442 1447/1607/1447 1444/1604/1444
f 1447/1607/1447 1450/1610/1450 1444/1604/1444
f 1436/1596/1436 1438/1598/1438 1446/1606/1446
f 1438/1598/1438 1452/1612/1452 1446/1606/1446
f 1438/1598/1438 1441/1601/1441 1452/1612/1452
f 1441/1601/1441 1453/1613/1453 1452/1612/1452
f 1452/1612/1452 1453/1613/1453 1454/1614/1454
f 1452/1612/1452 1454/1614/1454 1455/1615/1455
f 1446/1606/1446 1452/1612/1452 1448/1608/1448
f 1452/1612/1452 1455/1615/1455 1448/1608/1448
f 1441/1601/1441 1456/1616/1456 1457/1617/1457
f 1441/1601/1441 1457/1617/1457 1453/1613/1453
f 1456/1616/1456 1458/1618/1458 1459/1619/1459
f 1456/1616/1456 1459/1619/1459 1457/1617/1457
f 1457/1617/1457 1459/1619/1459 1460/1620/1460
f 1457/1617/1457 1460/1620/1460 1461/1621/1461
f 1453/1613/1453 1457/1617/1457 1461/1621/1461
f 1453/1613/1453 1461/1621/1461 1454/1614/1454
f 1441/1601/1441 1440/1600/1440 1456/1616/1456
f 1440/1600/1440 1462/1622/1462 1456/1616/1456
f 1440/1600/1440 1303/1439/1303 1462/1622/1462
f 1303/1439/1303 1463/1623/1463 1462/1622/1462
f 1462/1622/1462 1463/1623/1463 1464/1624/1464
f 1463/1623/1463 1465/1625/1465 1464/1624/1464
f 1456/1616/1456 1462/1622/1462 1458/1618/1458
f 1462/1622/1462 1464/1624/1464 1458/1618/1458
f 1458/1618/1458 1466/1626/1466 1467/1627/1467
f 1458/1618/1458 1467/1627/1467 1459/1619/1459
f 1466/1626/1466 1468/1628/1468 1469/1629/1469
f 1466/1626/1466 1469/1629/1469 1467/1627/1467
f 1467/1627/1467 1469/1629/1469 1470/1630/1470
f 1467/1627/1467 1470/1630/1470 1471/1631/1471
f 1459/1619/1459 1467/1627/1467 1471/1631/1471
f 1459/1619/1459 1471/1631/1471 1460/1620/1460
f 1458/1618/1458 1464/1624/1464 1466/1626/1466
f 1464/1624/1464 1472/1632/1472 1466/1626/1466
f 1464/1624/1464 1465/1625/1465 1472/1632/1472
f 1465/1625/1465 1473/1633/1473 1472/1632/1472
f 1472/1632/1472 1473/1633/1473 1474/1634/1474
f 1473/1633/1473 1475/1635/1475 1474/1634/1474
f 1466/1626/1466 1472/1632/1472 1468/1628/1468
f 1472/1632/1472 1474/1634/1474 1468/1628/1468
f 113/138/113 121/146/121 136/167/136
f 121/146/121 1476/1636/1476 136/167/136
f 121/146/121 122/147/122 1476/1636/1476
f 122/147/122 1477/1637/1477 1476/1636/1476
f 1476/1636/1476 1477/1637/1477 1478/1638/1478
f 1477/1637/1477 1479/1639/1479 1478/1638/1478
f 136/167/136 1476/1636/1476 138/169/138
f 1476/1636/1476 1478/1638/1478 138/169/138
f 508/568/508 1480/1640/1480 1481/1641/1481
f 508/568/508 1481/1641/1481 507/567/507
f 1480/1640/1480 1482/1642/1482 1481/1641/1481
f 1482/1642/1482 1483/1643/1483 1481/1641/1481
f 1481/1641/1481 1483/1643/1483 1484/1644/1484
f 1483/1643/1483 1485/1645/1485 1484/1644/1484
f 507/567/507 1481/1641/1481 498/558/498
f 1481/1641/1481 1484/1644/1484 498/558/498
f 508/568/508 1486/1646/1486 1487/1647/1487
f 508/568/508 1487/1647/1487 1480/1640/1480
f 1486/1646/1486 1488/1648/1488 1487/1647/1487
f 1488/1648/1488 1489/1649/1489 1487/1647/1487
f 1487/1647/1487 1489/1649/1489 1490/1650/1490
f 1487/1647/1487 1490/1650/1490 1491/1651/1491
f 1480/1640/1480 1487/1647/1487 1491/1651/1491
f 1480/1640/1480 1491/1651/1491 1482/1642/1482
f 508/568/508 506/566/506 1486/1646/1486
f 506/566/506 1492/1652/1492 1486/1646/1486
f 506/566/506 505/565/505 1492/1652/1492
f 505/565/505 1493/1653/1493 1492/1652/1492
f 1492/1652/1492 1493/1653/1493 1494/1654/1494
f 1493/1653/1493 1495/1655/1495 1494/1654/1494
f 1486/1646/1486 1492/1652/1492 1488/1648/1488
f 1492/1652/1492 1494/1654/1494 1488/1648/1488
f 1490/1650/1490 1496/1656/1496 1497/1657/1497
f 1490/1650/1490 1497/1657/1497 1498/1658/1498
f 1496/1656/1496 1499/1659/1499 1497/1657/1497
f 1499/1659/1499 1500/1660/1500 1497/1657/1497
f 1497/1657/1497 1500/1660/1500 1444/1604/1444
f 1497/1657/1497 1444/1604/1444 1501/1661/1501
f 1498/1658/1498 1497/1657/1497 1501/1661/1501
f 1498/1658/1498 1501/1661/1501 1502/1662/1502
f 1490/1650/1490 1489/1649/1489 1496/1656/1496
f 1489/1649/1489 1503/1663/1503 1496/1656/1496
f 1489/1649/1489 1488/1648/1488 1504/1664/1504
f 1489/1649/1489 1504/1664/1504 1503/1663/1503
f 1503/1663/1503 1504/1664/1504 1505/1665/1505
f 1503/1663/1503 1505/1665/1505 1506/1666/1506
f 1496/1656/1496 1503/1663/1503 1506/1666/1506
f 1496/1656/1496 1506/1666/1506 1499/1659/1499
f 1490/1650/1490 1498/1658/1498 1491/1651/1491
f 1498/1658/1498 1507/1667/1507 1491/1651/1491
f 1498/1658/1498 1502/1662/1502 1507/1667/1507
f 1502/1662/1502 1508/1668/1508 1507/1667/1507
f 1507/1667/1507 1508/1668/1508 1509/1669/1509
f 1508/1668/1508 1510/1670/1510 1509/1669/1509
f 1491/1651/1491 1507/1667/1507 1482/1642/1482
f 1507/1667/1507 1509/1669/1509 1482/1642/1482
f 1482/1642/1482 1509/1669/1509 1511/1671/1511
f 1482/1642/1482 1511/1671/1511 1483/1643/1483
f 1509/1669/1509 1510/1670/1510 1512/1672/1512
f 1509/1669/1509 1512/1672/1512 1511/1671/1511
f 1511/1671/1511 1512/1672/1512 1513/1673/1513
f 1511/1671/1511 1513/1673/1513 1514/1674/1514
f 1483/1643/1483 1511/1671/1511 1514/1674/1514
f 1483/1643/1483 1514/1674/1514 1485/1645/1485
f 1502/1662/1502 1515/1675/1515 1516/1676/1516
f 1502/1662/1502 1516/1676/1516 1508/1668/1508
f 1515/1675/1515 1517/1677/1517 1518/1678/1518
f 1515/1675/1515 1518/1678/1518 1516/1676/1516
f 1516/1676/1516 1518/1678/1518 1519/1679/1519
f 1516/1676/1516 1519/1679/1519 1520/1680/1520
f 1508/1668/1508 1516/1676/1516 1520/1680/1520
f 1508/1668/1508 1520/1680/1520 1510/1670/1510
f 1502/1662/1502 1501/1661/1501 1515/1675/1515
f 1501/1661/1501 1521/1681/1521 1515/1675/1515
f 1501/1661/1501 1444/1604/1444 1521/1681/1521
f 1444/1604/1444 1450/1610/1450 1521/1681/1521
f 1521/1681/1521 1450/1610/1450 1451/1611/1451
f 1521/1681/1521 1451/1611/1451 1522/1682/1522
f 1515/1675/1515 1521/1681/1521 1522/1682/1522
f 1515/1675/1515 1522/1682/1522 1517/1677/1517
f 1510/1670/1510 1520/1680/1520 1523/1683/1523
f 1510/1670/1510 1523/1683/1523 1512/1672/1512
f 1520/1680/1520 1519/1679/1519 1524/1684/1524
f 1520/1680/1520 1524/1684/1524 1523/1683/1523
f 1523/1683/1523 1524/1684/1524 1525/1685/1525
f 1524/1684/1524 1526/1686/1526 1525/1685/1525
f 1512/1672/1512 1523/1683/1523 1525/1685/1525
f 1512/1672/1512 1525/1685/1525 1513/1673/1513
f 1527/1687/1527 1528/1688/1528 1529/1689/1529
f 1528/1688/1528 1530/1690/1530 1529/1689/1529
f 1528/1688/1528 1531/1691/1531 1530/1690/1530
f 1531/1691/1531 1532/1692/1532 1530/1690/1530
f 1530/1690/1530 1532/1692/1532 1308/1444/1308
f 1532/1692/1532 1295/1429/1295 1308/1444/1308
f 1529/1689/1529 1530/1690/1530 1309/1445/1309
f 1530/1690/1530 1308/1444/1308 1309/1445/1309
f 1527/1687/1527 1533/1693/1533 1534/1694/1534
f 1527/1687/1527 1534/1694/1534 1528/1688/1528
f 1533/1693/1533 1535/1695/1535 1534/1694/1534
f 1535/1695/1535 1536/1696/1536 1534/1694/1534
f 1534/1697/1534 1536/1698/1536 1537/1699/1537
f 1536/1698/1536 1538/1700/1538 1537/1699/1537
f 1528/1701/1528 1534/1697/1534 1537/1699/1537
f 1528/1701/1528 1537/1699/1537 1531/1702/1531
f 1527/1687/1527 1539/1703/1539 1533/1693/1533
f 1539/1703/1539 1540/1704/1540 1533/1693/1533
f 1539/1703/1539 1499/1659/1499 1540/1704/1540
f 1499/1659/1499 1506/1666/1506 1540/1704/1540
f 1540/1704/1540 1506/1666/1506 1541/1705/1541
f 1506/1666/1506 1505/1665/1505 1541/1705/1541
f 1533/1693/1533 1540/1704/1540 1535/1695/1535
f 1540/1704/1540 1541/1705/1541 1535/1695/1535
f 1527/1687/1527 1529/1689/1529 1542/1706/1542
f 1527/1687/1527 1542/1706/1542 1539/1703/1539
f 1529/1689/1529 1309/1445/1309 1445/1605/1445
f 1529/1689/1529 1445/1605/1445 1542/1706/1542
f 1542/1706/1542 1445/1605/1445 1444/1604/1444
f 1542/1706/1542 1444/1604/1444 1500/1660/1500
f 1539/1703/1539 1542/1706/1542 1500/1660/1500
f 1539/1703/1539 1500/1660/1500 1499/1659/1499
f 1535/1695/1535 1541/1705/1541 1543/1707/1543
f 1535/1695/1535 1543/1707/1543 1544/1708/1544
f 1541/1705/1541 1505/1665/1505 1545/1709/1545
f 1541/1705/1541 1545/1709/1545 1543/1707/1543
f 1543/1707/1543 1545/1709/1545 1546/1710/1546
f 1545/1709/1545 1547/1711/1547 1546/1710/1546
f 1544/1708/1544 1543/1707/1543 1548/1712/1548
f 1543/1707/1543 1546/1710/1546 1548/1712/1548
f 1535/1695/1535 1544/1708/1544 1536/1696/1536
f 1544/1708/1544 1549/1713/1549 1536/1696/1536
f 1544/1708/1544 1548/1712/1548 1549/1713/1549
f 1548/1712/1548 1550/1714/1550 1549/1713/1549
f 1549/1713/1549 1550/1714/1550 1551/1715/1551
f 1550/1714/1550 1552/1716/1552 1551/1715/1551
f 1536/1696/1536 1549/1713/1549 1538/1717/1538
f 1549/1713/1549 1551/1715/1551 1538/1717/1538
f 1538/1717/1538 1551/1715/1551 1553/1718/1553
f 1551/1715/1551 1554/1719/1554 1553/1718/1553
f 1551/1715/1551 1552/1716/1552 1554/1719/1554
f 1552/1716/1552 1555/1720/1555 1554/1719/1554
f 1554/1719/1554 1555/1720/1555 1556/1721/1556
f 1555/1720/1555 843/935/843 1556/1721/1556
f 1553/1718/1553 1554/1719/1554 1557/1722/1557
f 1554/1719/1554 1556/1721/1556 1557/1722/1557
f 1538/1700/1538 1553/1723/1553 1537/1699/1537
f 1553/1723/1553 1558/1724/1558 1537/1699/1537
f 1553/1723/1553 1557/1725/1557 1558/1724/1558
f 1557/1725/1557 1559/1726/1559 1558/1724/1558
f 1558/1724/1558 1559/1726/1559 1560/1727/1560
f 1559/1726/1559 1289/1422/1289 1560/1727/1560
f 1537/1699/1537 1558/1724/1558 1531/1702/1531
f 1558/1724/1558 1560/1727/1560 1531/1702/1531
f 498/558/498 1484/1644/1484 499/559/499
f 1484/1644/1484 1561/1728/1561 499/559/499
f 1484/1644/1484 1485/1645/1485 1561/1728/1561
f 1485/1645/1485 1562/1729/1562 1561/1728/1561
f 1561/1728/1561 1562/1729/1562 1563/1730/1563
f 1562/1729/1562 1564/1731/1564 1563/1730/1563
f 499/559/499 1561/1728/1561 501/561/501
f 1561/1728/1561 1563/1730/1563 501/561/501
f 501/561/501 1563/1730/1563 521/581/521
f 1563/1730/1563 1565/1732/1565 521/581/521
f 1563/1730/1563 1564/1731/1564 1565/1732/1565
f 1564/1731/1564 1566/1733/1566 1565/1732/1565
f 1565/1732/1565 1566/1733/1566 1567/1734/1567
f 1566/1733/1566 1568/1735/1568 1567/1734/1567
f 521/581/521 1565/1732/1565 523/583/523
f 1565/1732/1565 1567/1734/1567 523/583/523
f 523/583/523 1567/1734/1567 546/606/546
f 1567/1734/1567 1569/1736/1569 546/606/546
f 1567/1734/1567 1568/1735/1568 1569/1736/1569
f 1568/1735/1568 1570/1737/1570 1569/1736/1569
f 1569/1736/1569 1570/1737/1570 1571/1738/1571
f 1570/1737/1570 1572/1739/1572 1571/1738/1571
f 546/606/546 1569/1736/1569 548/608/548
f 1569/1736/1569 1571/1738/1571 548/608/548
f 548/608/548 1571/1738/1571 560/625/560
f 1571/1738/1571 1573/1740/1573 560/625/560
f 1571/1738/1571 1572/1739/1572 1573/1740/1573
f 1572/1739/1572 1574/1741/1574 1573/1740/1573
f 1573/1740/1573 1574/1741/1574 1575/1742/1575
f 1574/1741/1574 1576/1743/1576 1575/1742/1575
f 560/625/560 1573/1740/1573 561/626/561
f 1573/1740/1573 1575/1742/1575 561/626/561
f 1485/1645/1485 1514/1674/1514 1577/1744/1577
f 1485/1645/1485 1577/1744/1577 1562/1729/1562
f 1514/1674/1514 1513/1673/1513 1578/1745/1578
f 1514/1674/1514 1578/1745/1578 1577/1744/1577
f 1577/1744/1577 1578/1745/1578 1579/1746/1579
f 1577/1744/1577 1579/1746/1579 1580/1747/1580
f 1562/1729/1562 1577/1744/1577 1580/1747/1580
f 1562/1729/1562 1580/1747/1580 1564/1731/1564
f 1564/1731/1564 1580/1747/1580 1581/1748/1581
f 1564/1731/1564 1581/1748/1581 1566/1733/1566
f 1580/1747/1580 1579/1746/1579 1582/1749/1582
f 1580/1747/1580 1582/1749/1582 1581/1748/1581
f 1581/1748/1581 1582/1749/1582 1583/1750/1583
f 1581/1748/1581 1583/1750/1583 1584/1751/1584
f 1566/1733/1566 1581/1748/1581 1568/1735/1568
f 1581/1748/1581 1584/1751/1584 1568/1735/1568
f 1568/1735/1568 1584/1751/1584 1570/1737/1570
f 1584/1751/1584 1585/1752/1585 1570/1737/1570
f 1584/1753/1584 1583/1754/1583 1585/1755/1585
f 1583/1754/1583 1586/1756/1586 1585/1755/1585
f 1585/1755/1585 1586/1756/1586 1587/1757/1587
f 1586/1756/1586 1588/1758/1588 1587/1757/1587
f 1570/1737/1570 1585/1752/1585 1572/1739/1572
f 1585/1752/1585 1587/1759/1587 1572/1739/1572
f 1513/1673/1513 1525/1685/1525 1578/1745/1578
f 1525/1685/1525 1589/1760/1589 1578/1745/1578
f 1525/1685/1525 1526/1686/1526 1589/1760/1589
f 1526/1686/1526 1590/1761/1590 1589/1760/1589
f 1589/1760/1589 1590/1761/1590 1591/1762/1591
f 1590/1761/1590 1592/1763/1592 1591/1762/1591
f 1578/1745/1578 1589/1760/1589 1579/1746/1579
f 1589/1760/1589 1591/1762/1591 1579/1746/1579
f 1593/1764/1593 1594/1765/1594 1595/1766/1595
f 1593/1764/1593 1595/1766/1595 1596/1767/1596
f 1594/1765/1594 1597/1768/1597 1598/1769/1598
f 1594/1765/1594 1598/1769/1598 1595/1766/1595
f 1595/1766/1595 1598/1769/1598 575/643/575
f 1595/1766/1595 575/643/575 1599/1770/1599
f 1596/1767/1596 1595/1766/1595 1599/1770/1599
f 1596/1767/1596 1599/1770/1599 1600/1771/1600
f 1593/1772/1593 1601/1773/1601 1594/1774/1594
f 1601/1773/1601 1602/1775/1602 1594/1774/1594
f 1601/1773/1601 1021/1126/1021 1020/1125/1020
f 1601/1773/1601 1020/1125/1020 1602/1775/1602
f 1602/1775/1602 1020/1125/1020 1603/1776/1603
f 1020/1125/1020 1011/1116/1011 1603/1776/1603
f 1594/1774/1594 1602/1775/1602 1597/1777/1597
f 1602/1775/1602 1603/1776/1603 1597/1777/1597
f 1593/1772/1593 1604/1778/1604 1601/1773/1601
f 1604/1778/1604 1605/1779/1605 1601/1773/1601
f 1604/1778/1604 1606/1780/1606 1605/1779/1605
f 1606/1780/1606 1607/1781/1607 1605/1779/1605
f 1605/1779/1605 1607/1781/1607 1608/1782/1608
f 1607/1781/1607 1609/1783/1609 1608/1782/1608
f 1601/1773/1601 1605/1779/1605 1021/1126/1021
f 1605/1779/1605 1608/1782/1608 1021/1126/1021
f 1593/1772/1593 1596/1784/1596 1604/1778/1604
f 1596/1784/1596 1610/1785/1610 1604/1778/1604
f 1596/1767/1596 1600/1771/1600 1610/1786/1610
f 1600/1771/1600 1611/1787/1611 1610/1786/1610
f 1610/1786/1610 1611/1787/1611 1612/1788/1612
f 1611/1787/1611 1613/1789/1613 1612/1788/1612
f 1604/1778/1604 1610/1785/1610 1606/1780/1606
f 1610/1785/1610 1612/1790/1612 1606/1780/1606
f 1614/1791/1614 1615/1792/1615 1616/1793/1616
f 1614/1791/1614 1616/1793/1616 1617/1794/1617
f 1615/1792/1615 1618/1795/1618 1619/1796/1619
f 1615/1792/1615 1619/1796/1619 1616/1793/1616
f 1616/1793/1616 1619/1796/1619 1620/1797/1620
f 1616/1793/1616 1620/1797/1620 1621/1798/1621
f 1617/1794/1617 1616/1793/1616 1621/1798/1621
f 1617/1794/1617 1621/1798/1621 1622/1799/1622
f 1614/1791/1614 1623/1800/1623 1615/1792/1615
f 1623/1800/1623 1624/1801/1624 1615/1792/1615
f 1623/1800/1623 1625/1802/1625 1626/1803/1626
f 1623/1800/1623 1626/1803/1626 1624/1801/1624
f 1624/1801/1624 1626/1803/1626 1627/1804/1627
f 1626/1803/1626 1628/1805/1628 1627/1804/1627
f 1615/1792/1615 1624/1801/1624 1618/1795/1618
f 1624/1801/1624 1627/1804/1627 1618/1795/1618
f 1614/1791/1614 1629/1806/1629 1623/1800/1623
f 1629/1806/1629 1630/1807/1630 1623/1800/1623
f 1629/1806/1629 1631/1808/1631 1630/1807/1630
f 1631/1808/1631 1632/1809/1632 1630/1807/1630
f 1630/1807/1630 1632/1809/1632 1633/1810/1633
f 1632/1809/1632 1634/1811/1634 1633/1810/1633
f 1623/1800/1623 1630/1807/1630 1625/1802/1625
f 1630/1807/1630 1633/1810/1633 1625/1802/1625
f 1614/1791/1614 1617/1794/1617 1635/1812/1635
f 1614/1791/1614 1635/1812/1635 1629/1806/1629
f 1617/1794/1617 1622/1799/1622 1636/1813/1636
f 1617/1794/1617 1636/1813/1636 1635/1812/1635
f 1635/1812/1635 1636/1813/1636 1479/1639/1479
f 1635/1812/1635 1479/1639/1479 1637/1814/1637
f 1629/1806/1629 1635/1812/1635 1637/1814/1637
f 1629/1806/1629 1637/1814/1637 1631/1808/1631
f 1620/1797/1620 1638/1815/1638 1639/1816/1639
f 1620/1797/1620 1639/1816/1639 1621/1798/1621
f 1638/1815/1638 1640/1817/1640 1641/1818/1641
f 1638/1815/1638 1641/1818/1641 1639/1816/1639
f 1639/1816/1639 1641/1818/1641 1642/1819/1642
f 1641/1818/1641 1643/1820/1643 1642/1819/1642
f 1621/1798/1621 1639/1816/1639 1642/1819/1642
f 1621/1798/1621 1642/1819/1642 1622/1799/1622
f 1620/1797/1620 1644/1821/1644 1638/1815/1638
f 1644/1821/1644 1645/1822/1645 1638/1815/1638
f 1644/1821/1644 1646/1823/1646 1645/1822/1645
f 1646/1823/1646 1647/1824/1647 1645/1822/1645
f 1645/1822/1645 1647/1824/1647 1648/1825/1648
f 1647/1824/1647 1649/1826/1649 1648/1825/1648
f 1638/1815/1638 1645/1822/1645 1640/1817/1640
f 1645/1822/1645 1648/1825/1648 1640/1817/1640
f 1620/1797/1620 1619/1796/1619 1644/1821/1644
f 1619/1796/1619 1650/1827/1650 1644/1821/1644
f 1619/1796/1619 1618/1795/1618 1650/1827/1650
f 1618/1795/1618 1651/1828/1651 1650/1827/1650
f 1650/1827/1650 1651/1828/1651 1652/1829/1652
f 1651/1828/1651 1653/1830/1653 1652/1829/1652
f 1644/1821/1644 1650/1827/1650 1646/1823/1646
f 1650/1827/1650 1652/1829/1652 1646/1823/1646
f 473/533/473 483/543/483 1654/1831/1654
f 473/533/473 1654/1831/1654 1655/1832/1655
f 483/543/483 482/542/482 1656/1833/1656
f 483/543/483 1656/1833/1656 1654/1831/1654
f 1654/1831/1654 1656/1833/1656 1592/1763/1592
f 1654/1831/1654 1592/1763/1592 1590/1761/1590
f 1655/1832/1655 1654/1831/1654 1590/1761/1590
f 1655/1832/1655 1590/1761/1590 1526/1686/1526
f 473/533/473 1655/1832/1655 474/534/474
f 1655/1832/1655 1657/1834/1657 474/534/474
f 1655/1832/1655 1526/1686/1526 1657/1834/1657
f 1526/1686/1526 1524/1684/1524 1657/1834/1657
f 1657/1834/1657 1524/1684/1524 1519/1679/1519
f 1657/1834/1657 1519/1679/1519 1658/1835/1658
f 474/534/474 1657/1834/1657 1658/1835/1658
f 474/534/474 1658/1835/1658 476/536/476
f 480/1836/480 1659/1837/1659 1660/1838/1660
f 480/1836/480 1660/1838/1660 481/1839/481
f 1659/1837/1659 1661/1840/1661 1662/1841/1662
f 1659/1837/1659 1662/1841/1662 1660/1838/1660
f 1660/1838/1660 1662/1841/1662 1663/1842/1663
f 1660/1838/1660 1663/1842/1663 1664/1843/1664
f 481/1839/481 1660/1838/1660 1664/1843/1664
f 481/1839/481 1664/1843/1664 482/1844/482
f 480/1836/480 488/1845/488 1659/1837/1659
f 488/1845/488 1665/1846/1665 1659/1837/1659
f 488/1845/488 489/1847/489 1665/1846/1665
f 489/1847/489 1666/1848/1666 1665/1846/1665
f 1665/1846/1665 1666/1848/1666 1667/1849/1667
f 1666/1848/1666 1668/1850/1668 1667/1849/1667
f 1659/1837/1659 1665/1846/1665 1661/1840/1661
f 1665/1846/1665 1667/1849/1667 1661/1840/1661
f 482/1844/482 1664/1843/1664 1669/1851/1669
f 482/1844/482 1669/1851/1669 1656/1852/1656
f 1664/1843/1664 1663/1842/1663 1670/1853/1670
f 1664/1843/1664 1670/1853/1670 1669/1851/1669
f 1669/1851/1669 1670/1853/1670 1671/1854/1671
f 1669/1851/1669 1671/1854/1671 1672/1855/1672
f 1656/1833/1656 1669/1856/1669 1672/1857/1672
f 1656/1833/1656 1672/1857/1672 1592/1763/1592
f 1661/1840/1661 1667/1849/1667 1673/1858/1673
f 1667/1849/1667 1674/1859/1674 1673/1858/1673
f 1667/1849/1667 1668/1850/1668 1674/1859/1674
f 1668/1850/1668 1675/1860/1675 1674/1859/1674
f 1674/1859/1674 1675/1860/1675 1676/1861/1676
f 1675/1860/1675 1677/1862/1677 1676/1861/1676
f 1673/1858/1673 1674/1859/1674 1678/1863/1678
f 1674/1859/1674 1676/1861/1676 1678/1863/1678
f 1661/1840/1661 1673/1858/1673 1679/1864/1679
f 1661/1840/1661 1679/1864/1679 1662/1841/1662
f 1673/1858/1673 1678/1863/1678 1679/1864/1679
f 1678/1863/1678 1680/1865/1680 1679/1864/1679
f 1679/1864/1679 1680/1865/1680 1681/1866/1681
f 1680/1865/1680 1682/1867/1682 1681/1866/1681
f 1662/1841/1662 1679/1864/1679 1663/1842/1663
f 1679/1864/1679 1681/1866/1681 1663/1842/1663
f 1683/1868/1683 1684/1869/1684 1685/1870/1685
f 1684/1869/1684 1686/1871/1686 1685/1870/1685
f 1684/1869/1684 1687/1872/1687 1686/1871/1686
f 1687/1872/1687 1688/1873/1688 1686/1871/1686
f 1686/1871/1686 1688/1873/1688 1689/1874/1689
f 1688/1873/1688 1690/1875/1690 1689/1874/1689
f 1685/1870/1685 1686/1871/1686 1691/1876/1691
f 1686/1871/1686 1689/1874/1689 1691/1876/1691
f 1683/1868/1683 1692/1877/1692 1684/1869/1684
f 1692/1877/1692 1693/1878/1693 1684/1869/1684
f 1692/1877/1692 1694/1879/1694 1693/1878/1693
f 1694/1879/1694 1695/1880/1695 1693/1878/1693
f 1693/1878/1693 1695/1880/1695 1696/1881/1696
f 1695/1880/1695 1697/1882/1697 1696/1881/1696
f 1684/1869/1684 1693/1878/1693 1687/1872/1687
f 1693/1878/1693 1696/1881/1696 1687/1872/1687
f 1683/1868/1683 1698/1883/1698 1692/1877/1692
f 1698/1883/1698 1699/1884/1699 1692/1877/1692
f 1698/1883/1698 1700/1885/1700 1699/1884/1699
f 1700/1885/1700 1701/1886/1701 1699/1884/1699
f 1699/1884/1699 1701/1886/1701 1702/1887/1702
f 1701/1886/1701 1703/1888/1703 1702/1887/1702
f 1692/1877/1692 1699/1884/1699 1694/1879/1694
f 1699/1884/1699 1702/1887/1702 1694/1879/1694
f 1683/1868/1683 1685/1870/1685 1704/1889/1704
f 1683/1868/1683 1704/1889/1704 1698/1883/1698
f 1685/1870/1685 1691/1876/1691 1704/1889/1704
f 1691/1876/1691 1705/1890/1705 1704/1889/1704
f 1704/1889/1704 1705/1890/1705 1706/1891/1706
f 1705/1890/1705 1707/1892/1707 1706/1891/1706
f 1698/1883/1698 1704/1889/1704 1700/1885/1700
f 1704/1889/1704 1706/1891/1706 1700/1885/1700
f 1708/1893/1708 1709/1894/1709 1710/1895/1710
f 1709/1894/1709 1711/1896/1711 1710/1895/1710
f 1709/1894/1709 1712/1897/1712 1711/1896/1711
f 1712/1897/1712 1713/1898/1713 1711/1896/1711
f 1711/1896/1711 1713/1898/1713 1714/1899/1714
f 1713/1898/1713 1715/1900/1715 1714/1899/1714
f 1710/1895/1710 1711/1896/1711 1714/1899/1714
f 1710/1895/1710 1714/1899/1714 1716/1901/1716
f 1708/1893/1708 1717/1902/1717 1718/1903/1718
f 1708/1893/1708 1718/1903/1718 1709/1894/1709
f 1717/1902/1717 1719/1904/1719 1720/1905/1720
f 1717/1902/1717 1720/1905/1720 1718/1903/1718
f 1718/1903/1718 1720/1905/1720 1721/1906/1721
f 1718/1903/1718 1721/1906/1721 1722/1907/1722
f 1709/1894/1709 1718/1903/1718 1722/1907/1722
f 1709/1894/1709 1722/1907/1722 1712/1897/1712
f 1708/1893/1708 1723/1908/1723 1717/1902/1717
f 1723/1908/1723 1724/1909/1724 1717/1902/1717
f 1723/1908/1723 1725/1910/1725 1724/1909/1724
f 1725/1910/1725 1726/1911/1726 1724/1909/1724
f 1724/1909/1724 1726/1911/1726 1727/1912/1727
f 1726/1911/1726 1728/1913/1728 1727/1912/1727
f 1717/1902/1717 1724/1909/1724 1727/1912/1727
f 1717/1902/1717 1727/1912/1727 1719/1904/1719
f 1708/1893/1708 1710/1895/1710 1729/1914/1729
f 1708/1893/1708 1729/1914/1729 1723/1908/1723
f 1710/1895/1710 1716/1901/1716 1729/1914/1729
f 1716/1901/1716 1730/1915/1730 1729/1914/1729
f 1729/1914/1729 1730/1915/1730 1731/1916/1731
f 1729/1914/1729 1731/1916/1731 1732/1917/1732
f 1723/1908/1723 1729/1914/1729 1732/1917/1732
f 1723/1908/1723 1732/1917/1732 1725/1910/1725
f 1719/1904/1719 1733/1918/1733 1720/1905/1720
f 1733/1918/1733 1734/1919/1734 1720/1905/1720
f 1733/1918/1733 1735/1920/1735 1734/1919/1734
f 1735/1920/1735 1736/1921/1736 1734/1919/1734
f 1734/1919/1734 1736/1921/1736 1737/1922/1737
f 1736/1921/1736 1738/1923/1738 1737/1922/1737
f 1720/1905/1720 1734/1919/1734 1721/1906/1721
f 1734/1919/1734 1737/1922/1737 1721/1906/1721
f 1719/1904/1719 1727/1912/1727 1739/1924/1739
f 1719/1904/1719 1739/1924/1739 1733/1918/1733
f 1727/1912/1727 1728/1913/1728 1740/1925/1740
f 1727/1912/1727 1740/1925/1740 1739/1924/1739
f 1739/1924/1739 1740/1925/1740 119/144/119
f 1739/1924/1739 119/144/119 1741/1926/1741
f 1733/1918/1733 1739/1924/1739 1741/1926/1741
f 1733/1918/1733 1741/1926/1741 1735/1920/1735
f 1721/1906/1721 1737/1922/1737 1742/1927/1742
f 1721/1906/1721 1742/1927/1742 1743/1928/1743
f 1737/1929/1737 1738/1930/1738 1744/1931/1744
f 1737/1929/1737 1744/1931/1744 1742/1932/1742
f 1742/1932/1742 1744/1931/1744 1745/1933/1745
f 1744/1931/1744 1746/1934/1746 1745/1933/1745
f 1743/1928/1743 1742/1927/1742 1745/1935/1745
f 1743/1928/1743 1745/1935/1745 1747/1936/1747
f 1721/1906/1721 1743/1928/1743 1722/1907/1722
f 1743/1928/1743 1748/1937/1748 1722/1907/1722
f 1743/1928/1743 1747/1936/1747 1749/1938/1749
f 1743/1928/1743 1749/1938/1749 1748/1937/1748
f 1748/1937/1748 1749/1938/1749 1750/1939/1750
f 1748/1937/1748 1750/1939/1750 1751/1940/1751
f 1722/1907/1722 1748/1937/1748 1712/1897/1712
f 1748/1937/1748 1751/1940/1751 1712/1897/1712
f 1752/1941/1752 1753/1942/1753 1754/1943/1754
f 1753/1942/1753 1755/1944/1755 1754/1943/1754
f 1753/1942/1753 1756/1945/1756 1757/1946/1757
f 1753/1942/1753 1757/1946/1757 1755/1944/1755
f 1755/1944/1755 1757/1946/1757 1758/1947/1758
f 1755/1944/1755 1758/1947/1758 1759/1948/1759
f 1754/1943/1754 1755/1944/1755 1759/1948/1759
f 1754/1943/1754 1759/1948/1759 1760/1949/1760
f 1752/1941/1752 1761/1950/1761 1753/1942/1753
f 1761/1950/1761 1762/1951/1762 1753/1942/1753
f 1761/1950/1761 1763/1952/1763 1762/1951/1762
f 1763/1952/1763 1764/1953/1764 1762/1951/1762
f 1762/1951/1762 1764/1953/1764 1765/1954/1765
f 1764/1953/1764 1766/1955/1766 1765/1954/1765
f 1753/1942/1753 1762/1951/1762 1756/1945/1756
f 1762/1951/1762 1765/1954/1765 1756/1945/1756
f 1752/1941/1752 1767/1956/1767 1761/1950/1761
f 1767/1956/1767 1768/1957/1768 1761/1950/1761
f 1767/1956/1767 1746/1934/1746 1768/1957/1768
f 1746/1934/1746 1744/1931/1744 1768/1957/1768
f 1768/1957/1768 1744/1931/1744 1738/1930/1738
f 1768/1957/1768 1738/1930/1738 1769/1958/1769
f 1761/1950/1761 1768/1957/1768 1769/1958/1769
f 1761/1950/1761 1769/1958/1769 1763/1952/1763
f 1752/1941/1752 1754/1943/1754 1770/1959/1770
f 1752/1941/1752 1770/1959/1770 1767/1956/1767
f 1754/1943/1754 1760/1949/1760 1771/1960/1771
f 1754/1943/1754 1771/1960/1771 1770/1959/1770
f 1770/1959/1770 1771/1960/1771 1772/1961/1772
f 1770/1959/1770 1772/1961/1772 1773/1962/1773
f 1767/1956/1767 1770/1959/1770 1773/1962/1773
f 1767/1956/1767 1773/1962/1773 1746/1934/1746
f 1760/1949/1760 1759/1948/1759 1774/1963/1774
f 1760/1949/1760 1774/1963/1774 1775/1964/1775
f 1759/1948/1759 1758/1947/1758 1776/1965/1776
f 1759/1948/1759 1776/1965/1776 1774/1963/1774
f 1774/1963/1774 1776/1965/1776 1777/1966/1777
f 1774/1963/1774 1777/1966/1777 1778/1967/1778
f 1775/1964/1775 1774/1963/1774 1778/1967/1778
f 1775/1964/1775 1778/1967/1778 1779/1968/1779
f 1760/1949/1760 1775/1964/1775 1771/1960/1771
f 1775/1964/1775 1780/1969/1780 1771/1960/1771
f 1775/1964/1775 1779/1968/1779 1780/1969/1780
f 1779/1968/1779 1781/1970/1781 1780/1969/1780
f 1780/1969/1780 1781/1970/1781 1782/1971/1782
f 1781/1970/1781 1783/1972/1783 1782/1971/1782
f 1771/1960/1771 1780/1969/1780 1772/1961/1772
f 1780/1969/1780 1782/1971/1782 1772/1961/1772
f 1189/1307/1189 1784/1973/1784 1785/1974/1785
f 1189/1307/1189 1785/1974/1785 1188/1306/1188
f 1784/1973/1784 1786/1975/1786 1787/1976/1787
f 1784/1973/1784 1787/1976/1787 1785/1974/1785
f 1785/1974/1785 1787/1976/1787 1210/1328/1210
f 1785/1974/1785 1210/1328/1210 1208/1326/1208
f 1188/1306/1188 1785/1974/1785 1208/1326/1208
f 1188/1306/1188 1208/1326/1208 1182/1300/1182
f 1189/1307/1189 1788/1977/1788 1784/1973/1784
f 1788/1977/1788 1789/1978/1789 1784/1973/1784
f 1788/1977/1788 1790/1979/1790 1791/1980/1791
f 1788/1977/1788 1791/1980/1791 1789/1978/1789
f 1789/1978/1789 1791/1980/1791 1792/1981/1792
f 1789/1978/1789 1792/1981/1792 1793/1982/1793
f 1784/1973/1784 1789/1978/1789 1786/1975/1786
f 1789/1978/1789 1793/1982/1793 1786/1975/1786
f 1189/1307/1189 1187/1305/1187 1794/1983/1794
f 1189/1307/1189 1794/1983/1794 1788/1977/1788
f 1187/1305/1187 917/1018/917 1794/1983/1794
f 917/1018/917 1795/1984/1795 1794/1983/1794
f 1794/1983/1794 1795/1984/1795 1796/1985/1796
f 1794/1983/1794 1796/1985/1796 1797/1986/1797
f 1788/1977/1788 1794/1983/1794 1790/1979/1790
f 1794/1983/1794 1797/1986/1797 1790/1979/1790
f 126/1987/126 861/1988/861 1798/1989/1798
f 126/1987/126 1798/1989/1798 1799/1990/1799
f 861/1988/861 852/1991/852 1800/1992/1800
f 861/1988/861 1800/1992/1800 1798/1989/1798
f 1798/1989/1798 1800/1992/1800 1801/1993/1801
f 1798/1989/1798 1801/1993/1801 1802/1994/1802
f 1799/1990/1799 1798/1989/1798 1802/1994/1802
f 1799/1990/1799 1802/1994/1802 1803/1995/1803
f 126/151/126 1799/1996/1799 125/150/125
f 1799/1996/1799 1804/1997/1804 125/150/125
f 1799/1990/1799 1803/1995/1803 1804/1998/1804
f 1803/1995/1803 1805/1999/1805 1804/1998/1804
f 1804/1997/1804 1805/2000/1805 1741/1926/1741
f 1805/2000/1805 1735/1920/1735 1741/1926/1741
f 125/150/125 1804/1997/1804 119/144/119
f 1804/1997/1804 1741/1926/1741 119/144/119
f 852/1991/852 850/2001/850 1806/2002/1806
f 852/1991/852 1806/2002/1806 1800/1992/1800
f 850/942/850 851/943/851 1807/2003/1807
f 850/942/850 1807/2003/1807 1806/2004/1806
f 1806/2002/1806 1807/2005/1807 1808/2006/1808
f 1806/2002/1806 1808/2006/1808 1809/2007/1809
f 1800/1992/1800 1806/2002/1806 1809/2007/1809
f 1800/1992/1800 1809/2007/1809 1801/1993/1801
f 851/943/851 866/965/866 1810/2008/1810
f 851/943/851 1810/2008/1810 1807/2003/1807
f 866/965/866 867/966/867 1811/2009/1811
f 866/965/866 1811/2009/1811 1810/2008/1810
f 1810/2008/1810 1811/2009/1811 1812/2010/1812
f 1810/2008/1810 1812/2010/1812 1813/2011/1813
f 1807/2005/1807 1810/2012/1810 1813/2013/1813
f 1807/2005/1807 1813/2013/1813 1808/2006/1808
f 867/966/867 1814/2014/1814 1811/2009/1811
f 1814/2014/1814 1815/2015/1815 1811/2009/1811
f 1814/2014/1814 1816/2016/1816 1815/2015/1815
f 1816/2016/1816 1817/2017/1817 1815/2015/1815
f 1815/2015/1815 1817/2017/1817 1818/2018/1818
f 1815/2015/1815 1818/2018/1818 1819/2019/1819
f 1811/2009/1811 1815/2015/1815 1819/2019/1819
f 1811/2009/1811 1819/2019/1819 1812/2010/1812
f 867/966/867 865/964/865 1820/2020/1820
f 867/966/867 1820/2020/1820 1814/2014/1814
f 865/964/865 864/963/864 1820/2020/1820
f 864/963/864 889/990/889 1820/2020/1820
f 1820/2020/1820 889/990/889 888/989/888
f 1820/2020/1820 888/989/888 1821/2021/1821
f 1814/2014/1814 1820/2020/1820 1821/2021/1821
f 1814/2014/1814 1821/2021/1821 1816/2016/1816
f 1816/2016/1816 1821/2021/1821 1822/2022/1822
f 1816/2016/1816 1822/2022/1822 1823/2023/1823
f 1821/2021/1821 888/989/888 898/999/898
f 1821/2021/1821 898/999/898 1822/2022/1822
f 1822/2022/1822 898/999/898 899/1000/899
f 1822/2022/1822 899/1000/899 1824/2024/1824
f 1823/2023/1823 1822/2022/1822 1824/2024/1824
f 1823/2023/1823 1824/2024/1824 1825/2025/1825
f 1816/2016/1816 1823/2023/1823 1817/2017/1817
f 1823/2023/1823 1826/2026/1826 1817/2017/1817
f 1823/2023/1823 1825/2025/1825 1826/2026/1826
f 1825/2025/1825 1827/2027/1827 1826/2026/1826
f 1826/2026/1826 1827/2027/1827 1828/2028/1828
f 1827/2027/1827 1829/2029/1829 1828/2028/1828
f 1817/2017/1817 1826/2026/1826 1818/2018/1818
f 1826/2026/1826 1828/2028/1828 1818/2018/1818
f 1825/2025/1825 1824/2024/1824 1830/2030/1830
f 1825/2025/1825 1830/2030/1830 1831/2031/1831
f 1824/2024/1824 899/1000/899 904/1005/904
f 1824/2024/1824 904/1005/904 1830/2030/1830
f 1830/2030/1830 904/1005/904 905/1006/905
f 1830/2030/1830 905/1006/905 1174/1292/1174
f 1831/2031/1831 1830/2030/1830 1174/1292/1174
f 1831/2031/1831 1174/1292/1174 1160/1278/1160
f 1825/2025/1825 1831/2031/1831 1827/2027/1827
f 1831/2031/1831 1832/2032/1832 1827/2027/1827
f 1831/2031/1831 1160/1278/1160 1832/2032/1832
f 1160/1278/1160 1159/1277/1159 1832/2032/1832
f 1832/2032/1832 1159/1277/1159 1833/2033/1833
f 1159/1277/1159 1158/1276/1158 1833/2033/1833
f 1827/2027/1827 1832/2032/1832 1829/2029/1829
f 1832/2032/1832 1833/2033/1833 1829/2029/1829
f 905/1006/905 903/1004/903 1175/1293/1175
f 903/1004/903 1834/2034/1834 1175/1293/1175
f 903/1004/903 902/1003/902 1834/2034/1834
f 902/1003/902 908/1009/908 1834/2034/1834
f 1834/2034/1834 908/1009/908 1196/1314/1196
f 908/1009/908 909/1010/909 1196/1314/1196
f 1175/1293/1175 1834/2034/1834 1169/1287/1169
f 1834/2034/1834 1196/1314/1196 1169/1287/1169
f 441/498/441 1835/2035/1835 1836/2036/1836
f 441/498/441 1836/2036/1836 457/514/457
f 1835/2035/1835 1837/2037/1837 1836/2036/1836
f 1837/2037/1837 1838/2038/1838 1836/2036/1836
f 1836/2036/1836 1838/2038/1838 1839/2039/1839
f 1838/2038/1838 1840/2040/1840 1839/2039/1839
f 457/514/457 1836/2036/1836 458/515/458
f 1836/2036/1836 1839/2039/1839 458/515/458
f 441/498/441 439/496/439 1835/2035/1835
f 439/496/439 1841/2041/1841 1835/2035/1835
f 439/496/439 421/478/421 1842/2042/1842
f 439/496/439 1842/2042/1842 1841/2041/1841
f 1841/2041/1841 1842/2042/1842 1843/2043/1843
f 1841/2041/1841 1843/2043/1843 1844/2044/1844
f 1835/2035/1835 1841/2041/1841 1844/2044/1844
f 1835/2035/1835 1844/2044/1844 1837/2037/1837
f 1837/2037/1837 1845/2045/1845 1838/2038/1838
f 1845/2045/1845 1846/2046/1846 1838/2038/1838
f 1845/2045/1845 1847/2047/1847 1846/2046/1846
f 1847/2047/1847 1848/2048/1848 1846/2046/1846
f 1846/2049/1846 1848/2050/1848 1849/2051/1849
f 1846/2049/1846 1849/2051/1849 1850/2052/1850
f 1838/2038/1838 1846/2046/1846 1840/2040/1840
f 1846/2046/1846 1850/2053/1850 1840/2040/1840
f 1837/2037/1837 1844/2044/1844 1851/2054/1851
f 1837/2037/1837 1851/2054/1851 1845/2045/1845
f 1844/2044/1844 1843/2043/1843 1852/2055/1852
f 1844/2044/1844 1852/2055/1852 1851/2054/1851
f 1851/2054/1851 1852/2055/1852 711/798/711
f 1851/2054/1851 711/798/711 1853/2056/1853
f 1845/2045/1845 1851/2054/1851 1853/2056/1853
f 1845/2045/1845 1853/2056/1853 1847/2047/1847
f 421/478/421 419/476/419 1854/2057/1854
f 421/478/421 1854/2057/1854 1842/2042/1842
f 419/476/419 396/453/396 1855/2058/1855
f 419/476/419 1855/2058/1855 1854/2057/1854
f 1854/2057/1854 1855/2058/1855 1856/2059/1856
f 1854/2057/1854 1856/2059/1856 1857/2060/1857
f 1842/2042/1842 1854/2057/1854 1857/2060/1857
f 1842/2042/1842 1857/2060/1857 1843/2043/1843
f 1843/2043/1843 1857/2060/1857 1858/2061/1858
f 1843/2043/1843 1858/2061/1858 1852/2055/1852
f 1857/2060/1857 1856/2059/1856 1859/2062/1859
f 1857/2060/1857 1859/2062/1859 1858/2061/1858
f 1858/2061/1858 1859/2062/1859 702/789/702
f 1858/2061/1858 702/789/702 712/799/712
f 1852/2055/1852 1858/2061/1858 712/799/712
f 1852/2055/1852 712/799/712 711/798/711
f 711/798/711 710/797/710 1853/2056/1853
f 710/797/710 1860/2063/1860 1853/2056/1853
f 710/797/710 709/796/709 1860/2063/1860
f 709/796/709 1861/2064/1861 1860/2063/1860
f 1860/2065/1860 1861/2066/1861 1862/2067/1862
f 1861/2066/1861 1863/2068/1863 1862/2067/1862
f 1853/2056/1853 1860/2063/1860 1862/2069/1862
f 1853/2056/1853 1862/2069/1862 1847/2047/1847
f 396/453/396 394/451/394 1864/2070/1864
f 396/453/396 1864/2070/1864 1855/2058/1855
f 394/451/394 370/427/370 1865/2071/1865
f 394/451/394 1865/2071/1865 1864/2070/1864
f 1864/2070/1864 1865/2071/1865 1866/2072/1866
f 1864/2070/1864 1866/2072/1866 1867/2073/1867
f 1855/2058/1855 1864/2070/1864 1867/2073/1867
f 1855/2058/1855 1867/2073/1867 1856/2059/1856
f 1856/2059/1856 1867/2073/1867 1868/2074/1868
f 1856/2059/1856 1868/2074/1868 1859/2062/1859
f 1867/2073/1867 1866/2072/1866 1869/2075/1869
f 1867/2073/1867 1869/2075/1869 1868/2074/1868
f 1868/2074/1868 1869/2075/1869 703/790/703
f 1869/2075/1869 704/791/704 703/790/703
f 1859/2062/1859 1868/2074/1868 703/790/703
f 1859/2062/1859 703/790/703 702/789/702
f 370/427/370 368/425/368 1870/2076/1870
f 370/427/370 1870/2076/1870 1865/2071/1865
f 368/425/368 356/413/356 1871/2077/1871
f 368/425/368 1871/2077/1871 1870/2076/1870
f 1870/2076/1870 1871/2077/1871 1872/2078/1872
f 1870/2076/1870 1872/2078/1872 1873/2079/1873
f 1865/2071/1865 1870/2076/1870 1873/2079/1873
f 1865/2071/1865 1873/2079/1873 1866/2072/1866
f 1866/2072/1866 1873/2079/1873 1874/2080/1874
f 1866/2072/1866 1874/2080/1874 1869/2075/1869
f 1873/2079/1873 1872/2078/1872 1875/2081/1875
f 1873/2079/1873 1875/2081/1875 1874/2080/1874
f 1874/2080/1874 1875/2081/1875 726/813/726
f 1874/2080/1874 726/813/726 725/812/725
f 1869/2075/1869 1874/2080/1874 704/791/704
f 1874/2080/1874 725/812/725 704/791/704
f 356/413/356 354/411/354 1876/2082/1876
f 356/413/356 1876/2082/1876 1871/2077/1871
f 354/411/354 353/410/353 961/1066/961
f 354/411/354 961/1066/961 1876/2082/1876
f 1876/2082/1876 961/1066/961 962/1067/962
f 1876/2082/1876 962/1067/962 1877/2083/1877
f 1871/2077/1871 1876/2082/1876 1877/2083/1877
f 1871/2077/1871 1877/2083/1877 1872/2078/1872
f 1878/2084/1878 1879/2085/1879 1880/2086/1880
f 1878/2084/1878 1880/2086/1880 1881/2087/1881
f 1879/2085/1879 1882/2088/1882 1883/2089/1883
f 1879/2085/1879 1883/2089/1883 1880/2086/1880
f 1880/2086/1880 1883/2089/1883 1884/2090/1884
f 1880/2086/1880 1884/2090/1884 1885/2091/1885
f 1881/2087/1881 1880/2086/1880 1885/2091/1885
f 1881/2087/1881 1885/2091/1885 1886/2092/1886
f 1878/2084/1878 1887/2093/1887 1879/2085/1879
f 1887/2093/1887 1888/2094/1888 1879/2085/1879
f 1887/2093/1887 1889/2095/1889 1888/2094/1888
f 1889/2095/1889 1890/2096/1890 1888/2094/1888
f 1888/2094/1888 1890/2096/1890 1891/2097/1891
f 1890/2096/1890 1892/2098/1892 1891/2097/1891
f 1879/2085/1879 1888/2094/1888 1882/2088/1882
f 1888/2094/1888 1891/2097/1891 1882/2088/1882
f 1878/2084/1878 1893/2099/1893 1894/2100/1894
f 1878/2084/1878 1894/2100/1894 1887/2093/1887
f 1893/2101/1893 1895/2102/1895 1896/2103/1896
f 1893/2101/1893 1896/2103/1896 1894/2104/1894
f 1894/2104/1894 1896/2103/1896 1897/2105/1897
f 1894/2104/1894 1897/2105/1897 1898/2106/1898
f 1887/2093/1887 1894/2100/1894 1889/2095/1889
f 1894/2100/1894 1898/2107/1898 1889/2095/1889
f 1878/2084/1878 1881/2087/1881 1893/2099/1893
f 1881/2087/1881 1899/2108/1899 1893/2099/1893
f 1881/2087/1881 1886/2092/1886 1899/2108/1899
f 1886/2092/1886 1900/2109/1900 1899/2108/1899
f 1899/2108/1899 1900/2109/1900 1901/2110/1901
f 1899/2108/1899 1901/2110/1901 1902/2111/1902
f 1893/2101/1893 1899/2112/1899 1902/2113/1902
f 1893/2101/1893 1902/2113/1902 1895/2102/1895
f 1889/2095/1889 1903/2114/1903 1904/2115/1904
f 1889/2095/1889 1904/2115/1904 1890/2096/1890
f 1903/2114/1903 1905/2116/1905 1906/2117/1906
f 1903/2114/1903 1906/2117/1906 1904/2115/1904
f 1904/2115/1904 1906/2117/1906 1907/2118/1907
f 1904/2115/1904 1907/2118/1907 1908/2119/1908
f 1890/2096/1890 1904/2115/1904 1908/2119/1908
f 1890/2096/1890 1908/2119/1908 1892/2098/1892
f 1889/2095/1889 1898/2107/1898 1903/2114/1903
f 1898/2107/1898 1909/2120/1909 1903/2114/1903
f 1898/2106/1898 1897/2105/1897 1909/2121/1909
f 1897/2105/1897 1910/2122/1910 1909/2121/1909
f 1909/2121/1909 1910/2122/1910 1911/2123/1911
f 1909/2121/1909 1911/2123/1911 1912/2124/1912
f 1903/2114/1903 1909/2120/1909 1905/2116/1905
f 1909/2120/1909 1912/2125/1912 1905/2116/1905
f 1892/2098/1892 1908/2119/1908 1913/2126/1913
f 1908/2119/1908 1914/2127/1914 1913/2126/1913
f 1908/2119/1908 1907/2118/1907 1914/2127/1914
f 1907/2118/1907 1915/2128/1915 1914/2127/1914
f 1914/2127/1914 1915/2128/1915 1157/1275/1157
f 1915/2128/1915 1158/1276/1158 1157/1275/1157
f 1913/2126/1913 1914/2127/1914 1156/1274/1156
f 1914/2127/1914 1157/1275/1157 1156/1274/1156
f 1892/2098/1892 1913/2126/1913 1916/2129/1916
f 1892/2098/1892 1916/2129/1916 1891/2097/1891
f 1913/2126/1913 1156/1274/1156 1165/1283/1165
f 1913/2126/1913 1165/1283/1165 1916/2129/1916
f 1916/2129/1916 1165/1283/1165 1166/1284/1166
f 1916/2129/1916 1166/1284/1166 1917/2130/1917
f 1891/2097/1891 1916/2129/1916 1917/2130/1917
f 1891/2097/1891 1917/2130/1917 1882/2088/1882
f 434/491/434 453/510/453 1918/2131/1918
f 434/491/434 1918/2131/1918 436/493/436
f 453/2132/453 454/2133/454 1919/2134/1919
f 453/2132/453 1919/2134/1919 1918/2135/1918
f 1918/2135/1918 1919/2134/1919 1920/2136/1920
f 1918/2135/1918 1920/2136/1920 1921/2137/1921
f 436/493/436 1918/2131/1918 1921/2138/1921
f 436/493/436 1921/2138/1921 304/361/304
f 450/2139/450 467/526/467 452/2140/452
f 467/526/467 1922/2141/1922 452/2140/452
f 467/526/467 468/527/468 1922/2141/1922
f 468/527/468 1923/2142/1923 1922/2141/1922
f 1922/2141/1922 1923/2142/1923 1924/2143/1924
f 1922/2141/1922 1924/2143/1924 1925/2144/1925
f 452/2140/452 1922/2141/1922 1925/2144/1925
f 452/2140/452 1925/2144/1925 454/2133/454
f 454/2133/454 1925/2144/1925 1926/2145/1926
f 454/2133/454 1926/2145/1926 1919/2134/1919
f 1925/2144/1925 1924/2143/1924 1927/2146/1927
f 1925/2144/1925 1927/2146/1927 1926/2145/1926
f 1926/2145/1926 1927/2146/1927 272/321/272
f 1926/2145/1926 272/321/272 1928/2147/1928
f 1919/2134/1919 1926/2145/1926 1928/2147/1928
f 1919/2134/1919 1928/2147/1928 1920/2136/1920
f 464/2148/464 1929/2149/1929 1930/2150/1930
f 464/2148/464 1930/2150/1930 466/525/466
f 1929/2149/1929 1931/2151/1931 1932/2152/1932
f 1929/2149/1929 1932/2152/1932 1930/2150/1930
f 1930/2150/1930 1932/2152/1932 1933/2153/1933
f 1930/2150/1930 1933/2153/1933 1934/2154/1934
f 466/525/466 1930/2150/1930 1934/2154/1934
f 466/525/466 1934/2154/1934 468/527/468
f 464/521/464 462/519/462 1929/2155/1929
f 462/519/462 1935/2156/1935 1929/2155/1929
f 462/519/462 460/517/460 1935/2156/1935
f 460/517/460 459/516/459 1935/2156/1935
f 1935/2156/1935 459/516/459 458/515/458
f 1935/2156/1935 458/515/458 1936/2157/1936
f 1929/2149/1929 1935/2158/1935 1931/2151/1931
f 1935/2158/1935 1936/2159/1936 1931/2151/1931
f 468/527/468 1934/2154/1934 1937/2160/1937
f 468/527/468 1937/2160/1937 1923/2142/1923
f 1934/2154/1934 1933/2153/1933 1938/2161/1938
f 1934/2154/1934 1938/2161/1938 1937/2160/1937
f 1937/2160/1937 1938/2161/1938 1939/2162/1939
f 1937/2160/1937 1939/2162/1939 1940/2163/1940
f 1923/2142/1923 1937/2160/1937 1940/2163/1940
f 1923/2142/1923 1940/2163/1940 1924/2143/1924
f 534/594/534 532/592/532 1010/1115/1010
f 532/592/532 1941/2164/1941 1010/1115/1010
f 532/592/532 531/591/531 1941/2164/1941
f 531/591/531 1942/2165/1942 1941/2164/1941
f 1941/2164/1941 1942/2165/1942 1603/1776/1603
f 1942/2165/1942 1597/1777/1597 1603/1776/1603
f 1010/1115/1010 1941/2164/1941 1011/1116/1011
f 1941/2164/1941 1603/1776/1603 1011/1116/1011
f 531/591/531 538/598/538 1942/2165/1942
f 538/598/538 1943/2166/1943 1942/2165/1942
f 538/2167/538 537/617/537 1943/2168/1943
f 537/617/537 576/644/576 1943/2168/1943
f 1943/2168/1943 576/644/576 1598/1769/1598
f 576/644/576 575/643/575 1598/1769/1598
f 1942/2165/1942 1943/2166/1943 1597/1777/1597
f 1943/2166/1943 1598/2169/1598 1597/1777/1597
f 1944/2170/1944 1945/2171/1945 1946/2172/1946
f 1945/2171/1945 1947/2173/1947 1946/2172/1946
f 1945/2171/1945 1948/2174/1948 1949/2175/1949
f 1945/2171/1945 1949/2175/1949 1947/2173/1947
f 1947/2173/1947 1949/2175/1949 1950/2176/1950
f 1949/2175/1949 1951/2177/1951 1950/2176/1950
f 1946/2172/1946 1947/2173/1947 1952/2178/1952
f 1947/2173/1947 1950/2176/1950 1952/2178/1952
f 1944/2170/1944 1953/2179/1953 1954/2180/1954
f 1944/2170/1944 1954/2180/1954 1945/2171/1945
f 1953/2179/1953 1955/2181/1955 1956/2182/1956
f 1953/2179/1953 1956/2182/1956 1954/2180/1954
f 1954/2180/1954 1956/2182/1956 1957/2183/1957
f 1956/2182/1956 1958/2184/1958 1957/2183/1957
f 1945/2171/1945 1954/2180/1954 1948/2174/1948
f 1954/2180/1954 1957/2183/1957 1948/2174/1948
f 1944/2170/1944 1959/2185/1959 1953/2179/1953
f 1959/2185/1959 1960/2186/1960 1953/2179/1953
f 1959/2185/1959 1961/2187/1961 1960/2186/1960
f 1961/2187/1961 1962/2188/1962 1960/2186/1960
f 1960/2186/1960 1962/2188/1962 1963/2189/1963
f 1962/2188/1962 1964/2190/1964 1963/2189/1963
f 1953/2179/1953 1960/2186/1960 1955/2181/1955
f 1960/2186/1960 1963/2189/1963 1955/2181/1955
f 1944/2170/1944 1946/2172/1946 1965/2191/1965
f 1944/2170/1944 1965/2191/1965 1959/2185/1959
f 1946/2172/1946 1952/2178/1952 1966/2192/1966
f 1946/2172/1946 1966/2192/1966 1965/2191/1965
f 1965/2191/1965 1966/2192/1966 1967/2193/1967
f 1965/2191/1965 1967/2193/1967 1968/2194/1968
f 1959/2185/1959 1965/2191/1965 1968/2194/1968
f 1959/2185/1959 1968/2194/1968 1961/2187/1961
f 1952/2178/1952 1950/2176/1950 1969/2195/1969
f 1952/2178/1952 1969/2195/1969 1970/2196/1970
f 1950/2176/1950 1951/2177/1951 1971/2197/1971
f 1950/2176/1950 1971/2197/1971 1969/2195/1969
f 1969/2195/1969 1971/2197/1971 1972/2198/1972
f 1969/2195/1969 1972/2198/1972 1973/2199/1973
f 1970/2196/1970 1969/2195/1969 1973/2199/1973
f 1970/2196/1970 1973/2199/1973 1974/2200/1974
f 1952/2178/1952 1970/2196/1970 1966/2192/1966
f 1970/2196/1970 1975/2201/1975 1966/2192/1966
f 1970/2196/1970 1974/2200/1974 1975/2201/1975
f 1974/2200/1974 1976/2202/1976 1975/2201/1975
f 1975/2201/1975 1976/2202/1976 1977/2203/1977
f 1976/2202/1976 1978/2204/1978 1977/2203/1977
f 1966/2192/1966 1975/2201/1975 1967/2193/1967
f 1975/2201/1975 1977/2203/1977 1967/2193/1967
f 1979/2205/1979 1980/2206/1980 1981/2207/1981
f 1979/2205/1979 1981/2207/1981 1982/2208/1982
f 1980/2206/1980 1983/2209/1983 1984/2210/1984
f 1980/2206/1980 1984/2210/1984 1981/2207/1981
f 1981/2207/1981 1984/2210/1984 1985/2211/1985
f 1981/2207/1981 1985/2211/1985 1986/2212/1986
f 1982/2208/1982 1981/2207/1981 1986/2212/1986
f 1982/2208/1982 1986/2212/1986 1987/2213/1987
f 1979/2205/1979 1988/2214/1988 1980/2206/1980
f 1988/2214/1988 1989/2215/1989 1980/2206/1980
f 1988/2214/1988 1990/2216/1990 1991/2217/1991
f 1988/2214/1988 1991/2217/1991 1989/2215/1989
f 1989/2215/1989 1991/2217/1991 1992/2218/1992
f 1989/2215/1989 1992/2218/1992 1993/2219/1993
f 1980/2206/1980 1989/2215/1989 1983/2209/1983
f 1989/2215/1989 1993/2219/1993 1983/2209/1983
f 1979/2205/1979 1994/2220/1994 1995/2221/1995
f 1979/2205/1979 1995/2221/1995 1988/2214/1988
f 1994/2220/1994 93/117/93 92/116/92
f 1994/2220/1994 92/116/92 1995/2221/1995
f 1995/2221/1995 92/116/92 91/115/91
f 1995/2221/1995 91/115/91 1996/2222/1996
f 1988/2214/1988 1995/2221/1995 1990/2216/1990
f 1995/2221/1995 1996/2222/1996 1990/2216/1990
f 1979/2205/1979 1982/2208/1982 1994/2220/1994
f 1982/2208/1982 1997/2223/1997 1994/2220/1994
f 1982/2208/1982 1987/2213/1987 1997/2223/1997
f 1987/2213/1987 1998/2224/1998 1997/2223/1997
f 1997/2223/1997 1998/2224/1998 1999/2225/1999
f 1998/2224/1998 2000/2226/2000 1999/2225/1999
f 1994/2220/1994 1997/2223/1997 93/117/93
f 1997/2223/1997 1999/2225/1999 93/117/93
f 1990/2216/1990 1996/2222/1996 2001/2227/2001
f 1996/2222/1996 2002/2228/2002 2001/2227/2001
f 1996/2222/1996 91/115/91 2002/2228/2002
f 91/115/91 97/121/97 2002/2228/2002
f 2002/2228/2002 97/121/97 51/64/51
f 97/121/97 44/52/44 51/64/51
f 2001/2227/2001 2002/2228/2002 50/63/50
f 2002/2228/2002 51/64/51 50/63/50
f 1990/2216/1990 2001/2227/2001 2003/2229/2003
f 1990/2216/1990 2003/2229/2003 1991/2217/1991
f 2001/2227/2001 50/63/50 2004/2230/2004
f 2001/2227/2001 2004/2230/2004 2003/2229/2003
f 2003/2229/2003 2004/2230/2004 2005/2231/2005
f 2003/2229/2003 2005/2231/2005 2006/2232/2006
f 1991/2217/1991 2003/2229/2003 2006/2232/2006
f 1991/2217/1991 2006/2232/2006 1992/2218/1992
f 1992/2218/1992 2007/2233/2007 1993/2219/1993
f 2007/2233/2007 2008/2234/2008 1993/2219/1993
f 2007/2235/2007 2009/2236/2009 2008/2237/2008
f 2009/2236/2009 2010/2238/2010 2008/2237/2008
f 2008/2237/2008 2010/2238/2010 155/190/155
f 2008/2237/2008 155/190/155 2011/2239/2011
f 1993/2219/1993 2008/2234/2008 2011/2240/2011
f 1993/2219/1993 2011/2240/2011 1983/2209/1983
f 1992/2218/1992 2006/2232/2006 2012/2241/2012
f 1992/2218/1992 2012/2241/2012 2007/2233/2007
f 2006/2242/2006 2005/2243/2005 2013/2244/2013
f 2006/2242/2006 2013/2244/2013 2012/2245/2012
f 2012/2245/2012 2013/2244/2013 2014/2246/2014
f 2012/2245/2012 2014/2246/2014 2015/2247/2015
f 2007/2235/2007 2012/2245/2012 2015/2247/2015
f 2007/2235/2007 2015/2247/2015 2009/2236/2009
f 28/33/28 68/87/68 2016/2248/2016
f 28/33/28 2016/2248/2016 29/34/29
f 68/87/68 69/88/69 2016/2248/2016
f 69/88/69 2017/2249/2017 2016/2248/2016
f 2016/2248/2016 2017/2249/2017 2018/2250/2018
f 2016/2248/2016 2018/2250/2018 2019/2251/2019
f 29/34/29 2016/2248/2016 2019/2251/2019
f 29/34/29 2019/2251/2019 30/35/30
f 69/88/69 75/95/75 2017/2249/2017
f 75/95/75 2020/2252/2020 2017/2249/2017
f 75/95/75 74/94/74 2020/2252/2020
f 74/94/74 2021/2253/2021 2020/2252/2020
f 2020/2252/2020 2021/2253/2021 2022/2254/2022
f 2020/2252/2020 2022/2254/2022 2023/2255/2023
f 2017/2249/2017 2020/2252/2020 2018/2250/2018
f 2020/2252/2020 2023/2255/2023 2018/2250/2018
f 2024/2256/2024 2025/2257/2025 2026/2258/2026
f 2024/2256/2024 2026/2258/2026 2027/2259/2027
f 2025/2257/2025 2028/2260/2028 2029/2261/2029
f 2025/2257/2025 2029/2261/2029 2026/2258/2026
f 2026/2258/2026 2029/2261/2029 2030/2262/2030
f 2029/2261/2029 2031/2263/2031 2030/2262/2030
f 2027/2259/2027 2026/2258/2026 2030/2262/2030
f 2027/2259/2027 2030/2262/2030 2032/2264/2032
f 2024/2256/2024 2033/2265/2033 2025/2257/2025
f 2033/2265/2033 2034/2266/2034 2025/2257/2025
f 2033/2265/2033 2035/2267/2035 2034/2266/2034
f 2035/2267/2035 2036/2268/2036 2034/2266/2034
f 2034/2266/2034 2036/2268/2036 2037/2269/2037
f 2036/2268/2036 2038/2270/2038 2037/2269/2037
f 2025/2257/2025 2034/2266/2034 2028/2260/2028
f 2034/2266/2034 2037/2269/2037 2028/2260/2028
f 2024/2256/2024 2039/2271/2039 2040/2272/2040
f 2024/2256/2024 2040/2272/2040 2033/2265/2033
f 2039/2271/2039 1911/2123/1911 1910/2122/1910
f 2039/2271/2039 1910/2122/1910 2040/2272/2040
f 2040/2272/2040 1910/2122/1910 1897/2105/1897
f 2040/2272/2040 1897/2105/1897 2041/2273/2041
f 2033/2265/2033 2040/2272/2040 2041/2273/2041
f 2033/2265/2033 2041/2273/2041 2035/2267/2035
f 2024/2256/2024 2027/2259/2027 2039/2271/2039
f 2027/2259/2027 2042/2274/2042 2039/2271/2039
f 2027/2259/2027 2032/2264/2032 2042/2274/2042
f 2032/2264/2032 2043/2275/2043 2042/2274/2042
f 2042/2274/2042 2043/2275/2043 2044/2276/2044
f 2043/2275/2043 2045/2277/2045 2044/2276/2044
f 2039/2271/2039 2042/2274/2042 1911/2123/1911
f 2042/2274/2042 2044/2276/2044 1911/2123/1911
f 2032/2264/2032 2030/2262/2030 2046/2278/2046
f 2032/2264/2032 2046/2278/2046 2047/2279/2047
f 2030/2262/2030 2031/2263/2031 2046/2278/2046
f 2031/2263/2031 2048/2280/2048 2046/2278/2046
f 2046/2278/2046 2048/2280/2048 2049/2281/2049
f 2048/2280/2048 2050/2282/2050 2049/2281/2049
f 2047/2279/2047 2046/2278/2046 2051/2283/2051
f 2046/2278/2046 2049/2281/2049 2051/2283/2051
f 2032/2264/2032 2047/2279/2047 2043/2275/2043
f 2047/2279/2047 2052/2284/2052 2043/2275/2043
f 2047/2279/2047 2051/2283/2051 2052/2284/2052
f 2051/2283/2051 2053/2285/2053 2052/2284/2052
f 2052/2284/2052 2053/2285/2053 2054/2286/2054
f 2053/2285/2053 2055/2287/2055 2054/2286/2054
f 2043/2275/2043 2052/2284/2052 2045/2277/2045
f 2052/2284/2052 2054/2286/2054 2045/2277/2045
f 2051/2283/2051 2049/2281/2049 2056/2288/2056
f 2049/2281/2049 2057/2289/2057 2056/2288/2056
f 2049/2281/2049 2050/2282/2050 2057/2289/2057
f 2050/2282/2050 2058/2290/2058 2057/2289/2057
f 2057/2289/2057 2058/2290/2058 2059/2291/2059
f 2058/2290/2058 2060/2292/2060 2059/2291/2059
f 2056/2288/2056 2057/2289/2057 2061/2293/2061
f 2057/2289/2057 2059/2291/2059 2061/2293/2061
f 2051/2283/2051 2056/2288/2056 2053/2285/2053
f 2056/2288/2056 2062/2294/2062 2053/2285/2053
f 2056/2288/2056 2061/2293/2061 2062/2294/2062
f 2061/2293/2061 2063/2295/2063 2062/2294/2062
f 2062/2294/2062 2063/2295/2063 2064/2296/2064
f 2063/2295/2063 2065/2297/2065 2064/2296/2064
f 2053/2285/2053 2062/2294/2062 2055/2287/2055
f 2062/2294/2062 2064/2296/2064 2055/2287/2055
f 2066/2298/2066 2067/2299/2067 2068/2300/2068
f 2067/2299/2067 2069/2301/2069 2068/2300/2068
f 2067/2299/2067 1600/1771/1600 2069/2301/2069
f 1600/1771/1600 1599/1770/1599 2069/2301/2069
f 2069/2301/2069 1599/1770/1599 574/642/574
f 1599/1770/1599 575/643/575 574/642/574
f 2068/2300/2068 2069/2301/2069 572/640/572
f 2069/2301/2069 574/642/574 572/640/572
f 2066/2298/2066 2070/2302/2070 2071/2303/2071
f 2066/2298/2066 2071/2303/2071 2067/2299/2067
f 2070/2302/2070 2072/2304/2072 2073/2305/2073
f 2070/2302/2070 2073/2305/2073 2071/2303/2071
f 2071/2303/2071 2073/2305/2073 1613/1789/1613
f 2071/2303/2071 1613/1789/1613 1611/1787/1611
f 2067/2299/2067 2071/2303/2071 1611/1787/1611
f 2067/2299/2067 1611/1787/1611 1600/1771/1600
f 2066/2298/2066 2074/2306/2074 2070/2302/2070
f 2074/2306/2074 2075/2307/2075 2070/2302/2070
f 2074/2306/2074 829/921/829 2075/2307/2075
f 829/921/829 827/919/827 2075/2307/2075
f 2075/2307/2075 827/919/827 2076/2308/2076
f 827/919/827 826/918/826 2076/2308/2076
f 2070/2302/2070 2075/2307/2075 2072/2304/2072
f 2075/2307/2075 2076/2308/2076 2072/2304/2072
f 2066/2298/2066 2068/2300/2068 2077/2309/2077
f 2066/2298/2066 2077/2309/2077 2074/2306/2074
f 2068/2300/2068 572/640/572 571/639/571
f 2068/2300/2068 571/639/571 2077/2309/2077
f 2077/2309/2077 571/639/571 570/638/570
f 2077/2309/2077 570/638/570 2078/2310/2078
f 2074/2306/2074 2077/2309/2077 2078/2310/2078
f 2074/2306/2074 2078/2310/2078 829/921/829
f 2072/2304/2072 2076/2308/2076 2079/2311/2079
f 2076/2308/2076 2080/2312/2080 2079/2311/2079
f 2076/2308/2076 826/918/826 2080/2312/2080
f 826/918/826 832/924/832 2080/2312/2080
f 2080/2312/2080 832/924/832 2081/2313/2081
f 832/924/832 833/925/833 2081/2313/2081
f 2079/2311/2079 2080/2312/2080 1282/1413/1282
f 2080/2312/2080 2081/2313/2081 1282/1413/1282
f 2072/2304/2072 2079/2311/2079 2073/2305/2073
f 2079/2311/2079 2082/2314/2082 2073/2305/2073
f 2079/2311/2079 1282/1413/1282 2082/2314/2082
f 1282/1413/1282 2083/2315/2083 2082/2314/2082
f 2082/2314/2082 2083/2315/2083 2084/2316/2084
f 2082/2314/2082 2084/2316/2084 2085/2317/2085
f 2073/2305/2073 2082/2314/2082 1613/1789/1613
f 2082/2314/2082 2085/2317/2085 1613/1789/1613
f 166/203/166 164/201/164 2086/2318/2086
f 166/203/166 2086/2318/2086 874/974/874
f 164/201/164 165/202/165 200/246/200
f 164/201/164 200/246/200 2086/2318/2086
f 2086/2319/2086 200/245/200 199/244/199
f 2086/2319/2086 199/244/199 912/1013/912
f 874/976/874 2086/2319/2086 912/1013/912
f 874/976/874 912/1013/912 875/975/875
f 199/244/199 198/242/198 2087/2320/2087
f 199/244/199 2087/2320/2087 913/1014/913
f 198/242/198 192/234/192 2087/2320/2087
f 192/234/192 2088/2321/2088 2087/2320/2087
f 2087/2320/2087 2088/2321/2088 2089/2322/2089
f 2088/2321/2088 2090/2323/2090 2089/2322/2089
f 913/1014/913 2087/2320/2087 2089/2322/2089
f 913/1014/913 2089/2322/2089 914/1015/914
f 914/1015/914 2089/2322/2089 2091/2324/2091
f 914/1015/914 2091/2324/2091 916/1017/916
f 2089/2322/2089 2090/2323/2090 2091/2324/2091
f 2090/2323/2090 2092/2325/2092 2091/2324/2091
f 2091/2324/2091 2092/2325/2092 1796/1985/1796
f 2091/2324/2091 1796/1985/1796 1795/1984/1795
f 916/1017/916 2091/2324/2091 917/1018/917
f 2091/2324/2091 1795/1984/1795 917/1018/917
f 192/234/192 190/232/190 2088/2321/2088
f 190/232/190 2093/2326/2093 2088/2321/2088
f 190/232/190 191/233/191 2093/2326/2093
f 191/233/191 2094/2327/2094 2093/2326/2093
f 2093/2326/2093 2094/2327/2094 2095/2328/2095
f 2094/2327/2094 2096/2329/2096 2095/2328/2095
f 2088/2321/2088 2093/2326/2093 2090/2323/2090
f 2093/2326/2093 2095/2328/2095 2090/2323/2090
f 2090/2323/2090 2095/2328/2095 2092/2325/2092
f 2095/2328/2095 2097/2330/2097 2092/2325/2092
f 2095/2328/2095 2096/2329/2096 2097/2330/2097
f 2096/2329/2096 2098/2331/2098 2097/2330/2097
f 2097/2330/2097 2098/2331/2098 2099/2332/2099
f 2098/2331/2098 2100/2333/2100 2099/2332/2099
f 2092/2325/2092 2097/2330/2097 1796/1985/1796
f 2097/2330/2097 2099/2332/2099 1796/1985/1796
f 191/233/191 189/231/189 2101/2334/2101
f 191/233/191 2101/2334/2101 2102/2335/2102
f 189/231/189 188/230/188 2103/2336/2103
f 189/231/189 2103/2336/2103 2101/2334/2101
f 2101/2334/2101 2103/2336/2103 30/35/30
f 2101/2334/2101 30/35/30 2019/2251/2019
f 2102/2335/2102 2101/2334/2101 2019/2251/2019
f 2102/2335/2102 2019/2251/2019 2018/2250/2018
f 191/233/191 2102/2335/2102 2094/2327/2094
f 2102/2335/2102 2104/2337/2104 2094/2327/2094
f 2102/2335/2102 2018/2250/2018 2104/2337/2104
f 2018/2250/2018 2023/2255/2023 2104/2337/2104
f 2104/2337/2104 2023/2255/2023 2105/2338/2105
f 2023/2255/2023 2022/2254/2022 2105/2338/2105
f 2094/2327/2094 2104/2337/2104 2096/2329/2096
f 2104/2337/2104 2105/2338/2105 2096/2329/2096
f 2060/2292/2060 2106/2339/2106 2059/2291/2059
f 2106/2339/2106 2107/2340/2107 2059/2291/2059
f 2106/2339/2106 2108/2341/2108 2107/2340/2107
f 2108/2341/2108 2109/2342/2109 2107/2340/2107
f 2107/2340/2107 2109/2342/2109 2063/2295/2063
f 2109/2342/2109 2065/2297/2065 2063/2295/2063
f 2059/2291/2059 2107/2340/2107 2061/2293/2061
f 2107/2340/2107 2063/2295/2063 2061/2293/2061
f 2060/2292/2060 2110/2343/2110 2111/2344/2111
f 2060/2292/2060 2111/2344/2111 2106/2339/2106
f 2110/2343/2110 1777/1966/1777 1776/1965/1776
f 2110/2343/2110 1776/1965/1776 2111/2344/2111
f 2111/2344/2111 1776/1965/1776 1758/1947/1758
f 2111/2344/2111 1758/1947/1758 2112/2345/2112
f 2106/2339/2106 2111/2344/2111 2112/2345/2112
f 2106/2339/2106 2112/2345/2112 2108/2341/2108
f 2060/2292/2060 2058/2290/2058 2110/2343/2110
f 2058/2290/2058 2113/2346/2113 2110/2343/2110
f 2058/2290/2058 2050/2282/2050 2113/2346/2113
f 2050/2282/2050 2114/2347/2114 2113/2346/2113
f 2113/2346/2113 2114/2347/2114 2115/2348/2115
f 2114/2347/2114 2116/2349/2116 2115/2348/2115
f 2110/2343/2110 2113/2346/2113 1777/1966/1777
f 2113/2346/2113 2115/2348/2115 1777/1966/1777
f 1758/1947/1758 1757/1946/1757 2112/2345/2112
f 1757/1946/1757 2117/2350/2117 2112/2345/2112
f 1757/1946/1757 1756/1945/1756 2117/2350/2117
f 1756/1945/1756 2118/2351/2118 2117/2350/2117
f 2117/2350/2117 2118/2351/2118 2119/2352/2119
f 2118/2351/2118 2120/2353/2120 2119/2352/2119
f 2112/2345/2112 2117/2350/2117 2108/2341/2108
f 2117/2350/2117 2119/2352/2119 2108/2341/2108
f 2108/2341/2108 2119/2352/2119 2109/2342/2109
f 2119/2352/2119 2121/2354/2121 2109/2342/2109
f 2119/2352/2119 2120/2353/2120 2121/2354/2121
f 2120/2353/2120 2122/2355/2122 2121/2354/2121
f 2121/2354/2121 2122/2355/2122 2123/2356/2123
f 2122/2355/2122 2124/2357/2124 2123/2356/2123
f 2109/2342/2109 2121/2354/2121 2065/2297/2065
f 2121/2354/2121 2123/2356/2123 2065/2297/2065
f 1756/1945/1756 1765/1954/1765 2118/2351/2118
f 1765/1954/1765 2125/2358/2125 2118/2351/2118
f 1765/1954/1765 1766/1955/1766 2125/2358/2125
f 1766/1955/1766 2126/2359/2126 2125/2358/2125
f 2125/2358/2125 2126/2359/2126 2127/2360/2127
f 2126/2359/2126 2128/2361/2128 2127/2360/2127
f 2118/2351/2118 2125/2358/2125 2120/2353/2120
f 2125/2358/2125 2127/2360/2127 2120/2353/2120
f 1763/1952/1763 2129/2362/2129 1764/1953/1764
f 2129/2362/2129 2130/2363/2130 1764/1953/1764
f 2129/2362/2129 1803/1995/1803 2130/2363/2130
f 1803/1995/1803 1802/1994/1802 2130/2363/2130
f 2130/2363/2130 1802/1994/1802 2131/2364/2131
f 1802/1994/1802 1801/1993/1801 2131/2364/2131
f 1764/1953/1764 2130/2363/2130 1766/1955/1766
f 2130/2363/2130 2131/2364/2131 1766/1955/1766
f 1763/1952/1763 1769/1958/1769 2132/2365/2132
f 1763/1952/1763 2132/2365/2132 2129/2362/2129
f 1769/1958/1769 1738/1930/1738 1736/2366/1736
f 1769/1958/1769 1736/2366/1736 2132/2365/2132
f 2132/2365/2132 1736/2366/1736 1735/2367/1735
f 2132/2365/2132 1735/2367/1735 1805/1999/1805
f 2129/2362/2129 2132/2365/2132 1805/1999/1805
f 2129/2362/2129 1805/1999/1805 1803/1995/1803
f 2133/2368/2133 2134/2369/2134 2135/2370/2135
f 2134/2369/2134 2136/2371/2136 2135/2370/2135
f 2134/2372/2134 2137/2373/2137 2138/2374/2138
f 2134/2372/2134 2138/2374/2138 2136/2375/2136
f 2136/2375/2136 2138/2374/2138 2139/2376/2139
f 2136/2375/2136 2139/2376/2139 2140/2377/2140
f 2135/2370/2135 2136/2371/2136 2140/2378/2140
f 2135/2370/2135 2140/2378/2140 2141/2379/2141
f 2133/2380/2133 2142/2381/2142 2134/2372/2134
f 2142/2381/2142 2143/2382/2143 2134/2372/2134
f 2142/2383/2142 2144/2384/2144 2143/2385/2143
f 2144/2384/2144 2145/2386/2145 2143/2385/2143
f 2143/2382/2143 2145/2387/2145 2146/2388/2146
f 2145/2387/2145 2147/2389/2147 2146/2388/2146
f 2134/2372/2134 2143/2382/2143 2146/2388/2146
f 2134/2372/2134 2146/2388/2146 2137/2373/2137
f 2133/2390/2133 2148/2391/2148 2149/2392/2149
f 2133/2390/2133 2149/2392/2149 2142/2383/2142
f 2148/2391/2148 1690/1875/1690 2150/2393/2150
f 2148/2391/2148 2150/2393/2150 2149/2392/2149
f 2149/2392/2149 2150/2393/2150 2151/2394/2151
f 2150/2393/2150 2152/2395/2152 2151/2394/2151
f 2142/2383/2142 2149/2392/2149 2151/2394/2151
f 2142/2383/2142 2151/2394/2151 2144/2384/2144
f 2133/2368/2133 2135/2370/2135 2148/2396/2148
f 2135/2370/2135 2153/2397/2153 2148/2396/2148
f 2135/2370/2135 2141/2379/2141 2154/2398/2154
f 2135/2370/2135 2154/2398/2154 2153/2397/2153
f 2153/2399/2153 2154/2400/2154 1691/1876/1691
f 2153/2399/2153 1691/1876/1691 1689/1874/1689
f 2148/2391/2148 2153/2399/2153 1690/1875/1690
f 2153/2399/2153 1689/1874/1689 1690/1875/1690
f 2141/2379/2141 2140/2378/2140 2155/2401/2155
f 2141/2379/2141 2155/2401/2155 2156/2402/2156
f 2140/2377/2140 2139/2376/2139 2157/2403/2157
f 2140/2377/2140 2157/2403/2157 2155/2404/2155
f 2155/2404/2155 2157/2403/2157 2158/2405/2158
f 2157/2403/2157 2159/2406/2159 2158/2405/2158
f 2156/2407/2156 2155/2404/2155 2160/2408/2160
f 2155/2404/2155 2158/2405/2158 2160/2408/2160
f 2141/2409/2141 2156/2410/2156 2154/2400/2154
f 2156/2410/2156 2161/2411/2161 2154/2400/2154
f 2156/2410/2156 2160/2412/2160 2161/2411/2161
f 2160/2412/2160 2162/2413/2162 2161/2411/2161
f 2161/2411/2161 2162/2413/2162 2163/2414/2163
f 2162/2413/2162 2164/2415/2164 2163/2414/2163
f 2154/2400/2154 2161/2411/2161 1691/1876/1691
f 2161/2411/2161 2163/2414/2163 1691/1876/1691
f 2147/2389/2147 2165/2416/2165 2146/2388/2146
f 2165/2416/2165 2166/2417/2166 2146/2388/2146
f 2165/2416/2165 2167/2418/2167 2168/2419/2168
f 2165/2416/2165 2168/2419/2168 2166/2417/2166
f 2166/2417/2166 2168/2419/2168 2169/2420/2169
f 2166/2417/2166 2169/2420/2169 2170/2421/2170
f 2146/2388/2146 2166/2417/2166 2170/2421/2170
f 2146/2388/2146 2170/2421/2170 2137/2373/2137
f 2147/2389/2147 2171/2422/2171 2172/2423/2172
f 2147/2389/2147 2172/2423/2172 2165/2416/2165
f 2171/2422/2171 2173/2424/2173 2174/2425/2174
f 2171/2422/2171 2174/2425/2174 2172/2423/2172
f 2172/2423/2172 2174/2425/2174 2175/2426/2175
f 2172/2423/2172 2175/2426/2175 2176/2427/2176
f 2165/2416/2165 2172/2423/2172 2176/2427/2176
f 2165/2416/2165 2176/2427/2176 2167/2418/2167
f 2147/2389/2147 2145/2387/2145 2177/2428/2177
f 2147/2389/2147 2177/2428/2177 2171/2422/2171
f 2145/2386/2145 2144/2384/2144 2178/2429/2178
f 2145/2386/2145 2178/2429/2178 2177/2430/2177
f 2177/2430/2177 2178/2429/2178 2179/2431/2179
f 2177/2430/2177 2179/2431/2179 2180/2432/2180
f 2171/2433/2171 2177/2430/2177 2173/2434/2173
f 2177/2430/2177 2180/2432/2180 2173/2434/2173
f 2137/2373/2137 2170/2421/2170 2181/2435/2181
f 2137/2373/2137 2181/2435/2181 2138/2374/2138
f 2170/2421/2170 2169/2420/2169 2182/2436/2182
f 2170/2421/2170 2182/2436/2182 2181/2435/2181
f 2181/2435/2181 2182/2436/2182 2183/2437/2183
f 2181/2435/2181 2183/2437/2183 2184/2438/2184
f 2138/2374/2138 2181/2435/2181 2184/2438/2184
f 2138/2374/2138 2184/2438/2184 2139/2376/2139
f 2139/2376/2139 2184/2438/2184 2185/2439/2185
f 2139/2376/2139 2185/2439/2185 2157/2403/2157
f 2184/2438/2184 2183/2437/2183 2186/2440/2186
f 2184/2438/2184 2186/2440/2186 2185/2439/2185
f 2185/2439/2185 2186/2440/2186 2187/2441/2187
f 2186/2440/2186 2188/2442/2188 2187/2441/2187
f 2157/2403/2157 2185/2439/2185 2159/2406/2159
f 2185/2439/2185 2187/2441/2187 2159/2406/2159
f 2159/2406/2159 2187/2441/2187 2189/2443/2189
f 2187/2441/2187 2190/2444/2190 2189/2443/2189
f 2187/2441/2187 2188/2442/2188 2190/2444/2190
f 2188/2442/2188 2191/2445/2191 2190/2444/2190
f 2190/2446/2190 2191/2447/2191 2192/2448/2192
f 2191/2447/2191 87/108/87 2192/2448/2192
f 2189/2449/2189 2190/2446/2190 2193/2450/2193
f 2190/2446/2190 2192/2448/2192 2193/2450/2193
f 2159/2406/2159 2189/2443/2189 2194/2451/2194
f 2159/2406/2159 2194/2451/2194 2158/2405/2158
f 2189/2449/2189 2193/2450/2193 2195/2452/2195
f 2189/2449/2189 2195/2452/2195 2194/2453/2194
f 2194/2453/2194 2195/2452/2195 2196/2454/2196
f 2194/2453/2194 2196/2454/2196 2197/2455/2197
f 2158/2456/2158 2194/2453/2194 2197/2455/2197
f 2158/2456/2158 2197/2455/2197 2160/2412/2160
f 2188/2442/2188 2186/2440/2186 2198/2457/2198
f 2188/2442/2188 2198/2457/2198 2199/2458/2199
f 2186/2440/2186 2183/2437/2183 2198/2457/2198
f 2183/2437/2183 2200/2459/2200 2198/2457/2198
f 2198/2457/2198 2200/2459/2200 2201/2460/2201
f 2200/2459/2200 2202/2461/2202 2201/2460/2201
f 2199/2458/2199 2198/2457/2198 2201/2460/2201
f 2199/2458/2199 2201/2460/2201 2203/2462/2203
f 2188/2442/2188 2199/2458/2199 2191/2445/2191
f 2199/2458/2199 2204/2463/2204 2191/2445/2191
f 2199/2458/2199 2203/2462/2203 2204/2463/2204
f 2203/2462/2203 2205/2464/2205 2204/2463/2204
f 2204/2463/2204 2205/2464/2205 86/112/86
f 2205/2464/2205 88/111/88 86/112/86
f 2191/2447/2191 2204/2465/2204 87/108/87
f 2204/2465/2204 86/107/86 87/108/87
f 87/108/87 85/106/85 2206/2466/2206
f 87/108/87 2206/2466/2206 2192/2448/2192
f 85/106/85 84/105/84 2207/2467/2207
f 85/106/85 2207/2467/2207 2206/2466/2206
f 2206/2466/2206 2207/2467/2207 2208/2468/2208
f 2206/2466/2206 2208/2468/2208 2209/2469/2209
f 2192/2448/2192 2206/2466/2206 2209/2469/2209
f 2192/2448/2192 2209/2469/2209 2193/2450/2193
f 2210/2470/2210 2211/2471/2211 2212/2472/2212
f 2210/2470/2210 2212/2472/2212 2213/2473/2213
f 2211/2474/2211 2214/2475/2214 2215/2476/2215
f 2211/2474/2211 2215/2476/2215 2212/2477/2212
f 2212/2472/2212 2215/2478/2215 2216/2479/2216
f 2212/2472/2212 2216/2479/2216 2217/2480/2217
f 2213/2473/2213 2212/2472/2212 2218/2481/2218
f 2212/2472/2212 2217/2480/2217 2218/2481/2218
f 2210/2470/2210 2219/2482/2219 2211/2471/2211
f 2219/2482/2219 2220/2483/2220 2211/2471/2211
f 2219/2484/2219 2221/2485/2221 2220/2486/2220
f 2221/2485/2221 2222/2487/2222 2220/2486/2220
f 2220/2486/2220 2222/2487/2222 2223/2488/2223
f 2222/2487/2222 2224/2489/2224 2223/2488/2223
f 2211/2474/2211 2220/2486/2220 2214/2475/2214
f 2220/2486/2220 2223/2488/2223 2214/2475/2214
f 2210/2470/2210 2225/2490/2225 2219/2482/2219
f 2225/2490/2225 2226/2491/2226 2219/2482/2219
f 2225/2490/2225 2227/2492/2227 2226/2491/2226
f 2227/2492/2227 2228/2493/2228 2226/2491/2226
f 2226/2491/2226 2228/2493/2228 2229/2494/2229
f 2228/2493/2228 2230/2495/2230 2229/2494/2229
f 2219/2482/2219 2226/2491/2226 2221/2496/2221
f 2226/2491/2226 2229/2494/2229 2221/2496/2221
f 2210/2470/2210 2213/2473/2213 2231/2497/2231
f 2210/2470/2210 2231/2497/2231 2225/2490/2225
f 2213/2473/2213 2218/2481/2218 2231/2497/2231
f 2218/2481/2218 2232/2498/2232 2231/2497/2231
f 2231/2497/2231 2232/2498/2232 2233/2499/2233
f 2231/2497/2231 2233/2499/2233 2234/2500/2234
f 2225/2490/2225 2231/2497/2231 2234/2500/2234
f 2225/2490/2225 2234/2500/2234 2227/2492/2227
f 2227/2492/2227 2235/2501/2235 2228/2493/2228
f 2235/2501/2235 2236/2502/2236 2228/2493/2228
f 2235/2501/2235 2237/2503/2237 2236/2502/2236
f 2237/2503/2237 2238/2504/2238 2236/2502/2236
f 2236/2502/2236 2238/2504/2238 2239/2505/2239
f 2238/2504/2238 2240/2506/2240 2239/2505/2239
f 2228/2493/2228 2236/2502/2236 2230/2495/2230
f 2236/2502/2236 2239/2505/2239 2230/2495/2230
f 2227/2492/2227 2234/2500/2234 2241/2507/2241
f 2227/2492/2227 2241/2507/2241 2235/2501/2235
f 2234/2500/2234 2233/2499/2233 2242/2508/2242
f 2234/2500/2234 2242/2508/2242 2241/2507/2241
f 2241/2507/2241 2242/2508/2242 2243/2509/2243
f 2241/2507/2241 2243/2509/2243 2244/2510/2244
f 2235/2501/2235 2241/2507/2241 2244/2510/2244
f 2235/2501/2235 2244/2510/2244 2237/2503/2237
f 2218/2481/2218 2217/2480/2217 2245/2511/2245
f 2217/2480/2217 2246/2512/2246 2245/2511/2245
f 2217/2480/2217 2216/2479/2216 2246/2512/2246
f 2216/2479/2216 2247/2513/2247 2246/2512/2246
f 2246/2512/2246 2247/2513/2247 1218/1340/1218
f 2247/2513/2247 1219/1342/1219 1218/1340/1218
f 2245/2511/2245 2246/2512/2246 1216/1338/1216
f 2246/2512/2246 1218/1340/1218 1216/1338/1216
f 2218/2481/2218 2245/2511/2245 2248/2514/2248
f 2218/2481/2218 2248/2514/2248 2232/2498/2232
f 2245/2511/2245 1216/1338/1216 1214/1335/1214
f 2245/2511/2245 1214/1335/1214 2248/2514/2248
f 2248/2514/2248 1214/1335/1214 1215/1336/1215
f 2248/2514/2248 1215/1336/1215 2249/2515/2249
f 2232/2498/2232 2248/2514/2248 2249/2515/2249
f 2232/2498/2232 2249/2515/2249 2233/2499/2233
f 2233/2499/2233 2249/2515/2249 2242/2508/2242
f 2249/2515/2249 2250/2516/2250 2242/2508/2242
f 2249/2515/2249 1215/1336/1215 1225/1349/1225
f 2249/2515/2249 1225/1349/1225 2250/2516/2250
f 2250/2516/2250 1225/1349/1225 1226/1350/1226
f 2250/2516/2250 1226/1350/1226 2251/2517/2251
f 2242/2508/2242 2250/2516/2250 2243/2509/2243
f 2250/2516/2250 2251/2517/2251 2243/2509/2243
f 2243/2509/2243 2251/2517/2251 2252/2518/2252
f 2251/2517/2251 2253/2519/2253 2252/2518/2252
f 2251/2517/2251 1226/1350/1226 2253/2519/2253
f 1226/1350/1226 2254/2520/2254 2253/2519/2253
f 2253/2519/2253 2254/2520/2254 2255/2521/2255
f 2254/2520/2254 2256/2522/2256 2255/2521/2255
f 2252/2518/2252 2253/2519/2253 2257/2523/2257
f 2253/2519/2253 2255/2521/2255 2257/2523/2257
f 2243/2509/2243 2252/2518/2252 2244/2510/2244
f 2252/2518/2252 2258/2524/2258 2244/2510/2244
f 2252/2518/2252 2257/2523/2257 2258/2524/2258
f 2257/2523/2257 2259/2525/2259 2258/2524/2258
f 2258/2524/2258 2259/2525/2259 2260/2526/2260
f 2259/2525/2259 2261/2527/2261 2260/2526/2260
f 2244/2510/2244 2258/2524/2258 2237/2503/2237
f 2258/2524/2258 2260/2526/2260 2237/2503/2237
f 2257/2523/2257 2262/2528/2262 2259/2525/2259
f 2262/2528/2262 2263/2529/2263 2259/2525/2259
f 2262/2528/2262 2264/2530/2264 2265/2531/2265
f 2262/2528/2262 2265/2531/2265 2263/2529/2263
f 2263/2529/2263 2265/2531/2265 2266/2532/2266
f 2263/2529/2263 2266/2532/2266 2267/2533/2267
f 2259/2525/2259 2263/2529/2263 2267/2533/2267
f 2259/2525/2259 2267/2533/2267 2261/2527/2261
f 2257/2523/2257 2255/2521/2255 2268/2534/2268
f 2257/2523/2257 2268/2534/2268 2262/2528/2262
f 2255/2521/2255 2256/2522/2256 2268/2534/2268
f 2256/2522/2256 2269/2535/2269 2268/2534/2268
f 2268/2534/2268 2269/2535/2269 2270/2536/2270
f 2268/2534/2268 2270/2536/2270 2271/2537/2271
f 2262/2528/2262 2268/2534/2268 2271/2537/2271
f 2262/2528/2262 2271/2537/2271 2264/2530/2264
f 1226/1350/1226 1224/1348/1224 2272/2538/2272
f 1226/1350/1226 2272/2538/2272 2254/2520/2254
f 1224/1348/1224 1223/1347/1223 1235/1363/1235
f 1224/1348/1224 1235/1363/1235 2272/2538/2272
f 2272/2538/2272 1235/1363/1235 1236/1364/1236
f 2272/2538/2272 1236/1364/1236 2273/2539/2273
f 2254/2520/2254 2272/2538/2272 2273/2539/2273
f 2254/2520/2254 2273/2539/2273 2256/2522/2256
f 2256/2522/2256 2273/2539/2273 2269/2535/2269
f 2273/2539/2273 2274/2540/2274 2269/2535/2269
f 2273/2539/2273 1236/1364/1236 1241/1373/1241
f 2273/2539/2273 1241/1373/1241 2274/2540/2274
f 2274/2540/2274 1241/1373/1241 1242/2541/1242
f 2274/2540/2274 1242/2541/1242 2275/2542/2275
f 2269/2535/2269 2274/2540/2274 2270/2536/2270
f 2274/2540/2274 2275/2542/2275 2270/2536/2270
f 2270/2536/2270 2275/2542/2275 2276/2543/2276
f 2270/2536/2270 2276/2543/2276 2277/2544/2277
f 2275/2542/2275 1242/2541/1242 2278/2545/2278
f 2275/2542/2275 2278/2545/2278 2276/2543/2276
f 2276/2546/2276 2278/2547/2278 2279/2548/2279
f 2276/2546/2276 2279/2548/2279 2280/2549/2280
f 2277/2544/2277 2276/2543/2276 2281/2550/2281
f 2276/2543/2276 2280/2551/2280 2281/2550/2281
f 2270/2536/2270 2277/2544/2277 2271/2537/2271
f 2277/2544/2277 2282/2552/2282 2271/2537/2271
f 2277/2544/2277 2281/2550/2281 2282/2552/2282
f 2281/2550/2281 2283/2553/2283 2282/2552/2282
f 2282/2554/2282 2283/2555/2283 2284/2556/2284
f 2283/2555/2283 2285/2557/2285 2284/2556/2284
f 2271/2537/2271 2282/2552/2282 2264/2530/2264
f 2282/2552/2282 2284/2558/2284 2264/2530/2264
f 1454/1614/1454 1461/1621/1461 2286/2559/2286
f 1454/1614/1454 2286/2559/2286 2287/2560/2287
f 1461/1621/1461 1460/1620/1460 2288/2561/2288
f 1461/1621/1461 2288/2561/2288 2286/2559/2286
f 2286/2559/2286 2288/2561/2288 2289/2562/2289
f 2286/2559/2286 2289/2562/2289 2290/2563/2290
f 2287/2560/2287 2286/2559/2286 2290/2563/2290
f 2287/2560/2287 2290/2563/2290 2291/2564/2291
f 1454/1614/1454 2287/2560/2287 1455/1615/1455
f 2287/2560/2287 2292/2565/2292 1455/1615/1455
f 2287/2560/2287 2291/2564/2291 2292/2565/2292
f 2291/2564/2291 2293/2566/2293 2292/2565/2292
f 2292/2565/2292 2293/2566/2293 1449/1609/1449
f 2293/2566/2293 1451/1611/1451 1449/1609/1449
f 1455/1615/1455 2292/2565/2292 1448/1608/1448
f 2292/2565/2292 1449/1609/1449 1448/1608/1448
f 1460/1620/1460 1471/1631/1471 2294/2567/2294
f 1460/1620/1460 2294/2567/2294 2288/2561/2288
f 1471/2568/1471 1470/2569/1470 2295/2570/2295
f 1471/2568/1471 2295/2570/2295 2294/2571/2294
f 2294/2571/2294 2295/2570/2295 2296/2572/2296
f 2294/2571/2294 2296/2572/2296 2297/2573/2297
f 2288/2561/2288 2294/2567/2294 2297/2574/2297
f 2288/2561/2288 2297/2574/2297 2289/2562/2289
f 2289/2562/2289 2298/2575/2298 2290/2563/2290
f 2298/2575/2298 2299/2576/2299 2290/2563/2290
f 2298/2575/2298 1409/1569/1409 1407/1567/1407
f 2298/2575/2298 1407/1567/1407 2299/2576/2299
f 2299/2576/2299 1407/1567/1407 1406/1566/1406
f 2299/2576/2299 1406/1566/1406 2300/2577/2300
f 2290/2563/2290 2299/2576/2299 2291/2564/2291
f 2299/2576/2299 2300/2577/2300 2291/2564/2291
f 2289/2562/2289 2297/2574/2297 2301/2578/2301
f 2289/2562/2289 2301/2578/2301 2298/2575/2298
f 2297/2574/2297 2296/2579/2296 2302/2580/2302
f 2297/2574/2297 2302/2580/2302 2301/2578/2301
f 2301/2578/2301 2302/2580/2302 1425/1585/1425
f 2301/2578/2301 1425/1585/1425 1423/1583/1423
f 2298/2575/2298 2301/2578/2301 1423/1583/1423
f 2298/2575/2298 1423/1583/1423 1409/1569/1409
f 1470/2569/1470 2303/2581/2303 2295/2570/2295
f 2303/2581/2303 2304/2582/2304 2295/2570/2295
f 2303/2581/2303 2305/2583/2305 2304/2582/2304
f 2305/2583/2305 2306/2584/2306 2304/2582/2304
f 2304/2582/2304 2306/2584/2306 2307/2585/2307
f 2306/2584/2306 2308/2586/2308 2307/2585/2307
f 2295/2570/2295 2304/2582/2304 2296/2572/2296
f 2304/2582/2304 2307/2585/2307 2296/2572/2296
f 1470/2569/1470 1469/2587/1469 2309/2588/2309
f 1470/2569/1470 2309/2588/2309 2303/2581/2303
f 1469/1629/1469 1468/1628/1468 2309/2589/2309
f 1468/1628/1468 2310/2590/2310 2309/2589/2309
f 2309/2588/2309 2310/2591/2310 2311/2592/2311
f 2309/2588/2309 2311/2592/2311 2312/2593/2312
f 2303/2581/2303 2309/2588/2309 2312/2593/2312
f 2303/2581/2303 2312/2593/2312 2305/2583/2305
f 2296/2579/2296 2307/2594/2307 2313/2595/2313
f 2296/2579/2296 2313/2595/2313 2302/2580/2302
f 2307/2594/2307 2308/2596/2308 2313/2595/2313
f 2308/2596/2308 2314/2597/2314 2313/2595/2313
f 2313/2595/2313 2314/2597/2314 1433/1593/1433
f 2314/2597/2314 1435/1595/1435 1433/1593/1433
f 2302/2580/2302 2313/2595/2313 1433/1593/1433
f 2302/2580/2302 1433/1593/1433 1425/1585/1425
f 2311/2592/2311 2315/2598/2315 2312/2593/2312
f 2315/2598/2315 2316/2599/2316 2312/2593/2312
f 2315/2598/2315 1035/1143/1035 2316/2599/2316
f 1035/1143/1035 1034/1142/1034 2316/2599/2316
f 2316/2599/2316 1034/1142/1034 2317/2600/2317
f 1034/1142/1034 1033/1141/1033 2317/2600/2317
f 2312/2593/2312 2316/2599/2316 2305/2583/2305
f 2316/2599/2316 2317/2600/2317 2305/2583/2305
f 2311/2592/2311 2318/2601/2318 2319/2602/2319
f 2311/2592/2311 2319/2602/2319 2315/2598/2315
f 2318/2601/2318 2320/2603/2320 2321/2604/2321
f 2318/2601/2318 2321/2604/2321 2319/2602/2319
f 2319/2602/2319 2321/2604/2321 288/340/288
f 2319/2602/2319 288/340/288 1046/1159/1046
f 2315/2598/2315 2319/2602/2319 1046/1159/1046
f 2315/2598/2315 1046/1159/1046 1035/1143/1035
f 2311/2592/2311 2310/2591/2310 2318/2601/2318
f 2310/2591/2310 2322/2605/2322 2318/2601/2318
f 2310/2590/2310 1468/1628/1468 2322/2606/2322
f 1468/1628/1468 1474/1634/1474 2322/2606/2322
f 2322/2606/2322 1474/1634/1474 2323/2607/2323
f 1474/1634/1474 1475/1635/1475 2323/2607/2323
f 2318/2601/2318 2322/2605/2322 2320/2603/2320
f 2322/2605/2322 2323/2608/2323 2320/2603/2320
f 2305/2583/2305 2317/2600/2317 2306/2584/2306
f 2317/2600/2317 2324/2609/2324 2306/2584/2306
f 2317/2600/2317 1033/1141/1033 2324/2609/2324
f 1033/1141/1033 1056/1171/1056 2324/2609/2324
f 2324/2609/2324 1056/1171/1056 2325/2610/2325
f 1056/1171/1056 1055/1170/1055 2325/2610/2325
f 2306/2584/2306 2324/2609/2324 2308/2586/2308
f 2324/2609/2324 2325/2610/2325 2308/2586/2308
f 2308/2596/2308 2325/2611/2325 2314/2597/2314
f 2325/2611/2325 2326/2612/2326 2314/2597/2314
f 2325/2610/2325 1055/1170/1055 2326/2613/2326
f 1055/1170/1055 1066/1183/1066 2326/2613/2326
f 2326/2612/2326 1066/2614/1066 2327/2615/2327
f 1066/2614/1066 1065/2616/1065 2327/2615/2327
f 2314/2597/2314 2326/2612/2326 1435/1595/1435
f 2326/2612/2326 2327/2615/2327 1435/1595/1435
f 1435/1595/1435 2327/2615/2327 2328/2617/2328
f 1435/1595/1435 2328/2617/2328 1434/1594/1434
f 2327/2615/2327 1065/2616/1065 2328/2617/2328
f 1065/2616/1065 2329/2618/2329 2328/2617/2328
f 2328/2619/2328 2329/2620/2329 2330/2621/2330
f 2329/2620/2329 2331/2622/2331 2330/2621/2330
f 1434/1594/1434 2328/2617/2328 1428/1588/1428
f 2328/2617/2328 2330/2623/2330 1428/1588/1428
f 1242/1371/1242 1240/1369/1240 2278/2547/2278
f 1240/1369/1240 2332/2624/2332 2278/2547/2278
f 1240/1369/1240 1239/1368/1239 2332/2624/2332
f 1239/1368/1239 1246/1377/1246 2332/2624/2332
f 2332/2624/2332 1246/1377/1246 2333/2625/2333
f 1246/1377/1246 1245/1376/1245 2333/2625/2333
f 2278/2547/2278 2332/2624/2332 2279/2548/2279
f 2332/2624/2332 2333/2625/2333 2279/2548/2279
f 2334/2626/2334 2335/2627/2335 2336/2628/2336
f 2335/2627/2335 2337/2629/2337 2336/2628/2336
f 2335/2627/2335 1886/2092/1886 2337/2629/2337
f 1886/2092/1886 1885/2091/1885 2337/2629/2337
f 2337/2629/2337 1885/2091/1885 2338/2630/2338
f 1885/2091/1885 1884/2090/1884 2338/2630/2338
f 2336/2628/2336 2337/2629/2337 2339/2631/2339
f 2337/2629/2337 2338/2630/2338 2339/2631/2339
f 2334/2626/2334 2340/2632/2340 2341/2633/2341
f 2334/2626/2334 2341/2633/2341 2335/2627/2335
f 2340/2632/2340 2342/2634/2342 2343/2635/2343
f 2340/2632/2340 2343/2635/2343 2341/2633/2341
f 2341/2633/2341 2343/2635/2343 1901/2110/1901
f 2341/2633/2341 1901/2110/1901 1900/2109/1900
f 2335/2627/2335 2341/2633/2341 1900/2109/1900
f 2335/2627/2335 1900/2109/1900 1886/2092/1886
f 2334/2626/2334 2344/2636/2344 2340/2632/2340
f 2344/2636/2344 2345/2637/2345 2340/2632/2340
f 2344/2636/2344 2346/2638/2346 2345/2637/2345
f 2346/2638/2346 2347/2639/2347 2345/2637/2345
f 2345/2637/2345 2347/2639/2347 2348/2640/2348
f 2347/2639/2347 2349/2641/2349 2348/2640/2348
f 2340/2632/2340 2345/2637/2345 2342/2634/2342
f 2345/2637/2345 2348/2640/2348 2342/2634/2342
f 2334/2626/2334 2336/2628/2336 2350/2642/2350
f 2334/2626/2334 2350/2642/2350 2344/2636/2344
f 2336/2628/2336 2339/2631/2339 2351/2643/2351
f 2336/2628/2336 2351/2643/2351 2350/2642/2350
f 2350/2642/2350 2351/2643/2351 2352/2644/2352
f 2350/2642/2350 2352/2644/2352 2353/2645/2353
f 2344/2636/2344 2350/2642/2350 2353/2645/2353
f 2344/2636/2344 2353/2645/2353 2346/2638/2346
f 2346/2646/2346 2353/2647/2353 2354/2648/2354
f 2346/2646/2346 2354/2648/2354 2355/2649/2355
f 2353/2645/2353 2352/2644/2352 2356/2650/2356
f 2353/2645/2353 2356/2650/2356 2354/2651/2354
f 2354/2648/2354 2356/2652/2356 2357/2653/2357
f 2354/2648/2354 2357/2653/2357 2358/2654/2358
f 2355/2649/2355 2354/2648/2354 2358/2654/2358
f 2355/2649/2355 2358/2654/2358 2359/2655/2359
f 2346/2646/2346 2355/2649/2355 2347/2656/2347
f 2355/2649/2355 2360/2657/2360 2347/2656/2347
f 2355/2649/2355 2359/2655/2359 2360/2657/2360
f 2359/2655/2359 2361/2658/2361 2360/2657/2360
f 2360/2657/2360 2361/2658/2361 2362/2659/2362
f 2361/2658/2361 2363/2660/2363 2362/2659/2362
f 2347/2656/2347 2360/2657/2360 2349/2661/2349
f 2360/2657/2360 2362/2659/2362 2349/2661/2349
f 2359/2655/2359 2364/2662/2364 2361/2658/2361
f 2364/2662/2364 2365/2663/2365 2361/2658/2361
f 2364/2662/2364 2224/2489/2224 2365/2663/2365
f 2224/2489/2224 2366/2664/2366 2365/2663/2365
f 2365/2663/2365 2366/2664/2366 2367/2665/2367
f 2366/2664/2366 2368/2666/2368 2367/2665/2367
f 2361/2658/2361 2365/2663/2365 2363/2660/2363
f 2365/2663/2365 2367/2665/2367 2363/2660/2363
f 2359/2655/2359 2358/2654/2358 2364/2662/2364
f 2358/2654/2358 2369/2667/2369 2364/2662/2364
f 2358/2654/2358 2357/2653/2357 2369/2667/2369
f 2357/2653/2357 2370/2668/2370 2369/2667/2369
f 2369/2667/2369 2370/2668/2370 2223/2488/2223
f 2370/2668/2370 2214/2475/2214 2223/2488/2223
f 2364/2662/2364 2369/2667/2369 2224/2489/2224
f 2369/2667/2369 2223/2488/2223 2224/2489/2224
f 2224/2489/2224 2222/2487/2222 2366/2664/2366
f 2222/2487/2222 2371/2669/2371 2366/2664/2366
f 2222/2487/2222 2221/2485/2221 2371/2669/2371
f 2221/2485/2221 2229/2670/2229 2371/2669/2371
f 2371/2669/2371 2229/2670/2229 2372/2671/2372
f 2229/2670/2229 2230/2672/2230 2372/2671/2372
f 2366/2664/2366 2371/2669/2371 2368/2666/2368
f 2371/2669/2371 2372/2671/2372 2368/2666/2368
f 2352/2644/2352 2373/2673/2373 2374/2674/2374
f 2352/2644/2352 2374/2674/2374 2356/2650/2356
f 2373/2673/2373 2375/2675/2375 2376/2676/2376
f 2373/2673/2373 2376/2676/2376 2374/2674/2374
f 2374/2674/2374 2376/2676/2376 2377/2677/2377
f 2374/2674/2374 2377/2677/2377 2378/2678/2378
f 2356/2652/2356 2374/2679/2374 2378/2680/2378
f 2356/2652/2356 2378/2680/2378 2357/2653/2357
f 2352/2644/2352 2351/2643/2351 2373/2673/2373
f 2351/2643/2351 2379/2681/2379 2373/2673/2373
f 2351/2643/2351 2339/2631/2339 2379/2681/2379
f 2339/2631/2339 2380/2682/2380 2379/2681/2379
f 2379/2681/2379 2380/2682/2380 2381/2683/2381
f 2380/2682/2380 2382/2684/2382 2381/2683/2381
f 2373/2673/2373 2379/2681/2379 2375/2675/2375
f 2379/2681/2379 2381/2683/2381 2375/2675/2375
f 2357/2653/2357 2378/2680/2378 2383/2685/2383
f 2357/2653/2357 2383/2685/2383 2370/2668/2370
f 2378/2680/2378 2377/2686/2377 2384/2687/2384
f 2378/2680/2378 2384/2687/2384 2383/2685/2383
f 2383/2685/2383 2384/2687/2384 2215/2476/2215
f 2384/2687/2384 2216/2688/2216 2215/2476/2215
f 2370/2668/2370 2383/2685/2383 2214/2475/2214
f 2383/2685/2383 2215/2476/2215 2214/2475/2214
f 2375/2675/2375 2381/2683/2381 2385/2689/2385
f 2381/2683/2381 2386/2690/2386 2385/2689/2385
f 2381/2683/2381 2382/2684/2382 2386/2690/2386
f 2382/2684/2382 2387/2691/2387 2386/2690/2386
f 2386/2690/2386 2387/2691/2387 2388/2692/2388
f 2387/2691/2387 2389/2693/2389 2388/2692/2388
f 2385/2689/2385 2386/2690/2386 2390/2694/2390
f 2386/2690/2386 2388/2692/2388 2390/2694/2390
f 2375/2675/2375 2385/2689/2385 2391/2695/2391
f 2375/2675/2375 2391/2695/2391 2376/2676/2376
f 2385/2689/2385 2390/2694/2390 2392/2696/2392
f 2385/2689/2385 2392/2696/2392 2391/2695/2391
f 2391/2695/2391 2392/2696/2392 2393/2697/2393
f 2391/2695/2391 2393/2697/2393 2394/2698/2394
f 2376/2676/2376 2391/2695/2391 2394/2698/2394
f 2376/2676/2376 2394/2698/2394 2377/2677/2377
f 2377/2677/2377 2394/2698/2394 2395/2699/2395
f 2377/2677/2377 2395/2699/2395 2384/2700/2384
f 2394/2698/2394 2393/2697/2393 2396/2701/2396
f 2394/2698/2394 2396/2701/2396 2395/2699/2395
f 2395/2699/2395 2396/2701/2396 1219/1342/1219
f 2395/2699/2395 1219/1342/1219 2247/2513/2247
f 2384/2700/2384 2395/2699/2395 2247/2513/2247
f 2384/2700/2384 2247/2513/2247 2216/2479/2216
f 2393/2697/2393 2397/2702/2397 2398/2703/2398
f 2393/2697/2393 2398/2703/2398 2396/2701/2396
f 2397/2702/2397 2399/2704/2399 2398/2703/2398
f 2399/2704/2399 2400/2705/2400 2398/2703/2398
f 2398/2703/2398 2400/2705/2400 1090/2706/1090
f 2398/2703/2398 1090/2706/1090 1220/1343/1220
f 2396/2701/2396 2398/2703/2398 1220/1343/1220
f 2396/2701/2396 1220/1343/1220 1219/1342/1219
f 2393/2697/2393 2392/2696/2392 2401/2707/2401
f 2393/2697/2393 2401/2707/2401 2397/2702/2397
f 2392/2696/2392 2390/2694/2390 2402/2708/2402
f 2392/2696/2392 2402/2708/2402 2401/2707/2401
f 2401/2707/2401 2402/2708/2402 2403/2709/2403
f 2401/2707/2401 2403/2709/2403 2404/2710/2404
f 2397/2702/2397 2401/2707/2401 2399/2704/2399
f 2401/2707/2401 2404/2710/2404 2399/2704/2399
f 2342/2634/2342 2348/2640/2348 2405/2711/2405
f 2342/2634/2342 2405/2711/2405 2406/2712/2406
f 2348/2640/2348 2349/2641/2349 2407/2713/2407
f 2348/2640/2348 2407/2713/2407 2405/2711/2405
f 2405/2711/2405 2407/2713/2407 1393/2714/1393
f 2405/2711/2405 1393/2714/1393 1391/1546/1391
f 2406/2712/2406 2405/2711/2405 1391/1546/1391
f 2406/2712/2406 1391/1546/1391 1390/1545/1390
f 2342/2634/2342 2406/2712/2406 2343/2635/2343
f 2406/2712/2406 2408/2715/2408 2343/2635/2343
f 2406/2712/2406 1390/1545/1390 2408/2715/2408
f 1390/1545/1390 1397/1557/1397 2408/2715/2408
f 2408/2715/2408 1397/1557/1397 1396/1556/1396
f 2408/2715/2408 1396/1556/1396 2409/2716/2409
f 2343/2635/2343 2408/2715/2408 1901/2110/1901
f 2408/2715/2408 2409/2716/2409 1901/2110/1901
f 2339/2631/2339 2338/2630/2338 2380/2682/2380
f 2338/2630/2338 2410/2717/2410 2380/2682/2380
f 2338/2630/2338 1884/2090/1884 2410/2717/2410
f 1884/2090/1884 2411/2718/2411 2410/2717/2410
f 2410/2717/2410 2411/2718/2411 2412/2719/2412
f 2411/2718/2411 2413/2720/2413 2412/2719/2412
f 2380/2682/2380 2410/2717/2410 2382/2684/2382
f 2410/2717/2410 2412/2719/2412 2382/2684/2382
f 2382/2684/2382 2412/2719/2412 2387/2691/2387
f 2412/2719/2412 2414/2721/2414 2387/2691/2387
f 2412/2719/2412 2413/2720/2413 2414/2721/2414
f 2413/2720/2413 2415/2722/2415 2414/2721/2414
f 2414/2721/2414 2415/2722/2415 2416/2723/2416
f 2415/2722/2415 1200/1318/1200 2416/2723/2416
f 2387/2691/2387 2414/2721/2414 2389/2693/2389
f 2414/2721/2414 2416/2723/2416 2389/2693/2389
f 2389/2693/2389 2416/2723/2416 2417/2724/2417
f 2416/2723/2416 2418/2725/2418 2417/2724/2417
f 2416/2723/2416 1200/1318/1200 2418/2725/2418
f 1200/1318/1200 1198/1316/1198 2418/2725/2418
f 2418/2725/2418 1198/1316/1198 1205/1323/1205
f 1198/1316/1198 1194/1312/1194 1205/1323/1205
f 2417/2724/2417 2418/2725/2418 1206/1324/1206
f 2418/2725/2418 1205/1323/1205 1206/1324/1206
f 2389/2693/2389 2417/2724/2417 2419/2726/2419
f 2389/2693/2389 2419/2726/2419 2388/2692/2388
f 2417/2724/2417 1206/1324/1206 2420/2727/2420
f 2417/2724/2417 2420/2727/2420 2419/2726/2419
f 2419/2726/2419 2420/2727/2420 2402/2708/2402
f 2420/2727/2420 2403/2709/2403 2402/2708/2402
f 2388/2692/2388 2419/2726/2419 2402/2708/2402
f 2388/2692/2388 2402/2708/2402 2390/2694/2390
f 1206/1324/1206 1204/1322/1204 2420/2727/2420
f 1204/1322/1204 2421/2728/2421 2420/2727/2420
f 1204/1322/1204 1203/1321/1203 2421/2728/2421
f 1203/1321/1203 1209/1327/1209 2421/2728/2421
f 2421/2728/2421 1209/1327/1209 2422/2729/2422
f 1209/1327/1209 1210/1328/1210 2422/2729/2422
f 2420/2727/2420 2421/2728/2421 2403/2709/2403
f 2421/2728/2421 2422/2729/2422 2403/2709/2403
f 2403/2709/2403 2422/2729/2422 2404/2710/2404
f 2422/2729/2422 2423/2730/2423 2404/2710/2404
f 2422/2729/2422 1210/1328/1210 1787/1976/1787
f 2422/2729/2422 1787/1976/1787 2423/2730/2423
f 2423/2730/2423 1787/1976/1787 1786/1975/1786
f 2423/2730/2423 1786/1975/1786 2424/2731/2424
f 2404/2710/2404 2423/2730/2423 2399/2704/2399
f 2423/2730/2423 2424/2731/2424 2399/2704/2399
f 1792/1981/1792 1791/1980/1791 2425/2732/2425
f 1791/1980/1791 2426/2733/2426 2425/2732/2425
f 1791/1980/1791 1790/1979/1790 2426/2733/2426
f 1790/1979/1790 2427/2734/2427 2426/2733/2426
f 2426/2733/2426 2427/2734/2427 2428/2735/2428
f 2427/2734/2427 2429/2736/2429 2428/2735/2428
f 2425/2732/2425 2426/2733/2426 2430/2737/2430
f 2426/2733/2426 2428/2735/2428 2430/2737/2430
f 1792/1981/1792 2431/2738/2431 1793/1982/1793
f 2431/2738/2431 2432/2739/2432 1793/1982/1793
f 2431/2738/2431 2433/2740/2433 2432/2739/2432
f 2433/2740/2433 2434/2741/2434 2432/2739/2432
f 2432/2739/2432 2434/2741/2434 2424/2731/2424
f 2434/2741/2434 2399/2704/2399 2424/2731/2424
f 1793/1982/1793 2432/2739/2432 1786/1975/1786
f 2432/2739/2432 2424/2731/2424 1786/1975/1786
f 1792/1981/1792 2425/2732/2425 2435/2742/2435
f 1792/1981/1792 2435/2742/2435 2431/2738/2431
f 2425/2732/2425 2430/2737/2430 2436/2743/2436
f 2425/2732/2425 2436/2743/2436 2435/2742/2435
f 2435/2742/2435 2436/2743/2436 2437/2744/2437
f 2435/2742/2435 2437/2744/2437 2438/2745/2438
f 2431/2738/2431 2435/2742/2435 2438/2745/2438
f 2431/2738/2431 2438/2745/2438 2433/2740/2433
f 2433/2740/2433 2438/2745/2438 2439/2746/2439
f 2433/2740/2433 2439/2746/2439 2440/2747/2440
f 2438/2745/2438 2437/2744/2437 2441/2748/2441
f 2438/2745/2438 2441/2748/2441 2439/2746/2439
f 2439/2746/2439 2441/2748/2441 1084/2749/1084
f 2439/2746/2439 1084/2749/1084 1082/2750/1082
f 2440/2747/2440 2439/2746/2439 1082/2750/1082
f 2440/2747/2440 1082/2750/1082 1081/2751/1081
f 2433/2740/2433 2440/2747/2440 2434/2741/2434
f 2440/2747/2440 2442/2752/2442 2434/2741/2434
f 2440/2747/2440 1081/2751/1081 2442/2752/2442
f 1081/2751/1081 1091/2753/1091 2442/2752/2442
f 2442/2752/2442 1091/2753/1091 2400/2705/2400
f 1091/2753/1091 1090/2706/1090 2400/2705/2400
f 2434/2741/2434 2442/2752/2442 2399/2704/2399
f 2442/2752/2442 2400/2705/2400 2399/2704/2399
f 2437/2744/2437 2436/2743/2436 2443/2754/2443
f 2436/2743/2436 2444/2755/2444 2443/2754/2443
f 2436/2743/2436 2430/2737/2430 2444/2755/2444
f 2430/2737/2430 2445/2756/2445 2444/2755/2444
f 2444/2755/2444 2445/2756/2445 2446/2757/2446
f 2445/2756/2445 2447/2758/2447 2446/2757/2446
f 2443/2754/2443 2444/2755/2444 2448/2759/2448
f 2444/2755/2444 2446/2757/2446 2448/2759/2448
f 2437/2744/2437 2443/2754/2443 2449/2760/2449
f 2437/2744/2437 2449/2760/2449 2441/2748/2441
f 2443/2754/2443 2448/2759/2448 2450/2761/2450
f 2443/2754/2443 2450/2761/2450 2449/2760/2449
f 2449/2760/2449 2450/2761/2450 1106/2762/1106
f 2449/2760/2449 1106/2762/1106 1104/2763/1104
f 2441/2748/2441 2449/2760/2449 1104/2763/1104
f 2441/2748/2441 1104/2763/1104 1084/2749/1084
f 1106/2762/1106 2450/2761/2450 2451/2764/2451
f 2450/2761/2450 2452/2765/2452 2451/2764/2451
f 2450/2761/2450 2448/2759/2448 2452/2765/2452
f 2448/2759/2448 2453/2766/2453 2452/2765/2452
f 2452/2765/2452 2453/2766/2453 1344/1480/1344
f 2453/2766/2453 1334/1470/1334 1344/1480/1344
f 2451/2764/2451 2452/2765/2452 1343/1479/1343
f 2452/2765/2452 1344/1480/1344 1343/1479/1343
f 1106/1224/1106 2451/2767/2451 2454/2768/2454
f 1106/1224/1106 2454/2768/2454 1105/1223/1105
f 2451/2764/2451 1343/1479/1343 2454/2769/2454
f 1343/1479/1343 1347/1486/1347 2454/2769/2454
f 2454/2768/2454 1347/1485/1347 1129/1247/1129
f 1347/1485/1347 1130/1248/1130 1129/1247/1129
f 1105/1223/1105 2454/2768/2454 1129/1247/1129
f 1105/1223/1105 1129/1247/1129 1107/1225/1107
f 1023/1128/1023 1022/1127/1022 2455/2770/2455
f 1023/1128/1023 2455/2770/2455 2456/2771/2456
f 1022/1127/1022 1021/1126/1021 1608/1782/1608
f 1022/1127/1022 1608/1782/1608 2455/2770/2455
f 2455/2770/2455 1608/1782/1608 1609/1783/1609
f 2455/2770/2455 1609/1783/1609 2457/2772/2457
f 2456/2771/2456 2455/2770/2455 2458/2773/2458
f 2455/2770/2455 2457/2772/2457 2458/2773/2458
f 1023/1128/1023 2456/2771/2456 2459/2774/2459
f 1023/1128/1023 2459/2774/2459 1025/1130/1025
f 2456/2771/2456 2458/2773/2458 2460/2775/2460
f 2456/2771/2456 2460/2775/2460 2459/2774/2459
f 2459/2774/2459 2460/2775/2460 72/92/72
f 2459/2774/2459 72/92/72 78/99/78
f 1025/1130/1025 2459/2774/2459 79/100/79
f 2459/2774/2459 78/99/78 79/100/79
f 2065/2297/2065 2123/2356/2123 2461/2776/2461
f 2065/2297/2065 2461/2776/2461 2064/2296/2064
f 2123/2356/2123 2124/2357/2124 2462/2777/2462
f 2123/2356/2123 2462/2777/2462 2461/2776/2461
f 2461/2776/2461 2462/2777/2462 2463/2778/2463
f 2461/2776/2461 2463/2778/2463 2464/2779/2464
f 2064/2296/2064 2461/2776/2461 2464/2779/2464
f 2064/2296/2064 2464/2779/2464 2055/2287/2055
f 2120/2353/2120 2127/2360/2127 2122/2355/2122
f 2127/2360/2127 2465/2780/2465 2122/2355/2122
f 2127/2360/2127 2128/2361/2128 2465/2780/2465
f 2128/2361/2128 2466/2781/2466 2465/2780/2465
f 2465/2780/2465 2466/2781/2466 2467/2782/2467
f 2466/2781/2466 2468/2783/2468 2467/2782/2467
f 2122/2355/2122 2465/2780/2465 2124/2357/2124
f 2465/2780/2465 2467/2782/2467 2124/2357/2124
f 2124/2357/2124 2467/2782/2467 2469/2784/2469
f 2124/2357/2124 2469/2784/2469 2462/2777/2462
f 2467/2782/2467 2468/2783/2468 2469/2784/2469
f 2468/2783/2468 2470/2785/2470 2469/2784/2469
f 2469/2786/2469 2470/2787/2470 2471/2788/2471
f 2469/2786/2469 2471/2788/2471 2472/2789/2472
f 2462/2790/2462 2469/2786/2469 2472/2789/2472
f 2462/2790/2462 2472/2789/2472 2463/2791/2463
f 2463/2791/2463 2472/2789/2472 2473/2792/2473
f 2463/2791/2463 2473/2792/2473 2474/2793/2474
f 2472/2789/2472 2471/2788/2471 2475/2794/2475
f 2472/2789/2472 2475/2794/2475 2473/2792/2473
f 2473/2792/2473 2475/2794/2475 2476/2795/2476
f 2473/2792/2473 2476/2795/2476 2477/2796/2477
f 2474/2793/2474 2473/2792/2473 2477/2796/2477
f 2474/2793/2474 2477/2796/2477 2478/2797/2478
f 2463/2791/2463 2474/2793/2474 2464/2798/2464
f 2474/2793/2474 2479/2799/2479 2464/2798/2464
f 2474/2793/2474 2478/2797/2478 2479/2799/2479
f 2478/2797/2478 2480/2800/2480 2479/2799/2479
f 2479/2801/2479 2480/2802/2480 2054/2286/2054
f 2480/2802/2480 2045/2277/2045 2054/2286/2054
f 2464/2779/2464 2479/2801/2479 2055/2287/2055
f 2479/2801/2479 2054/2286/2054 2055/2287/2055
f 1766/1955/1766 2131/2364/2131 2126/2359/2126
f 2131/2364/2131 2481/2803/2481 2126/2359/2126
f 2131/2364/2131 1801/1993/1801 2481/2803/2481
f 1801/1993/1801 1809/2007/1809 2481/2803/2481
f 2481/2803/2481 1809/2007/1809 2482/2804/2482
f 1809/2007/1809 1808/2006/1808 2482/2804/2482
f 2126/2359/2126 2481/2803/2481 2128/2361/2128
f 2481/2803/2481 2482/2804/2482 2128/2361/2128
f 2128/2361/2128 2482/2804/2482 2466/2781/2466
f 2482/2804/2482 2483/2805/2483 2466/2781/2466
f 2482/2804/2482 1808/2006/1808 2483/2805/2483
f 1808/2006/1808 1813/2013/1813 2483/2805/2483
f 2483/2805/2483 1813/2013/1813 2484/2806/2484
f 1813/2013/1813 1812/2807/1812 2484/2806/2484
f 2466/2781/2466 2483/2805/2483 2468/2783/2468
f 2483/2805/2483 2484/2806/2484 2468/2783/2468
f 2468/2808/2468 2484/2809/2484 2470/2787/2470
f 2484/2809/2484 2485/2810/2485 2470/2787/2470
f 2484/2809/2484 1812/2010/1812 2485/2810/2485
f 1812/2010/1812 1819/2019/1819 2485/2810/2485
f 2485/2810/2485 1819/2019/1819 2486/2811/2486
f 1819/2019/1819 1818/2018/1818 2486/2811/2486
f 2470/2787/2470 2485/2810/2485 2471/2788/2471
f 2485/2810/2485 2486/2811/2486 2471/2788/2471
f 2471/2788/2471 2486/2811/2486 2475/2794/2475
f 2486/2811/2486 2487/2812/2487 2475/2794/2475
f 2486/2811/2486 1818/2018/1818 2487/2812/2487
f 1818/2018/1818 1828/2028/1828 2487/2812/2487
f 2487/2812/2487 1828/2028/1828 1829/2029/1829
f 2487/2812/2487 1829/2029/1829 2488/2813/2488
f 2475/2794/2475 2487/2812/2487 2476/2795/2476
f 2487/2812/2487 2488/2813/2488 2476/2795/2476
f 2476/2795/2476 2488/2813/2488 2489/2814/2489
f 2488/2813/2488 2490/2815/2490 2489/2814/2489
f 2488/2813/2488 1829/2029/1829 1833/2033/1833
f 2488/2813/2488 1833/2033/1833 2490/2815/2490
f 2490/2815/2490 1833/2033/1833 1158/1276/1158
f 2490/2815/2490 1158/1276/1158 1915/2128/1915
f 2489/2814/2489 2490/2815/2490 1915/2128/1915
f 2489/2814/2489 1915/2128/1915 1907/2118/1907
f 2476/2795/2476 2489/2814/2489 2477/2796/2477
f 2489/2814/2489 2491/2816/2491 2477/2796/2477
f 2489/2814/2489 1907/2118/1907 1906/2117/1906
f 2489/2814/2489 1906/2117/1906 2491/2816/2491
f 2491/2816/2491 1906/2117/1906 1905/2116/1905
f 2491/2816/2491 1905/2116/1905 2492/2817/2492
f 2477/2796/2477 2491/2816/2491 2478/2797/2478
f 2491/2816/2491 2492/2817/2492 2478/2797/2478
f 1245/1376/1245 1248/1379/1248 2493/2818/2493
f 1245/1376/1245 2493/2818/2493 2333/2625/2333
f 1248/1379/1248 1136/1254/1136 2494/2819/2494
f 1248/1379/1248 2494/2819/2494 2493/2818/2493
f 2493/2818/2493 2494/2819/2494 2495/2820/2495
f 2493/2818/2493 2495/2820/2495 2496/2821/2496
f 2333/2625/2333 2493/2818/2493 2496/2821/2496
f 2333/2625/2333 2496/2821/2496 2279/2548/2279
f 2279/2548/2279 2496/2821/2496 2280/2549/2280
f 2496/2821/2496 2497/2822/2497 2280/2549/2280
f 2496/2821/2496 2495/2820/2495 2498/2823/2498
f 2496/2821/2496 2498/2823/2498 2497/2822/2497
f 2497/2824/2497 2498/2825/2498 2285/2557/2285
f 2497/2824/2497 2285/2557/2285 2283/2555/2283
f 2280/2826/2280 2497/2824/2497 2281/2827/2281
f 2497/2824/2497 2283/2555/2283 2281/2827/2281
f 329/386/329 327/384/327 2499/2828/2499
f 329/386/329 2499/2828/2499 2500/2829/2500
f 327/384/327 313/370/313 2501/2830/2501
f 327/384/327 2501/2830/2501 2499/2828/2499
f 2499/2828/2499 2501/2830/2501 2502/2831/2502
f 2499/2828/2499 2502/2831/2502 2503/2832/2503
f 2500/2829/2500 2499/2828/2499 2503/2832/2503
f 2500/2829/2500 2503/2832/2503 2504/2833/2504
f 329/386/329 2505/2834/2505 328/385/328
f 2505/2834/2505 2506/2835/2506 328/385/328
f 2505/2834/2505 2507/2836/2507 2506/2835/2506
f 2507/2836/2507 2508/2837/2508 2506/2835/2506
f 2506/2835/2506 2508/2837/2508 323/380/323
f 2508/2837/2508 325/382/325 323/380/323
f 328/385/328 2506/2835/2506 322/379/322
f 2506/2835/2506 323/380/323 322/379/322
f 329/386/329 2500/2829/2500 2505/2834/2505
f 2500/2829/2500 2509/2838/2509 2505/2834/2505
f 2500/2829/2500 2504/2833/2504 2509/2838/2509
f 2504/2833/2504 2510/2839/2510 2509/2838/2509
f 2509/2838/2509 2510/2839/2510 2511/2840/2511
f 2509/2838/2509 2511/2840/2511 2512/2841/2512
f 2505/2834/2505 2509/2838/2509 2507/2836/2507
f 2509/2838/2509 2512/2841/2512 2507/2836/2507
f 2504/2833/2504 2513/2842/2513 2510/2839/2510
f 2513/2842/2513 2514/2843/2514 2510/2839/2510
f 2513/2842/2513 1548/1712/1548 2514/2843/2514
f 1548/1712/1548 2515/2844/2515 2514/2843/2514
f 2514/2843/2514 2515/2844/2515 2516/2845/2516
f 2515/2844/2515 2517/2846/2517 2516/2845/2516
f 2510/2839/2510 2514/2843/2514 2511/2840/2511
f 2514/2843/2514 2516/2845/2516 2511/2840/2511
f 2504/2833/2504 2503/2832/2503 2518/2847/2518
f 2504/2833/2504 2518/2847/2518 2513/2842/2513
f 2503/2832/2503 2502/2831/2502 2518/2847/2518
f 2502/2831/2502 2519/2848/2519 2518/2847/2518
f 2518/2847/2518 2519/2848/2519 1552/1716/1552
f 2518/2847/2518 1552/1716/1552 1550/1714/1550
f 2513/2842/2513 2518/2847/2518 1548/1712/1548
f 2518/2847/2518 1550/1714/1550 1548/1712/1548
f 313/370/313 312/369/312 2501/2830/2501
f 312/369/312 2520/2849/2520 2501/2830/2501
f 312/369/312 311/368/311 2520/2849/2520
f 311/368/311 593/661/593 2520/2849/2520
f 2520/2849/2520 593/661/593 2521/2850/2521
f 593/661/593 594/662/594 2521/2850/2521
f 2501/2830/2501 2520/2849/2520 2502/2831/2502
f 2520/2849/2520 2521/2850/2521 2502/2831/2502
f 2522/2851/2522 2523/2852/2523 2524/2853/2524
f 2523/2852/2523 2525/2854/2525 2524/2853/2524
f 2523/2852/2523 2526/2855/2526 2525/2854/2525
f 2526/2855/2526 2527/2856/2527 2525/2854/2525
f 2525/2854/2525 2527/2856/2527 2528/2857/2528
f 2527/2856/2527 2529/2858/2529 2528/2857/2528
f 2524/2853/2524 2525/2854/2525 2530/2859/2530
f 2525/2854/2525 2528/2857/2528 2530/2859/2530
f 2522/2851/2522 2531/2860/2531 2532/2861/2532
f 2522/2851/2522 2532/2861/2532 2523/2852/2523
f 2531/2860/2531 2533/2862/2533 2534/2863/2534
f 2531/2860/2531 2534/2863/2534 2532/2861/2532
f 2532/2861/2532 2534/2863/2534 2535/2864/2535
f 2532/2861/2532 2535/2864/2535 2536/2865/2536
f 2523/2852/2523 2532/2861/2532 2536/2865/2536
f 2523/2852/2523 2536/2865/2536 2526/2855/2526
f 2522/2851/2522 2537/2866/2537 2531/2860/2531
f 2537/2866/2537 2538/2867/2538 2531/2860/2531
f 2537/2866/2537 2539/2868/2539 2538/2867/2538
f 2539/2868/2539 2540/2869/2540 2538/2867/2538
f 2538/2867/2538 2540/2869/2540 2541/2870/2541
f 2540/2869/2540 2542/2871/2542 2541/2870/2541
f 2531/2860/2531 2538/2867/2538 2541/2870/2541
f 2531/2860/2531 2541/2870/2541 2533/2862/2533
f 2522/2851/2522 2524/2853/2524 2543/2872/2543
f 2522/2851/2522 2543/2872/2543 2537/2866/2537
f 2524/2853/2524 2530/2859/2530 2544/2873/2544
f 2524/2853/2524 2544/2873/2544 2543/2872/2543
f 2543/2872/2543 2544/2873/2544 214/260/214
f 2543/2872/2543 214/260/214 2545/2874/2545
f 2537/2866/2537 2543/2872/2543 2545/2874/2545
f 2537/2866/2537 2545/2874/2545 2539/2868/2539
f 2539/2868/2539 2546/2875/2546 2540/2869/2540
f 2546/2875/2546 2547/2876/2547 2540/2869/2540
f 2546/2875/2546 2548/2877/2548 2547/2876/2547
f 2548/2877/2548 2549/2878/2549 2547/2876/2547
f 2547/2876/2547 2549/2878/2549 2550/2879/2550
f 2549/2878/2549 2551/2880/2551 2550/2879/2550
f 2540/2869/2540 2547/2876/2547 2542/2871/2542
f 2547/2876/2547 2550/2879/2550 2542/2871/2542
f 2539/2868/2539 2545/2874/2545 2552/2881/2552
f 2539/2868/2539 2552/2881/2552 2546/2875/2546
f 2545/2874/2545 214/260/214 2552/2881/2552
f 214/260/214 213/259/213 2552/2881/2552
f 2552/2881/2552 213/259/213 212/258/212
f 2552/2881/2552 212/258/212 2553/2882/2553
f 2546/2875/2546 2552/2881/2552 2553/2882/2553
f 2546/2875/2546 2553/2882/2553 2548/2877/2548
f 2554/2883/2554 2555/2884/2555 2556/2885/2556
f 2555/2884/2555 2557/2886/2557 2556/2885/2556
f 2555/2884/2555 2558/2887/2558 2557/2886/2557
f 2558/2887/2558 2559/2888/2559 2557/2886/2557
f 2557/2886/2557 2559/2888/2559 2560/2889/2560
f 2559/2888/2559 2561/2890/2561 2560/2889/2560
f 2556/2885/2556 2557/2886/2557 2562/2891/2562
f 2557/2886/2557 2560/2889/2560 2562/2891/2562
f 2554/2883/2554 2563/2892/2563 2564/2893/2564
f 2554/2883/2554 2564/2893/2564 2555/2884/2555
f 2563/2892/2563 2565/2894/2565 2566/2895/2566
f 2563/2892/2563 2566/2895/2566 2564/2893/2564
f 2564/2893/2564 2566/2895/2566 2567/2896/2567
f 2564/2893/2564 2567/2896/2567 2568/2897/2568
f 2555/2884/2555 2564/2893/2564 2568/2897/2568
f 2555/2884/2555 2568/2897/2568 2558/2887/2558
f 2554/2883/2554 2569/2898/2569 2563/2892/2563
f 2569/2898/2569 2570/2899/2570 2563/2892/2563
f 2569/2898/2569 2571/2900/2571 2570/2899/2570
f 2571/2900/2571 2572/2901/2572 2570/2899/2570
f 2570/2899/2570 2572/2901/2572 2573/2902/2573
f 2572/2901/2572 644/714/644 2573/2902/2573
f 2563/2892/2563 2570/2899/2570 2565/2894/2565
f 2570/2899/2570 2573/2902/2573 2565/2894/2565
f 2554/2883/2554 2556/2885/2556 2574/2903/2574
f 2554/2883/2554 2574/2903/2574 2569/2898/2569
f 2556/2885/2556 2562/2891/2562 2575/2904/2575
f 2556/2885/2556 2575/2904/2575 2574/2903/2574
f 2574/2903/2574 2575/2904/2575 2576/2905/2576
f 2574/2903/2574 2576/2905/2576 2577/2906/2577
f 2569/2898/2569 2574/2903/2574 2577/2906/2577
f 2569/2898/2569 2577/2906/2577 2571/2900/2571
f 1163/1281/1163 1199/1317/1199 1164/1282/1164
f 1199/1317/1199 2578/2907/2578 1164/1282/1164
f 1199/1317/1199 1200/1318/1200 2578/2907/2578
f 1200/1318/1200 2415/2722/2415 2578/2907/2578
f 2578/2907/2578 2415/2722/2415 2579/2908/2579
f 2415/2722/2415 2413/2720/2413 2579/2908/2579
f 1164/1282/1164 2578/2907/2578 1166/1284/1166
f 2578/2907/2578 2579/2908/2579 1166/1284/1166
f 1166/1284/1166 2579/2908/2579 1917/2130/1917
f 2579/2908/2579 2580/2909/2580 1917/2130/1917
f 2579/2908/2579 2413/2720/2413 2580/2909/2580
f 2413/2720/2413 2411/2718/2411 2580/2909/2580
f 2580/2909/2580 2411/2718/2411 1883/2089/1883
f 2411/2718/2411 1884/2090/1884 1883/2089/1883
f 1917/2130/1917 2580/2909/2580 1882/2088/1882
f 2580/2909/2580 1883/2089/1883 1882/2088/1882
f 2038/2270/2038 2036/2268/2036 2581/2910/2581
f 2038/2270/2038 2581/2910/2581 2582/2911/2582
f 2036/2268/2036 2035/2267/2035 2583/2912/2583
f 2036/2268/2036 2583/2912/2583 2581/2910/2581
f 2581/2910/2581 2583/2912/2583 2584/2913/2584
f 2583/2912/2583 2585/2914/2585 2584/2913/2584
f 2582/2911/2582 2581/2910/2581 2584/2913/2584
f 2582/2911/2582 2584/2913/2584 1972/2198/1972
f 2038/2270/2038 2586/2915/2586 2587/2916/2587
f 2038/2270/2038 2587/2916/2587 2037/2269/2037
f 2586/2915/2586 2588/2917/2588 2589/2918/2589
f 2586/2915/2586 2589/2918/2589 2587/2916/2587
f 2587/2916/2587 2589/2918/2589 2590/2919/2590
f 2587/2916/2587 2590/2919/2590 2591/2920/2591
f 2037/2269/2037 2587/2916/2587 2591/2920/2591
f 2037/2269/2037 2591/2920/2591 2028/2260/2028
f 2038/2270/2038 2582/2911/2582 2586/2915/2586
f 2582/2911/2582 2592/2921/2592 2586/2915/2586
f 2582/2911/2582 1972/2198/1972 2592/2921/2592
f 1972/2198/1972 1971/2197/1971 2592/2921/2592
f 2592/2921/2592 1971/2197/1971 2593/2922/2593
f 1971/2197/1971 1951/2177/1951 2593/2922/2593
f 2586/2915/2586 2592/2921/2592 2588/2917/2588
f 2592/2921/2592 2593/2922/2593 2588/2917/2588
f 2035/2267/2035 2041/2273/2041 2583/2912/2583
f 2041/2273/2041 2594/2923/2594 2583/2912/2583
f 2041/2273/2041 1897/2105/1897 2594/2923/2594
f 1897/2105/1897 2595/2924/2595 2594/2923/2594
f 2594/2923/2594 2595/2924/2595 2596/2925/2596
f 2595/2924/2595 2597/2926/2597 2596/2925/2596
f 2583/2912/2583 2594/2923/2594 2585/2914/2585
f 2594/2923/2594 2596/2925/2596 2585/2914/2585
f 2598/2927/2598 2599/2928/2599 2600/2929/2600
f 2598/2927/2598 2600/2929/2600 2601/2930/2601
f 2599/2928/2599 2602/2931/2602 2600/2929/2600
f 2602/2931/2602 2603/2932/2603 2600/2929/2600
f 2600/2929/2600 2603/2932/2603 2604/2933/2604
f 2600/2929/2600 2604/2933/2604 2605/2934/2605
f 2601/2930/2601 2600/2929/2600 2605/2934/2605
f 2601/2930/2601 2605/2934/2605 2606/2935/2606
f 2598/2927/2598 2607/2936/2607 2599/2928/2599
f 2607/2936/2607 2608/2937/2608 2599/2928/2599
f 2607/2936/2607 2609/2938/2609 2608/2937/2608
f 2609/2938/2609 2610/2939/2610 2608/2937/2608
f 2608/2937/2608 2610/2939/2610 2611/2940/2611
f 2610/2939/2610 2612/2941/2612 2611/2940/2611
f 2599/2928/2599 2608/2937/2608 2602/2931/2602
f 2608/2937/2608 2611/2940/2611 2602/2931/2602
f 2598/2927/2598 2613/2942/2613 2614/2943/2614
f 2598/2927/2598 2614/2943/2614 2607/2936/2607
f 2613/2942/2613 2615/2944/2615 2616/2945/2616
f 2613/2942/2613 2616/2945/2616 2614/2943/2614
f 2614/2943/2614 2616/2945/2616 2617/2946/2617
f 2614/2943/2614 2617/2946/2617 2618/2947/2618
f 2607/2936/2607 2614/2943/2614 2618/2947/2618
f 2607/2936/2607 2618/2947/2618 2609/2938/2609
f 2598/2927/2598 2601/2930/2601 2613/2942/2613
f 2601/2930/2601 2619/2948/2619 2613/2942/2613
f 2601/2930/2601 2606/2935/2606 2619/2948/2619
f 2606/2935/2606 2620/2949/2620 2619/2948/2619
f 2619/2948/2619 2620/2949/2620 2621/2950/2621
f 2620/2949/2620 2622/2951/2622 2621/2950/2621
f 2613/2942/2613 2619/2948/2619 2615/2944/2615
f 2619/2948/2619 2621/2950/2621 2615/2944/2615
f 2615/2944/2615 2623/2952/2623 2624/2953/2624
f 2615/2944/2615 2624/2953/2624 2616/2945/2616
f 2623/2952/2623 1964/2190/1964 2624/2953/2624
f 1964/2190/1964 2625/2954/2625 2624/2953/2624
f 2624/2953/2624 2625/2954/2625 2626/2955/2626
f 2625/2954/2625 2627/2956/2627 2626/2955/2626
f 2616/2945/2616 2624/2953/2624 2626/2955/2626
f 2616/2945/2616 2626/2955/2626 2617/2946/2617
f 2615/2944/2615 2621/2950/2621 2623/2952/2623
f 2621/2950/2621 2628/2957/2628 2623/2952/2623
f 2621/2950/2621 2622/2951/2622 2628/2957/2628
f 2622/2951/2622 2629/2958/2629 2628/2957/2628
f 2628/2957/2628 2629/2958/2629 1963/2189/1963
f 2629/2958/2629 1955/2181/1955 1963/2189/1963
f 2623/2952/2623 2628/2957/2628 1964/2190/1964
f 2628/2957/2628 1963/2189/1963 1964/2190/1964
f 1964/2190/1964 1962/2188/1962 2625/2954/2625
f 1962/2188/1962 2630/2959/2630 2625/2954/2625
f 1962/2188/1962 1961/2187/1961 2630/2959/2630
f 1961/2187/1961 2631/2960/2631 2630/2959/2630
f 2630/2959/2630 2631/2960/2631 2632/2961/2632
f 2631/2960/2631 2633/2962/2633 2632/2961/2632
f 2625/2954/2625 2630/2959/2630 2627/2956/2627
f 2630/2959/2630 2632/2961/2632 2627/2956/2627
f 1961/2187/1961 1968/2194/1968 2631/2960/2631
f 1968/2194/1968 2634/2963/2634 2631/2960/2631
f 1968/2194/1968 1967/2193/1967 2634/2963/2634
f 1967/2193/1967 1977/2203/1977 2634/2963/2634
f 2634/2963/2634 1977/2203/1977 2635/2964/2635
f 1977/2203/1977 1978/2204/1978 2635/2964/2635
f 2631/2960/2631 2634/2963/2634 2633/2962/2633
f 2634/2963/2634 2635/2964/2635 2633/2962/2633
f 2606/2935/2606 2605/2934/2605 2636/2965/2636
f 2606/2935/2606 2636/2965/2636 2637/2966/2637
f 2605/2934/2605 2604/2933/2604 2636/2965/2636
f 2604/2933/2604 2638/2967/2638 2636/2965/2636
f 2636/2965/2636 2638/2967/2638 2639/2968/2639
f 2638/2967/2638 2640/2969/2640 2639/2968/2639
f 2637/2966/2637 2636/2965/2636 1772/1961/1772
f 2636/2965/2636 2639/2968/2639 1772/1961/1772
f 2606/2935/2606 2637/2966/2637 2620/2949/2620
f 2637/2966/2637 2641/2970/2641 2620/2949/2620
f 2637/2966/2637 1772/1961/1772 2641/2970/2641
f 1772/1961/1772 1782/1971/1782 2641/2970/2641
f 2641/2970/2641 1782/1971/1782 2642/2971/2642
f 1782/1971/1782 1783/1972/1783 2642/2971/2642
f 2620/2949/2620 2641/2970/2641 2622/2951/2622
f 2641/2970/2641 2642/2971/2642 2622/2951/2622
f 2622/2951/2622 2642/2971/2642 2629/2958/2629
f 2642/2971/2642 2643/2972/2643 2629/2958/2629
f 2642/2971/2642 1783/1972/1783 2643/2972/2643
f 1783/1972/1783 2644/2973/2644 2643/2972/2643
f 2643/2972/2643 2644/2973/2644 1958/2184/1958
f 2643/2972/2643 1958/2184/1958 1956/2182/1956
f 2629/2958/2629 2643/2972/2643 1955/2181/1955
f 2643/2972/2643 1956/2182/1956 1955/2181/1955
f 1790/1979/1790 1797/1986/1797 2427/2734/2427
f 1797/1986/1797 2645/2974/2645 2427/2734/2427
f 1797/1986/1797 1796/1985/1796 2645/2974/2645
f 1796/1985/1796 2646/2975/2646 2645/2974/2645
f 2645/2974/2645 2646/2975/2646 2647/2976/2647
f 2646/2975/2646 2648/2977/2648 2647/2976/2647
f 2427/2734/2427 2645/2974/2645 2429/2736/2429
f 2645/2974/2645 2647/2976/2647 2429/2736/2429
f 2429/2736/2429 2649/2978/2649 2650/2979/2650
f 2429/2736/2429 2650/2979/2650 2428/2735/2428
f 2649/2978/2649 2651/2980/2651 2652/2981/2652
f 2649/2978/2649 2652/2981/2652 2650/2979/2650
f 2650/2979/2650 2652/2981/2652 2447/2758/2447
f 2650/2979/2650 2447/2758/2447 2445/2756/2445
f 2428/2735/2428 2650/2979/2650 2445/2756/2445
f 2428/2735/2428 2445/2756/2445 2430/2737/2430
f 2429/2736/2429 2647/2976/2647 2649/2978/2649
f 2647/2976/2647 2653/2982/2653 2649/2978/2649
f 2647/2976/2647 2648/2977/2648 2653/2982/2653
f 2648/2977/2648 2654/2983/2654 2653/2982/2653
f 2653/2982/2653 2654/2983/2654 2655/2984/2655
f 2654/2983/2654 2656/2985/2656 2655/2984/2655
f 2649/2978/2649 2653/2982/2653 2651/2980/2651
f 2653/2982/2653 2655/2984/2655 2651/2980/2651
f 2651/2980/2651 2655/2984/2655 2657/2986/2657
f 2651/2980/2651 2657/2986/2657 2658/2987/2658
f 2655/2984/2655 2656/2985/2656 2659/2988/2659
f 2655/2984/2655 2659/2988/2659 2657/2986/2657
f 2657/2986/2657 2659/2988/2659 2660/2989/2660
f 2657/2986/2657 2660/2989/2660 2661/2990/2661
f 2658/2987/2658 2657/2986/2657 1329/1465/1329
f 2657/2986/2657 2661/2990/2661 1329/1465/1329
f 2651/2980/2651 2658/2987/2658 2652/2981/2652
f 2658/2987/2658 2662/2991/2662 2652/2981/2652
f 2658/2987/2658 1329/1465/1329 2662/2991/2662
f 1329/1465/1329 1328/1464/1328 2662/2991/2662
f 2662/2991/2662 1328/1464/1328 1327/1463/1327
f 2662/2991/2662 1327/1463/1327 2663/2992/2663
f 2652/2981/2652 2662/2991/2662 2447/2758/2447
f 2662/2991/2662 2663/2992/2663 2447/2758/2447
f 2447/2758/2447 2663/2992/2663 2446/2757/2446
f 2663/2992/2663 2664/2993/2664 2446/2757/2446
f 2663/2992/2663 1327/1463/1327 1333/1469/1333
f 2663/2992/2663 1333/1469/1333 2664/2993/2664
f 2664/2993/2664 1333/1469/1333 1334/1470/1334
f 2664/2993/2664 1334/1470/1334 2453/2766/2453
f 2446/2757/2446 2664/2993/2664 2453/2766/2453
f 2446/2757/2446 2453/2766/2453 2448/2759/2448
f 2665/2994/2665 2666/2995/2666 2667/2996/2667
f 2665/2994/2665 2667/2996/2667 2668/2997/2668
f 2666/2995/2666 2669/2998/2669 2670/2999/2670
f 2666/2995/2666 2670/2999/2670 2667/2996/2667
f 2667/2996/2667 2670/2999/2670 2671/3000/2671
f 2667/2996/2667 2671/3000/2671 2672/3001/2672
f 2668/2997/2668 2667/2996/2667 2672/3001/2672
f 2668/2997/2668 2672/3001/2672 2673/3002/2673
f 2665/2994/2665 2674/3003/2674 2666/2995/2666
f 2674/3003/2674 2675/3004/2675 2666/2995/2666
f 2674/3003/2674 2676/3005/2676 2675/3004/2675
f 2676/3005/2676 2677/3006/2677 2675/3004/2675
f 2675/3004/2675 2677/3006/2677 2678/3007/2678
f 2677/3006/2677 2679/3008/2679 2678/3007/2678
f 2666/2995/2666 2675/3004/2675 2669/2998/2669
f 2675/3004/2675 2678/3007/2678 2669/2998/2669
f 2665/2994/2665 2680/3009/2680 2681/3010/2681
f 2665/2994/2665 2681/3010/2681 2674/3003/2674
f 2680/3009/2680 2682/3011/2682 2683/3012/2683
f 2680/3009/2680 2683/3012/2683 2681/3010/2681
f 2681/3010/2681 2683/3012/2683 2684/3013/2684
f 2681/3010/2681 2684/3013/2684 2685/3014/2685
f 2674/3003/2674 2681/3010/2681 2685/3014/2685
f 2674/3003/2674 2685/3014/2685 2676/3005/2676
f 2665/2994/2665 2668/2997/2668 2680/3009/2680
f 2668/2997/2668 2686/3015/2686 2680/3009/2680
f 2668/2997/2668 2673/3002/2673 2686/3015/2686
f 2673/3002/2673 2687/3016/2687 2686/3015/2686
f 2686/3015/2686 2687/3016/2687 2688/3017/2688
f 2687/3016/2687 2597/2926/2597 2688/3017/2688
f 2680/3009/2680 2686/3015/2686 2682/3011/2682
f 2686/3015/2686 2688/3017/2688 2682/3011/2682
f 2682/3011/2682 2688/3017/2688 2689/3018/2689
f 2688/3017/2688 2690/3019/2690 2689/3018/2689
f 2688/3017/2688 2597/2926/2597 2690/3019/2690
f 2597/2926/2597 2595/2924/2595 2690/3019/2690
f 2690/3019/2690 2595/2924/2595 1897/2105/1897
f 2690/3019/2690 1897/2105/1897 1896/2103/1896
f 2689/3018/2689 2690/3019/2690 1895/2102/1895
f 2690/3019/2690 1896/2103/1896 1895/2102/1895
f 2682/3011/2682 2689/3018/2689 2691/3020/2691
f 2682/3011/2682 2691/3020/2691 2683/3012/2683
f 2689/3018/2689 1895/2102/1895 1902/2113/1902
f 2689/3018/2689 1902/2113/1902 2691/3020/2691
f 2691/3020/2691 1902/2113/1902 1901/3021/1901
f 2691/3020/2691 1901/3021/1901 2692/3022/2692
f 2683/3012/2683 2691/3020/2691 2692/3022/2692
f 2683/3012/2683 2692/3022/2692 2684/3013/2684
f 2693/3023/2693 2694/3024/2694 2695/3025/2695
f 2693/3023/2693 2695/3025/2695 2696/3026/2696
f 2694/3024/2694 2697/3027/2697 2698/3028/2698
f 2694/3024/2694 2698/3028/2698 2695/3025/2695
f 2695/3025/2695 2698/3028/2698 2699/3029/2699
f 2695/3025/2695 2699/3029/2699 2700/3030/2700
f 2696/3026/2696 2695/3025/2695 2700/3030/2700
f 2696/3026/2696 2700/3030/2700 2701/3031/2701
f 2693/3023/2693 2702/3032/2702 2703/3033/2703
f 2693/3023/2693 2703/3033/2703 2694/3024/2694
f 2702/3032/2702 2704/3034/2704 2705/3035/2705
f 2702/3032/2702 2705/3035/2705 2703/3033/2703
f 2703/3033/2703 2705/3035/2705 2706/3036/2706
f 2703/3033/2703 2706/3036/2706 2707/3037/2707
f 2694/3024/2694 2703/3033/2703 2707/3037/2707
f 2694/3024/2694 2707/3037/2707 2697/3027/2697
f 2693/3023/2693 2708/3038/2708 2702/3032/2702
f 2708/3038/2708 2709/3039/2709 2702/3032/2702
f 2708/3038/2708 2710/3040/2710 2709/3039/2709
f 2710/3040/2710 2711/3041/2711 2709/3039/2709
f 2709/3039/2709 2711/3041/2711 2712/3042/2712
f 2711/3041/2711 2713/3043/2713 2712/3042/2712
f 2702/3032/2702 2709/3039/2709 2704/3034/2704
f 2709/3039/2709 2712/3042/2712 2704/3034/2704
f 2693/3023/2693 2696/3026/2696 2708/3038/2708
f 2696/3026/2696 2714/3044/2714 2708/3038/2708
f 2696/3026/2696 2701/3031/2701 2714/3044/2714
f 2701/3031/2701 2715/3045/2715 2714/3044/2714
f 2714/3044/2714 2715/3045/2715 2716/3046/2716
f 2715/3045/2715 2717/3047/2717 2716/3046/2716
f 2708/3038/2708 2714/3044/2714 2710/3040/2710
f 2714/3044/2714 2716/3046/2716 2710/3040/2710
f 2331/2622/2331 2718/3048/2718 2719/3049/2719
f 2331/2622/2331 2719/3049/2719 2330/2621/2330
f 2718/3048/2718 2720/3050/2720 2721/3051/2721
f 2718/3048/2718 2721/3051/2721 2719/3049/2719
f 2719/3049/2719 2721/3051/2721 1431/3052/1431
f 2719/3049/2719 1431/3052/1431 1429/3053/1429
f 2330/2623/2330 2719/3054/2719 1429/1589/1429
f 2330/2623/2330 1429/1589/1429 1428/1588/1428
f 2331/2622/2331 2722/3055/2722 2723/3056/2723
f 2331/2622/2331 2723/3056/2723 2718/3048/2718
f 2722/3057/2722 2724/3058/2724 2723/3059/2723
f 2724/3058/2724 2725/3060/2725 2723/3059/2723
f 2723/3059/2723 2725/3060/2725 2726/3061/2726
f 2723/3059/2723 2726/3061/2726 2727/3062/2727
f 2718/3048/2718 2723/3056/2723 2727/3063/2727
f 2718/3048/2718 2727/3063/2727 2720/3050/2720
f 2331/2622/2331 2329/2620/2329 2722/3055/2722
f 2329/2620/2329 2728/3064/2728 2722/3055/2722
f 2329/2620/2329 1065/1182/1065 1064/1181/1064
f 2329/2620/2329 1064/1181/1064 2728/3064/2728
f 2728/3065/2728 1064/1179/1064 1062/1177/1062
f 2728/3065/2728 1062/1177/1062 2729/3066/2729
f 2722/3057/2722 2728/3065/2728 2729/3066/2729
f 2722/3057/2722 2729/3066/2729 2724/3058/2724
f 1040/1149/1040 1071/1188/1071 2730/3067/2730
f 1040/1149/1040 2730/3067/2730 1049/1162/1049
f 1071/1188/1071 1072/1189/1072 2730/3067/2730
f 1072/1189/1072 2731/3068/2731 2730/3067/2730
f 2730/3067/2730 2731/3068/2731 2732/3069/2732
f 2730/3067/2730 2732/3069/2732 2733/3070/2733
f 1049/1162/1049 2730/3067/2730 2733/3070/2733
f 1049/1162/1049 2733/3070/2733 1050/1163/1050
f 2050/2282/2050 2048/2280/2048 2114/2347/2114
f 2048/2280/2048 2734/3071/2734 2114/2347/2114
f 2048/2280/2048 2031/2263/2031 2735/3072/2735
f 2048/2280/2048 2735/3072/2735 2734/3071/2734
f 2734/3071/2734 2735/3072/2735 2736/3073/2736
f 2735/3072/2735 2737/3074/2737 2736/3073/2736
f 2114/2347/2114 2734/3071/2734 2116/2349/2116
f 2734/3071/2734 2736/3073/2736 2116/2349/2116
f 1668/1850/1668 2738/3075/2738 2739/3076/2739
f 1668/1850/1668 2739/3076/2739 1675/1860/1675
f 2738/3075/2738 2740/3077/2740 2741/3078/2741
f 2738/3075/2738 2741/3078/2741 2739/3076/2739
f 2739/3076/2739 2741/3078/2741 2742/3079/2742
f 2739/3076/2739 2742/3079/2742 2743/3080/2743
f 1675/1860/1675 2739/3076/2739 2743/3080/2743
f 1675/1860/1675 2743/3080/2743 1677/1862/1677
f 1668/1850/1668 1666/1848/1666 2738/3075/2738
f 1666/1848/1666 2744/3081/2744 2738/3075/2738
f 1666/3082/1666 489/549/489 1414/1574/1414
f 1666/3082/1666 1414/1574/1414 2744/3083/2744
f 2744/3083/2744 1414/1574/1414 1415/1575/1415
f 2744/3083/2744 1415/1575/1415 2745/3084/2745
f 2738/3085/2738 2744/3083/2744 2740/3086/2740
f 2744/3083/2744 2745/3084/2745 2740/3086/2740
f 1872/2078/1872 1877/2083/1877 2746/3087/2746
f 1872/2078/1872 2746/3087/2746 1875/2081/1875
f 1877/2083/1877 962/1067/962 973/1078/973
f 1877/2083/1877 973/1078/973 2746/3087/2746
f 2746/3087/2746 973/1078/973 747/834/747
f 2746/3087/2746 747/834/747 745/832/745
f 1875/2081/1875 2746/3087/2746 745/832/745
f 1875/2081/1875 745/832/745 726/813/726
f 1840/2040/1840 2747/3088/2747 1839/2039/1839
f 2747/3088/2747 2748/3089/2748 1839/2039/1839
f 2747/3090/2747 2749/3091/2749 2750/3092/2750
f 2747/3090/2747 2750/3092/2750 2748/3093/2748
f 2748/3093/2748 2750/3092/2750 2751/3094/2751
f 2748/3093/2748 2751/3094/2751 2752/3095/2752
f 1839/2039/1839 2748/3089/2748 458/515/458
f 2748/3089/2748 2752/3096/2752 458/515/458
f 1840/2040/1840 1850/2053/1850 2747/3088/2747
f 1850/2053/1850 2753/3097/2753 2747/3088/2747
f 1850/2052/1850 1849/2051/1849 2753/3098/2753
f 1849/2051/1849 2754/3099/2754 2753/3098/2753
f 2753/3098/2753 2754/3099/2754 2755/3100/2755
f 2754/3099/2754 2756/3101/2756 2755/3100/2755
f 2747/3090/2747 2753/3098/2753 2755/3100/2755
f 2747/3090/2747 2755/3100/2755 2749/3091/2749
f 1847/3102/1847 1862/2067/1862 2757/3103/2757
f 1847/3102/1847 2757/3103/2757 1848/2050/1848
f 1862/2067/1862 1863/2068/1863 2758/3104/2758
f 1862/2067/1862 2758/3104/2758 2757/3103/2757
f 2757/3103/2757 2758/3104/2758 2759/3105/2759
f 2757/3103/2757 2759/3105/2759 2760/3106/2760
f 1848/2050/1848 2757/3103/2757 2760/3106/2760
f 1848/2050/1848 2760/3106/2760 1849/2051/1849
f 1849/2051/1849 2760/3106/2760 2754/3099/2754
f 2760/3106/2760 2761/3107/2761 2754/3099/2754
f 2760/3106/2760 2759/3105/2759 2761/3107/2761
f 2759/3105/2759 2762/3108/2762 2761/3107/2761
f 2761/3107/2761 2762/3108/2762 2763/3109/2763
f 2762/3108/2762 2764/3110/2764 2763/3109/2763
f 2754/3099/2754 2761/3107/2761 2763/3109/2763
f 2754/3099/2754 2763/3109/2763 2756/3101/2756
f 1939/2162/1939 2765/3111/2765 1940/2163/1940
f 2765/3111/2765 2766/3112/2766 1940/2163/1940
f 2765/3111/2765 264/313/264 2766/3112/2766
f 264/313/264 271/320/271 2766/3112/2766
f 2766/3112/2766 271/320/271 272/321/272
f 2766/3112/2766 272/321/272 1927/2146/1927
f 1940/2163/1940 2766/3112/2766 1924/2143/1924
f 2766/3112/2766 1927/2146/1927 1924/2143/1924
f 1939/2162/1939 2767/3113/2767 2768/3114/2768
f 1939/2162/1939 2768/3114/2768 2765/3111/2765
f 2767/3113/2767 2769/3115/2769 2768/3114/2768
f 2769/3115/2769 2770/3116/2770 2768/3114/2768
f 2768/3114/2768 2770/3116/2770 265/314/265
f 2770/3116/2770 266/315/266 265/314/265
f 2765/3111/2765 2768/3114/2768 265/314/265
f 2765/3111/2765 265/314/265 264/313/264
f 1939/2162/1939 1938/2161/1938 2767/3113/2767
f 1938/2161/1938 2771/3117/2771 2767/3113/2767
f 1938/2161/1938 1933/2153/1933 2771/3117/2771
f 1933/2153/1933 2772/3118/2772 2771/3117/2771
f 2771/3117/2771 2772/3118/2772 2773/3119/2773
f 2771/3117/2771 2773/3119/2773 2774/3120/2774
f 2767/3113/2767 2771/3117/2771 2769/3115/2769
f 2771/3117/2771 2774/3120/2774 2769/3115/2769
f 1933/2153/1933 1932/2152/1932 2772/3118/2772
f 1932/2152/1932 2775/3121/2775 2772/3118/2772
f 1932/2152/1932 1931/2151/1931 2775/3121/2775
f 1931/2151/1931 2776/3122/2776 2775/3121/2775
f 2775/3121/2775 2776/3122/2776 2777/3123/2777
f 2775/3121/2775 2777/3123/2777 2778/3124/2778
f 2772/3118/2772 2775/3121/2775 2773/3119/2773
f 2775/3121/2775 2778/3124/2778 2773/3119/2773
f 1931/2151/1931 1936/2159/1936 2776/3122/2776
f 1936/2159/1936 2779/3125/2779 2776/3122/2776
f 1936/2157/1936 458/515/458 2779/3126/2779
f 458/515/458 2752/3096/2752 2779/3126/2779
f 2779/3125/2779 2752/3095/2752 2751/3094/2751
f 2779/3125/2779 2751/3094/2751 2780/3127/2780
f 2776/3122/2776 2779/3125/2779 2777/3123/2777
f 2779/3125/2779 2780/3127/2780 2777/3123/2777
f 1136/1254/1136 1134/1252/1134 2781/3128/2781
f 1136/1254/1136 2781/3128/2781 2494/2819/2494
f 1134/1252/1134 1127/1245/1127 1146/1264/1146
f 1134/1252/1134 1146/1264/1146 2781/3128/2781
f 2781/3128/2781 1146/1264/1146 1147/1265/1147
f 2781/3128/2781 1147/1265/1147 2782/3129/2782
f 2494/2819/2494 2781/3128/2781 2782/3129/2782
f 2494/2819/2494 2782/3129/2782 2495/2820/2495
f 2495/2820/2495 2782/3129/2782 2783/3130/2783
f 2495/2820/2495 2783/3130/2783 2498/2823/2498
f 2782/3129/2782 1147/1265/1147 2784/3131/2784
f 2782/3129/2782 2784/3131/2784 2783/3130/2783
f 2783/3132/2783 2784/3133/2784 2785/3134/2785
f 2783/3132/2783 2785/3134/2785 2786/3135/2786
f 2498/2825/2498 2783/3132/2783 2786/3135/2786
f 2498/2825/2498 2786/3135/2786 2285/2557/2285
f 1147/1265/1147 1145/1263/1145 2787/3136/2787
f 1147/1265/1147 2787/3136/2787 2784/3131/2784
f 1145/1263/1145 1144/1262/1144 1354/1504/1354
f 1145/1263/1145 1354/1504/1354 2787/3136/2787
f 2787/3137/2787 1354/1502/1354 1355/1503/1355
f 2787/3137/2787 1355/1503/1355 2788/3138/2788
f 2784/3133/2784 2787/3137/2787 2788/3138/2788
f 2784/3133/2784 2788/3138/2788 2785/3134/2785
f 2562/2891/2562 2789/3139/2789 2790/3140/2790
f 2562/2891/2562 2790/3140/2790 2575/2904/2575
f 2789/3139/2789 2791/3141/2791 2792/3142/2792
f 2789/3139/2789 2792/3142/2792 2790/3140/2790
f 2790/3140/2790 2792/3142/2792 2793/3143/2793
f 2790/3140/2790 2793/3143/2793 2794/3144/2794
f 2575/2904/2575 2790/3140/2790 2794/3144/2794
f 2575/2904/2575 2794/3144/2794 2576/2905/2576
f 2562/2891/2562 2560/2889/2560 2789/3139/2789
f 2560/2889/2560 2795/3145/2795 2789/3139/2789
f 2560/2889/2560 2561/2890/2561 2795/3145/2795
f 2561/2890/2561 2796/3146/2796 2795/3145/2795
f 2795/3145/2795 2796/3146/2796 2797/3147/2797
f 2796/3146/2796 2798/3148/2798 2797/3147/2797
f 2789/3139/2789 2795/3145/2795 2791/3141/2791
f 2795/3145/2795 2797/3147/2797 2791/3141/2791
f 2561/2890/2561 2559/2888/2559 2799/3149/2799
f 2561/2890/2561 2799/3149/2799 2800/3150/2800
f 2559/2888/2559 2558/2887/2558 2801/3151/2801
f 2559/2888/2559 2801/3151/2801 2799/3149/2799
f 2799/3152/2799 2801/3153/2801 2529/2858/2529
f 2799/3152/2799 2529/2858/2529 2527/2856/2527
f 2800/3154/2800 2799/3152/2799 2527/2856/2527
f 2800/3154/2800 2527/2856/2527 2526/2855/2526
f 2561/2890/2561 2800/3150/2800 2796/3146/2796
f 2800/3150/2800 2802/3155/2802 2796/3146/2796
f 2800/3154/2800 2526/2855/2526 2802/3156/2802
f 2526/2855/2526 2536/2865/2536 2802/3156/2802
f 2802/3156/2802 2536/2865/2536 2803/3157/2803
f 2536/2865/2536 2535/2864/2535 2803/3157/2803
f 2796/3146/2796 2802/3155/2802 2798/3148/2798
f 2802/3155/2802 2803/3158/2803 2798/3148/2798
f 2558/2887/2558 2568/2897/2568 2804/3159/2804
f 2558/2887/2558 2804/3159/2804 2801/3151/2801
f 2568/2897/2568 2567/2896/2567 2805/3160/2805
f 2568/2897/2568 2805/3160/2805 2804/3159/2804
f 2804/3161/2804 2805/3162/2805 2806/3163/2806
f 2804/3161/2804 2806/3163/2806 2807/3164/2807
f 2801/3153/2801 2804/3161/2804 2807/3164/2807
f 2801/3153/2801 2807/3164/2807 2529/2858/2529
f 2808/3165/2808 2809/3166/2809 2810/3167/2810
f 2808/3165/2808 2810/3167/2810 2811/3168/2811
f 2809/3166/2809 2812/3169/2812 2813/3170/2813
f 2809/3166/2809 2813/3170/2813 2810/3167/2810
f 2810/3167/2810 2813/3170/2813 1606/1780/1606
f 2810/3167/2810 1606/1780/1606 2814/3171/2814
f 2811/3168/2811 2810/3167/2810 2814/3171/2814
f 2811/3168/2811 2814/3171/2814 2815/3172/2815
f 2808/3165/2808 2816/3173/2816 2817/3174/2817
f 2808/3165/2808 2817/3174/2817 2809/3166/2809
f 2816/3173/2816 2660/2989/2660 2818/3175/2818
f 2816/3173/2816 2818/3175/2818 2817/3174/2817
f 2817/3174/2817 2818/3175/2818 2819/3176/2819
f 2817/3174/2817 2819/3176/2819 2820/3177/2820
f 2809/3166/2809 2817/3174/2817 2820/3177/2820
f 2809/3166/2809 2820/3177/2820 2812/3169/2812
f 2808/3165/2808 2821/3178/2821 2816/3173/2816
f 2821/3178/2821 2822/3179/2822 2816/3173/2816
f 2821/3178/2821 2823/3180/2823 2824/3181/2824
f 2821/3178/2821 2824/3181/2824 2822/3179/2822
f 2822/3179/2822 2824/3181/2824 1329/1465/1329
f 2822/3179/2822 1329/1465/1329 2661/2990/2661
f 2816/3173/2816 2822/3179/2822 2660/2989/2660
f 2822/3179/2822 2661/2990/2661 2660/2989/2660
f 2808/3165/2808 2811/3168/2811 2825/3182/2825
f 2808/3165/2808 2825/3182/2825 2821/3178/2821
f 2811/3168/2811 2815/3172/2815 2825/3182/2825
f 2815/3172/2815 2826/3183/2826 2825/3182/2825
f 2825/3182/2825 2826/3183/2826 2827/3184/2827
f 2826/3183/2826 2828/3185/2828 2827/3184/2827
f 2821/3178/2821 2825/3182/2825 2823/3180/2823
f 2825/3182/2825 2827/3184/2827 2823/3180/2823
f 2829/3186/2829 2830/3187/2830 2831/3188/2831
f 2829/3186/2829 2831/3188/2831 2832/3189/2832
f 2830/3187/2830 2833/3190/2833 2834/3191/2834
f 2830/3187/2830 2834/3191/2834 2831/3188/2831
f 2831/3188/2831 2834/3191/2834 2835/3192/2835
f 2831/3188/2831 2835/3192/2835 2836/3193/2836
f 2832/3189/2832 2831/3188/2831 2836/3193/2836
f 2832/3189/2832 2836/3193/2836 2175/2426/2175
f 2829/3186/2829 2837/3194/2837 2830/3187/2830
f 2837/3194/2837 2838/3195/2838 2830/3187/2830
f 2837/3194/2837 2839/3196/2839 2838/3195/2838
f 2839/3196/2839 2840/3197/2840 2838/3195/2838
f 2838/3195/2838 2840/3197/2840 2841/3198/2841
f 2840/3197/2840 718/805/718 2841/3198/2841
f 2830/3187/2830 2838/3195/2838 2833/3190/2833
f 2838/3195/2838 2841/3198/2841 2833/3190/2833
f 2829/3199/2829 2842/3200/2842 2837/3201/2837
f 2842/3200/2842 2843/3202/2843 2837/3201/2837
f 2842/3200/2842 2844/3203/2844 2843/3202/2843
f 2844/3203/2844 2845/3204/2845 2843/3202/2843
f 2843/3202/2843 2845/3204/2845 2846/3205/2846
f 2845/3204/2845 2847/3206/2847 2846/3205/2846
f 2837/3201/2837 2843/3202/2843 2846/3205/2846
f 2837/3201/2837 2846/3205/2846 2839/3207/2839
f 2829/3186/2829 2832/3189/2832 2848/3208/2848
f 2829/3186/2829 2848/3208/2848 2842/3209/2842
f 2832/3189/2832 2175/2426/2175 2174/2425/2174
f 2832/3189/2832 2174/2425/2174 2848/3208/2848
f 2848/3208/2848 2174/2425/2174 2173/2424/2173
f 2848/3208/2848 2173/2424/2173 2849/3210/2849
f 2842/3200/2842 2848/3211/2848 2849/3212/2849
f 2842/3200/2842 2849/3212/2849 2844/3203/2844
f 2175/2426/2175 2836/3193/2836 2850/3213/2850
f 2175/2426/2175 2850/3213/2850 2176/2427/2176
f 2836/3193/2836 2835/3192/2835 2851/3214/2851
f 2836/3193/2836 2851/3214/2851 2850/3213/2850
f 2850/3213/2850 2851/3214/2851 2852/3215/2852
f 2850/3213/2850 2852/3215/2852 2853/3216/2853
f 2176/2427/2176 2850/3213/2850 2853/3216/2853
f 2176/2427/2176 2853/3216/2853 2167/2418/2167
f 709/796/709 717/804/717 1861/2064/1861
f 717/804/717 2854/3217/2854 1861/2064/1861
f 717/804/717 718/805/718 2854/3217/2854
f 718/805/718 2840/3197/2840 2854/3217/2854
f 2854/3217/2854 2840/3197/2840 2855/3218/2855
f 2840/3197/2840 2839/3196/2839 2855/3218/2855
f 1861/2066/1861 2854/3219/2854 1863/2068/1863
f 2854/3219/2854 2855/3220/2855 1863/2068/1863
f 718/805/718 716/803/716 2856/3221/2856
f 718/805/718 2856/3221/2856 2841/3198/2841
f 716/803/716 715/802/715 738/825/738
f 716/803/716 738/825/738 2856/3221/2856
f 2856/3221/2856 738/825/738 737/824/737
f 2856/3221/2856 737/824/737 2857/3222/2857
f 2841/3198/2841 2856/3221/2856 2857/3222/2857
f 2841/3198/2841 2857/3222/2857 2833/3190/2833
f 2833/3190/2833 2857/3222/2857 2858/3223/2858
f 2833/3190/2833 2858/3223/2858 2834/3191/2834
f 2857/3222/2857 737/824/737 2859/3224/2859
f 2857/3222/2857 2859/3224/2859 2858/3223/2858
f 2858/3223/2858 2859/3224/2859 2860/3225/2860
f 2858/3223/2858 2860/3225/2860 2861/3226/2861
f 2834/3191/2834 2858/3223/2858 2861/3226/2861
f 2834/3191/2834 2861/3226/2861 2835/3192/2835
f 2835/3192/2835 2861/3226/2861 2862/3227/2862
f 2835/3192/2835 2862/3227/2862 2851/3214/2851
f 2861/3226/2861 2860/3225/2860 2863/3228/2863
f 2861/3226/2861 2863/3228/2863 2862/3227/2862
f 2862/3227/2862 2863/3228/2863 2864/3229/2864
f 2862/3227/2862 2864/3229/2864 2865/3230/2865
f 2851/3214/2851 2862/3227/2862 2865/3230/2865
f 2851/3214/2851 2865/3230/2865 2852/3215/2852
f 737/824/737 736/823/736 2859/3224/2859
f 736/823/736 2866/3231/2866 2859/3224/2859
f 736/823/736 735/822/735 2866/3231/2866
f 735/822/735 2867/3232/2867 2866/3231/2866
f 2866/3231/2866 2867/3232/2867 2868/3233/2868
f 2867/3232/2867 2869/3234/2869 2868/3233/2868
f 2859/3224/2859 2866/3231/2866 2860/3225/2860
f 2866/3231/2866 2868/3233/2868 2860/3225/2860
f 2860/3225/2860 2868/3233/2868 2863/3228/2863
f 2868/3233/2868 2870/3235/2870 2863/3228/2863
f 2868/3233/2868 2869/3234/2869 2870/3235/2870
f 2869/3234/2869 2871/3236/2871 2870/3235/2870
f 2870/3235/2870 2871/3236/2871 2872/3237/2872
f 2871/3236/2871 2873/3238/2873 2872/3237/2872
f 2863/3228/2863 2870/3235/2870 2864/3229/2864
f 2870/3235/2870 2872/3237/2872 2864/3229/2864
f 735/822/735 741/828/741 2867/3232/2867
f 741/828/741 2874/3239/2874 2867/3232/2867
f 741/828/741 742/829/742 2874/3239/2874
f 742/829/742 776/863/776 2874/3239/2874
f 2874/3239/2874 776/863/776 2875/3240/2875
f 776/863/776 775/862/775 2875/3240/2875
f 2867/3232/2867 2874/3239/2874 2869/3234/2869
f 2874/3239/2874 2875/3240/2875 2869/3234/2869
f 2869/3234/2869 2875/3240/2875 2871/3236/2871
f 2875/3240/2875 2876/3241/2876 2871/3236/2871
f 2875/3240/2875 775/862/775 2876/3241/2876
f 775/862/775 2877/3242/2877 2876/3241/2876
f 2876/3241/2876 2877/3242/2877 2878/3243/2878
f 2877/3242/2877 2879/3244/2879 2878/3243/2878
f 2871/3236/2871 2876/3241/2876 2873/3238/2873
f 2876/3241/2876 2878/3243/2878 2873/3238/2873
f 775/862/775 774/861/774 2877/3242/2877
f 774/861/774 2880/3245/2880 2877/3242/2877
f 774/861/774 773/860/773 2880/3245/2880
f 773/860/773 2881/3246/2881 2880/3245/2880
f 2880/3245/2880 2881/3246/2881 2882/3247/2882
f 2881/3246/2881 2883/3248/2883 2882/3247/2882
f 2877/3242/2877 2880/3245/2880 2879/3244/2879
f 2880/3245/2880 2882/3247/2882 2879/3244/2879
f 773/860/773 779/866/779 2881/3246/2881
f 779/866/779 2884/3249/2884 2881/3246/2881
f 779/866/779 780/867/780 2884/3249/2884
f 780/867/780 807/894/807 2884/3249/2884
f 2884/3249/2884 807/894/807 808/895/808
f 2884/3249/2884 808/895/808 2885/3250/2885
f 2881/3246/2881 2884/3249/2884 2883/3248/2883
f 2884/3249/2884 2885/3250/2885 2883/3248/2883
f 149/184/149 156/191/156 2886/3251/2886
f 149/184/149 2886/3251/2886 178/218/178
f 156/191/156 155/190/155 2010/2238/2010
f 156/191/156 2010/2238/2010 2886/3251/2886
f 2886/3251/2886 2010/2238/2010 2009/2236/2009
f 2886/3251/2886 2009/2236/2009 2887/3252/2887
f 178/218/178 2886/3251/2886 2887/3252/2887
f 178/218/178 2887/3252/2887 179/219/179
f 179/219/179 2888/3253/2888 180/220/180
f 2888/3253/2888 2889/3254/2889 180/220/180
f 2888/3253/2888 2890/3255/2890 2889/3254/2889
f 2890/3255/2890 2891/3256/2891 2889/3254/2889
f 2889/3254/2889 2891/3256/2891 2892/3257/2892
f 2891/3256/2891 2893/3258/2893 2892/3257/2892
f 180/220/180 2889/3254/2889 173/211/173
f 2889/3254/2889 2892/3257/2892 173/211/173
f 179/219/179 2887/3252/2887 2894/3259/2894
f 179/219/179 2894/3259/2894 2888/3253/2888
f 2887/3252/2887 2009/2236/2009 2015/2247/2015
f 2887/3252/2887 2015/2247/2015 2894/3259/2894
f 2894/3259/2894 2015/2247/2015 2014/2246/2014
f 2894/3259/2894 2014/2246/2014 2895/3260/2895
f 2888/3253/2888 2894/3259/2894 2895/3260/2895
f 2888/3253/2888 2895/3260/2895 2890/3255/2890
f 173/211/173 2892/3257/2892 174/212/174
f 2892/3257/2892 2896/3261/2896 174/212/174
f 2892/3257/2892 2893/3258/2893 2896/3261/2896
f 2893/3258/2893 2897/3262/2897 2896/3261/2896
f 2896/3261/2896 2897/3262/2897 194/237/194
f 2897/3262/2897 195/238/195 194/237/194
f 174/212/174 2896/3261/2896 176/214/176
f 2896/3261/2896 194/237/194 176/214/176
f 2890/3255/2890 2898/3263/2898 2899/3264/2899
f 2890/3255/2890 2899/3264/2899 2891/3256/2891
f 2898/3263/2898 24/29/24 23/28/23
f 2898/3263/2898 23/28/23 2899/3264/2899
f 2899/3264/2899 23/28/23 9/9/9
f 2899/3264/2899 9/9/9 2900/3265/2900
f 2891/3256/2891 2899/3264/2899 2900/3265/2900
f 2891/3256/2891 2900/3265/2900 2893/3258/2893
f 2890/3255/2890 2895/3260/2895 2898/3263/2898
f 2895/3260/2895 2901/3266/2901 2898/3263/2898
f 2895/3260/2895 2014/2246/2014 2901/3266/2901
f 2014/2246/2014 2013/2244/2013 2901/3266/2901
f 2901/3266/2901 2013/2244/2013 2902/3267/2902
f 2013/2244/2013 2005/2243/2005 2902/3267/2902
f 2898/3263/2898 2901/3266/2901 24/29/24
f 2901/3266/2901 2902/3267/2902 24/29/24
f 2893/3258/2893 2900/3265/2900 2903/3268/2903
f 2893/3258/2893 2903/3268/2903 2897/3262/2897
f 2900/3265/2900 9/9/9 7/7/7
f 2900/3265/2900 7/7/7 2903/3268/2903
f 2903/3268/2903 7/7/7 2904/3269/2904
f 7/7/7 8/8/8 2904/3269/2904
f 2897/3262/2897 2903/3268/2903 195/238/195
f 2903/3268/2903 2904/3269/2904 195/238/195
f 195/238/195 2904/3269/2904 196/239/196
f 2904/3269/2904 2905/3270/2905 196/239/196
f 2904/3269/2904 8/8/8 2905/3270/2905
f 8/8/8 31/36/31 2905/3270/2905
f 2905/3270/2905 31/36/31 2103/2336/2103
f 31/36/31 30/35/30 2103/2336/2103
f 196/239/196 2905/3270/2905 188/230/188
f 2905/3270/2905 2103/2336/2103 188/230/188
f 1643/1820/1643 2906/3271/2906 2907/3272/2907
f 2906/3271/2906 2908/3273/2908 2907/3272/2907
f 2906/3271/2906 2909/3274/2909 2908/3273/2908
f 2909/3274/2909 2910/3275/2910 2908/3273/2908
f 2908/3273/2908 2910/3275/2910 137/168/137
f 2910/3275/2910 130/157/130 137/168/137
f 2907/3272/2907 2908/3273/2908 138/169/138
f 2908/3273/2908 137/168/137 138/169/138
f 1643/1820/1643 1641/1818/1641 2911/3276/2911
f 1643/1820/1643 2911/3276/2911 2906/3271/2906
f 1641/1818/1641 1640/1817/1640 2912/3277/2912
f 1641/1818/1641 2912/3277/2912 2911/3276/2911
f 2911/3276/2911 2912/3277/2912 2913/3278/2913
f 2911/3276/2911 2913/3278/2913 2914/3279/2914
f 2906/3271/2906 2911/3276/2911 2914/3279/2914
f 2906/3271/2906 2914/3279/2914 2909/3274/2909
f 1643/1820/1643 2907/3272/2907 2915/3280/2915
f 1643/1820/1643 2915/3280/2915 1642/1819/1642
f 2907/3272/2907 138/169/138 1478/1638/1478
f 2907/3272/2907 1478/1638/1478 2915/3280/2915
f 2915/3280/2915 1478/1638/1478 1479/1639/1479
f 2915/3280/2915 1479/1639/1479 1636/1813/1636
f 1642/1819/1642 2915/3280/2915 1636/1813/1636
f 1642/1819/1642 1636/1813/1636 1622/1799/1622
f 130/157/130 2910/3275/2910 2916/3281/2916
f 130/157/130 2916/3281/2916 131/158/131
f 2910/3275/2910 2909/3274/2909 2917/3282/2917
f 2910/3275/2910 2917/3282/2917 2916/3281/2916
f 2916/3281/2916 2917/3282/2917 1985/2211/1985
f 2916/3281/2916 1985/2211/1985 2918/3283/2918
f 131/158/131 2916/3281/2916 2918/3283/2918
f 131/158/131 2918/3283/2918 132/3284/132
f 132/3284/132 2918/3283/2918 2919/3285/2919
f 132/3284/132 2919/3285/2919 154/3286/154
f 2918/3283/2918 1985/2211/1985 1984/2210/1984
f 2918/3283/2918 1984/2210/1984 2919/3285/2919
f 2919/3285/2919 1984/2210/1984 1983/2209/1983
f 2919/3285/2919 1983/2209/1983 2011/2240/2011
f 154/3286/154 2919/3285/2919 2011/2240/2011
f 154/3286/154 2011/2240/2011 155/3287/155
f 2920/3288/2920 2921/3289/2921 2922/3290/2922
f 2921/3289/2921 2923/3291/2923 2922/3290/2922
f 2921/3289/2921 1634/1811/1634 2923/3291/2923
f 1634/1811/1634 1632/1809/1632 2923/3291/2923
f 2923/3291/2923 1632/1809/1632 2924/3292/2924
f 1632/1809/1632 1631/1808/1631 2924/3292/2924
f 2922/3290/2922 2923/3291/2923 2925/3293/2925
f 2923/3291/2923 2924/3292/2924 2925/3293/2925
f 2920/3288/2920 2926/3294/2926 2927/3295/2927
f 2920/3288/2920 2927/3295/2927 2921/3289/2921
f 2926/3294/2926 2928/3296/2928 2929/3297/2929
f 2926/3294/2926 2929/3297/2929 2927/3295/2927
f 2927/3295/2927 2929/3297/2929 2930/3298/2930
f 2927/3295/2927 2930/3298/2930 2931/3299/2931
f 2921/3289/2921 2927/3295/2927 2931/3299/2931
f 2921/3289/2921 2931/3299/2931 1634/1811/1634
f 2920/3288/2920 2932/3300/2932 2926/3294/2926
f 2932/3300/2932 2933/3301/2933 2926/3294/2926
f 2932/3300/2932 1725/1910/1725 2933/3301/2933
f 1725/1910/1725 1732/1917/1732 2933/3301/2933
f 2933/3301/2933 1732/1917/1732 2934/3302/2934
f 1732/1917/1732 1731/1916/1731 2934/3302/2934
f 2926/3294/2926 2933/3301/2933 2928/3296/2928
f 2933/3301/2933 2934/3302/2934 2928/3296/2928
f 2920/3288/2920 2922/3290/2922 2935/3303/2935
f 2920/3288/2920 2935/3303/2935 2932/3300/2932
f 2922/3290/2922 2925/3293/2925 2936/3304/2936
f 2922/3290/2922 2936/3304/2936 2935/3303/2935
f 2935/3303/2935 2936/3304/2936 1728/1913/1728
f 2935/3303/2935 1728/1913/1728 1726/1911/1726
f 2932/3300/2932 2935/3303/2935 1726/1911/1726
f 2932/3300/2932 1726/1911/1726 1725/1910/1725
f 2925/3293/2925 2937/3305/2937 2938/3306/2938
f 2925/3293/2925 2938/3306/2938 2936/3304/2936
f 2937/3305/2937 122/147/122 120/145/120
f 2937/3305/2937 120/145/120 2938/3306/2938
f 2938/3306/2938 120/145/120 119/144/119
f 2938/3306/2938 119/144/119 1740/1925/1740
f 2936/3304/2936 2938/3306/2938 1740/1925/1740
f 2936/3304/2936 1740/1925/1740 1728/1913/1728
f 2925/3293/2925 2924/3292/2924 2937/3305/2937
f 2924/3292/2924 2939/3307/2939 2937/3305/2937
f 2924/3292/2924 1631/1808/1631 2939/3307/2939
f 1631/1808/1631 1637/1814/1637 2939/3307/2939
f 2939/3307/2939 1637/1814/1637 1477/1637/1477
f 1637/1814/1637 1479/1639/1479 1477/1637/1477
f 2937/3305/2937 2939/3307/2939 122/147/122
f 2939/3307/2939 1477/1637/1477 122/147/122
f 1625/1802/1625 2940/3308/2940 2941/3309/2941
f 1625/1802/1625 2941/3309/2941 1626/1803/1626
f 2940/3308/2940 2942/3310/2942 2943/3311/2943
f 2940/3308/2940 2943/3311/2943 2941/3309/2941
f 2941/3309/2941 2943/3311/2943 2944/3312/2944
f 2941/3309/2941 2944/3312/2944 2945/3313/2945
f 1626/1803/1626 2941/3309/2941 2945/3313/2945
f 1626/1803/1626 2945/3313/2945 1628/1805/1628
f 1625/1802/1625 1633/1810/1633 2940/3308/2940
f 1633/1810/1633 2946/3314/2946 2940/3308/2940
f 1633/1810/1633 1634/1811/1634 2946/3314/2946
f 1634/1811/1634 2931/3299/2931 2946/3314/2946
f 2946/3314/2946 2931/3299/2931 2947/3315/2947
f 2931/3299/2931 2930/3298/2930 2947/3315/2947
f 2940/3308/2940 2946/3314/2946 2942/3310/2942
f 2946/3314/2946 2947/3315/2947 2942/3310/2942
f 1618/1795/1618 1627/1804/1627 1651/1828/1651
f 1627/1804/1627 2948/3316/2948 1651/1828/1651
f 1627/1804/1627 1628/1805/1628 2948/3316/2948
f 1628/1805/1628 2949/3317/2949 2948/3316/2948
f 2948/3316/2948 2949/3317/2949 2950/3318/2950
f 2949/3317/2949 2951/3319/2951 2950/3318/2950
f 1651/1828/1651 2948/3316/2948 1653/1830/1653
f 2948/3316/2948 2950/3318/2950 1653/1830/1653
f 1519/1679/1519 1518/1678/1518 1658/1835/1658
f 1518/1678/1518 2952/3320/2952 1658/1835/1658
f 1518/1678/1518 1517/1677/1517 2953/3321/2953
f 1518/1678/1518 2953/3321/2953 2952/3320/2952
f 2952/3320/2952 2953/3321/2953 1406/1566/1406
f 2952/3320/2952 1406/1566/1406 1411/1571/1411
f 1658/1835/1658 2952/3320/2952 476/536/476
f 2952/3320/2952 1411/1571/1411 476/536/476
f 1451/1611/1451 2293/2566/2293 2954/3322/2954
f 1451/1611/1451 2954/3322/2954 1522/1682/1522
f 2293/2566/2293 2291/2564/2291 2300/2577/2300
f 2293/2566/2293 2300/2577/2300 2954/3322/2954
f 2954/3322/2954 2300/2577/2300 1406/1566/1406
f 2954/3322/2954 1406/1566/1406 2953/3321/2953
f 1522/1682/1522 2954/3322/2954 2953/3321/2953
f 1522/1682/1522 2953/3321/2953 1517/1677/1517
f 1712/1897/1712 1751/1940/1751 2955/3323/2955
f 1712/1897/1712 2955/3323/2955 1713/1898/1713
f 1751/1940/1751 1750/1939/1750 2956/3324/2956
f 1751/1940/1751 2956/3324/2956 2955/3323/2955
f 2955/3323/2955 2956/3324/2956 2957/3325/2957
f 2956/3324/2956 2958/3326/2958 2957/3325/2957
f 1713/1898/1713 2955/3323/2955 2957/3325/2957
f 1713/1898/1713 2957/3325/2957 1715/1900/1715
f 1750/1939/1750 2959/3327/2959 2960/3328/2960
f 1750/1939/1750 2960/3328/2960 2956/3324/2956
f 2959/3327/2959 2961/3329/2961 2962/3330/2962
f 2959/3327/2959 2962/3330/2962 2960/3328/2960
f 2960/3328/2960 2962/3330/2962 2963/3331/2963
f 2962/3330/2962 2964/3332/2964 2963/3331/2963
f 2956/3324/2956 2960/3328/2960 2963/3331/2963
f 2956/3324/2956 2963/3331/2963 2958/3326/2958
f 1750/1939/1750 1749/1938/1749 2959/3327/2959
f 1749/1938/1749 2965/3333/2965 2959/3327/2959
f 1749/1938/1749 1747/1936/1747 2965/3333/2965
f 1747/1936/1747 2966/3334/2966 2965/3333/2965
f 2965/3333/2965 2966/3334/2966 2967/3335/2967
f 2966/3334/2966 2640/3336/2640 2967/3335/2967
f 2959/3327/2959 2965/3333/2965 2961/3329/2961
f 2965/3333/2965 2967/3335/2967 2961/3329/2961
f 1747/1936/1747 1745/1935/1745 2968/3337/2968
f 1747/1936/1747 2968/3337/2968 2966/3334/2966
f 1745/1933/1745 1746/1934/1746 2968/3338/2968
f 1746/1934/1746 1773/1962/1773 2968/3338/2968
f 2968/3338/2968 1773/1962/1773 1772/1961/1772
f 2968/3338/2968 1772/1961/1772 2639/2968/2639
f 2966/3339/2966 2968/3338/2968 2639/2968/2639
f 2966/3339/2966 2639/2968/2639 2640/2969/2640
f 2640/3336/2640 2638/3340/2638 2969/3341/2969
f 2640/3336/2640 2969/3341/2969 2967/3335/2967
f 2638/3340/2638 2604/3342/2604 2970/3343/2970
f 2638/3340/2638 2970/3343/2970 2969/3341/2969
f 2969/3341/2969 2970/3343/2970 2971/3344/2971
f 2969/3341/2969 2971/3344/2971 2972/3345/2972
f 2967/3335/2967 2969/3341/2969 2972/3345/2972
f 2967/3335/2967 2972/3345/2972 2961/3329/2961
f 2604/2933/2604 2603/2932/2603 2973/3346/2973
f 2604/2933/2604 2973/3346/2973 2970/3347/2970
f 2603/2932/2603 2602/2931/2602 2973/3346/2973
f 2602/2931/2602 2974/3348/2974 2973/3346/2973
f 2973/3349/2973 2974/3350/2974 2975/3351/2975
f 2973/3349/2973 2975/3351/2975 2976/3352/2976
f 2970/3343/2970 2973/3349/2973 2976/3352/2976
f 2970/3343/2970 2976/3352/2976 2971/3344/2971
f 2977/3353/2977 2978/3354/2978 2979/3355/2979
f 2977/3353/2977 2979/3355/2979 2980/3356/2980
f 2978/3354/2978 218/3357/218 224/3358/224
f 2978/3354/2978 224/3358/224 2979/3355/2979
f 2979/3355/2979 224/3358/224 225/3359/225
f 2979/3355/2979 225/3359/225 2981/3360/2981
f 2980/3356/2980 2979/3355/2979 2981/3360/2981
f 2980/3356/2980 2981/3360/2981 2982/3361/2982
f 2977/3353/2977 2983/3362/2983 2978/3354/2978
f 2983/3362/2983 2984/3363/2984 2978/3354/2978
f 2983/3362/2983 2985/3364/2985 2984/3363/2984
f 2985/3364/2985 2986/3365/2986 2984/3363/2984
f 2984/3366/2984 2986/3367/2986 219/265/219
f 2986/3367/2986 220/266/220 219/265/219
f 2978/3354/2978 2984/3363/2984 218/3357/218
f 2984/3363/2984 219/3368/219 218/3357/218
f 2977/3353/2977 2987/3369/2987 2988/3370/2988
f 2977/3353/2977 2988/3370/2988 2983/3362/2983
f 2987/3369/2987 2989/3371/2989 2988/3370/2988
f 2989/3371/2989 2990/3372/2990 2988/3370/2988
f 2988/3370/2988 2990/3372/2990 2991/3373/2991
f 2990/3372/2990 2992/3374/2992 2991/3373/2991
f 2983/3362/2983 2988/3370/2988 2985/3364/2985
f 2988/3370/2988 2991/3373/2991 2985/3364/2985
f 2977/3353/2977 2980/3356/2980 2987/3369/2987
f 2980/3356/2980 2993/3375/2993 2987/3369/2987
f 2980/3356/2980 2982/3361/2982 2993/3375/2993
f 2982/3361/2982 2994/3376/2994 2993/3375/2993
f 2993/3375/2993 2994/3376/2994 2995/3377/2995
f 2994/3376/2994 2996/3378/2996 2995/3377/2995
f 2987/3369/2987 2993/3375/2993 2989/3371/2989
f 2993/3375/2993 2995/3377/2995 2989/3371/2989
f 2982/3361/2982 2997/3379/2997 2994/3376/2994
f 2997/3379/2997 2998/3380/2998 2994/3376/2994
f 2997/3379/2997 2999/3381/2999 2998/3380/2998
f 2999/3381/2999 3000/3382/3000 2998/3380/2998
f 2998/3380/2998 3000/3382/3000 3001/3383/3001
f 3000/3382/3000 3002/3384/3002 3001/3383/3001
f 2994/3376/2994 2998/3380/2998 2996/3378/2996
f 2998/3380/2998 3001/3383/3001 2996/3378/2996
f 2982/3361/2982 2981/3360/2981 3003/3385/3003
f 2982/3361/2982 3003/3385/3003 2997/3379/2997
f 2981/3360/2981 225/3359/225 3004/3386/3004
f 2981/3360/2981 3004/3386/3004 3003/3385/3003
f 3003/3385/3003 3004/3386/3004 3005/3387/3005
f 3004/3386/3004 3006/3388/3006 3005/3387/3005
f 2997/3379/2997 3003/3385/3003 3005/3387/3005
f 2997/3379/2997 3005/3387/3005 2999/3381/2999
f 3006/3388/3006 3007/3389/3007 3008/3390/3008
f 3007/3389/3007 3009/3391/3009 3008/3390/3008
f 3007/3392/3007 208/254/208 3009/3393/3009
f 208/254/208 3010/3394/3010 3009/3393/3009
f 3009/3393/3009 3010/3394/3010 3011/3395/3011
f 3010/3394/3010 2699/3029/2699 3011/3395/3011
f 3008/3390/3008 3009/3391/3009 3012/3396/3012
f 3009/3391/3009 3011/3397/3011 3012/3396/3012
f 3006/3388/3006 3004/3386/3004 3013/3398/3013
f 3006/3388/3006 3013/3398/3013 3007/3389/3007
f 3004/3399/3004 225/271/225 223/269/223
f 3004/3399/3004 223/269/223 3013/3400/3013
f 3013/3400/3013 223/269/223 209/255/209
f 3013/3400/3013 209/255/209 207/253/207
f 3007/3392/3007 3013/3400/3013 207/253/207
f 3007/3392/3007 207/253/207 208/254/208
f 3006/3388/3006 3008/3390/3008 3014/3401/3014
f 3006/3388/3006 3014/3401/3014 3005/3387/3005
f 3008/3390/3008 3012/3396/3012 3015/3402/3015
f 3008/3390/3008 3015/3402/3015 3014/3401/3014
f 3014/3401/3014 3015/3402/3015 3016/3403/3016
f 3015/3402/3015 3017/3404/3017 3016/3403/3016
f 3005/3387/3005 3014/3401/3014 2999/3381/2999
f 3014/3401/3014 3016/3403/3016 2999/3381/2999
f 2999/3381/2999 3016/3403/3016 3000/3382/3000
f 3016/3403/3016 3018/3405/3018 3000/3382/3000
f 3016/3403/3016 3017/3404/3017 3018/3405/3018
f 3017/3404/3017 3019/3406/3019 3018/3405/3018
f 3018/3405/3018 3019/3406/3019 3020/3407/3020
f 3019/3406/3019 3021/3408/3021 3020/3407/3020
f 3000/3382/3000 3018/3405/3018 3002/3384/3002
f 3018/3405/3018 3020/3407/3020 3002/3384/3002
f 3002/3384/3002 3020/3407/3020 3022/3409/3022
f 3020/3407/3020 3023/3410/3023 3022/3409/3022
f 3020/3407/3020 3021/3408/3021 3023/3410/3023
f 3021/3408/3021 3024/3411/3024 3023/3410/3023
f 3023/3410/3023 3024/3411/3024 3025/3412/3025
f 3024/3411/3024 3026/3413/3026 3025/3412/3025
f 3022/3409/3022 3023/3410/3023 3027/3414/3027
f 3023/3410/3023 3025/3412/3025 3027/3414/3027
f 3002/3384/3002 3022/3409/3022 3028/3415/3028
f 3002/3384/3002 3028/3415/3028 3001/3383/3001
f 3022/3409/3022 3027/3414/3027 3029/3416/3029
f 3022/3409/3022 3029/3416/3029 3028/3415/3028
f 3028/3415/3028 3029/3416/3029 3030/3417/3030
f 3028/3415/3028 3030/3417/3030 3031/3418/3031
f 3001/3383/3001 3028/3415/3028 3031/3418/3031
f 3001/3383/3001 3031/3418/3031 2996/3378/2996
f 3012/3396/3012 3032/3419/3032 3033/3420/3033
f 3012/3396/3012 3033/3420/3033 3015/3402/3015
f 3032/3419/3032 3034/3421/3034 3035/3422/3035
f 3032/3419/3032 3035/3422/3035 3033/3420/3033
f 3033/3420/3033 3035/3422/3035 3036/3423/3036
f 3033/3420/3033 3036/3423/3036 3037/3424/3037
f 3015/3402/3015 3033/3420/3033 3017/3404/3017
f 3033/3420/3033 3037/3424/3037 3017/3404/3017
f 3012/3396/3012 3011/3397/3011 3032/3419/3032
f 3011/3397/3011 3038/3425/3038 3032/3419/3032
f 3011/3395/3011 2699/3029/2699 3038/3426/3038
f 2699/3029/2699 2698/3028/2698 3038/3426/3038
f 3038/3426/3038 2698/3028/2698 3039/3427/3039
f 2698/3028/2698 2697/3027/2697 3039/3427/3039
f 3032/3419/3032 3038/3425/3038 3034/3421/3034
f 3038/3425/3038 3039/3428/3039 3034/3421/3034
f 3017/3404/3017 3037/3424/3037 3019/3406/3019
f 3037/3424/3037 3040/3429/3040 3019/3406/3019
f 3037/3424/3037 3036/3423/3036 3040/3429/3040
f 3036/3423/3036 3041/3430/3041 3040/3429/3040
f 3040/3429/3040 3041/3430/3041 3042/3431/3042
f 3041/3430/3041 3043/3432/3043 3042/3431/3042
f 3019/3406/3019 3040/3429/3040 3021/3408/3021
f 3040/3429/3040 3042/3431/3042 3021/3408/3021
f 3021/3408/3021 3042/3431/3042 3024/3411/3024
f 3042/3431/3042 3044/3433/3044 3024/3411/3024
f 3042/3431/3042 3043/3432/3043 3044/3433/3044
f 3043/3432/3043 3045/3434/3045 3044/3433/3044
f 3044/3433/3044 3045/3434/3045 3046/3435/3046
f 3045/3434/3045 3047/3436/3047 3046/3435/3046
f 3024/3411/3024 3044/3433/3044 3026/3413/3026
f 3044/3433/3044 3046/3435/3046 3026/3413/3026
f 3036/3423/3036 3048/3437/3048 3041/3430/3041
f 3048/3437/3048 3049/3438/3049 3041/3430/3041
f 3048/3437/3048 3050/3439/3050 3049/3438/3049
f 3050/3439/3050 3051/3440/3051 3049/3438/3049
f 3049/3438/3049 3051/3440/3051 3052/3441/3052
f 3051/3440/3051 3053/3442/3053 3052/3441/3052
f 3041/3430/3041 3049/3438/3049 3043/3432/3043
f 3049/3438/3049 3052/3441/3052 3043/3432/3043
f 3036/3423/3036 3035/3422/3035 3048/3437/3048
f 3035/3422/3035 3054/3443/3054 3048/3437/3048
f 3035/3422/3035 3034/3421/3034 3054/3443/3054
f 3034/3421/3034 3055/3444/3055 3054/3443/3054
f 3054/3443/3054 3055/3444/3055 3056/3445/3056
f 3054/3443/3054 3056/3445/3056 3057/3446/3057
f 3048/3437/3048 3054/3443/3054 3057/3446/3057
f 3048/3437/3048 3057/3446/3057 3050/3439/3050
f 3043/3432/3043 3052/3441/3052 3045/3434/3045
f 3052/3441/3052 3058/3447/3058 3045/3434/3045
f 3052/3441/3052 3053/3442/3053 3058/3447/3058
f 3053/3442/3053 3059/3448/3059 3058/3447/3058
f 3058/3447/3058 3059/3448/3059 3060/3449/3060
f 3059/3448/3059 3061/3450/3061 3060/3449/3060
f 3045/3434/3045 3058/3447/3058 3047/3436/3047
f 3058/3447/3058 3060/3449/3060 3047/3436/3047
f 3047/3436/3047 3060/3449/3060 3062/3451/3062
f 3060/3449/3060 3063/3452/3063 3062/3451/3062
f 3060/3449/3060 3061/3450/3061 3064/3453/3064
f 3060/3449/3060 3064/3453/3064 3063/3452/3063
f 3063/3452/3063 3064/3453/3064 3065/3454/3065
f 3063/3452/3063 3065/3454/3065 3066/3455/3066
f 3062/3451/3062 3063/3452/3063 3067/3456/3067
f 3063/3452/3063 3066/3455/3066 3067/3456/3067
f 3047/3436/3047 3062/3451/3062 3068/3457/3068
f 3047/3436/3047 3068/3457/3068 3046/3435/3046
f 3062/3451/3062 3067/3456/3067 3069/3458/3069
f 3062/3451/3062 3069/3458/3069 3068/3457/3068
f 3068/3457/3068 3069/3458/3069 3070/3459/3070
f 3068/3457/3068 3070/3459/3070 3071/3460/3071
f 3046/3435/3046 3068/3457/3068 3071/3460/3071
f 3046/3435/3046 3071/3460/3071 3026/3413/3026
f 3061/3450/3061 3072/3461/3072 3073/3462/3073
f 3061/3450/3061 3073/3462/3073 3064/3453/3064
f 3072/3463/3072 3074/3464/3074 3073/3465/3073
f 3074/3464/3074 3075/3466/3075 3073/3465/3073
f 3073/3465/3073 3075/3466/3075 3076/3467/3076
f 3073/3465/3073 3076/3467/3076 3077/3468/3077
f 3064/3453/3064 3073/3462/3073 3077/3469/3077
f 3064/3453/3064 3077/3469/3077 3065/3454/3065
f 3061/3450/3061 3059/3448/3059 3072/3461/3072
f 3059/3448/3059 3078/3470/3078 3072/3461/3072
f 3059/3448/3059 3053/3442/3053 3078/3470/3078
f 3053/3442/3053 3079/3471/3079 3078/3470/3078
f 3078/3470/3078 3079/3471/3079 3080/3472/3080
f 3079/3471/3079 3081/3473/3081 3080/3472/3080
f 3072/3461/3072 3078/3470/3078 3080/3472/3080
f 3072/3461/3072 3080/3472/3080 3074/3474/3074
f 3082/3475/3082 3083/3476/3083 3084/3477/3084
f 3083/3476/3083 3085/3478/3085 3084/3477/3084
f 3083/3476/3083 1576/1743/1576 3085/3478/3085
f 1576/1743/1576 3086/3479/3086 3085/3478/3085
f 3085/3478/3085 3086/3479/3086 3087/3480/3087
f 3086/3479/3086 3088/3481/3088 3087/3480/3087
f 3084/3477/3084 3085/3478/3085 3089/3482/3089
f 3085/3478/3085 3087/3480/3087 3089/3482/3089
f 3082/3475/3082 3090/3483/3090 3091/3484/3091
f 3082/3475/3082 3091/3484/3091 3083/3476/3083
f 3090/3483/3090 555/620/555 562/627/562
f 3090/3483/3090 562/627/562 3091/3484/3091
f 3091/3484/3091 562/627/562 561/626/561
f 3091/3484/3091 561/626/561 1575/1742/1575
f 3083/3476/3083 3091/3484/3091 1575/1742/1575
f 3083/3476/3083 1575/1742/1575 1576/1743/1576
f 3082/3475/3082 3092/3485/3092 3090/3483/3090
f 3092/3485/3092 3093/3486/3093 3090/3483/3090
f 3092/3485/3092 822/914/822 3093/3486/3093
f 822/914/822 3094/3487/3094 3093/3486/3093
f 3093/3486/3093 3094/3487/3094 556/621/556
f 3094/3487/3094 558/623/558 556/621/556
f 3090/3483/3090 3093/3486/3093 555/620/555
f 3093/3486/3093 556/621/556 555/620/555
f 3082/3475/3082 3084/3477/3084 3095/3488/3095
f 3082/3475/3082 3095/3488/3095 3092/3485/3092
f 3084/3477/3084 3089/3482/3089 3096/3489/3096
f 3084/3477/3084 3096/3489/3096 3095/3488/3095
f 3095/3488/3095 3096/3489/3096 813/901/813
f 3095/3488/3095 813/901/813 823/915/823
f 3092/3485/3092 3095/3488/3095 823/915/823
f 3092/3485/3092 823/915/823 822/914/822
f 822/914/822 821/913/821 3094/3487/3094
f 821/913/821 3097/3490/3097 3094/3487/3094
f 821/913/821 820/3491/820 3098/3492/3098
f 821/913/821 3098/3492/3098 3097/3490/3097
f 3097/3493/3097 3098/3494/3098 566/634/566
f 3097/3493/3097 566/634/566 564/632/564
f 3094/3487/3094 3097/3490/3097 558/623/558
f 3097/3490/3097 564/631/564 558/623/558
f 820/910/820 828/920/828 3099/3495/3099
f 820/910/820 3099/3495/3099 3098/3494/3098
f 828/920/828 829/921/829 2078/2310/2078
f 828/920/828 2078/2310/2078 3099/3495/3099
f 3099/3495/3099 2078/2310/2078 570/638/570
f 3099/3495/3099 570/638/570 569/637/569
f 3098/3494/3098 3099/3495/3099 569/637/569
f 3098/3494/3098 569/637/569 566/634/566
f 813/901/813 3096/3489/3096 814/903/814
f 3096/3489/3096 3100/3496/3100 814/903/814
f 3096/3489/3096 3089/3482/3089 3100/3496/3100
f 3089/3482/3089 3101/3497/3101 3100/3496/3100
f 3100/3496/3100 3101/3497/3101 934/1037/934
f 3101/3497/3101 935/1038/935 934/1037/934
f 814/903/814 3100/3496/3100 815/904/815
f 3100/3496/3100 934/1037/934 815/904/815
f 1592/1763/1592 1672/1857/1672 3102/3498/3102
f 1592/1763/1592 3102/3498/3102 1591/1762/1591
f 1672/1855/1672 1671/1854/1671 3103/3499/3103
f 1672/1855/1672 3103/3499/3103 3102/3500/3102
f 3102/3498/3102 3103/3501/3103 1582/1749/1582
f 3103/3501/3103 1583/1750/1583 1582/1749/1582
f 1591/1762/1591 3102/3498/3102 1582/1749/1582
f 1591/1762/1591 1582/1749/1582 1579/1746/1579
f 1663/1842/1663 1681/1866/1681 1670/1853/1670
f 1681/1866/1681 3104/3502/3104 1670/1853/1670
f 1681/1866/1681 1682/1867/1682 3104/3502/3104
f 1682/1867/1682 3105/3503/3105 3104/3502/3104
f 3104/3502/3104 3105/3503/3105 3106/3504/3106
f 3104/3502/3104 3106/3504/3106 3107/3505/3107
f 1670/1853/1670 3104/3502/3104 1671/1854/1671
f 3104/3502/3104 3107/3505/3107 1671/1854/1671
f 1671/1854/1671 3107/3505/3107 3103/3499/3103
f 3107/3505/3107 3108/3506/3108 3103/3499/3103
f 3107/3505/3107 3106/3504/3106 3109/3507/3109
f 3107/3505/3107 3109/3507/3109 3108/3506/3108
f 3108/3506/3108 3109/3507/3109 1588/1758/1588
f 3108/3506/3108 1588/1758/1588 1586/1756/1586
f 3103/3499/3103 3108/3506/3108 1586/1756/1586
f 3103/3499/3103 1586/1756/1586 1583/1754/1583
f 1682/1867/1682 3110/3508/3110 3111/3509/3111
f 1682/1867/1682 3111/3509/3111 3105/3503/3105
f 3110/3508/3110 3112/3510/3112 3113/3511/3113
f 3110/3508/3110 3113/3511/3113 3111/3509/3111
f 3111/3509/3111 3113/3511/3113 3114/3512/3114
f 3111/3509/3111 3114/3512/3114 3115/3513/3115
f 3105/3503/3105 3111/3509/3111 3115/3513/3115
f 3105/3503/3105 3115/3513/3115 3106/3504/3106
f 1682/1867/1682 1680/1865/1680 3110/3508/3110
f 1680/1865/1680 3116/3514/3116 3110/3508/3110
f 1680/1865/1680 1678/1863/1678 3116/3514/3116
f 1678/1863/1678 3117/3515/3117 3116/3514/3116
f 3116/3514/3116 3117/3515/3117 3118/3516/3118
f 3117/3515/3117 3119/3517/3119 3118/3516/3118
f 3110/3508/3110 3116/3514/3116 3112/3510/3112
f 3116/3514/3116 3118/3516/3118 3112/3510/3112
f 3106/3504/3106 3115/3513/3115 3120/3518/3120
f 3106/3504/3106 3120/3518/3120 3109/3507/3109
f 3115/3513/3115 3114/3512/3114 3121/3519/3121
f 3115/3513/3115 3121/3519/3121 3120/3518/3120
f 3120/3518/3120 3121/3519/3121 3088/3520/3088
f 3120/3518/3120 3088/3520/3088 3122/3521/3122
f 3109/3507/3109 3120/3518/3120 3122/3521/3122
f 3109/3507/3109 3122/3521/3122 1588/1758/1588
f 1588/3522/1588 3122/3523/3122 3123/3524/3123
f 1588/3522/1588 3123/3524/3123 1587/1759/1587
f 3122/3523/3122 3088/3481/3088 3123/3524/3123
f 3088/3481/3088 3086/3479/3086 3123/3524/3123
f 3123/3524/3123 3086/3479/3086 1576/1743/1576
f 3123/3524/3123 1576/1743/1576 1574/1741/1574
f 1587/1759/1587 3123/3524/3123 1574/1741/1574
f 1587/1759/1587 1574/1741/1574 1572/1739/1572
f 3112/3510/3112 3118/3516/3118 3124/3525/3124
f 3118/3516/3118 3125/3526/3125 3124/3525/3124
f 3118/3516/3118 3119/3517/3119 3125/3526/3125
f 3119/3517/3119 3126/3527/3126 3125/3526/3125
f 3125/3526/3125 3126/3527/3126 928/1029/928
f 3126/3527/3126 929/1030/929 928/1029/928
f 3124/3525/3124 3125/3526/3125 928/1029/928
f 3124/3525/3124 928/1029/928 927/1028/927
f 3112/3510/3112 3124/3525/3124 3127/3528/3127
f 3112/3510/3112 3127/3528/3127 3113/3511/3113
f 3124/3525/3124 927/1028/927 3127/3528/3127
f 927/1028/927 936/1040/936 3127/3528/3127
f 3127/3528/3127 936/1040/936 3128/3529/3128
f 936/1040/936 935/3530/935 3128/3529/3128
f 3113/3511/3113 3127/3528/3127 3114/3512/3114
f 3127/3528/3127 3128/3529/3128 3114/3512/3114
f 3114/3512/3114 3128/3529/3128 3121/3519/3121
f 3128/3529/3128 3129/3531/3129 3121/3519/3121
f 3128/3532/3128 935/1038/935 3129/3533/3129
f 935/1038/935 3101/3497/3101 3129/3533/3129
f 3129/3533/3129 3101/3497/3101 3087/3480/3087
f 3101/3497/3101 3089/3482/3089 3087/3480/3087
f 3121/3534/3121 3129/3533/3129 3088/3481/3088
f 3129/3533/3129 3087/3480/3087 3088/3481/3088
f 1951/2177/1951 1949/2175/1949 2593/2922/2593
f 1949/2175/1949 3130/3535/3130 2593/2922/2593
f 1949/2175/1949 1948/2174/1948 3130/3535/3130
f 1948/2174/1948 3131/3536/3131 3130/3535/3130
f 3130/3535/3130 3131/3536/3131 3132/3537/3132
f 3131/3536/3131 3133/3538/3133 3132/3537/3132
f 2593/2922/2593 3130/3535/3130 2588/2917/2588
f 3130/3535/3130 3132/3537/3132 2588/2917/2588
f 3133/3538/3133 3134/3539/3134 3135/3540/3135
f 3134/3539/3134 3136/3541/3136 3135/3540/3135
f 3134/3539/3134 3137/3542/3137 3136/3541/3136
f 3137/3542/3137 3138/3543/3138 3136/3541/3136
f 3136/3541/3136 3138/3543/3138 2736/3073/2736
f 3138/3543/3138 2116/2349/2116 2736/3073/2736
f 3135/3540/3135 3136/3541/3136 2737/3074/2737
f 3136/3541/3136 2736/3073/2736 2737/3074/2737
f 3133/3538/3133 3131/3536/3131 3139/3544/3139
f 3133/3538/3133 3139/3544/3139 3134/3539/3134
f 3131/3536/3131 1948/2174/1948 1957/2183/1957
f 3131/3536/3131 1957/2183/1957 3139/3544/3139
f 3139/3544/3139 1957/2183/1957 1958/2184/1958
f 3139/3544/3139 1958/2184/1958 3140/3545/3140
f 3134/3539/3134 3139/3544/3139 3140/3545/3140
f 3134/3539/3134 3140/3545/3140 3137/3542/3137
f 3133/3538/3133 3135/3540/3135 3141/3546/3141
f 3133/3538/3133 3141/3546/3141 3132/3537/3132
f 3135/3540/3135 2737/3074/2737 3142/3547/3142
f 3135/3540/3135 3142/3547/3142 3141/3546/3141
f 3141/3546/3141 3142/3547/3142 2590/2919/2590
f 3141/3546/3141 2590/2919/2590 2589/2918/2589
f 3132/3537/3132 3141/3546/3141 2589/2918/2589
f 3132/3537/3132 2589/2918/2589 2588/2917/2588
f 2116/2349/2116 3138/3543/3138 3143/3548/3143
f 2116/2349/2116 3143/3548/3143 2115/2348/2115
f 3138/3543/3138 3137/3542/3137 3144/3549/3144
f 3138/3543/3138 3144/3549/3144 3143/3548/3143
f 3143/3548/3143 3144/3549/3144 1779/1968/1779
f 3143/3548/3143 1779/1968/1779 1778/1967/1778
f 2115/2348/2115 3143/3548/3143 1778/1967/1778
f 2115/2348/2115 1778/1967/1778 1777/1966/1777
f 2737/3074/2737 2735/3072/2735 3142/3547/3142
f 2735/3072/2735 3145/3550/3145 3142/3547/3142
f 2735/3072/2735 2031/2263/2031 3145/3550/3145
f 2031/2263/2031 2029/2261/2029 3145/3550/3145
f 3145/3550/3145 2029/2261/2029 2591/2920/2591
f 2029/2261/2029 2028/2260/2028 2591/2920/2591
f 3142/3547/3142 3145/3550/3145 2590/2919/2590
f 3145/3550/3145 2591/2920/2591 2590/2919/2590
f 3146/3551/3146 3147/3552/3147 3148/3553/3148
f 3147/3552/3147 3149/3554/3149 3148/3553/3148
f 3147/3552/3147 1974/2200/1974 3149/3554/3149
f 1974/2200/1974 1973/2199/1973 3149/3554/3149
f 3149/3554/3149 1973/2199/1973 2584/2913/2584
f 1973/2199/1973 1972/2198/1972 2584/2913/2584
f 3148/3553/3148 3149/3554/3149 2585/2914/2585
f 3149/3554/3149 2584/2913/2584 2585/2914/2585
f 3146/3551/3146 3150/3555/3150 3151/3556/3151
f 3146/3551/3146 3151/3556/3151 3147/3552/3147
f 3150/3555/3150 3152/3557/3152 3153/3558/3153
f 3150/3555/3150 3153/3558/3153 3151/3556/3151
f 3151/3556/3151 3153/3558/3153 1978/2204/1978
f 3151/3556/3151 1978/2204/1978 1976/2202/1976
f 3147/3552/3147 3151/3556/3151 1976/2202/1976
f 3147/3552/3147 1976/2202/1976 1974/2200/1974
f 3146/3551/3146 3154/3559/3154 3150/3555/3150
f 3154/3559/3154 3155/3560/3155 3150/3555/3150
f 3154/3559/3154 2673/3002/2673 3155/3560/3155
f 2673/3002/2673 2672/3001/2672 3155/3560/3155
f 3155/3560/3155 2672/3001/2672 3156/3561/3156
f 2672/3001/2672 2671/3000/2671 3156/3561/3156
f 3150/3555/3150 3155/3560/3155 3152/3557/3152
f 3155/3560/3155 3156/3561/3156 3152/3557/3152
f 3146/3551/3146 3148/3553/3148 3157/3562/3157
f 3146/3551/3146 3157/3562/3157 3154/3559/3154
f 3148/3553/3148 2585/2914/2585 2596/2925/2596
f 3148/3553/3148 2596/2925/2596 3157/3562/3157
f 3157/3562/3157 2596/2925/2596 2597/2926/2597
f 3157/3562/3157 2597/2926/2597 2687/3016/2687
f 3154/3559/3154 3157/3562/3157 2687/3016/2687
f 3154/3559/3154 2687/3016/2687 2673/3002/2673
f 3152/3557/3152 3158/3563/3158 3153/3558/3153
f 3158/3563/3158 3159/3564/3159 3153/3558/3153
f 3158/3563/3158 3160/3565/3160 3159/3564/3159
f 3160/3565/3160 3161/3566/3161 3159/3564/3159
f 3159/3564/3159 3161/3566/3161 2635/2964/2635
f 3161/3566/3161 2633/2962/2633 2635/2964/2635
f 3153/3558/3153 3159/3564/3159 1978/2204/1978
f 3159/3564/3159 2635/2964/2635 1978/2204/1978
f 3152/3557/3152 3156/3561/3156 3158/3563/3158
f 3156/3561/3156 3162/3567/3162 3158/3563/3158
f 3156/3561/3156 2671/3000/2671 3162/3567/3162
f 2671/3000/2671 3163/3568/3163 3162/3567/3162
f 3162/3567/3162 3163/3568/3163 3164/3569/3164
f 3163/3568/3163 3165/3570/3165 3164/3569/3164
f 3158/3563/3158 3162/3567/3162 3164/3569/3164
f 3158/3563/3158 3164/3569/3164 3160/3565/3160
f 2612/2941/2612 3166/3571/3166 3167/3572/3167
f 3166/3571/3166 3168/3573/3168 3167/3572/3167
f 3166/3571/3166 3169/3574/3169 3168/3573/3168
f 3169/3574/3169 3170/3575/3170 3168/3573/3168
f 3168/3573/3168 3170/3575/3170 3171/3576/3171
f 3170/3575/3170 3172/3577/3172 3171/3576/3171
f 3167/3572/3167 3168/3573/3168 3173/3578/3173
f 3168/3573/3168 3171/3576/3171 3173/3578/3173
f 2612/2941/2612 2610/2939/2610 3174/3579/3174
f 2612/2941/2612 3174/3579/3174 3166/3571/3166
f 2610/2939/2610 2609/2938/2609 3175/3580/3175
f 2610/2939/2610 3175/3580/3175 3174/3579/3174
f 3174/3579/3174 3175/3580/3175 3176/3581/3176
f 3174/3579/3174 3176/3581/3176 3177/3582/3177
f 3166/3571/3166 3174/3579/3174 3177/3582/3177
f 3166/3571/3166 3177/3582/3177 3169/3574/3169
f 2612/2941/2612 3167/3572/3167 2611/2940/2611
f 3167/3572/3167 3178/3583/3178 2611/2940/2611
f 3167/3572/3167 3173/3578/3173 3178/3583/3178
f 3173/3578/3173 3179/3584/3179 3178/3583/3178
f 3178/3583/3178 3179/3584/3179 3180/3585/3180
f 3179/3584/3179 3181/3586/3181 3180/3585/3180
f 2611/2940/2611 3178/3583/3178 2602/2931/2602
f 3178/3583/3178 3180/3585/3180 2602/2931/2602
f 3169/3574/3169 3182/3587/3182 3170/3575/3170
f 3182/3587/3182 3183/3588/3183 3170/3575/3170
f 3182/3587/3182 3184/3589/3184 3185/3590/3185
f 3182/3587/3182 3185/3590/3185 3183/3588/3183
f 3183/3588/3183 3185/3590/3185 3186/3591/3186
f 3185/3590/3185 3187/3592/3187 3186/3591/3186
f 3170/3575/3170 3183/3588/3183 3172/3577/3172
f 3183/3588/3183 3186/3591/3186 3172/3577/3172
f 3169/3574/3169 3177/3582/3177 3182/3587/3182
f 3177/3582/3177 3188/3593/3188 3182/3587/3182
f 3177/3582/3177 3176/3581/3176 3188/3593/3188
f 3176/3581/3176 3189/3594/3189 3188/3593/3188
f 3188/3593/3188 3189/3594/3189 3190/3595/3190
f 3189/3594/3189 3191/3596/3191 3190/3595/3190
f 3182/3587/3182 3188/3593/3188 3184/3589/3184
f 3188/3593/3188 3190/3595/3190 3184/3589/3184
f 3184/3589/3184 3192/3597/3192 3193/3598/3193
f 3184/3589/3184 3193/3598/3193 3185/3590/3185
f 3192/3597/3192 3194/3599/3194 3195/3600/3195
f 3192/3597/3192 3195/3600/3195 3193/3598/3193
f 3193/3598/3193 3195/3600/3195 3196/3601/3196
f 3193/3598/3193 3196/3601/3196 3197/3602/3197
f 3185/3590/3185 3193/3598/3193 3197/3602/3197
f 3185/3590/3185 3197/3602/3197 3187/3592/3187
f 3184/3589/3184 3190/3595/3190 3192/3597/3192
f 3190/3595/3190 3198/3603/3198 3192/3597/3192
f 3190/3595/3190 3191/3596/3191 3198/3603/3198
f 3191/3596/3191 3199/3604/3199 3198/3603/3198
f 3198/3603/3198 3199/3604/3199 3200/3605/3200
f 3199/3604/3199 3201/3606/3201 3200/3605/3200
f 3192/3597/3192 3198/3603/3198 3194/3599/3194
f 3198/3603/3198 3200/3605/3200 3194/3599/3194
f 3194/3599/3194 3200/3605/3200 3202/3607/3202
f 3200/3605/3200 3203/3608/3203 3202/3607/3202
f 3200/3605/3200 3201/3606/3201 3204/3609/3204
f 3200/3605/3200 3204/3609/3204 3203/3608/3203
f 3203/3608/3203 3204/3609/3204 3160/3565/3160
f 3203/3608/3203 3160/3565/3160 3164/3569/3164
f 3202/3607/3202 3203/3608/3203 3164/3569/3164
f 3202/3607/3202 3164/3569/3164 3165/3570/3165
f 3194/3599/3194 3202/3607/3202 3205/3610/3205
f 3194/3599/3194 3205/3610/3205 3195/3600/3195
f 3202/3607/3202 3165/3570/3165 3206/3611/3206
f 3202/3607/3202 3206/3611/3206 3205/3610/3205
f 3205/3610/3205 3206/3611/3206 3207/3612/3207
f 3205/3610/3205 3207/3612/3207 3208/3613/3208
f 3195/3600/3195 3205/3610/3205 3208/3613/3208
f 3195/3600/3195 3208/3613/3208 3196/3601/3196
f 3209/3614/3209 3210/3615/3210 3211/3616/3211
f 3209/3614/3209 3211/3616/3211 3212/3617/3212
f 3210/3615/3210 3213/3618/3213 3214/3619/3214
f 3210/3615/3210 3214/3619/3214 3211/3616/3211
f 3211/3616/3211 3214/3619/3214 1268/1399/1268
f 3214/3619/3214 1260/1391/1260 1268/1399/1268
f 3212/3617/3212 3211/3616/3211 1268/1399/1268
f 3212/3617/3212 1268/1399/1268 1269/1400/1269
f 3209/3614/3209 3215/3620/3215 3210/3615/3210
f 3215/3620/3215 3216/3621/3216 3210/3615/3210
f 3215/3620/3215 3217/3622/3217 3218/3623/3218
f 3215/3620/3215 3218/3623/3218 3216/3621/3216
f 3216/3621/3216 3218/3623/3218 3219/3624/3219
f 3216/3621/3216 3219/3624/3219 3220/3625/3220
f 3210/3615/3210 3216/3621/3216 3220/3625/3220
f 3210/3615/3210 3220/3625/3220 3213/3618/3213
f 3209/3614/3209 3221/3626/3221 3222/3627/3222
f 3209/3614/3209 3222/3627/3222 3215/3620/3215
f 3221/3626/3221 833/925/833 831/923/831
f 3221/3626/3221 831/923/831 3222/3627/3222
f 3222/3627/3222 831/923/831 817/906/817
f 3222/3627/3222 817/906/817 3223/3628/3223
f 3215/3620/3215 3222/3627/3222 3217/3622/3217
f 3222/3627/3222 3223/3628/3223 3217/3622/3217
f 3209/3614/3209 3212/3617/3212 3221/3626/3221
f 3212/3617/3212 3224/3629/3224 3221/3626/3221
f 3212/3617/3212 1269/1400/1269 3224/3629/3224
f 1269/1400/1269 1283/1414/1283 3224/3629/3224
f 3224/3629/3224 1283/1414/1283 1282/1413/1282
f 3224/3629/3224 1282/1413/1282 2081/2313/2081
f 3221/3626/3221 3224/3629/3224 833/925/833
f 3224/3629/3224 2081/2313/2081 833/925/833
f 3213/3618/3213 3225/3630/3225 3214/3619/3214
f 3225/3630/3225 3226/3631/3226 3214/3619/3214
f 3225/3630/3225 3227/3632/3227 3228/3633/3228
f 3225/3630/3225 3228/3633/3228 3226/3631/3226
f 3226/3631/3226 3228/3633/3228 1261/1392/1261
f 3228/3633/3228 1262/1393/1262 1261/1392/1261
f 3214/3619/3214 3226/3631/3226 1260/1391/1260
f 3226/3631/3226 1261/1392/1261 1260/1391/1260
f 3213/3618/3213 3220/3625/3220 3225/3630/3225
f 3220/3625/3220 3229/3634/3229 3225/3630/3225
f 3220/3625/3220 3219/3624/3219 3229/3634/3229
f 3219/3624/3219 3230/3635/3230 3229/3634/3229
f 3229/3634/3229 3230/3635/3230 3231/3636/3231
f 3230/3635/3230 3232/3637/3232 3231/3636/3231
f 3225/3630/3225 3229/3634/3229 3227/3632/3227
f 3229/3634/3229 3231/3636/3231 3227/3632/3227
f 1613/1789/1613 2085/2317/2085 3233/3638/3233
f 1613/1789/1613 3233/3638/3233 1612/1788/1612
f 2085/2317/2085 2084/2316/2084 3233/3638/3233
f 2084/2316/2084 3234/3639/3234 3233/3638/3233
f 3233/3640/3233 3234/3641/3234 2814/3171/2814
f 3234/3641/3234 2815/3172/2815 2814/3171/2814
f 1612/1790/1612 3233/3640/3233 1606/1780/1606
f 3233/3640/3233 2814/3171/2814 1606/1780/1606
f 2084/2316/2084 3235/3642/3235 3234/3639/3234
f 3235/3642/3235 3236/3643/3236 3234/3639/3234
f 3235/3642/3235 1277/1408/1277 3236/3643/3236
f 1277/1408/1277 3237/3644/3237 3236/3643/3236
f 3236/3645/3236 3237/3646/3237 2826/3183/2826
f 3237/3646/3237 2828/3185/2828 2826/3183/2826
f 3234/3641/3234 3236/3645/3236 2815/3172/2815
f 3236/3645/3236 2826/3183/2826 2815/3172/2815
f 2084/2316/2084 2083/2315/2083 3238/3647/3238
f 2084/2316/2084 3238/3647/3238 3235/3642/3235
f 2083/2315/2083 1282/1413/1282 3238/3647/3238
f 1282/1413/1282 1281/1412/1281 3238/3647/3238
f 3238/3647/3238 1281/1412/1281 1279/1410/1279
f 3238/3647/3238 1279/1410/1279 1278/1409/1278
f 3235/3642/3235 3238/3647/3238 1278/1409/1278
f 3235/3642/3235 1278/1409/1278 1277/1408/1277
f 2961/3329/2961 2972/3345/2972 3239/3648/3239
f 2961/3329/2961 3239/3648/3239 2962/3330/2962
f 2972/3345/2972 2971/3344/2971 3240/3649/3240
f 2972/3345/2972 3240/3649/3240 3239/3648/3239
f 3239/3648/3239 3240/3649/3240 3241/3650/3241
f 3240/3649/3240 3242/3651/3242 3241/3650/3241
f 2962/3330/2962 3239/3648/3239 3241/3650/3241
f 2962/3330/2962 3241/3650/3241 2964/3332/2964
f 2971/3344/2971 2976/3352/2976 3240/3649/3240
f 2976/3352/2976 3243/3652/3243 3240/3649/3240
f 2975/3351/2975 3244/3653/3244 2976/3352/2976
f 3244/3653/3244 3243/3652/3243 2976/3352/2976
f 3245/3654/3245 3246/3655/3246 3243/3652/3243
f 3245/3654/3245 3243/3652/3243 3244/3653/3244
f 3247/3656/3247 3248/3657/3248 3246/3655/3246
f 3248/3657/3248 3243/3652/3243 3246/3655/3246
f 3242/3651/3242 3240/3649/3240 3248/3657/3248
f 3240/3649/3240 3243/3652/3243 3248/3657/3248
f 2975/3658/2975 2974/3348/2974 3249/3659/3249
f 2974/3348/2974 3250/3660/3250 3249/3659/3249
f 2974/3348/2974 2602/2931/2602 3250/3660/3250
f 2602/2931/2602 3180/3585/3180 3250/3660/3250
f 3250/3660/3250 3180/3585/3180 3181/3586/3181
f 3250/3660/3250 3181/3586/3181 3251/3661/3251
f 3249/3659/3249 3250/3660/3250 3252/3662/3252
f 3250/3660/3250 3251/3661/3251 3252/3662/3252
f 3253/3663/3253 3254/3664/3254 3255/3665/3255
f 3253/3663/3253 3255/3665/3255 3256/3666/3256
f 3247/3656/3247 3246/3655/3246 3254/3664/3254
f 3246/3655/3246 3255/3665/3255 3254/3664/3254
f 3245/3654/3245 3244/3653/3244 3255/3665/3255
f 3245/3654/3245 3255/3665/3255 3246/3655/3246
f 2975/3351/2975 3249/3667/3249 3244/3653/3244
f 3249/3667/3249 3255/3665/3255 3244/3653/3244
f 3252/3668/3252 3257/3669/3257 3255/3665/3255
f 3252/3668/3252 3255/3665/3255 3249/3667/3249
f 3258/3670/3258 3256/3666/3256 3257/3669/3257
f 3256/3666/3256 3255/3665/3255 3257/3669/3257
f 3252/3662/3252 3251/3661/3251 3259/3671/3259
f 3251/3661/3251 3260/3672/3260 3259/3671/3259
f 3251/3661/3251 3181/3586/3181 3261/3673/3261
f 3251/3661/3251 3261/3673/3261 3260/3672/3260
f 3260/3672/3260 3261/3673/3261 3262/3674/3262
f 3260/3672/3260 3262/3674/3262 3263/3675/3263
f 3259/3671/3259 3260/3672/3260 3264/3676/3264
f 3260/3672/3260 3263/3675/3263 3264/3676/3264
f 3252/3668/3252 3259/3677/3259 3265/3678/3265
f 3252/3668/3252 3265/3678/3265 3257/3669/3257
f 3259/3671/3259 3264/3676/3264 3266/3679/3266
f 3259/3671/3259 3266/3679/3266 3265/3680/3265
f 3265/3678/3265 3266/3681/3266 3267/3682/3267
f 3265/3678/3265 3267/3682/3267 3268/3683/3268
f 3257/3669/3257 3265/3678/3265 3258/3670/3258
f 3265/3678/3265 3268/3683/3268 3258/3670/3258
f 639/707/639 3269/3684/3269 3270/3685/3270
f 639/707/639 3270/3685/3270 638/706/638
f 3269/3684/3269 3271/3686/3271 3270/3685/3270
f 3271/3686/3271 3272/3687/3272 3270/3685/3270
f 3270/3685/3270 3272/3687/3272 3273/3688/3273
f 3270/3685/3270 3273/3688/3273 3274/3689/3274
f 638/706/638 3270/3685/3270 3274/3689/3274
f 638/706/638 3274/3689/3274 625/693/625
f 639/3690/639 645/715/645 3275/3691/3275
f 639/3690/639 3275/3691/3275 3269/3692/3269
f 645/715/645 644/714/644 2572/2901/2572
f 645/715/645 2572/2901/2572 3275/3691/3275
f 3275/3691/3275 2572/2901/2572 3276/3693/3276
f 2572/2901/2572 2571/2900/2571 3276/3693/3276
f 3269/3692/3269 3275/3691/3275 3276/3693/3276
f 3269/3692/3269 3276/3693/3276 3271/3694/3271
f 644/714/644 643/713/643 2573/2902/2573
f 643/713/643 3277/3695/3277 2573/2902/2573
f 643/713/643 642/771/642 3277/3695/3277
f 642/771/642 687/769/687 3277/3695/3277
f 3277/3695/3277 687/769/687 3278/3696/3278
f 687/769/687 686/768/686 3278/3696/3278
f 2573/2902/2573 3277/3695/3277 2565/2894/2565
f 3277/3695/3277 3278/3696/3278 2565/2894/2565
f 686/768/686 693/777/693 3279/3697/3279
f 686/768/686 3279/3697/3279 3278/3696/3278
f 693/777/693 692/776/692 3279/3697/3279
f 692/776/692 3280/3698/3280 3279/3697/3279
f 3279/3697/3279 3280/3698/3280 2566/2895/2566
f 3280/3698/3280 2567/2896/2567 2566/2895/2566
f 3278/3696/3278 3279/3697/3279 2565/2894/2565
f 3279/3697/3279 2566/2895/2566 2565/2894/2565
f 690/3699/690 3281/3700/3281 691/3701/691
f 3281/3700/3281 3282/3702/3282 691/3701/691
f 3281/3700/3281 3283/3703/3283 3282/3702/3282
f 3283/3703/3283 3284/3704/3284 3282/3702/3282
f 3282/3702/3282 3284/3704/3284 3285/3705/3285
f 3284/3704/3284 3286/3706/3286 3285/3705/3285
f 691/775/691 3282/3707/3282 692/776/692
f 3282/3707/3282 3285/3708/3285 692/776/692
f 690/3699/690 697/782/697 3287/3709/3287
f 690/3699/690 3287/3709/3287 3281/3700/3281
f 697/782/697 696/781/696 3288/3710/3288
f 697/782/697 3288/3710/3288 3287/3709/3287
f 3287/3709/3287 3288/3710/3288 3289/3711/3289
f 3287/3709/3287 3289/3711/3289 3290/3712/3290
f 3281/3700/3281 3287/3709/3287 3290/3712/3290
f 3281/3700/3281 3290/3712/3290 3283/3703/3283
f 3160/3565/3160 3204/3609/3204 3161/3566/3161
f 3204/3609/3204 3291/3713/3291 3161/3566/3161
f 3204/3609/3204 3201/3606/3201 3291/3713/3291
f 3201/3606/3201 3292/3714/3292 3291/3713/3291
f 3291/3713/3291 3292/3714/3292 2632/2961/2632
f 3292/3714/3292 2627/2956/2627 2632/2961/2632
f 3161/3566/3161 3291/3713/3291 2633/2962/2633
f 3291/3713/3291 2632/2961/2632 2633/2962/2633
f 2627/2956/2627 3292/3714/3292 3293/3715/3293
f 2627/2956/2627 3293/3715/3293 2626/2955/2626
f 3292/3714/3292 3201/3606/3201 3199/3604/3199
f 3292/3714/3292 3199/3604/3199 3293/3715/3293
f 3293/3715/3293 3199/3604/3199 3191/3596/3191
f 3293/3715/3293 3191/3596/3191 3294/3716/3294
f 2626/2955/2626 3293/3715/3293 2617/2946/2617
f 3293/3715/3293 3294/3716/3294 2617/2946/2617
f 2349/2661/2349 2362/2659/2362 3295/3717/3295
f 2349/2661/2349 3295/3717/3295 2407/3718/2407
f 2362/2659/2362 2363/2660/2363 3296/3719/3296
f 2362/2659/2362 3296/3719/3296 3295/3717/3295
f 3295/3717/3295 3296/3719/3296 3297/3720/3297
f 3295/3717/3295 3297/3720/3297 3298/3721/3298
f 2407/3718/2407 3295/3717/3295 3298/3721/3298
f 2407/3718/2407 3298/3721/3298 1393/1550/1393
f 2823/3180/2823 3299/3722/3299 3300/3723/3300
f 2823/3180/2823 3300/3723/3300 2824/3181/2824
f 3299/3722/3299 3301/3724/3301 3302/3725/3302
f 3299/3722/3299 3302/3725/3302 3300/3723/3300
f 3300/3723/3300 3302/3725/3302 1321/1457/1321
f 3300/3723/3300 1321/1457/1321 1330/1466/1330
f 2824/3181/2824 3300/3723/3300 1329/1465/1329
f 3300/3723/3300 1330/1466/1330 1329/1465/1329
f 2823/3180/2823 2827/3184/2827 3299/3722/3299
f 2827/3184/2827 3303/3726/3303 3299/3722/3299
f 2827/3184/2827 2828/3185/2828 3303/3726/3303
f 2828/3185/2828 3304/3727/3304 3303/3726/3303
f 3303/3726/3303 3304/3727/3304 3305/3728/3305
f 3304/3727/3304 3306/3729/3306 3305/3728/3305
f 3299/3722/3299 3303/3726/3303 3301/3724/3301
f 3303/3726/3303 3305/3728/3305 3301/3724/3301
f 3301/3724/3301 3305/3728/3305 3307/3730/3307
f 3305/3728/3305 3308/3731/3308 3307/3730/3307
f 3305/3728/3305 3306/3729/3306 3308/3731/3308
f 3306/3729/3306 3309/3732/3309 3308/3731/3308
f 3308/3731/3308 3309/3732/3309 3310/3733/3310
f 3309/3732/3309 3311/3734/3311 3310/3733/3310
f 3307/3730/3307 3308/3731/3308 3312/3735/3312
f 3308/3731/3308 3310/3733/3310 3312/3735/3312
f 3301/3724/3301 3307/3730/3307 3313/3736/3313
f 3301/3724/3301 3313/3736/3313 3302/3725/3302
f 3307/3730/3307 3312/3735/3312 3314/3737/3314
f 3307/3730/3307 3314/3737/3314 3313/3736/3313
f 3313/3736/3313 3314/3737/3314 1324/1460/1324
f 3313/3736/3313 1324/1460/1324 1322/1458/1322
f 3302/3725/3302 3313/3736/3313 1322/1458/1322
f 3302/3725/3302 1322/1458/1322 1321/1457/1321
f 3312/3735/3312 3310/3733/3310 3315/3738/3315
f 3310/3733/3310 3316/3739/3316 3315/3738/3315
f 3310/3733/3310 3311/3734/3311 3316/3739/3316
f 3311/3734/3311 3317/3740/3317 3316/3739/3316
f 3316/3739/3316 3317/3740/3317 3318/3741/3318
f 3317/3740/3317 3319/3742/3319 3318/3741/3318
f 3315/3738/3315 3316/3739/3316 3320/3743/3320
f 3316/3739/3316 3318/3741/3318 3320/3743/3320
f 3312/3735/3312 3315/3738/3315 3321/3744/3321
f 3312/3735/3312 3321/3744/3321 3314/3737/3314
f 3315/3738/3315 3320/3743/3320 3322/3745/3322
f 3315/3738/3315 3322/3745/3322 3321/3744/3321
f 3321/3744/3321 3322/3745/3322 1365/1514/1365
f 3321/3744/3321 1365/1514/1365 1363/1512/1363
f 3314/3737/3314 3321/3744/3321 1363/1512/1363
f 3314/3737/3314 1363/1512/1363 1324/1460/1324
f 2648/2977/2648 3323/3746/3323 2654/2983/2654
f 3323/3746/3323 3324/3747/3324 2654/2983/2654
f 3323/3746/3323 3325/3748/3325 3326/3749/3326
f 3323/3746/3323 3326/3749/3326 3324/3747/3324
f 3324/3747/3324 3326/3749/3326 3327/3750/3327
f 3326/3749/3326 3328/3751/3328 3327/3750/3327
f 2654/2983/2654 3324/3747/3324 3327/3750/3327
f 2654/2983/2654 3327/3750/3327 2656/2985/2656
f 2648/2977/2648 2646/2975/2646 3323/3746/3323
f 2646/2975/2646 3329/3752/3329 3323/3746/3323
f 2646/2975/2646 1796/1985/1796 3329/3752/3329
f 1796/1985/1796 2099/2332/2099 3329/3752/3329
f 3329/3752/3329 2099/2332/2099 3330/3753/3330
f 2099/2332/2099 2100/2333/2100 3330/3753/3330
f 3323/3746/3323 3329/3752/3329 3325/3748/3325
f 3329/3752/3329 3330/3753/3330 3325/3748/3325
f 2656/2985/2656 3327/3750/3327 3331/3754/3331
f 2656/2985/2656 3331/3754/3331 2659/2988/2659
f 3327/3750/3327 3328/3751/3328 3332/3755/3332
f 3327/3750/3327 3332/3755/3332 3331/3754/3331
f 3331/3754/3331 3332/3755/3332 2819/3176/2819
f 3331/3754/3331 2819/3176/2819 2818/3175/2818
f 2659/2988/2659 3331/3754/3331 2818/3175/2818
f 2659/2988/2659 2818/3175/2818 2660/2989/2660
f 1783/1972/1783 1781/1970/1781 3333/3756/3333
f 1783/1972/1783 3333/3756/3333 2644/2973/2644
f 1781/1970/1781 1779/1968/1779 3144/3549/3144
f 1781/1970/1781 3144/3549/3144 3333/3756/3333
f 3333/3756/3333 3144/3549/3144 3137/3542/3137
f 3333/3756/3333 3137/3542/3137 3140/3545/3140
f 2644/2973/2644 3333/3756/3333 3140/3545/3140
f 2644/2973/2644 3140/3545/3140 1958/2184/1958
f 2684/3013/2684 3334/3757/3334 2685/3014/2685
f 3334/3757/3334 3335/3758/3335 2685/3014/2685
f 3334/3757/3334 3336/3759/3336 3337/3760/3337
f 3334/3757/3334 3337/3760/3337 3335/3758/3335
f 3335/3758/3335 3337/3760/3337 3338/3761/3338
f 3337/3760/3337 3339/3762/3339 3338/3761/3338
f 2685/3014/2685 3335/3758/3335 2676/3005/2676
f 3335/3758/3335 3338/3761/3338 2676/3005/2676
f 2684/3013/2684 2692/3022/2692 3340/3763/3340
f 2684/3013/2684 3340/3763/3340 3334/3757/3334
f 2692/3764/2692 1901/2110/1901 3340/3765/3340
f 1901/2110/1901 2409/2716/2409 3340/3765/3340
f 3340/3765/3340 2409/2716/2409 1396/1556/1396
f 3340/3765/3340 1396/1556/1396 3341/3766/3341
f 3334/3757/3334 3340/3763/3340 3336/3759/3336
f 3340/3763/3340 3341/3767/3341 3336/3759/3336
f 1393/1550/1393 3298/3721/3298 3342/3768/3342
f 1393/1550/1393 3342/3768/3342 1392/1549/1392
f 3298/3721/3298 3297/3720/3297 3343/3769/3343
f 3298/3721/3298 3343/3769/3343 3342/3768/3342
f 3342/3770/3342 3343/3771/3343 1387/1542/1387
f 3342/3770/3342 1387/1542/1387 1385/1540/1385
f 1392/1553/1392 3342/3770/3342 1385/1540/1385
f 1392/1553/1392 1385/1540/1385 1379/1539/1379
f 2363/2660/2363 2367/2665/2367 3296/3719/3296
f 2367/2665/2367 3344/3772/3344 3296/3719/3296
f 2367/2665/2367 2368/2666/2368 3344/3772/3344
f 2368/2666/2368 3345/3773/3345 3344/3772/3344
f 3344/3772/3344 3345/3773/3345 3346/3774/3346
f 3345/3773/3345 3347/3775/3347 3346/3774/3346
f 3296/3719/3296 3344/3772/3344 3346/3774/3346
f 3296/3719/3296 3346/3774/3346 3297/3720/3297
f 3297/3720/3297 3346/3774/3346 3348/3776/3348
f 3297/3720/3297 3348/3776/3348 3343/3769/3343
f 3346/3774/3346 3347/3775/3347 3348/3776/3348
f 3347/3775/3347 3349/3777/3349 3348/3776/3348
f 3348/3776/3348 3349/3777/3349 3350/3778/3350
f 3349/3777/3349 3351/3779/3351 3350/3778/3350
f 3343/3769/3343 3348/3776/3348 3350/3778/3350
f 3343/3769/3343 3350/3778/3350 1387/3780/1387
f 1387/1542/1387 3350/3781/3350 3352/3782/3352
f 1387/1542/1387 3352/3782/3352 1386/1541/1386
f 3350/3781/3350 3351/3783/3351 3352/3782/3352
f 3351/3783/3351 3353/3784/3353 3352/3782/3352
f 3352/3782/3352 3353/3784/3353 1371/1523/1371
f 3353/3784/3353 1372/1524/1372 1371/1523/1371
f 1386/1541/1386 3352/3782/3352 1371/1523/1371
f 1386/1541/1386 1371/1523/1371 1369/1520/1369
f 2368/2666/2368 2372/2671/2372 3345/3773/3345
f 2372/2671/2372 3354/3785/3354 3345/3773/3345
f 2372/2671/2372 2230/2672/2230 3354/3785/3354
f 2230/2672/2230 2239/3786/2239 3354/3785/3354
f 3354/3785/3354 2239/3786/2239 3355/3787/3355
f 2239/3786/2239 2240/3788/2240 3355/3787/3355
f 3345/3773/3345 3354/3785/3354 3347/3775/3347
f 3354/3785/3354 3355/3787/3355 3347/3775/3347
f 3347/3775/3347 3355/3787/3355 3356/3789/3356
f 3347/3775/3347 3356/3789/3356 3349/3777/3349
f 3355/3790/3355 2240/2506/2240 3357/3791/3357
f 3355/3790/3355 3357/3791/3357 3356/3792/3356
f 3356/3793/3356 3357/3794/3357 3358/3795/3358
f 3356/3793/3356 3358/3795/3358 3359/3796/3359
f 3349/3797/3349 3356/3793/3356 3351/3783/3351
f 3356/3793/3356 3359/3796/3359 3351/3783/3351
f 3351/3783/3351 3359/3796/3359 3353/3784/3353
f 3359/3796/3359 3360/3798/3360 3353/3784/3353
f 3359/3796/3359 3358/3795/3358 3361/3799/3361
f 3359/3796/3359 3361/3799/3361 3360/3798/3360
f 3360/3798/3360 3361/3799/3361 3362/3800/3362
f 3360/3798/3360 3362/3800/3362 3363/3801/3363
f 3353/3784/3353 3360/3798/3360 1372/1524/1372
f 3360/3798/3360 3363/3801/3363 1372/1524/1372
f 1372/1524/1372 3363/3801/3363 1373/1525/1373
f 3363/3801/3363 3364/3802/3364 1373/1525/1373
f 3363/3801/3363 3362/3800/3362 3364/3802/3364
f 3362/3800/3362 3365/3803/3365 3364/3802/3364
f 3364/3802/3364 3365/3803/3365 1355/1503/1355
f 3364/3802/3364 1355/1503/1355 1353/1501/1353
f 1373/1525/1373 3364/3802/3364 1353/1501/1353
f 1373/1525/1373 1353/1501/1353 1351/1494/1351
f 3366/3804/3366 3367/3805/3367 3368/3806/3368
f 3366/3804/3366 3368/3806/3368 3369/3807/3369
f 3367/3805/3367 3370/3808/3370 3371/3809/3371
f 3367/3805/3367 3371/3809/3371 3368/3806/3368
f 3368/3806/3368 3371/3809/3371 3319/3810/3319
f 3368/3806/3368 3319/3810/3319 3372/3811/3372
f 3369/3807/3369 3368/3806/3368 3372/3811/3372
f 3369/3807/3369 3372/3811/3372 1255/1386/1255
f 3366/3804/3366 3373/3812/3373 3367/3805/3367
f 3373/3812/3373 3374/3813/3374 3367/3805/3367
f 3373/3812/3373 3375/3814/3375 3374/3813/3374
f 3375/3814/3375 3376/3815/3376 3374/3813/3374
f 3374/3816/3374 3376/3817/3376 3377/3818/3377
f 3376/3817/3376 3378/3819/3378 3377/3818/3377
f 3367/3805/3367 3374/3813/3374 3370/3808/3370
f 3374/3813/3374 3377/3820/3377 3370/3808/3370
f 3366/3804/3366 3379/3821/3379 3373/3812/3373
f 3379/3821/3379 3380/3822/3380 3373/3812/3373
f 3379/3821/3379 3381/3823/3381 3380/3822/3380
f 3381/3823/3381 3382/3824/3382 3380/3822/3380
f 3380/3822/3380 3382/3824/3382 3383/3825/3383
f 3382/3824/3382 3384/3826/3384 3383/3825/3383
f 3373/3812/3373 3380/3822/3380 3375/3814/3375
f 3380/3822/3380 3383/3825/3383 3375/3814/3375
f 3366/3804/3366 3369/3807/3369 3385/3827/3385
f 3366/3804/3366 3385/3827/3385 3379/3821/3379
f 3369/3807/3369 1255/1386/1255 1254/1385/1254
f 3369/3807/3369 1254/1385/1254 3385/3827/3385
f 3385/3827/3385 1254/1385/1254 1253/1384/1253
f 3385/3827/3385 1253/1384/1253 3386/3828/3386
f 3379/3821/3379 3385/3827/3385 3386/3828/3386
f 3379/3821/3379 3386/3828/3386 3381/3823/3381
f 1255/1386/1255 3372/3811/3372 3387/3829/3387
f 1255/1386/1255 3387/3829/3387 1256/1387/1256
f 3372/3811/3372 3319/3810/3319 3317/3830/3317
f 3372/3811/3372 3317/3830/3317 3387/3829/3387
f 3387/3829/3387 3317/3830/3317 3388/3831/3388
f 3317/3830/3317 3311/3832/3311 3388/3831/3388
f 1256/1387/1256 3387/3829/3387 1257/1388/1257
f 3387/3829/3387 3388/3831/3388 1257/1388/1257
f 1257/1388/1257 3388/3831/3388 1271/1402/1271
f 3388/3831/3388 3389/3833/3389 1271/1402/1271
f 3388/3831/3388 3311/3832/3311 3389/3833/3389
f 3311/3832/3311 3309/3834/3309 3389/3833/3389
f 3389/3835/3389 3309/3732/3309 3390/3836/3390
f 3309/3732/3309 3306/3729/3306 3390/3836/3390
f 1271/1402/1271 3389/3833/3389 3390/3837/3390
f 1271/1402/1271 3390/3837/3390 1273/1404/1273
f 1273/1404/1273 3390/3837/3390 1276/1407/1276
f 3390/3837/3390 3391/3838/3391 1276/1407/1276
f 3390/3836/3390 3306/3729/3306 3304/3727/3304
f 3390/3836/3390 3304/3727/3304 3391/3839/3391
f 3391/3839/3391 3304/3727/3304 2828/3185/2828
f 3391/3839/3391 2828/3185/2828 3237/3646/3237
f 1276/1407/1276 3391/3838/3391 3237/3644/3237
f 1276/1407/1276 3237/3644/3237 1277/1408/1277
f 597/665/597 596/664/596 1297/1433/1297
f 596/664/596 3392/3840/3392 1297/1433/1297
f 596/664/596 585/653/585 3392/3840/3392
f 585/653/585 3393/3841/3393 3392/3840/3392
f 3392/3840/3392 3393/3841/3393 3394/3842/3394
f 3393/3841/3393 3395/3843/3395 3394/3842/3394
f 1297/1433/1297 3392/3840/3392 1298/1434/1298
f 3392/3840/3392 3394/3842/3394 1298/1434/1298
f 1298/1434/1298 3394/3842/3394 1302/1438/1302
f 3394/3842/3394 3396/3844/3396 1302/1438/1302
f 3394/3842/3394 3395/3843/3395 3396/3844/3396
f 3395/3843/3395 3397/3845/3397 3396/3844/3396
f 3396/3844/3396 3397/3845/3397 1463/1623/1463
f 3397/3845/3397 1465/1625/1465 1463/1623/1463
f 1302/1438/1302 3396/3844/3396 1463/1623/1463
f 1302/1438/1302 1463/1623/1463 1303/1439/1303
f 585/653/585 583/651/583 3393/3841/3393
f 583/651/583 3398/3846/3398 3393/3841/3393
f 583/651/583 584/652/584 3398/3846/3398
f 584/652/584 3399/3847/3399 3398/3846/3398
f 3398/3846/3398 3399/3847/3399 3400/3848/3400
f 3399/3847/3399 3401/3849/3401 3400/3848/3400
f 3393/3841/3393 3398/3846/3398 3395/3843/3395
f 3398/3846/3398 3400/3848/3400 3395/3843/3395
f 3395/3843/3395 3400/3848/3400 3397/3845/3397
f 3400/3848/3400 3402/3850/3402 3397/3845/3397
f 3400/3848/3400 3401/3849/3401 3402/3850/3402
f 3401/3849/3401 3403/3851/3403 3402/3850/3402
f 3402/3852/3402 3403/3853/3403 1473/3854/1473
f 3403/3853/3403 1475/3855/1475 1473/3854/1473
f 3397/3856/3397 3402/3852/3402 1465/3857/1465
f 3402/3852/3402 1473/3854/1473 1465/3857/1465
f 584/652/584 604/672/604 3399/3847/3399
f 604/672/604 3404/3858/3404 3399/3847/3399
f 604/672/604 603/671/603 3405/3859/3405
f 604/672/604 3405/3859/3405 3404/3858/3404
f 3404/3858/3404 3405/3859/3405 3406/3860/3406
f 3404/3858/3404 3406/3860/3406 3407/3861/3407
f 3399/3847/3399 3404/3858/3404 3401/3849/3401
f 3404/3858/3404 3407/3861/3407 3401/3849/3401
f 2996/3378/2996 3031/3418/3031 3408/3862/3408
f 2996/3378/2996 3408/3862/3408 2995/3377/2995
f 3031/3418/3031 3030/3417/3030 3409/3863/3409
f 3031/3418/3031 3409/3863/3409 3408/3862/3408
f 3408/3862/3408 3409/3863/3409 3410/3864/3410
f 3408/3862/3408 3410/3864/3410 3411/3865/3411
f 2995/3377/2995 3408/3862/3408 3411/3865/3411
f 2995/3377/2995 3411/3865/3411 2989/3371/2989
f 2989/3371/2989 3411/3865/3411 2990/3372/2990
f 3411/3865/3411 3412/3866/3412 2990/3372/2990
f 3411/3865/3411 3410/3864/3410 3412/3866/3412
f 3410/3864/3410 3413/3867/3413 3412/3866/3412
f 3412/3866/3412 3413/3867/3413 3414/3868/3414
f 3413/3867/3413 3415/3869/3415 3414/3868/3414
f 2990/3372/2990 3412/3866/3412 2992/3374/2992
f 3412/3866/3412 3414/3868/3414 2992/3374/2992
f 3026/3413/3026 3071/3460/3071 3416/3870/3416
f 3026/3413/3026 3416/3870/3416 3025/3412/3025
f 3071/3460/3071 3070/3459/3070 3417/3871/3417
f 3071/3460/3071 3417/3871/3417 3416/3870/3416
f 3416/3870/3416 3417/3871/3417 3418/3872/3418
f 3416/3870/3416 3418/3872/3418 3419/3873/3419
f 3025/3412/3025 3416/3870/3416 3419/3873/3419
f 3025/3412/3025 3419/3873/3419 3027/3414/3027
f 3027/3414/3027 3419/3873/3419 3420/3874/3420
f 3027/3414/3027 3420/3874/3420 3029/3416/3029
f 3419/3873/3419 3418/3872/3418 3421/3875/3421
f 3419/3873/3419 3421/3875/3421 3420/3874/3420
f 3420/3874/3420 3421/3875/3421 3422/3876/3422
f 3420/3874/3420 3422/3876/3422 3423/3877/3423
f 3029/3416/3029 3420/3874/3420 3423/3877/3423
f 3029/3416/3029 3423/3877/3423 3030/3417/3030
f 3030/3417/3030 3423/3877/3423 3424/3878/3424
f 3030/3417/3030 3424/3878/3424 3409/3863/3409
f 3423/3877/3423 3422/3876/3422 3424/3878/3424
f 3422/3876/3422 3425/3879/3425 3424/3878/3424
f 3424/3878/3424 3425/3879/3425 3426/3880/3426
f 3425/3879/3425 3427/3881/3427 3426/3880/3426
f 3409/3863/3409 3424/3878/3424 3426/3880/3426
f 3409/3863/3409 3426/3880/3426 3410/3864/3410
f 3065/3454/3065 3428/3882/3428 3429/3883/3429
f 3065/3454/3065 3429/3883/3429 3066/3455/3066
f 3428/3882/3428 3264/3676/3264 3263/3675/3263
f 3428/3882/3428 3263/3675/3263 3429/3883/3429
f 3429/3883/3429 3263/3675/3263 3430/3884/3430
f 3263/3675/3263 3262/3674/3262 3430/3884/3430
f 3066/3455/3066 3429/3883/3429 3430/3884/3430
f 3066/3455/3066 3430/3884/3430 3067/3456/3067
f 3065/3454/3065 3077/3469/3077 3431/3885/3431
f 3065/3454/3065 3431/3885/3431 3428/3882/3428
f 3077/3468/3077 3076/3467/3076 3431/3886/3431
f 3076/3467/3076 3432/3887/3432 3431/3886/3431
f 3431/3886/3431 3432/3887/3432 3267/3682/3267
f 3431/3886/3431 3267/3682/3267 3266/3681/3266
f 3428/3882/3428 3431/3885/3431 3264/3676/3264
f 3431/3885/3431 3266/3679/3266 3264/3676/3264
f 3067/3456/3067 3430/3884/3430 3069/3458/3069
f 3430/3884/3430 3433/3888/3433 3069/3458/3069
f 3430/3884/3430 3262/3674/3262 3433/3888/3433
f 3262/3674/3262 3434/3889/3434 3433/3888/3433
f 3433/3888/3433 3434/3889/3434 3435/3890/3435
f 3434/3889/3434 3436/3891/3436 3435/3890/3435
f 3069/3458/3069 3433/3888/3433 3070/3459/3070
f 3433/3888/3433 3435/3890/3435 3070/3459/3070
f 3070/3459/3070 3435/3890/3435 3417/3871/3417
f 3435/3890/3435 3437/3892/3437 3417/3871/3417
f 3435/3890/3435 3436/3891/3436 3437/3892/3437
f 3436/3891/3436 3438/3893/3438 3437/3892/3437
f 3437/3892/3437 3438/3893/3438 3439/3894/3439
f 3437/3892/3437 3439/3894/3439 3440/3895/3440
f 3417/3871/3417 3437/3892/3437 3418/3872/3418
f 3437/3892/3437 3440/3895/3440 3418/3872/3418
f 3418/3872/3418 3440/3895/3440 3421/3875/3421
f 3440/3895/3440 3441/3896/3441 3421/3875/3421
f 3440/3895/3440 3439/3894/3439 3442/3897/3442
f 3440/3895/3440 3442/3897/3442 3441/3896/3441
f 3441/3896/3441 3442/3897/3442 3443/3898/3443
f 3442/3897/3442 3444/3899/3444 3443/3898/3443
f 3421/3875/3421 3441/3896/3441 3422/3876/3422
f 3441/3896/3441 3443/3898/3443 3422/3876/3422
f 3262/3674/3262 3261/3673/3261 3434/3889/3434
f 3261/3673/3261 3445/3900/3445 3434/3889/3434
f 3261/3673/3261 3181/3586/3181 3445/3900/3445
f 3181/3586/3181 3179/3584/3179 3445/3900/3445
f 3445/3900/3445 3179/3584/3179 3446/3901/3446
f 3179/3584/3179 3173/3578/3173 3446/3901/3446
f 3434/3889/3434 3445/3900/3445 3436/3891/3436
f 3445/3900/3445 3446/3901/3446 3436/3891/3436
f 3436/3891/3436 3446/3901/3446 3447/3902/3447
f 3436/3891/3436 3447/3902/3447 3438/3893/3438
f 3446/3901/3446 3173/3578/3173 3171/3576/3171
f 3446/3901/3446 3171/3576/3171 3447/3902/3447
f 3447/3902/3447 3171/3576/3171 3172/3577/3172
f 3447/3902/3447 3172/3577/3172 3448/3903/3448
f 3438/3893/3438 3447/3902/3447 3448/3903/3448
f 3438/3893/3438 3448/3903/3448 3439/3894/3439
f 3227/3632/3227 3449/3904/3449 3228/3633/3228
f 3449/3904/3449 3450/3905/3450 3228/3633/3228
f 3449/3904/3449 3451/3906/3451 3450/3905/3450
f 3451/3906/3451 3452/3907/3452 3450/3905/3450
f 3450/3905/3450 3452/3907/3452 3453/3908/3453
f 3452/3907/3452 3454/3909/3454 3453/3908/3453
f 3228/3633/3228 3450/3905/3450 1262/1393/1262
f 3450/3905/3450 3453/3908/3453 1262/1393/1262
f 3227/3632/3227 3231/3636/3231 3449/3904/3449
f 3231/3636/3231 3455/3910/3455 3449/3904/3449
f 3231/3636/3231 3232/3637/3232 3455/3910/3455
f 3232/3637/3232 3456/3911/3456 3455/3910/3455
f 3455/3910/3455 3456/3911/3456 3457/3912/3457
f 3456/3911/3456 3458/3913/3458 3457/3912/3457
f 3449/3904/3449 3455/3910/3455 3457/3912/3457
f 3449/3904/3449 3457/3912/3457 3451/3906/3451
f 1262/1393/1262 3453/3908/3453 1263/1394/1263
f 3453/3908/3453 3459/3914/3459 1263/1394/1263
f 3453/3908/3453 3454/3909/3454 3459/3914/3459
f 3454/3909/3454 3460/3915/3460 3459/3914/3459
f 3459/3914/3459 3460/3915/3460 3381/3823/3381
f 3459/3914/3459 3381/3823/3381 3386/3828/3386
f 1263/1394/1263 3459/3914/3459 3386/3828/3386
f 1263/1394/1263 3386/3828/3386 1253/1384/1253
f 3451/3906/3451 3461/3916/3461 3452/3907/3452
f 3461/3916/3461 3462/3917/3462 3452/3907/3452
f 3461/3916/3461 3463/3918/3463 3462/3917/3462
f 3463/3918/3463 3464/3919/3464 3462/3917/3462
f 3462/3917/3462 3464/3919/3464 3465/3920/3465
f 3464/3919/3464 3466/3921/3466 3465/3920/3465
f 3452/3907/3452 3462/3917/3462 3454/3909/3454
f 3462/3917/3462 3465/3920/3465 3454/3909/3454
f 3451/3906/3451 3457/3912/3457 3467/3922/3467
f 3451/3906/3451 3467/3922/3467 3461/3916/3461
f 3457/3912/3457 3458/3913/3458 3467/3922/3467
f 3458/3913/3458 3468/3923/3468 3467/3922/3467
f 3467/3924/3467 3468/3925/3468 2985/3364/2985
f 3467/3924/3467 2985/3364/2985 3469/3926/3469
f 3461/3927/3461 3467/3924/3467 3469/3926/3469
f 3461/3927/3461 3469/3926/3469 3463/3928/3463
f 3454/3909/3454 3465/3920/3465 3460/3915/3460
f 3465/3920/3465 3470/3929/3470 3460/3915/3460
f 3465/3920/3465 3466/3921/3466 3470/3929/3470
f 3466/3921/3466 3471/3930/3471 3470/3929/3470
f 3470/3929/3470 3471/3930/3471 3382/3824/3382
f 3471/3930/3471 3384/3826/3384 3382/3824/3382
f 3460/3915/3460 3470/3929/3470 3382/3824/3382
f 3460/3915/3460 3382/3824/3382 3381/3823/3381
f 2992/3374/2992 3414/3868/3414 3472/3931/3472
f 2992/3374/2992 3472/3931/3472 3473/3932/3473
f 3414/3868/3414 3415/3869/3415 3472/3931/3472
f 3415/3869/3415 3474/3933/3474 3472/3931/3472
f 3472/3931/3472 3474/3933/3474 3475/3934/3475
f 3474/3933/3474 3476/3935/3476 3475/3934/3475
f 3473/3932/3473 3472/3931/3472 3477/3936/3477
f 3472/3931/3472 3475/3934/3475 3477/3936/3477
f 2992/3374/2992 3473/3932/3473 2991/3373/2991
f 3473/3932/3473 3478/3937/3478 2991/3373/2991
f 3473/3932/3473 3477/3936/3477 3478/3937/3478
f 3477/3936/3477 3479/3938/3479 3478/3937/3478
f 3478/3937/3478 3479/3938/3479 3463/3928/3463
f 3478/3937/3478 3463/3928/3463 3469/3926/3469
f 2991/3373/2991 3478/3937/3478 2985/3364/2985
f 3478/3937/3478 3469/3926/3469 2985/3364/2985
f 3410/3864/3410 3426/3880/3426 3480/3939/3480
f 3410/3864/3410 3480/3939/3480 3413/3867/3413
f 3426/3880/3426 3427/3881/3427 3481/3940/3481
f 3426/3880/3426 3481/3940/3481 3480/3939/3480
f 3480/3939/3480 3481/3940/3481 3482/3941/3482
f 3480/3939/3480 3482/3941/3482 3483/3942/3483
f 3413/3867/3413 3480/3939/3480 3483/3942/3483
f 3413/3867/3413 3483/3942/3483 3415/3869/3415
f 3415/3869/3415 3483/3942/3483 3474/3933/3474
f 3483/3942/3483 3484/3943/3484 3474/3933/3474
f 3483/3942/3483 3482/3941/3482 3484/3943/3484
f 3482/3941/3482 3485/3944/3485 3484/3943/3484
f 3484/3943/3484 3485/3944/3485 3486/3945/3486
f 3484/3943/3484 3486/3945/3486 3487/3946/3487
f 3474/3933/3474 3484/3943/3484 3476/3935/3476
f 3484/3943/3484 3487/3946/3487 3476/3935/3476
f 3422/3876/3422 3443/3898/3443 3425/3879/3425
f 3443/3898/3443 3488/3947/3488 3425/3879/3425
f 3443/3898/3443 3444/3899/3444 3488/3947/3488
f 3444/3899/3444 3489/3948/3489 3488/3947/3488
f 3488/3947/3488 3489/3948/3489 3490/3949/3490
f 3489/3948/3489 3491/3950/3491 3490/3949/3490
f 3425/3879/3425 3488/3947/3488 3427/3881/3427
f 3488/3947/3488 3490/3949/3490 3427/3881/3427
f 3427/3881/3427 3490/3949/3490 3481/3940/3481
f 3490/3949/3490 3492/3951/3492 3481/3940/3481
f 3490/3949/3490 3491/3950/3491 3492/3951/3492
f 3491/3950/3491 3493/3952/3493 3492/3951/3492
f 3492/3951/3492 3493/3952/3493 3494/3953/3494
f 3493/3952/3493 3495/3954/3495 3494/3953/3494
f 3481/3940/3481 3492/3951/3492 3494/3953/3494
f 3481/3940/3481 3494/3953/3494 3482/3941/3482
f 3482/3941/3482 3494/3953/3494 3485/3944/3485
f 3494/3953/3494 3496/3955/3496 3485/3944/3485
f 3494/3953/3494 3495/3954/3495 3496/3955/3496
f 3495/3954/3495 3497/3956/3497 3496/3955/3496
f 3496/3955/3496 3497/3956/3497 3498/3957/3498
f 3497/3956/3497 2679/3008/2679 3498/3957/3498
f 3485/3944/3485 3496/3955/3496 3486/3945/3486
f 3496/3955/3496 3498/3957/3498 3486/3945/3486
f 3439/3894/3439 3448/3903/3448 3499/3958/3499
f 3439/3894/3439 3499/3958/3499 3442/3897/3442
f 3448/3903/3448 3172/3577/3172 3186/3591/3186
f 3448/3903/3448 3186/3591/3186 3499/3958/3499
f 3499/3958/3499 3186/3591/3186 3187/3592/3187
f 3499/3958/3499 3187/3592/3187 3500/3959/3500
f 3442/3897/3442 3499/3958/3499 3500/3959/3500
f 3442/3897/3442 3500/3959/3500 3444/3899/3444
f 3444/3899/3444 3500/3959/3500 3501/3960/3501
f 3444/3899/3444 3501/3960/3501 3489/3948/3489
f 3500/3959/3500 3187/3592/3187 3197/3602/3197
f 3500/3959/3500 3197/3602/3197 3501/3960/3501
f 3501/3960/3501 3197/3602/3197 3502/3961/3502
f 3197/3602/3197 3196/3601/3196 3502/3961/3502
f 3489/3948/3489 3501/3960/3501 3491/3950/3491
f 3501/3960/3501 3502/3961/3502 3491/3950/3491
f 3491/3950/3491 3502/3961/3502 3493/3952/3493
f 3502/3961/3502 3503/3962/3503 3493/3952/3493
f 3502/3961/3502 3196/3601/3196 3503/3962/3503
f 3196/3601/3196 3208/3613/3208 3503/3962/3503
f 3503/3962/3503 3208/3613/3208 3504/3963/3504
f 3208/3613/3208 3207/3612/3207 3504/3963/3504
f 3493/3952/3493 3503/3962/3503 3495/3954/3495
f 3503/3962/3503 3504/3963/3504 3495/3954/3495
f 3495/3954/3495 3504/3963/3504 3497/3956/3497
f 3504/3963/3504 3505/3964/3505 3497/3956/3497
f 3504/3963/3504 3207/3612/3207 3505/3964/3505
f 3207/3612/3207 3506/3965/3506 3505/3964/3505
f 3505/3964/3505 3506/3965/3506 2678/3007/2678
f 3506/3965/3506 2669/2998/2669 2678/3007/2678
f 3497/3956/3497 3505/3964/3505 2679/3008/2679
f 3505/3964/3505 2678/3007/2678 2679/3008/2679
f 3207/3612/3207 3206/3611/3206 3506/3965/3506
f 3206/3611/3206 3507/3966/3507 3506/3965/3506
f 3206/3611/3206 3165/3570/3165 3507/3966/3507
f 3165/3570/3165 3163/3568/3163 3507/3966/3507
f 3507/3966/3507 3163/3568/3163 2670/2999/2670
f 3163/3568/3163 2671/3000/2671 2670/2999/2670
f 3506/3965/3506 3507/3966/3507 2669/2998/2669
f 3507/3966/3507 2670/2999/2670 2669/2998/2669
f 3319/3742/3319 3371/3967/3371 3318/3741/3318
f 3371/3967/3371 3508/3968/3508 3318/3741/3318
f 3371/3809/3371 3370/3808/3370 3508/3969/3508
f 3370/3808/3370 3509/3970/3509 3508/3969/3508
f 3508/3968/3508 3509/3971/3509 3510/3972/3510
f 3509/3971/3509 3511/3973/3511 3510/3972/3510
f 3318/3741/3318 3508/3968/3508 3510/3972/3510
f 3318/3741/3318 3510/3972/3510 3320/3743/3320
f 3320/3743/3320 3510/3972/3510 3512/3974/3512
f 3320/3743/3320 3512/3974/3512 3322/3745/3322
f 3510/3972/3510 3511/3973/3511 3512/3974/3512
f 3511/3973/3511 3513/3975/3513 3512/3974/3512
f 3512/3974/3512 3513/3975/3513 1381/1533/1381
f 3513/3975/3513 1382/1534/1382 1381/1533/1381
f 3322/3745/3322 3512/3974/3512 1381/1533/1381
f 3322/3745/3322 1381/1533/1381 1365/1514/1365
f 3370/3808/3370 3377/3820/3377 3509/3970/3509
f 3377/3820/3377 3514/3976/3514 3509/3970/3509
f 3377/3818/3377 3378/3819/3378 3514/3977/3514
f 3378/3819/3378 3515/3978/3515 3514/3977/3514
f 3514/3977/3514 3515/3978/3515 3516/3979/3516
f 3515/3978/3515 3517/3980/3517 3516/3979/3516
f 3509/3971/3509 3514/3981/3514 3511/3973/3511
f 3514/3981/3514 3516/3982/3516 3511/3973/3511
f 3511/3973/3511 3516/3982/3516 3518/3983/3518
f 3511/3973/3511 3518/3983/3518 3513/3975/3513
f 3516/3979/3516 3517/3980/3517 3519/3984/3519
f 3516/3979/3516 3519/3984/3519 3518/3985/3518
f 3518/3983/3518 3519/3986/3519 1396/1556/1396
f 3518/3983/3518 1396/1556/1396 1395/1555/1395
f 3513/3975/3513 3518/3983/3518 1382/1534/1382
f 3518/3983/3518 1395/1555/1395 1382/1534/1382
f 3520/3987/3520 3521/3988/3521 3522/3989/3522
f 3521/3988/3521 3523/3990/3523 3522/3989/3522
f 3521/3988/3521 3524/3991/3524 3523/3990/3523
f 3524/3991/3524 3525/3992/3525 3523/3990/3523
f 3523/3990/3523 3525/3992/3525 3526/3993/3526
f 3525/3992/3525 3527/3994/3527 3526/3993/3526
f 3522/3989/3522 3523/3990/3523 3528/3995/3528
f 3523/3990/3523 3526/3993/3526 3528/3995/3528
f 3520/3987/3520 3529/3996/3529 3530/3997/3530
f 3520/3987/3520 3530/3997/3530 3521/3988/3521
f 3529/3996/3529 3477/3936/3477 3475/3934/3475
f 3529/3996/3529 3475/3934/3475 3530/3997/3530
f 3530/3997/3530 3475/3934/3475 3476/3935/3476
f 3530/3997/3530 3476/3935/3476 3531/3998/3531
f 3521/3988/3521 3530/3997/3530 3531/3998/3531
f 3521/3988/3521 3531/3998/3531 3524/3991/3524
f 3520/3987/3520 3532/3999/3532 3529/3996/3529
f 3532/3999/3532 3533/4000/3533 3529/3996/3529
f 3532/3999/3532 3466/4001/3466 3533/4000/3533
f 3466/4001/3466 3464/4002/3464 3533/4000/3533
f 3533/4000/3533 3464/4002/3464 3479/3938/3479
f 3464/4002/3464 3463/3928/3463 3479/3938/3479
f 3529/3996/3529 3533/4000/3533 3477/3936/3477
f 3533/4000/3533 3479/3938/3479 3477/3936/3477
f 3520/3987/3520 3522/3989/3522 3534/4003/3534
f 3520/3987/3520 3534/4003/3534 3532/3999/3532
f 3522/3989/3522 3528/3995/3528 3535/4004/3535
f 3522/3989/3522 3535/4004/3535 3534/4003/3534
f 3534/4003/3534 3535/4004/3535 3384/4005/3384
f 3534/4003/3534 3384/4005/3384 3471/4006/3471
f 3532/3999/3532 3534/4003/3534 3471/4006/3471
f 3532/3999/3532 3471/4006/3471 3466/4001/3466
f 3528/3995/3528 3526/3993/3526 3536/4007/3536
f 3526/3993/3526 3537/4008/3537 3536/4007/3536
f 3526/3993/3526 3527/3994/3527 3538/4009/3538
f 3526/3993/3526 3538/4009/3538 3537/4008/3537
f 3537/4008/3537 3538/4009/3538 3517/3980/3517
f 3537/4008/3537 3517/3980/3517 3515/3978/3515
f 3536/4007/3536 3537/4008/3537 3378/3819/3378
f 3537/4008/3537 3515/3978/3515 3378/3819/3378
f 3528/3995/3528 3536/4007/3536 3539/4010/3539
f 3528/3995/3528 3539/4010/3539 3535/4004/3535
f 3536/4007/3536 3378/3819/3378 3376/3817/3376
f 3536/4007/3536 3376/3817/3376 3539/4010/3539
f 3539/4010/3539 3376/3817/3376 3375/4011/3375
f 3539/4010/3539 3375/4011/3375 3383/4012/3383
f 3535/4004/3535 3539/4010/3539 3383/4012/3383
f 3535/4004/3535 3383/4012/3383 3384/4005/3384
f 3527/3994/3527 3525/3992/3525 3540/4013/3540
f 3525/3992/3525 3541/4014/3541 3540/4013/3540
f 3525/3992/3525 3524/3991/3524 3541/4014/3541
f 3524/3991/3524 3542/4015/3542 3541/4014/3541
f 3541/4014/3541 3542/4015/3542 3337/3760/3337
f 3542/4015/3542 3339/3762/3339 3337/3760/3337
f 3540/4013/3540 3541/4014/3541 3336/3759/3336
f 3541/4014/3541 3337/3760/3337 3336/3759/3336
f 3527/3994/3527 3540/4013/3540 3543/4016/3543
f 3527/3994/3527 3543/4016/3543 3538/4009/3538
f 3540/4013/3540 3336/3759/3336 3341/3767/3341
f 3540/4013/3540 3341/3767/3341 3543/4016/3543
f 3543/4016/3543 3341/3767/3341 1396/4017/1396
f 3543/4016/3543 1396/4017/1396 3519/3984/3519
f 3538/4009/3538 3543/4016/3543 3519/3984/3519
f 3538/4009/3538 3519/3984/3519 3517/3980/3517
f 942/1046/942 952/1057/952 3544/4018/3544
f 942/1046/942 3544/4018/3544 3545/4019/3545
f 952/1057/952 951/1056/951 3546/4020/3546
f 952/1057/952 3546/4020/3546 3544/4018/3544
f 3544/4018/3544 3546/4020/3546 3547/4021/3547
f 3544/4018/3544 3547/4021/3547 3548/4022/3548
f 3545/4019/3545 3544/4018/3544 3548/4022/3548
f 3545/4019/3545 3548/4022/3548 3549/4023/3549
f 942/1046/942 3545/4019/3545 3550/4024/3550
f 942/1046/942 3550/4024/3550 941/1045/941
f 3545/4019/3545 3549/4023/3549 3550/4024/3550
f 3549/4023/3549 3551/4025/3551 3550/4024/3550
f 3550/4024/3550 3551/4025/3551 817/906/817
f 3550/4024/3550 817/906/817 816/907/816
f 941/1045/941 3550/4024/3550 815/1047/815
f 3550/4024/3550 816/907/816 815/1047/815
f 3549/4023/3549 3548/4022/3548 3552/4026/3552
f 3549/4023/3549 3552/4026/3552 3553/4027/3553
f 3548/4022/3548 3547/4021/3547 3554/4028/3554
f 3548/4022/3548 3554/4028/3554 3552/4026/3552
f 3552/4026/3552 3554/4028/3554 3555/4029/3555
f 3552/4026/3552 3555/4029/3555 3556/4030/3556
f 3553/4027/3553 3552/4026/3552 3556/4030/3556
f 3553/4027/3553 3556/4030/3556 3557/4031/3557
f 3549/4023/3549 3553/4027/3553 3551/4025/3551
f 3553/4027/3553 3558/4032/3558 3551/4025/3551
f 3553/4027/3553 3557/4031/3557 3558/4032/3558
f 3557/4031/3557 3559/4033/3559 3558/4032/3558
f 3558/4032/3558 3559/4033/3559 3223/3628/3223
f 3559/4033/3559 3217/3622/3217 3223/3628/3223
f 3551/4025/3551 3558/4032/3558 817/906/817
f 3558/4032/3558 3223/3628/3223 817/906/817
f 951/1056/951 950/1055/950 3560/4034/3560
f 950/1055/950 3561/4035/3561 3560/4034/3560
f 950/1055/950 949/1054/949 3561/4035/3561
f 949/1054/949 3562/4036/3562 3561/4035/3561
f 3561/4035/3561 3562/4036/3562 3563/4037/3563
f 3562/4036/3562 3564/4038/3564 3563/4037/3563
f 3560/4034/3560 3561/4035/3561 3565/4039/3565
f 3561/4035/3561 3563/4037/3563 3565/4039/3565
f 951/1056/951 3560/4034/3560 3566/4040/3566
f 951/1056/951 3566/4040/3566 3546/4020/3546
f 3560/4034/3560 3565/4039/3565 3567/4041/3567
f 3560/4034/3560 3567/4041/3567 3566/4040/3566
f 3566/4040/3566 3567/4041/3567 3568/4042/3568
f 3566/4040/3566 3568/4042/3568 3569/4043/3569
f 3546/4020/3546 3566/4040/3566 3569/4043/3569
f 3546/4020/3546 3569/4043/3569 3547/4021/3547
f 3547/4021/3547 3569/4043/3569 3570/4044/3570
f 3547/4021/3547 3570/4044/3570 3554/4028/3554
f 3569/4043/3569 3568/4042/3568 3571/4045/3571
f 3569/4043/3569 3571/4045/3571 3570/4044/3570
f 3570/4044/3570 3571/4045/3571 3572/4046/3572
f 3570/4044/3570 3572/4046/3572 3573/4047/3573
f 3554/4028/3554 3570/4044/3570 3573/4047/3573
f 3554/4028/3554 3573/4047/3573 3555/4029/3555
f 3555/4029/3555 3574/4048/3574 3556/4030/3556
f 3574/4048/3574 3575/4049/3575 3556/4030/3556
f 3574/4048/3574 3576/4050/3576 3577/4051/3577
f 3574/4048/3574 3577/4051/3577 3575/4049/3575
f 3575/4049/3575 3577/4051/3577 3578/4052/3578
f 3575/4049/3575 3578/4052/3578 3579/4053/3579
f 3556/4030/3556 3575/4049/3575 3557/4031/3557
f 3575/4049/3575 3579/4053/3579 3557/4031/3557
f 3555/4029/3555 3573/4047/3573 3580/4054/3580
f 3555/4029/3555 3580/4054/3580 3574/4048/3574
f 3573/4047/3573 3572/4046/3572 3581/4055/3581
f 3573/4047/3573 3581/4055/3581 3580/4054/3580
f 3580/4054/3580 3581/4055/3581 3582/4056/3582
f 3580/4054/3580 3582/4056/3582 3583/4057/3583
f 3574/4048/3574 3580/4054/3580 3583/4057/3583
f 3574/4048/3574 3583/4057/3583 3576/4050/3576
f 3578/4052/3578 3577/4051/3577 3584/4058/3584
f 3577/4051/3577 3585/4059/3585 3584/4058/3584
f 3577/4051/3577 3576/4050/3576 3585/4059/3585
f 3576/4050/3576 3586/4060/3586 3585/4059/3585
f 3585/4059/3585 3586/4060/3586 3587/4061/3587
f 3586/4060/3586 2551/2880/2551 3587/4061/3587
f 3584/4058/3584 3585/4059/3585 3588/4062/3588
f 3585/4059/3585 3587/4061/3587 3588/4062/3588
f 3578/4052/3578 3589/4063/3589 3590/4064/3590
f 3578/4052/3578 3590/4064/3590 3579/4053/3579
f 3589/4063/3589 3219/3624/3219 3218/3623/3218
f 3589/4063/3589 3218/3623/3218 3590/4064/3590
f 3590/4064/3590 3218/3623/3218 3217/3622/3217
f 3590/4064/3590 3217/3622/3217 3559/4033/3559
f 3579/4053/3579 3590/4064/3590 3559/4033/3559
f 3579/4053/3579 3559/4033/3559 3557/4031/3557
f 3578/4052/3578 3584/4058/3584 3591/4065/3591
f 3578/4052/3578 3591/4065/3591 3589/4063/3589
f 3584/4058/3584 3588/4062/3588 3592/4066/3592
f 3584/4058/3584 3592/4066/3592 3591/4065/3591
f 3591/4065/3591 3592/4066/3592 3232/3637/3232
f 3591/4065/3591 3232/3637/3232 3230/3635/3230
f 3589/4063/3589 3591/4065/3591 3230/3635/3230
f 3589/4063/3589 3230/3635/3230 3219/3624/3219
f 3588/4062/3588 3593/4067/3593 3594/4068/3594
f 3588/4062/3588 3594/4068/3594 3592/4066/3592
f 3593/4067/3593 3595/4069/3595 3596/4070/3596
f 3593/4067/3593 3596/4070/3596 3594/4068/3594
f 3594/4068/3594 3596/4070/3596 3458/3913/3458
f 3594/4068/3594 3458/3913/3458 3456/3911/3456
f 3592/4066/3592 3594/4068/3594 3456/3911/3456
f 3592/4066/3592 3456/3911/3456 3232/3637/3232
f 3588/4062/3588 3587/4061/3587 3593/4067/3593
f 3587/4061/3587 3597/4071/3597 3593/4067/3593
f 3587/4061/3587 2551/2880/2551 3597/4071/3597
f 2551/2880/2551 2549/2878/2549 3597/4071/3597
f 3597/4071/3597 2549/2878/2549 3598/4072/3598
f 2549/2878/2549 2548/2877/2548 3598/4072/3598
f 3593/4067/3593 3597/4071/3597 3595/4069/3595
f 3597/4071/3597 3598/4072/3598 3595/4069/3595
f 2548/2877/2548 2553/2882/2553 3599/4073/3599
f 2548/2877/2548 3599/4073/3599 3598/4072/3598
f 2553/2882/2553 212/258/212 221/267/221
f 2553/2882/2553 221/267/221 3599/4073/3599
f 3599/4073/3599 221/267/221 220/266/220
f 3599/4073/3599 220/266/220 3600/4074/3600
f 3598/4072/3598 3599/4073/3599 3600/4074/3600
f 3598/4072/3598 3600/4074/3600 3595/4069/3595
f 3595/4069/3595 3600/4074/3600 3601/4075/3601
f 3595/4069/3595 3601/4075/3601 3596/4070/3596
f 3600/4074/3600 220/266/220 2986/3367/2986
f 3600/4074/3600 2986/3367/2986 3601/4075/3601
f 3601/4076/3601 2986/3365/2986 2985/3364/2985
f 3601/4076/3601 2985/3364/2985 3468/3925/3468
f 3596/4070/3596 3601/4075/3601 3468/3923/3468
f 3596/4070/3596 3468/3923/3468 3458/3913/3458
f 2529/2858/2529 2807/3164/2807 2528/2857/2528
f 2807/3164/2807 3602/4077/3602 2528/2857/2528
f 2807/3164/2807 2806/3163/2806 3602/4077/3602
f 2806/3163/2806 3603/4078/3603 3602/4077/3602
f 3602/4077/3602 3603/4078/3603 3604/4079/3604
f 3603/4078/3603 3605/4080/3605 3604/4079/3604
f 2528/2857/2528 3602/4077/3602 2530/2859/2530
f 3602/4077/3602 3604/4079/3604 2530/2859/2530
f 2530/2859/2530 3604/4079/3604 2544/2873/2544
f 3604/4079/3604 3606/4081/3606 2544/2873/2544
f 3604/4079/3604 3605/4080/3605 3606/4081/3606
f 3605/4080/3605 3607/4082/3607 3606/4081/3606
f 3606/4081/3606 3607/4082/3607 3608/4083/3608
f 3607/4082/3607 2717/3047/2717 3608/4083/3608
f 2544/2873/2544 3606/4081/3606 214/260/214
f 3606/4081/3606 3608/4083/3608 214/260/214
f 2567/2896/2567 3280/3698/3280 3609/4084/3609
f 2567/2896/2567 3609/4084/3609 2805/3160/2805
f 3280/3698/3280 692/776/692 3285/3708/3285
f 3280/3698/3280 3285/3708/3285 3609/4084/3609
f 3609/4085/3609 3285/3705/3285 3286/3706/3286
f 3609/4085/3609 3286/3706/3286 3610/4086/3610
f 2805/3162/2805 3609/4085/3609 3610/4086/3610
f 2805/3162/2805 3610/4086/3610 2806/3163/2806
f 2806/3163/2806 3610/4086/3610 3611/4087/3611
f 2806/3163/2806 3611/4087/3611 3603/4078/3603
f 3610/4086/3610 3286/3706/3286 3612/4088/3612
f 3610/4086/3610 3612/4088/3612 3611/4087/3611
f 3611/4087/3611 3612/4088/3612 2713/3043/2713
f 3611/4087/3611 2713/3043/2713 3613/4089/3613
f 3603/4078/3603 3611/4087/3611 3605/4080/3605
f 3611/4087/3611 3613/4089/3613 3605/4080/3605
f 3605/4080/3605 3613/4089/3613 3614/4090/3614
f 3605/4080/3605 3614/4090/3614 3607/4082/3607
f 3613/4089/3613 2713/3043/2713 2711/3041/2711
f 3613/4089/3613 2711/3041/2711 3614/4090/3614
f 3614/4090/3614 2711/3041/2711 2710/3040/2710
f 3614/4090/3614 2710/3040/2710 2716/3046/2716
f 3607/4082/3607 3614/4090/3614 2716/3046/2716
f 3607/4082/3607 2716/3046/2716 2717/3047/2717
f 3615/4091/3615 3616/4092/3616 3617/4093/3617
f 3616/4092/3616 3618/4094/3618 3617/4093/3617
f 3616/4092/3616 3619/4095/3619 3618/4094/3618
f 3619/4095/3619 3620/4096/3620 3618/4094/3618
f 3618/4094/3618 3620/4096/3620 3621/4097/3621
f 3618/4094/3618 3621/4097/3621 3622/4098/3622
f 3617/4093/3617 3618/4094/3618 3622/4098/3622
f 3617/4093/3617 3622/4098/3622 3623/4099/3623
f 3615/4091/3615 3624/4100/3624 3625/4101/3625
f 3615/4091/3615 3625/4101/3625 3616/4092/3616
f 3624/4100/3624 3626/4102/3626 3627/4103/3627
f 3624/4100/3624 3627/4103/3627 3625/4101/3625
f 3625/4101/3625 3627/4103/3627 3628/4104/3628
f 3625/4101/3625 3628/4104/3628 3629/4105/3629
f 3616/4092/3616 3625/4101/3625 3629/4105/3629
f 3616/4092/3616 3629/4105/3629 3619/4095/3619
f 3615/4091/3615 3630/4106/3630 3624/4100/3624
f 3630/4106/3630 3631/4107/3631 3624/4100/3624
f 3630/4106/3630 3632/4108/3632 3631/4107/3631
f 3632/4108/3632 3633/4109/3633 3631/4107/3631
f 3631/4107/3631 3633/4109/3633 3634/4110/3634
f 3633/4109/3633 3635/4111/3635 3634/4110/3634
f 3624/4100/3624 3631/4107/3631 3626/4102/3626
f 3631/4107/3631 3634/4110/3634 3626/4102/3626
f 3615/4091/3615 3617/4093/3617 3630/4106/3630
f 3617/4093/3617 3636/4112/3636 3630/4106/3630
f 3617/4093/3617 3623/4099/3623 3636/4112/3636
f 3623/4099/3623 3637/4113/3637 3636/4112/3636
f 3636/4112/3636 3637/4113/3637 3638/4114/3638
f 3637/4113/3637 3639/4115/3639 3638/4114/3638
f 3630/4106/3630 3636/4112/3636 3632/4108/3632
f 3636/4112/3636 3638/4114/3638 3632/4108/3632
f 3619/4095/3619 3640/4116/3640 3641/4117/3641
f 3619/4095/3619 3641/4117/3641 3620/4096/3620
f 3640/4116/3640 1697/1882/1697 1695/1880/1695
f 3640/4116/3640 1695/1880/1695 3641/4117/3641
f 3641/4117/3641 1695/1880/1695 3642/4118/3642
f 1695/1880/1695 1694/1879/1694 3642/4118/3642
f 3620/4096/3620 3641/4117/3641 3621/4097/3621
f 3641/4117/3641 3642/4118/3642 3621/4097/3621
f 3619/4095/3619 3629/4105/3629 3640/4116/3640
f 3629/4105/3629 3643/4119/3643 3640/4116/3640
f 3629/4105/3629 3628/4104/3628 3643/4119/3643
f 3628/4104/3628 3644/4120/3644 3643/4119/3643
f 3643/4119/3643 3644/4120/3644 3645/4121/3645
f 3644/4120/3644 2152/2395/2152 3645/4121/3645
f 3640/4116/3640 3643/4119/3643 1697/1882/1697
f 3643/4119/3643 3645/4121/3645 1697/1882/1697
f 3639/4115/3639 3646/4122/3646 3638/4114/3638
f 3646/4122/3646 3647/4123/3647 3638/4114/3638
f 3646/4122/3646 3648/4124/3648 3647/4123/3647
f 3648/4124/3648 3649/4125/3649 3647/4123/3647
f 3647/4123/3647 3649/4125/3649 3633/4109/3633
f 3649/4125/3649 3635/4111/3635 3633/4109/3633
f 3638/4114/3638 3647/4123/3647 3632/4108/3632
f 3647/4123/3647 3633/4109/3633 3632/4108/3632
f 3639/4115/3639 3650/4126/3650 3651/4127/3651
f 3639/4115/3639 3651/4127/3651 3646/4122/3646
f 3650/4126/3650 3652/4128/3652 3653/4129/3653
f 3650/4126/3650 3653/4129/3653 3651/4127/3651
f 3651/4127/3651 3653/4129/3653 3654/4130/3654
f 3653/4129/3653 3655/4131/3655 3654/4130/3654
f 3646/4122/3646 3651/4127/3651 3654/4130/3654
f 3646/4122/3646 3654/4130/3654 3648/4124/3648
f 3639/4115/3639 3637/4113/3637 3650/4126/3650
f 3637/4113/3637 3656/4132/3656 3650/4126/3650
f 3637/4113/3637 3623/4099/3623 3657/4133/3657
f 3637/4113/3637 3657/4133/3657 3656/4132/3656
f 3656/4132/3656 3657/4133/3657 3658/4134/3658
f 3656/4132/3656 3658/4134/3658 3659/4135/3659
f 3650/4126/3650 3656/4132/3656 3652/4128/3652
f 3656/4132/3656 3659/4135/3659 3652/4128/3652
f 3623/4099/3623 3622/4098/3622 3660/4136/3660
f 3623/4099/3623 3660/4136/3660 3657/4133/3657
f 3622/4098/3622 3621/4097/3621 3661/4137/3661
f 3622/4098/3622 3661/4137/3661 3660/4136/3660
f 3660/4136/3660 3661/4137/3661 3662/4138/3662
f 3660/4136/3660 3662/4138/3662 3663/4139/3663
f 3657/4133/3657 3660/4136/3660 3663/4139/3663
f 3657/4133/3657 3663/4139/3663 3658/4134/3658
f 3621/4097/3621 3642/4118/3642 3664/4140/3664
f 3621/4097/3621 3664/4140/3664 3661/4137/3661
f 3642/4118/3642 1694/1879/1694 3664/4140/3664
f 1694/1879/1694 1702/1887/1702 3664/4140/3664
f 3664/4140/3664 1702/1887/1702 1703/1888/1703
f 3664/4140/3664 1703/1888/1703 3665/4141/3665
f 3661/4137/3661 3664/4140/3664 3665/4141/3665
f 3661/4137/3661 3665/4141/3665 3662/4138/3662
f 208/254/208 206/252/206 3666/4142/3666
f 208/254/208 3666/4142/3666 3010/3394/3010
f 206/252/206 205/251/205 3666/4142/3666
f 205/251/205 3667/4143/3667 3666/4142/3666
f 3666/4142/3666 3667/4143/3667 2700/3030/2700
f 3667/4143/3667 2701/3031/2701 2700/3030/2700
f 3010/3394/3010 3666/4142/3666 2700/3030/2700
f 3010/3394/3010 2700/3030/2700 2699/3029/2699
f 2717/3047/2717 2715/3045/2715 3608/4083/3608
f 2715/3045/2715 3668/4144/3668 3608/4083/3608
f 2715/3045/2715 2701/3031/2701 3668/4144/3668
f 2701/3031/2701 3667/4143/3667 3668/4144/3668
f 3668/4144/3668 3667/4143/3667 215/261/215
f 3667/4143/3667 205/251/205 215/261/215
f 3608/4083/3608 3668/4144/3668 214/260/214
f 3668/4144/3668 215/261/215 214/260/214
f 2045/2277/2045 2480/2802/2480 3669/4145/3669
f 2045/2277/2045 3669/4145/3669 2044/2276/2044
f 2480/2800/2480 2478/2797/2478 2492/2817/2492
f 2480/2800/2480 2492/2817/2492 3669/4146/3669
f 3669/4146/3669 2492/2817/2492 1912/2125/1912
f 2492/2817/2492 1905/2116/1905 1912/2125/1912
f 2044/2276/2044 3669/4145/3669 1912/2124/1912
f 2044/2276/2044 1912/2124/1912 1911/2123/1911
f 3670/4147/3670 3671/4148/3671 3672/4149/3672
f 3671/4148/3671 3673/4150/3673 3672/4149/3672
f 3671/4148/3671 2458/2773/2458 3673/4150/3673
f 2458/2773/2458 2457/2772/2457 3673/4150/3673
f 3673/4150/3673 2457/2772/2457 1609/1783/1609
f 3673/4150/3673 1609/1783/1609 3674/4151/3674
f 3672/4149/3672 3673/4150/3673 3675/4152/3675
f 3673/4150/3673 3674/4151/3674 3675/4152/3675
f 3670/4147/3670 3676/4153/3676 3677/4154/3677
f 3670/4147/3670 3677/4154/3677 3671/4148/3671
f 3676/4153/3676 3678/4155/3678 3677/4154/3677
f 3678/4155/3678 3679/4156/3679 3677/4154/3677
f 3677/4154/3677 3679/4156/3679 72/92/72
f 3677/4154/3677 72/92/72 2460/2775/2460
f 3671/4148/3671 3677/4154/3677 2460/2775/2460
f 3671/4148/3671 2460/2775/2460 2458/2773/2458
f 3670/4147/3670 3680/4157/3680 3676/4153/3676
f 3680/4157/3680 3681/4158/3681 3676/4153/3676
f 3680/4157/3680 3325/3748/3325 3330/3753/3330
f 3680/4157/3680 3330/3753/3330 3681/4158/3681
f 3681/4158/3681 3330/3753/3330 2100/2333/2100
f 3681/4158/3681 2100/2333/2100 3682/4159/3682
f 3676/4153/3676 3681/4158/3681 3678/4155/3678
f 3681/4158/3681 3682/4159/3682 3678/4155/3678
f 3670/4147/3670 3672/4149/3672 3683/4160/3683
f 3670/4147/3670 3683/4160/3683 3680/4157/3680
f 3672/4149/3672 3675/4152/3675 3684/4161/3684
f 3672/4149/3672 3684/4161/3684 3683/4160/3683
f 3683/4160/3683 3684/4161/3684 3328/3751/3328
f 3683/4160/3683 3328/3751/3328 3326/3749/3326
f 3680/4157/3680 3683/4160/3683 3326/3749/3326
f 3680/4157/3680 3326/3749/3326 3325/3748/3325
f 3328/3751/3328 3684/4161/3684 3332/3755/3332
f 3684/4161/3684 3685/4162/3685 3332/3755/3332
f 3684/4161/3684 3675/4152/3675 3685/4162/3685
f 3675/4152/3675 3686/4163/3686 3685/4162/3685
f 3685/4162/3685 3686/4163/3686 2820/3177/2820
f 3686/4163/3686 2812/3169/2812 2820/3177/2820
f 3332/3755/3332 3685/4162/3685 2819/3176/2819
f 3685/4162/3685 2820/3177/2820 2819/3176/2819
f 2847/3206/2847 3687/4164/3687 3688/4165/3688
f 2847/3206/2847 3688/4165/3688 2846/3205/2846
f 3687/4164/3687 2759/3105/2759 3688/4165/3688
f 2759/3105/2759 2758/3104/2758 3688/4165/3688
f 3688/4165/3688 2758/3104/2758 2855/3220/2855
f 2758/3104/2758 1863/2068/1863 2855/3220/2855
f 2846/3205/2846 3688/4165/3688 2839/3207/2839
f 3688/4165/3688 2855/3220/2855 2839/3207/2839
f 2847/3206/2847 3689/4166/3689 3687/4164/3687
f 3689/4166/3689 3690/4167/3690 3687/4164/3687
f 3689/4166/3689 3691/4168/3691 3690/4167/3690
f 3691/4168/3691 3692/4169/3692 3690/4167/3690
f 3690/4167/3690 3692/4169/3692 3693/4170/3693
f 3692/4169/3692 3694/4171/3694 3693/4170/3693
f 3687/4164/3687 3690/4167/3690 2759/3105/2759
f 3690/4167/3690 3693/4170/3693 2759/3105/2759
f 2847/3206/2847 2845/3204/2845 3695/4172/3695
f 2847/3206/2847 3695/4172/3695 3689/4166/3689
f 2845/3204/2845 2844/3203/2844 3696/4173/3696
f 2845/3204/2845 3696/4173/3696 3695/4172/3695
f 3695/4172/3695 3696/4173/3696 3697/4174/3697
f 3695/4172/3695 3697/4174/3697 3698/4175/3698
f 3689/4166/3689 3695/4172/3695 3698/4175/3698
f 3689/4166/3689 3698/4175/3698 3691/4168/3691
f 2844/3203/2844 2849/3212/2849 3699/4176/3699
f 2844/3203/2844 3699/4176/3699 3696/4173/3696
f 2849/3212/2849 2173/2434/2173 2180/2432/2180
f 2849/3212/2849 2180/2432/2180 3699/4176/3699
f 3699/4176/3699 2180/2432/2180 2179/2431/2179
f 3699/4176/3699 2179/2431/2179 3700/4177/3700
f 3696/4173/3696 3699/4176/3699 3700/4177/3700
f 3696/4173/3696 3700/4177/3700 3697/4174/3697
f 3568/4042/3568 3701/4178/3701 3702/4179/3702
f 3568/4042/3568 3702/4179/3702 3571/4045/3571
f 3701/4178/3701 2535/2864/2535 2534/2863/2534
f 3701/4178/3701 2534/2863/2534 3702/4179/3702
f 3702/4179/3702 2534/2863/2534 3703/4180/3703
f 2534/2863/2534 2533/2862/2533 3703/4180/3703
f 3571/4045/3571 3702/4179/3702 3703/4180/3703
f 3571/4045/3571 3703/4180/3703 3572/4046/3572
f 3568/4042/3568 3567/4041/3567 3701/4178/3701
f 3567/4041/3567 3704/4181/3704 3701/4178/3701
f 3567/4041/3567 3565/4039/3565 3704/4181/3704
f 3565/4039/3565 3705/4182/3705 3704/4181/3704
f 3704/4183/3704 3705/4184/3705 2798/3148/2798
f 3704/4183/3704 2798/3148/2798 2803/3158/2803
f 3701/4178/3701 3704/4181/3704 2803/3157/2803
f 3701/4178/3701 2803/3157/2803 2535/2864/2535
f 3572/4046/3572 3703/4180/3703 3581/4055/3581
f 3703/4180/3703 3706/4185/3706 3581/4055/3581
f 3703/4180/3703 2533/2862/2533 3706/4185/3706
f 2533/2862/2533 2541/2870/2541 3706/4185/3706
f 3706/4185/3706 2541/2870/2541 3707/4186/3707
f 2541/2870/2541 2542/2871/2542 3707/4186/3707
f 3581/4055/3581 3706/4185/3706 3582/4056/3582
f 3706/4185/3706 3707/4186/3707 3582/4056/3582
f 3565/4187/3565 3563/4188/3563 3705/4184/3705
f 3563/4188/3563 3708/4189/3708 3705/4184/3705
f 3563/4188/3563 3564/4190/3564 3709/4191/3709
f 3563/4188/3563 3709/4191/3709 3708/4189/3708
f 3708/4189/3708 3709/4191/3709 2791/3141/2791
f 3708/4189/3708 2791/3141/2791 2797/3147/2797
f 3705/4184/3705 3708/4189/3708 2797/3147/2797
f 3705/4184/3705 2797/3147/2797 2798/3148/2798
f 949/1054/949 955/1060/955 3562/4036/3562
f 955/1060/955 3710/4192/3710 3562/4036/3562
f 955/1060/955 956/1061/956 3710/4192/3710
f 956/1061/956 3711/4193/3711 3710/4192/3710
f 3710/4192/3710 3711/4193/3711 3712/4194/3712
f 3710/4192/3710 3712/4194/3712 3713/4195/3713
f 3562/4036/3562 3710/4192/3710 3713/4195/3713
f 3562/4036/3562 3713/4195/3713 3564/4038/3564
f 3564/4190/3564 3713/4196/3713 3714/4197/3714
f 3564/4190/3564 3714/4197/3714 3709/4191/3709
f 3713/4196/3713 3712/4198/3712 3715/4199/3715
f 3713/4196/3713 3715/4199/3715 3714/4197/3714
f 3714/4197/3714 3715/4199/3715 2793/3143/2793
f 3714/4197/3714 2793/3143/2793 2792/3142/2792
f 3709/4191/3709 3714/4197/3714 2792/3142/2792
f 3709/4191/3709 2792/3142/2792 2791/3141/2791
f 2542/2871/2542 2550/2879/2550 3707/4186/3707
f 2550/2879/2550 3716/4200/3716 3707/4186/3707
f 2550/2879/2550 2551/2880/2551 3716/4200/3716
f 2551/2880/2551 3586/4060/3586 3716/4200/3716
f 3716/4200/3716 3586/4060/3586 3583/4057/3583
f 3586/4060/3586 3576/4050/3576 3583/4057/3583
f 3707/4186/3707 3716/4200/3716 3582/4056/3582
f 3716/4200/3716 3583/4057/3583 3582/4056/3582
f 316/373/316 324/381/324 343/400/343
f 324/381/324 3717/4201/3717 343/400/343
f 324/381/324 325/382/325 3717/4201/3717
f 325/382/325 3718/4202/3718 3717/4201/3717
f 3717/4201/3717 3718/4202/3718 978/1083/978
f 3718/4202/3718 979/1084/979 978/1083/978
f 343/400/343 3717/4201/3717 345/402/345
f 3717/4201/3717 978/1083/978 345/402/345
f 1505/1665/1505 1504/1664/1504 3719/4203/3719
f 1505/1665/1505 3719/4203/3719 1545/1709/1545
f 1504/1664/1504 1488/1648/1488 1494/1654/1494
f 1504/1664/1504 1494/1654/1494 3719/4203/3719
f 3719/4203/3719 1494/1654/1494 1495/1655/1495
f 3719/4203/3719 1495/1655/1495 3720/4204/3720
f 1545/1709/1545 3719/4203/3719 3720/4204/3720
f 1545/1709/1545 3720/4204/3720 1547/1711/1547
f 989/1094/989 987/1092/987 3721/4205/3721
f 989/1094/989 3721/4205/3721 3722/4206/3722
f 987/1092/987 981/1086/981 3721/4205/3721
f 981/1086/981 980/1085/980 3721/4205/3721
f 3721/4205/3721 980/1085/980 3723/4207/3723
f 980/1085/980 979/1084/979 3723/4207/3723
f 3722/4206/3722 3721/4205/3721 3724/4208/3724
f 3721/4205/3721 3723/4207/3723 3724/4208/3724
f 989/1094/989 3722/4206/3722 991/1096/991
f 3722/4206/3722 3725/4209/3725 991/1096/991
f 3722/4206/3722 3724/4208/3724 3725/4209/3725
f 3724/4208/3724 3726/4210/3726 3725/4209/3725
f 3725/4209/3725 3726/4210/3726 3727/4211/3727
f 3726/4210/3726 2517/2846/2517 3727/4211/3727
f 991/1096/991 3725/4209/3725 993/1098/993
f 3725/4209/3725 3727/4211/3727 993/1098/993
f 3724/4208/3724 3723/4207/3723 3728/4212/3728
f 3723/4207/3723 3729/4213/3729 3728/4212/3728
f 3723/4207/3723 979/1084/979 3729/4213/3729
f 979/1084/979 3718/4202/3718 3729/4213/3729
f 3729/4213/3729 3718/4202/3718 2508/2837/2508
f 3718/4202/3718 325/382/325 2508/2837/2508
f 3728/4212/3728 3729/4213/3729 2507/2836/2507
f 3729/4213/3729 2508/2837/2508 2507/2836/2507
f 3724/4208/3724 3728/4212/3728 3730/4214/3730
f 3724/4208/3724 3730/4214/3730 3726/4210/3726
f 3728/4212/3728 2507/2836/2507 2512/2841/2512
f 3728/4212/3728 2512/2841/2512 3730/4214/3730
f 3730/4214/3730 2512/2841/2512 2511/2840/2511
f 3730/4214/3730 2511/2840/2511 2516/2845/2516
f 3726/4210/3726 3730/4214/3730 2516/2845/2516
f 3726/4210/3726 2516/2845/2516 2517/2846/2517
f 1531/1702/1531 1560/1727/1560 3731/4215/3731
f 1531/1702/1531 3731/4215/3731 1532/4216/1532
f 1560/1727/1560 1289/1422/1289 1287/1420/1287
f 1560/1727/1560 1287/1420/1287 3731/4215/3731
f 3731/4215/3731 1287/1420/1287 1286/1418/1286
f 3731/4215/3731 1286/1418/1286 1294/1431/1294
f 1532/1692/1532 3731/4217/3731 1294/1428/1294
f 1532/1692/1532 1294/1428/1294 1295/1429/1295
f 1552/1716/1552 2519/2848/2519 1555/1720/1555
f 2519/2848/2519 3732/4218/3732 1555/1720/1555
f 2519/2848/2519 2502/2831/2502 3732/4218/3732
f 2502/2831/2502 2521/2850/2521 3732/4218/3732
f 3732/4218/3732 2521/2850/2521 842/934/842
f 2521/2850/2521 594/662/594 842/934/842
f 1555/1720/1555 3732/4218/3732 843/935/843
f 3732/4218/3732 842/934/842 843/935/843
f 839/931/839 1288/1423/1288 3733/4219/3733
f 839/931/839 3733/4219/3733 841/933/841
f 1288/1421/1288 1289/1422/1289 1559/1726/1559
f 1288/1421/1288 1559/1726/1559 3733/4220/3733
f 3733/4219/3733 1559/4221/1559 1557/1722/1557
f 3733/4219/3733 1557/1722/1557 1556/1721/1556
f 841/933/841 3733/4219/3733 843/935/843
f 3733/4219/3733 1556/1721/1556 843/935/843
f 2022/2254/2022 2021/2253/2021 3734/4222/3734
f 2021/2253/2021 3735/4223/3735 3734/4222/3734
f 2021/2253/2021 74/94/74 3735/4223/3735
f 74/94/74 73/93/73 3735/4223/3735
f 3735/4223/3735 73/93/73 72/92/72
f 3735/4223/3735 72/92/72 3679/4156/3679
f 3734/4222/3734 3735/4223/3735 3678/4155/3678
f 3735/4223/3735 3679/4156/3679 3678/4155/3678
f 2022/2254/2022 3734/4222/3734 3736/4224/3736
f 2022/2254/2022 3736/4224/3736 2105/2338/2105
f 3734/4222/3734 3678/4155/3678 3682/4159/3682
f 3734/4222/3734 3682/4159/3682 3736/4224/3736
f 3736/4224/3736 3682/4159/3682 2100/2333/2100
f 3736/4224/3736 2100/2333/2100 2098/2331/2098
f 2105/2338/2105 3736/4224/3736 2098/2331/2098
f 2105/2338/2105 2098/2331/2098 2096/2329/2096
f 3675/4152/3675 3674/4151/3674 3737/4225/3737
f 3675/4152/3675 3737/4225/3737 3686/4163/3686
f 3674/4151/3674 1609/1783/1609 1607/1781/1607
f 3674/4151/3674 1607/1781/1607 3737/4225/3737
f 3737/4225/3737 1607/1781/1607 1606/1780/1606
f 3737/4225/3737 1606/1780/1606 2813/3170/2813
f 3686/4163/3686 3737/4225/3737 2813/3170/2813
f 3686/4163/3686 2813/3170/2813 2812/3169/2812
f 2240/2506/2240 2238/2504/2238 3357/3791/3357
f 2238/2504/2238 3738/4226/3738 3357/3791/3357
f 2238/2504/2238 2237/2503/2237 3738/4226/3738
f 2237/2503/2237 2260/2526/2260 3738/4226/3738
f 3738/4226/3738 2260/2526/2260 3739/4227/3739
f 2260/2526/2260 2261/2527/2261 3739/4227/3739
f 3357/3791/3357 3738/4226/3738 3358/4228/3358
f 3738/4226/3738 3739/4227/3739 3358/4228/3358
f 3358/4228/3358 3739/4227/3739 3740/4229/3740
f 3358/4228/3358 3740/4229/3740 3361/4230/3361
f 3739/4227/3739 2261/2527/2261 2267/2533/2267
f 3739/4227/3739 2267/2533/2267 3740/4229/3740
f 3740/4229/3740 2267/2533/2267 2266/2532/2266
f 3740/4229/3740 2266/2532/2266 3741/4231/3741
f 3361/3799/3361 3740/4232/3740 3741/4233/3741
f 3361/3799/3361 3741/4233/3741 3362/3800/3362
f 3362/3800/3362 3741/4233/3741 3742/4234/3742
f 3362/3800/3362 3742/4234/3742 3365/3803/3365
f 3741/4233/3741 2266/4235/2266 3742/4234/3742
f 2266/4235/2266 3743/4236/3743 3742/4234/3742
f 3742/4234/3742 3743/4236/3743 2788/3138/2788
f 3743/4236/3743 2785/3134/2785 2788/3138/2788
f 3365/3803/3365 3742/4234/3742 2788/3138/2788
f 3365/3803/3365 2788/3138/2788 1355/1503/1355
f 2266/4235/2266 2265/4237/2265 3743/4236/3743
f 2265/4237/2265 3744/4238/3744 3743/4236/3743
f 2265/2531/2265 2264/2530/2264 3744/4239/3744
f 2264/2530/2264 2284/2558/2284 3744/4239/3744
f 3744/4238/3744 2284/2556/2284 2285/2557/2285
f 3744/4238/3744 2285/2557/2285 2786/3135/2786
f 3743/4236/3743 3744/4238/3744 2785/3134/2785
f 3744/4238/3744 2786/3135/2786 2785/3134/2785
f 3694/4171/3694 3692/4169/3692 3745/4240/3745
f 3694/4171/3694 3745/4240/3745 3746/4241/3746
f 3692/4169/3692 3691/4168/3691 3747/4242/3747
f 3692/4169/3692 3747/4242/3747 3745/4240/3745
f 3745/4240/3745 3747/4242/3747 3635/4111/3635
f 3745/4240/3745 3635/4111/3635 3649/4125/3649
f 3746/4241/3746 3745/4240/3745 3649/4125/3649
f 3746/4241/3746 3649/4125/3649 3648/4124/3648
f 3694/4171/3694 3748/4243/3748 3693/4170/3693
f 3748/4243/3748 3749/4244/3749 3693/4170/3693
f 3748/4243/3748 3750/4245/3750 3751/4246/3751
f 3748/4243/3748 3751/4246/3751 3749/4244/3749
f 3749/4244/3749 3751/4246/3751 2762/3108/2762
f 3751/4246/3751 2764/3110/2764 2762/3108/2762
f 3693/4170/3693 3749/4244/3749 2759/3105/2759
f 3749/4244/3749 2762/3108/2762 2759/3105/2759
f 3694/4171/3694 3746/4241/3746 3748/4243/3748
f 3746/4241/3746 3752/4247/3752 3748/4243/3748
f 3746/4241/3746 3648/4124/3648 3752/4247/3752
f 3648/4124/3648 3654/4130/3654 3752/4247/3752
f 3752/4247/3752 3654/4130/3654 3655/4131/3655
f 3752/4247/3752 3655/4131/3655 3753/4248/3753
f 3748/4243/3748 3752/4247/3752 3753/4248/3753
f 3748/4243/3748 3753/4248/3753 3750/4245/3750
f 415/472/415 414/471/414 602/670/602
f 414/471/414 3754/4249/3754 602/670/602
f 414/471/414 299/356/299 3754/4249/3754
f 299/356/299 297/354/297 3754/4249/3754
f 3754/4249/3754 297/354/297 3755/4250/3755
f 297/354/297 283/333/283 3755/4250/3755
f 602/670/602 3754/4249/3754 603/671/603
f 3754/4249/3754 3755/4250/3755 603/671/603
f 283/333/283 281/331/281 3756/4251/3756
f 283/333/283 3756/4251/3756 3755/4250/3755
f 281/331/281 280/330/280 3756/4251/3756
f 280/330/280 3757/4252/3757 3756/4251/3756
f 3756/4251/3756 3757/4252/3757 3405/3859/3405
f 3757/4252/3757 3406/3860/3406 3405/3859/3405
f 3755/4250/3755 3756/4251/3756 603/671/603
f 3756/4251/3756 3405/3859/3405 603/671/603
f 1475/3855/1475 3403/3853/3403 3758/4253/3758
f 1475/3855/1475 3758/4253/3758 2323/2608/2323
f 3403/3851/3403 3401/3849/3401 3407/3861/3407
f 3403/3851/3403 3407/3861/3407 3758/4254/3758
f 3758/4254/3758 3407/3861/3407 3406/3860/3406
f 3758/4254/3758 3406/3860/3406 3759/4255/3759
f 2323/2608/2323 3758/4253/3758 3759/4256/3759
f 2323/2608/2323 3759/4256/3759 2320/2603/2320
f 2320/2603/2320 3759/4256/3759 3760/4257/3760
f 2320/2603/2320 3760/4257/3760 2321/2604/2321
f 3759/4256/3759 3406/4258/3406 3757/4259/3757
f 3759/4256/3759 3757/4259/3757 3760/4257/3760
f 3760/4257/3760 3757/4259/3757 287/339/287
f 3757/4259/3757 280/341/280 287/339/287
f 2321/2604/2321 3760/4257/3760 287/339/287
f 2321/2604/2321 287/339/287 288/340/288
f 3761/4260/3761 3762/4261/3762 3763/4262/3763
f 3762/4261/3762 3764/4263/3764 3763/4262/3763
f 3762/4261/3762 3765/4264/3765 3766/4265/3766
f 3762/4261/3762 3766/4265/3766 3764/4263/3764
f 3764/4263/3764 3766/4265/3766 3767/4266/3767
f 3766/4265/3766 3768/4267/3768 3767/4266/3767
f 3763/4262/3763 3764/4263/3764 1649/1826/1649
f 3764/4263/3764 3767/4266/3767 1649/1826/1649
f 3761/4260/3761 3769/4268/3769 3762/4261/3762
f 3769/4268/3769 3770/4269/3770 3762/4261/3762
f 3769/4268/3769 3771/4270/3771 3770/4269/3770
f 3771/4270/3771 3772/4271/3772 3770/4269/3770
f 3770/4269/3770 3772/4271/3772 3773/4272/3773
f 3772/4271/3772 2196/2454/2196 3773/4272/3773
f 3762/4261/3762 3770/4269/3770 3765/4264/3765
f 3770/4269/3770 3773/4272/3773 3765/4264/3765
f 3761/4260/3761 3774/4273/3774 3769/4268/3769
f 3774/4273/3774 3775/4274/3775 3769/4268/3769
f 3774/4273/3774 1653/1830/1653 3775/4274/3775
f 1653/1830/1653 2950/3318/2950 3775/4274/3775
f 3775/4274/3775 2950/3318/2950 3776/4275/3776
f 2950/3318/2950 2951/3319/2951 3776/4275/3776
f 3769/4268/3769 3775/4274/3775 3771/4270/3771
f 3775/4274/3775 3776/4275/3776 3771/4270/3771
f 3761/4260/3761 3763/4262/3763 3777/4276/3777
f 3761/4260/3761 3777/4276/3777 3774/4273/3774
f 3763/4262/3763 1649/1826/1649 1647/1824/1647
f 3763/4262/3763 1647/1824/1647 3777/4276/3777
f 3777/4276/3777 1647/1824/1647 1646/1823/1646
f 3777/4276/3777 1646/1823/1646 1652/1829/1652
f 3774/4273/3774 3777/4276/3777 1652/1829/1652
f 3774/4273/3774 1652/1829/1652 1653/1830/1653
f 3768/4267/3768 3778/4277/3778 3779/4278/3779
f 3768/4267/3768 3779/4278/3779 3767/4266/3767
f 3778/4277/3778 2913/3278/2913 2912/3277/2912
f 3778/4277/3778 2912/3277/2912 3779/4278/3779
f 3779/4278/3779 2912/3277/2912 1648/1825/1648
f 2912/3277/2912 1640/1817/1640 1648/1825/1648
f 3767/4266/3767 3779/4278/3779 1649/1826/1649
f 3779/4278/3779 1648/1825/1648 1649/1826/1649
f 3768/4267/3768 3780/4279/3780 3778/4277/3778
f 3780/4279/3780 3781/4280/3781 3778/4277/3778
f 3780/4279/3780 2000/2226/2000 3781/4280/3781
f 2000/2226/2000 1998/2224/1998 3781/4280/3781
f 3781/4280/3781 1998/2224/1998 3782/4281/3782
f 1998/2224/1998 1987/2213/1987 3782/4281/3782
f 3778/4277/3778 3781/4280/3781 2913/3278/2913
f 3781/4280/3781 3782/4281/3782 2913/3278/2913
f 3768/4267/3768 3766/4265/3766 3783/4282/3783
f 3768/4267/3768 3783/4282/3783 3780/4279/3780
f 3766/4265/3766 3765/4264/3765 3784/4283/3784
f 3766/4265/3766 3784/4283/3784 3783/4282/3783
f 3783/4282/3783 3784/4283/3784 2208/2468/2208
f 3783/4282/3783 2208/2468/2208 3785/4284/3785
f 3780/4279/3780 3783/4282/3783 3785/4284/3785
f 3780/4279/3780 3785/4284/3785 2000/2226/2000
f 50/63/50 49/61/49 2004/2230/2004
f 49/61/49 3786/4285/3786 2004/2230/2004
f 49/4286/49 18/21/18 3786/4287/3786
f 18/21/18 25/30/25 3786/4287/3786
f 3786/4287/3786 25/30/25 2902/3267/2902
f 25/30/25 24/29/24 2902/3267/2902
f 2004/4288/2004 3786/4287/3786 2005/2243/2005
f 3786/4287/3786 2902/3267/2902 2005/2243/2005
f 2951/3319/2951 3787/4289/3787 3788/4290/3788
f 2951/3319/2951 3788/4290/3788 3776/4275/3776
f 3787/4289/3787 3789/4291/3789 3788/4290/3788
f 3789/4291/3789 3790/4292/3790 3788/4290/3788
f 3788/4290/3788 3790/4292/3790 3791/4293/3791
f 3788/4290/3788 3791/4293/3791 3792/4294/3792
f 3776/4275/3776 3788/4290/3788 3771/4270/3771
f 3788/4290/3788 3792/4294/3792 3771/4270/3771
f 2951/3319/2951 2949/3317/2949 3787/4289/3787
f 2949/3317/2949 3793/4295/3793 3787/4289/3787
f 2949/3317/2949 1628/1805/1628 2945/3313/2945
f 2949/3317/2949 2945/3313/2945 3793/4295/3793
f 3793/4295/3793 2945/3313/2945 2944/3312/2944
f 3793/4295/3793 2944/3312/2944 3794/4296/3794
f 3787/4289/3787 3793/4295/3793 3794/4296/3794
f 3787/4289/3787 3794/4296/3794 3789/4291/3789
f 2179/2431/2179 2178/2429/2178 3795/4297/3795
f 2178/2429/2178 3796/4298/3796 3795/4297/3795
f 2178/2429/2178 2144/2384/2144 3796/4298/3796
f 2144/2384/2144 2151/2394/2151 3796/4298/3796
f 3796/4298/3796 2151/2394/2151 2152/2395/2152
f 3796/4298/3796 2152/2395/2152 3644/4120/3644
f 3795/4297/3795 3796/4298/3796 3628/4104/3628
f 3796/4298/3796 3644/4120/3644 3628/4104/3628
f 2179/2431/2179 3795/4297/3795 3797/4299/3797
f 2179/2431/2179 3797/4299/3797 3700/4177/3700
f 3795/4297/3795 3628/4104/3628 3627/4103/3627
f 3795/4297/3795 3627/4103/3627 3797/4299/3797
f 3797/4299/3797 3627/4103/3627 3626/4102/3626
f 3797/4299/3797 3626/4102/3626 3798/4300/3798
f 3700/4177/3700 3797/4299/3797 3798/4300/3798
f 3700/4177/3700 3798/4300/3798 3697/4174/3697
f 1690/1875/1690 1688/1873/1688 2150/2393/2150
f 1688/1873/1688 3799/4301/3799 2150/2393/2150
f 1688/1873/1688 1687/1872/1687 3799/4301/3799
f 1687/1872/1687 1696/1881/1696 3799/4301/3799
f 3799/4301/3799 1696/1881/1696 3645/4121/3645
f 1696/1881/1696 1697/1882/1697 3645/4121/3645
f 2150/2393/2150 3799/4301/3799 2152/2395/2152
f 3799/4301/3799 3645/4121/3645 2152/2395/2152
f 931/1032/931 930/1031/930 3800/4302/3800
f 930/1031/930 3801/4303/3801 3800/4302/3800
f 930/1031/930 929/1030/929 3801/4303/3801
f 929/1030/929 3802/4304/3802 3801/4303/3801
f 3801/4303/3801 3802/4304/3802 3803/4305/3803
f 3802/4304/3802 3804/4306/3804 3803/4305/3803
f 3800/4302/3800 3801/4303/3801 3805/4307/3805
f 3801/4303/3801 3803/4305/3803 3805/4307/3805
f 931/1032/931 3800/4302/3800 3806/4308/3806
f 931/1032/931 3806/4308/3806 944/1049/944
f 3800/4302/3800 3805/4307/3805 3806/4308/3806
f 3805/4307/3805 3807/4309/3807 3806/4308/3806
f 3806/4308/3806 3807/4309/3807 3808/4310/3808
f 3807/4309/3807 3809/4311/3809 3808/4310/3808
f 944/1049/944 3806/4308/3806 945/1050/945
f 3806/4308/3806 3808/4310/3808 945/1050/945
f 945/1050/945 3808/4310/3808 954/1059/954
f 3808/4310/3808 3810/4312/3810 954/1059/954
f 3808/4310/3808 3809/4311/3809 3810/4312/3810
f 3809/4311/3809 3811/4313/3811 3810/4312/3810
f 3810/4312/3810 3811/4313/3811 3812/4314/3812
f 3811/4313/3811 3813/4315/3813 3812/4314/3812
f 954/1059/954 3810/4312/3810 956/1061/956
f 3810/4312/3810 3812/4314/3812 956/1061/956
f 3809/4311/3809 3807/4309/3807 3814/4316/3814
f 3809/4311/3809 3814/4316/3814 3815/4317/3815
f 3807/4309/3807 3805/4307/3805 3816/4318/3816
f 3807/4309/3807 3816/4318/3816 3814/4316/3814
f 3814/4316/3814 3816/4318/3816 3817/4319/3817
f 3814/4316/3814 3817/4319/3817 3818/4320/3818
f 3815/4317/3815 3814/4316/3814 3818/4320/3818
f 3815/4317/3815 3818/4320/3818 3819/4321/3819
f 3809/4311/3809 3815/4317/3815 3811/4313/3811
f 3815/4317/3815 3820/4322/3820 3811/4313/3811
f 3815/4317/3815 3819/4321/3819 3820/4322/3820
f 3819/4321/3819 3821/4323/3821 3820/4322/3820
f 3820/4322/3820 3821/4323/3821 3822/4324/3822
f 3821/4323/3821 3273/3688/3273 3822/4324/3822
f 3811/4313/3811 3820/4322/3820 3813/4315/3813
f 3820/4322/3820 3822/4324/3822 3813/4315/3813
f 3273/3688/3273 3272/3687/3272 3823/4325/3823
f 3273/3688/3273 3823/4325/3823 3822/4324/3822
f 3272/3687/3272 3271/3686/3271 3824/4326/3824
f 3272/3687/3272 3824/4326/3824 3823/4325/3823
f 3823/4325/3823 3824/4326/3824 3825/4327/3825
f 3823/4325/3823 3825/4327/3825 3826/4328/3826
f 3822/4324/3822 3823/4325/3823 3826/4328/3826
f 3822/4324/3822 3826/4328/3826 3813/4315/3813
f 3273/3688/3273 3821/4323/3821 3274/3689/3274
f 3821/4323/3821 3827/4329/3827 3274/3689/3274
f 3821/4323/3821 3819/4321/3819 3827/4329/3827
f 3819/4321/3819 3828/4330/3828 3827/4329/3827
f 3827/4329/3827 3828/4330/3828 624/692/624
f 3828/4330/3828 616/684/616 624/692/624
f 3274/3689/3274 3827/4329/3827 625/693/625
f 3827/4329/3827 624/692/624 625/693/625
f 3829/4331/3829 3830/4332/3830 3831/4333/3831
f 3829/4331/3829 3831/4333/3831 3832/4334/3832
f 3830/4332/3830 3833/4335/3833 3834/4336/3834
f 3830/4332/3830 3834/4336/3834 3831/4333/3831
f 3831/4333/3831 3834/4336/3834 3835/4337/3835
f 3831/4333/3831 3835/4337/3835 3836/4338/3836
f 3832/4339/3832 3831/4340/3831 3836/4341/3836
f 3832/4339/3832 3836/4341/3836 3837/4342/3837
f 3829/4331/3829 3838/4343/3838 3830/4332/3830
f 3838/4343/3838 3839/4344/3839 3830/4332/3830
f 3838/4343/3838 3840/4345/3840 3839/4344/3839
f 3840/4345/3840 3841/4346/3841 3839/4344/3839
f 3839/4344/3839 3841/4346/3841 3842/4347/3842
f 3841/4346/3841 3843/4348/3843 3842/4347/3842
f 3830/4332/3830 3839/4344/3839 3833/4335/3833
f 3839/4344/3839 3842/4347/3842 3833/4335/3833
f 3829/4349/3829 3844/4350/3844 3845/4351/3845
f 3829/4349/3829 3845/4351/3845 3838/4352/3838
f 3844/4350/3844 3846/4353/3846 3847/4354/3847
f 3844/4350/3844 3847/4354/3847 3845/4351/3845
f 3845/4351/3845 3847/4354/3847 3848/4355/3848
f 3845/4351/3845 3848/4355/3848 3849/4356/3849
f 3838/4352/3838 3845/4351/3845 3849/4356/3849
f 3838/4352/3838 3849/4356/3849 3840/4357/3840
f 3829/4349/3829 3832/4339/3832 3844/4350/3844
f 3832/4339/3832 3850/4358/3850 3844/4350/3844
f 3832/4339/3832 3837/4342/3837 3850/4358/3850
f 3837/4342/3837 3851/4359/3851 3850/4358/3850
f 3850/4358/3850 3851/4359/3851 3852/4360/3852
f 3851/4359/3851 3853/4361/3853 3852/4360/3852
f 3844/4350/3844 3850/4358/3850 3846/4353/3846
f 3850/4358/3850 3852/4360/3852 3846/4353/3846
f 3837/4342/3837 3854/4362/3854 3851/4359/3851
f 3854/4362/3854 3855/4363/3855 3851/4359/3851
f 3854/4362/3854 3856/4364/3856 3855/4363/3855
f 3856/4364/3856 3857/4365/3857 3855/4363/3855
f 3855/4363/3855 3857/4365/3857 3858/4366/3858
f 3857/4365/3857 3859/4367/3859 3858/4366/3858
f 3851/4359/3851 3855/4363/3855 3853/4361/3853
f 3855/4363/3855 3858/4366/3858 3853/4361/3853
f 3837/4342/3837 3836/4341/3836 3860/4368/3860
f 3837/4342/3837 3860/4368/3860 3854/4362/3854
f 3836/4338/3836 3835/4337/3835 3861/4369/3861
f 3836/4338/3836 3861/4369/3861 3860/4370/3860
f 3860/4370/3860 3861/4369/3861 3862/4371/3862
f 3860/4370/3860 3862/4371/3862 3863/4372/3863
f 3854/4362/3854 3860/4368/3860 3863/4373/3863
f 3854/4362/3854 3863/4373/3863 3856/4364/3856
f 3862/4374/3862 3864/4375/3864 3863/4373/3863
f 3864/4375/3864 3865/4376/3865 3863/4373/3863
f 3864/4375/3864 2726/3061/2726 3865/4376/3865
f 2726/3061/2726 3866/4377/3866 3865/4376/3865
f 3865/4376/3865 3866/4377/3866 3867/4378/3867
f 3866/4377/3866 3868/4379/3868 3867/4378/3867
f 3863/4373/3863 3865/4376/3865 3856/4364/3856
f 3865/4376/3865 3867/4378/3867 3856/4364/3856
f 3862/4371/3862 3869/4380/3869 3870/4381/3870
f 3862/4371/3862 3870/4381/3870 3864/4382/3864
f 3869/4380/3869 3871/4383/3871 3872/4384/3872
f 3869/4380/3869 3872/4384/3872 3870/4381/3870
f 3870/4381/3870 3872/4384/3872 2720/3050/2720
f 3870/4381/3870 2720/3050/2720 2727/3063/2727
f 3864/4375/3864 3870/4385/3870 2727/3062/2727
f 3864/4375/3864 2727/3062/2727 2726/3061/2726
f 3862/4371/3862 3861/4369/3861 3869/4380/3869
f 3861/4369/3861 3873/4386/3873 3869/4380/3869
f 3861/4369/3861 3835/4337/3835 3873/4386/3873
f 3835/4337/3835 3874/4387/3874 3873/4386/3873
f 3873/4386/3873 3874/4387/3874 3875/4388/3875
f 3874/4387/3874 3876/4389/3876 3875/4388/3875
f 3869/4380/3869 3873/4386/3873 3871/4383/3871
f 3873/4386/3873 3875/4388/3875 3871/4383/3871
f 3856/4364/3856 3867/4378/3867 3857/4365/3857
f 3867/4378/3867 3877/4390/3877 3857/4365/3857
f 3867/4378/3867 3868/4379/3868 3878/4391/3878
f 3867/4378/3867 3878/4391/3878 3877/4390/3877
f 3877/4390/3877 3878/4391/3878 3879/4392/3879
f 3877/4390/3877 3879/4392/3879 3880/4393/3880
f 3857/4365/3857 3877/4390/3877 3859/4367/3859
f 3877/4390/3877 3880/4393/3880 3859/4367/3859
f 2720/3050/2720 3872/4384/3872 3881/4394/3881
f 2720/3050/2720 3881/4394/3881 2721/3051/2721
f 3872/4384/3872 3871/4383/3871 3881/4394/3881
f 3871/4383/3871 3882/4395/3882 3881/4394/3881
f 3881/4394/3881 3882/4395/3882 3883/4396/3883
f 3881/4394/3881 3883/4396/3883 3884/4397/3884
f 2721/3051/2721 3881/4394/3881 3884/4397/3884
f 2721/3051/2721 3884/4397/3884 1431/3052/1431
f 2726/3061/2726 2725/3060/2725 3866/4377/3866
f 2725/3060/2725 3885/4398/3885 3866/4377/3866
f 2725/3060/2725 2724/3058/2724 3886/4399/3886
f 2725/3060/2725 3886/4399/3886 3885/4398/3885
f 3885/4398/3885 3886/4399/3886 3887/4400/3887
f 3885/4398/3885 3887/4400/3887 3888/4401/3888
f 3866/4377/3866 3885/4398/3885 3868/4379/3868
f 3885/4398/3885 3888/4401/3888 3868/4379/3868
f 3868/4379/3868 3888/4401/3888 3889/4402/3889
f 3868/4379/3868 3889/4402/3889 3878/4391/3878
f 3888/4401/3888 3887/4400/3887 3890/4403/3890
f 3888/4401/3888 3890/4403/3890 3889/4402/3889
f 3889/4402/3889 3890/4403/3890 3891/4404/3891
f 3890/4403/3890 3892/4405/3892 3891/4404/3891
f 3878/4391/3878 3889/4402/3889 3891/4404/3891
f 3878/4391/3878 3891/4404/3891 3879/4392/3879
f 2724/3058/2724 2729/3066/2729 3893/4406/3893
f 2724/3058/2724 3893/4406/3893 3886/4399/3886
f 2729/3066/2729 1062/1177/1062 1060/1175/1060
f 2729/3066/2729 1060/1175/1060 3893/4406/3893
f 3893/4406/3893 1060/1175/1060 1061/1176/1061
f 3893/4406/3893 1061/1176/1061 3894/4407/3894
f 3886/4399/3886 3893/4406/3893 3894/4407/3894
f 3886/4399/3886 3894/4407/3894 3887/4400/3887
f 3887/4400/3887 3894/4407/3894 3895/4408/3895
f 3887/4400/3887 3895/4408/3895 3890/4403/3890
f 3894/4407/3894 1061/1176/1061 3896/4409/3896
f 3894/4407/3894 3896/4409/3896 3895/4408/3895
f 3895/4408/3895 3896/4409/3896 3897/4410/3897
f 3896/4409/3896 3898/4411/3898 3897/4410/3897
f 3890/4403/3890 3895/4408/3895 3897/4410/3897
f 3890/4403/3890 3897/4410/3897 3892/4405/3892
f 1061/1176/1061 1059/1174/1059 3899/4412/3899
f 1061/1176/1061 3899/4412/3899 3896/4409/3896
f 1059/1174/1059 1050/1163/1050 2733/3070/2733
f 1059/1174/1059 2733/3070/2733 3899/4412/3899
f 3899/4412/3899 2733/3070/2733 3900/4413/3900
f 2733/3070/2733 2732/3069/2732 3900/4413/3900
f 3896/4409/3896 3899/4412/3899 3900/4413/3900
f 3896/4409/3896 3900/4413/3900 3898/4411/3898
f 2740/3086/2740 2745/3084/2745 3901/4414/3901
f 2740/3086/2740 3901/4414/3901 3902/4415/3902
f 2745/3084/2745 1415/1575/1415 3903/4416/3903
f 2745/3084/2745 3903/4416/3903 3901/4414/3901
f 3901/4414/3901 3903/4416/3903 3904/4417/3904
f 3901/4414/3901 3904/4417/3904 3905/4418/3905
f 3902/4419/3902 3901/4420/3901 3905/4421/3905
f 3902/4419/3902 3905/4421/3905 3906/4422/3906
f 2740/3077/2740 3902/4419/3902 2741/3078/2741
f 3902/4419/3902 3907/4423/3907 2741/3078/2741
f 3902/4419/3902 3906/4422/3906 3907/4423/3907
f 3906/4422/3906 3908/4424/3908 3907/4423/3907
f 3907/4423/3907 3908/4424/3908 3909/4425/3909
f 3908/4424/3908 3910/4426/3910 3909/4425/3909
f 2741/3078/2741 3907/4423/3907 2742/3079/2742
f 3907/4423/3907 3909/4425/3909 2742/3079/2742
f 1415/1575/1415 1413/1573/1413 3911/4427/3911
f 1415/1575/1415 3911/4427/3911 3903/4416/3903
f 1413/1573/1413 1403/1563/1403 1420/1580/1420
f 1413/1573/1413 1420/1580/1420 3911/4427/3911
f 3911/4427/3911 1420/1580/1420 1421/1581/1421
f 3911/4427/3911 1421/1581/1421 3912/4428/3912
f 3903/4416/3903 3911/4427/3911 3912/4428/3912
f 3903/4416/3903 3912/4428/3912 3904/4417/3904
f 3904/4417/3904 3912/4428/3912 3913/4429/3913
f 3904/4417/3904 3913/4429/3913 3914/4430/3914
f 3912/4428/3912 1421/1581/1421 1430/1590/1430
f 3912/4428/3912 1430/1590/1430 3913/4429/3913
f 3913/4429/3913 1430/1590/1430 1431/1591/1431
f 3913/4429/3913 1431/1591/1431 3884/4431/3884
f 3914/4432/3914 3913/4433/3913 3884/4397/3884
f 3914/4432/3914 3884/4397/3884 3883/4396/3883
f 3904/4434/3904 3914/4432/3914 3905/4421/3905
f 3914/4432/3914 3915/4435/3915 3905/4421/3905
f 3914/4432/3914 3883/4396/3883 3915/4435/3915
f 3883/4396/3883 3916/4436/3916 3915/4435/3915
f 3915/4435/3915 3916/4436/3916 3917/4437/3917
f 3916/4436/3916 3918/4438/3918 3917/4437/3917
f 3905/4421/3905 3915/4435/3915 3906/4422/3906
f 3915/4435/3915 3917/4437/3917 3906/4422/3906
f 246/295/246 244/293/244 3919/4439/3919
f 246/295/246 3919/4439/3919 1074/1192/1074
f 244/293/244 243/292/243 3919/4439/3919
f 243/292/243 3920/4440/3920 3919/4439/3919
f 3919/4439/3919 3920/4440/3920 3921/4441/3921
f 3920/4440/3920 3922/4442/3922 3921/4441/3921
f 1074/1192/1074 3919/4439/3919 3921/4441/3921
f 1074/1192/1074 3921/4441/3921 1076/1194/1076
f 243/292/243 249/298/249 3923/4443/3923
f 243/292/243 3923/4443/3923 3920/4440/3920
f 250/299/250 276/325/276 249/298/249
f 276/325/276 3923/4443/3923 249/298/249
f 275/324/275 3924/4444/3924 3923/4443/3923
f 275/324/275 3923/4443/3923 276/325/276
f 3925/4445/3925 3926/4446/3926 3923/4443/3923
f 3925/4445/3925 3923/4443/3923 3924/4444/3924
f 3922/4442/3922 3920/4440/3920 3926/4446/3926
f 3920/4440/3920 3923/4443/3923 3926/4446/3926
f 956/1061/956 3812/4314/3812 3711/4193/3711
f 3812/4314/3812 3927/4447/3927 3711/4193/3711
f 3812/4314/3812 3813/4315/3813 3927/4447/3927
f 3813/4315/3813 3826/4328/3826 3927/4447/3927
f 3927/4447/3927 3826/4328/3826 3928/4448/3928
f 3826/4328/3826 3825/4327/3825 3928/4448/3928
f 3711/4193/3711 3927/4447/3927 3712/4194/3712
f 3927/4447/3927 3928/4448/3928 3712/4194/3712
f 3712/4198/3712 3928/4449/3928 3715/4199/3715
f 3928/4449/3928 3929/4450/3929 3715/4199/3715
f 3928/4449/3928 3825/4451/3825 3929/4450/3929
f 3825/4451/3825 3930/4452/3930 3929/4450/3929
f 3929/4450/3929 3930/4452/3930 2794/3144/2794
f 3930/4452/3930 2576/2905/2576 2794/3144/2794
f 3715/4199/3715 3929/4450/3929 2793/3143/2793
f 3929/4450/3929 2794/3144/2794 2793/3143/2793
f 3825/4451/3825 3824/4453/3824 3930/4452/3930
f 3824/4453/3824 3931/4454/3931 3930/4452/3930
f 3824/4453/3824 3271/3694/3271 3931/4454/3931
f 3271/3694/3271 3276/3693/3276 3931/4454/3931
f 3931/4454/3931 3276/3693/3276 2577/2906/2577
f 3276/3693/3276 2571/2900/2571 2577/2906/2577
f 3930/4452/3930 3931/4454/3931 2576/2905/2576
f 3931/4454/3931 2577/2906/2577 2576/2905/2576
f 3286/3706/3286 3284/3704/3284 3932/4455/3932
f 3286/3706/3286 3932/4455/3932 3612/4088/3612
f 3284/3704/3284 3283/3703/3283 3932/4455/3932
f 3283/3703/3283 3933/4456/3933 3932/4455/3932
f 3932/4455/3932 3933/4456/3933 2712/3042/2712
f 3933/4456/3933 2704/3034/2704 2712/3042/2712
f 3612/4088/3612 3932/4455/3932 2713/3043/2713
f 3932/4455/3932 2712/3042/2712 2713/3043/2713
f 3283/3703/3283 3290/3712/3290 3933/4456/3933
f 3290/3712/3290 3934/4457/3934 3933/4456/3933
f 3290/3712/3290 3289/3711/3289 3934/4457/3934
f 3289/3711/3289 3935/4458/3935 3934/4457/3934
f 3934/4457/3934 3935/4458/3935 2705/3035/2705
f 3935/4458/3935 2706/3036/2706 2705/3035/2705
f 3933/4456/3933 3934/4457/3934 2704/3034/2704
f 3934/4457/3934 2705/3035/2705 2704/3034/2704
f 3936/4459/3936 3937/4460/3937 3938/4461/3938
f 3937/4460/3937 3939/4462/3939 3938/4461/3938
f 3937/4460/3937 3804/4306/3804 3939/4462/3939
f 3804/4306/3804 3802/4304/3802 3939/4462/3939
f 3939/4462/3939 3802/4304/3802 3126/3527/3126
f 3802/4304/3802 929/1030/929 3126/3527/3126
f 3938/4461/3938 3939/4462/3939 3119/3517/3119
f 3939/4462/3939 3126/3527/3126 3119/3517/3119
f 3936/4459/3936 3940/4463/3940 3941/4464/3941
f 3936/4459/3936 3941/4464/3941 3937/4460/3937
f 3940/4463/3940 3942/4465/3942 3943/4466/3943
f 3940/4463/3940 3943/4466/3943 3941/4464/3941
f 3941/4464/3941 3943/4466/3943 3944/4467/3944
f 3941/4464/3941 3944/4467/3944 3945/4468/3945
f 3937/4460/3937 3941/4464/3941 3945/4468/3945
f 3937/4460/3937 3945/4468/3945 3804/4306/3804
f 3936/4459/3936 3946/4469/3946 3940/4463/3940
f 3946/4469/3946 3947/4470/3947 3940/4463/3940
f 3946/4469/3946 3948/4471/3948 3949/4472/3949
f 3946/4469/3946 3949/4472/3949 3947/4470/3947
f 3947/4470/3947 3949/4472/3949 3950/4473/3950
f 3947/4470/3947 3950/4473/3950 3951/4474/3951
f 3940/4463/3940 3947/4470/3947 3942/4465/3942
f 3947/4470/3947 3951/4474/3951 3942/4465/3942
f 3936/4459/3936 3938/4461/3938 3952/4475/3952
f 3936/4459/3936 3952/4475/3952 3946/4469/3946
f 3938/4461/3938 3119/3517/3119 3117/3515/3117
f 3938/4461/3938 3117/3515/3117 3952/4475/3952
f 3952/4475/3952 3117/3515/3117 1678/1863/1678
f 3952/4475/3952 1678/1863/1678 3953/4476/3953
f 3946/4469/3946 3952/4475/3952 3953/4476/3953
f 3946/4469/3946 3953/4476/3953 3948/4471/3948
f 3942/4465/3942 3954/4477/3954 3943/4466/3943
f 3954/4477/3954 3955/4478/3955 3943/4466/3943
f 3954/4477/3954 3956/4479/3956 3955/4478/3955
f 3956/4479/3956 3957/4480/3957 3955/4478/3955
f 3955/4478/3955 3957/4480/3957 3958/4481/3958
f 3957/4480/3957 3959/4482/3959 3958/4481/3958
f 3943/4466/3943 3955/4478/3955 3944/4467/3944
f 3955/4478/3955 3958/4481/3958 3944/4467/3944
f 3942/4465/3942 3951/4474/3951 3954/4477/3954
f 3951/4474/3951 3960/4483/3960 3954/4477/3954
f 3951/4474/3951 3950/4473/3950 3961/4484/3961
f 3951/4474/3951 3961/4484/3961 3960/4483/3960
f 3960/4483/3960 3961/4484/3961 3962/4485/3962
f 3960/4483/3960 3962/4485/3962 3963/4486/3963
f 3954/4477/3954 3960/4483/3960 3963/4486/3963
f 3954/4477/3954 3963/4486/3963 3956/4479/3956
f 3944/4467/3944 3958/4481/3958 3964/4487/3964
f 3958/4481/3958 3965/4488/3965 3964/4487/3964
f 3958/4481/3958 3959/4482/3959 3966/4489/3966
f 3958/4481/3958 3966/4489/3966 3965/4488/3965
f 3965/4488/3965 3966/4489/3966 3967/4490/3967
f 3966/4489/3966 618/686/618 3967/4490/3967
f 3964/4487/3964 3965/4488/3965 3817/4319/3817
f 3965/4488/3965 3967/4490/3967 3817/4319/3817
f 3944/4467/3944 3964/4487/3964 3945/4468/3945
f 3964/4487/3964 3968/4491/3968 3945/4468/3945
f 3964/4487/3964 3817/4319/3817 3816/4318/3816
f 3964/4487/3964 3816/4318/3816 3968/4491/3968
f 3968/4491/3968 3816/4318/3816 3803/4305/3803
f 3816/4318/3816 3805/4307/3805 3803/4305/3803
f 3945/4468/3945 3968/4491/3968 3804/4306/3804
f 3968/4491/3968 3803/4305/3803 3804/4306/3804
f 3817/4319/3817 3967/4490/3967 3818/4320/3818
f 3967/4490/3967 3969/4492/3969 3818/4320/3818
f 3967/4490/3967 618/686/618 617/685/617
f 3967/4490/3967 617/685/617 3969/4492/3969
f 3969/4492/3969 617/685/617 616/684/616
f 3969/4492/3969 616/684/616 3828/4330/3828
f 3818/4320/3818 3969/4492/3969 3828/4330/3828
f 3818/4320/3818 3828/4330/3828 3819/4321/3819
f 3956/4479/3956 3970/4493/3970 3957/4480/3957
f 3970/4493/3970 3971/4494/3971 3957/4480/3957
f 3970/4493/3970 3972/4495/3972 3971/4494/3971
f 3972/4495/3972 3973/4496/3973 3971/4494/3971
f 3971/4494/3971 3973/4496/3973 3974/4497/3974
f 3973/4496/3973 665/743/665 3974/4497/3974
f 3957/4480/3957 3971/4494/3971 3959/4482/3959
f 3971/4494/3971 3974/4497/3974 3959/4482/3959
f 3956/4479/3956 3963/4486/3963 3975/4498/3975
f 3956/4479/3956 3975/4498/3975 3970/4493/3970
f 3963/4486/3963 3962/4485/3962 3976/4499/3976
f 3963/4486/3963 3976/4499/3976 3975/4498/3975
f 3975/4498/3975 3976/4499/3976 3977/4500/3977
f 3976/4499/3976 3978/4501/3978 3977/4500/3977
f 3970/4493/3970 3975/4498/3975 3977/4500/3977
f 3970/4493/3970 3977/4500/3977 3972/4495/3972
f 3959/4482/3959 3974/4497/3974 3979/4502/3979
f 3959/4482/3959 3979/4502/3979 3966/4489/3966
f 3974/4497/3974 665/743/665 3979/4502/3979
f 665/743/665 663/741/663 3979/4502/3979
f 3979/4502/3979 663/741/663 619/687/619
f 663/741/663 609/677/609 619/687/619
f 3966/4489/3966 3979/4502/3979 618/686/618
f 3979/4502/3979 619/687/619 618/686/618
f 3972/4495/3972 3980/4503/3980 3973/4496/3973
f 3980/4503/3980 3981/4504/3981 3973/4496/3973
f 3980/4503/3980 3982/4505/3982 3981/4504/3981
f 3982/4505/3982 3983/4506/3983 3981/4504/3981
f 3981/4504/3981 3983/4506/3983 664/742/664
f 3983/4506/3983 658/734/658 664/742/664
f 3973/4496/3973 3981/4504/3981 665/743/665
f 3981/4504/3981 664/742/664 665/743/665
f 3972/4495/3972 3977/4500/3977 3984/4507/3984
f 3972/4495/3972 3984/4507/3984 3980/4503/3980
f 3977/4500/3977 3978/4501/3978 3984/4507/3984
f 3978/4501/3978 3985/4508/3985 3984/4507/3984
f 3984/4507/3984 3985/4508/3985 3986/4509/3986
f 3985/4508/3985 3987/4510/3987 3986/4509/3986
f 3980/4503/3980 3984/4507/3984 3986/4509/3986
f 3980/4503/3980 3986/4509/3986 3982/4505/3982
f 3982/4505/3982 3986/4509/3986 3988/4511/3988
f 3986/4509/3986 3989/4512/3989 3988/4511/3988
f 3986/4509/3986 3987/4510/3987 3989/4512/3989
f 3987/4510/3987 3990/4513/3990 3989/4512/3989
f 3989/4514/3989 3990/4515/3990 3991/4516/3991
f 3990/4515/3990 3992/4517/3992 3991/4516/3991
f 3988/4518/3988 3989/4514/3989 3993/4519/3993
f 3989/4514/3989 3991/4516/3991 3993/4519/3993
f 3982/4505/3982 3988/4511/3988 3983/4506/3983
f 3988/4511/3988 3994/4520/3994 3983/4506/3983
f 3988/4518/3988 3993/4519/3993 3994/4521/3994
f 3993/4519/3993 3995/4522/3995 3994/4521/3994
f 3994/4521/3994 3995/4522/3995 659/737/659
f 3995/4522/3995 660/738/660 659/737/659
f 3983/4506/3983 3994/4520/3994 658/734/658
f 3994/4520/3994 659/735/659 658/734/658
f 2697/3027/2697 2707/3037/2707 3996/4523/3996
f 2697/3027/2697 3996/4523/3996 3039/3427/3039
f 2707/3037/2707 2706/3036/2706 3997/4524/3997
f 2707/3037/2707 3997/4524/3997 3996/4523/3996
f 3996/4523/3996 3997/4524/3997 3055/4525/3055
f 3997/4524/3997 3056/4526/3056 3055/4525/3055
f 3039/3428/3039 3996/4527/3996 3055/3444/3055
f 3039/3428/3039 3055/3444/3055 3034/3421/3034
f 2706/3036/2706 3935/4458/3935 3997/4524/3997
f 3935/4458/3935 3998/4528/3998 3997/4524/3997
f 3935/4458/3935 3289/3711/3289 3998/4528/3998
f 3289/3711/3289 3999/4529/3999 3998/4528/3998
f 3998/4528/3998 3999/4529/3999 4000/4530/4000
f 3998/4528/3998 4000/4530/4000 4001/4531/4001
f 3997/4524/3997 3998/4528/3998 3056/4526/3056
f 3998/4528/3998 4001/4531/4001 3056/4526/3056
f 3056/4526/3056 4001/4531/4001 3057/4532/3057
f 4001/4531/4001 4002/4533/4002 3057/4532/3057
f 4001/4531/4001 4000/4530/4000 4002/4533/4002
f 4000/4530/4000 4003/4534/4003 4002/4533/4002
f 4002/4533/4002 4003/4534/4003 4004/4535/4004
f 4002/4533/4002 4004/4535/4004 4005/4536/4005
f 3057/3446/3057 4002/4537/4002 4005/4538/4005
f 3057/3446/3057 4005/4538/4005 3050/3439/3050
f 3050/3439/3050 4005/4538/4005 4006/4539/4006
f 3050/3439/3050 4006/4539/4006 3051/3440/3051
f 4005/4536/4005 4004/4535/4004 4007/4540/4007
f 4005/4536/4005 4007/4540/4007 4006/4541/4006
f 4006/4539/4006 4007/4542/4007 3081/3473/3081
f 4006/4539/4006 3081/3473/3081 3079/3471/3079
f 3051/3440/3051 4006/4539/4006 3079/3471/3079
f 3051/3440/3051 3079/3471/3079 3053/3442/3053
f 4008/4543/4008 4009/4544/4009 4010/4545/4010
f 4009/4544/4009 4011/4546/4011 4010/4545/4010
f 4009/4544/4009 4012/4547/4012 4011/4546/4011
f 4012/4547/4012 4013/4548/4013 4011/4546/4011
f 4011/4546/4011 4013/4548/4013 3949/4472/3949
f 4013/4548/4013 3950/4473/3950 3949/4472/3949
f 4010/4545/4010 4011/4546/4011 3948/4471/3948
f 4011/4546/4011 3949/4472/3949 3948/4471/3948
f 4008/4543/4008 4014/4549/4014 4009/4544/4009
f 4014/4549/4014 4015/4550/4015 4009/4544/4009
f 4014/4549/4014 3910/4426/3910 4015/4550/4015
f 3910/4426/3910 4016/4551/4016 4015/4550/4015
f 4015/4550/4015 4016/4551/4016 4017/4552/4017
f 4016/4551/4016 4018/4553/4018 4017/4552/4017
f 4009/4544/4009 4015/4550/4015 4012/4547/4012
f 4015/4550/4015 4017/4552/4017 4012/4547/4012
f 4008/4543/4008 4019/4554/4019 4020/4555/4020
f 4008/4543/4008 4020/4555/4020 4014/4549/4014
f 4019/4554/4019 1677/1862/1677 2743/3080/2743
f 4019/4554/4019 2743/3080/2743 4020/4555/4020
f 4020/4555/4020 2743/3080/2743 2742/3079/2742
f 4020/4555/4020 2742/3079/2742 3909/4425/3909
f 4014/4549/4014 4020/4555/4020 3909/4425/3909
f 4014/4549/4014 3909/4425/3909 3910/4426/3910
f 4008/4543/4008 4010/4545/4010 4021/4556/4021
f 4008/4543/4008 4021/4556/4021 4019/4554/4019
f 4010/4545/4010 3948/4471/3948 3953/4476/3953
f 4010/4545/4010 3953/4476/3953 4021/4556/4021
f 4021/4556/4021 3953/4476/3953 1678/1863/1678
f 4021/4556/4021 1678/1863/1678 1676/1861/1676
f 4019/4554/4019 4021/4556/4021 1676/1861/1676
f 4019/4554/4019 1676/1861/1676 1677/1862/1677
f 4012/4547/4012 4017/4552/4017 4022/4557/4022
f 4012/4547/4012 4022/4557/4022 4023/4558/4023
f 4017/4552/4017 4018/4553/4018 4024/4559/4024
f 4017/4552/4017 4024/4559/4024 4022/4557/4022
f 4022/4557/4022 4024/4559/4024 4025/4560/4025
f 4024/4559/4024 4026/4561/4026 4025/4560/4025
f 4023/4558/4023 4022/4557/4022 4027/4562/4027
f 4022/4557/4022 4025/4560/4025 4027/4562/4027
f 4012/4547/4012 4023/4558/4023 4013/4548/4013
f 4023/4558/4023 4028/4563/4028 4013/4548/4013
f 4023/4558/4023 4027/4562/4027 4028/4563/4028
f 4027/4562/4027 4029/4564/4029 4028/4563/4028
f 4028/4563/4028 4029/4564/4029 3961/4484/3961
f 4029/4564/4029 3962/4485/3962 3961/4484/3961
f 4013/4548/4013 4028/4563/4028 3950/4473/3950
f 4028/4563/4028 3961/4484/3961 3950/4473/3950
f 3962/4485/3962 4029/4564/4029 4030/4565/4030
f 3962/4485/3962 4030/4565/4030 3976/4499/3976
f 4029/4564/4029 4027/4562/4027 4030/4565/4030
f 4027/4562/4027 4031/4566/4031 4030/4565/4030
f 4030/4565/4030 4031/4566/4031 4032/4567/4032
f 4031/4566/4031 3843/4348/3843 4032/4567/4032
f 3976/4499/3976 4030/4565/4030 3978/4501/3978
f 4030/4565/4030 4032/4567/4032 3978/4501/3978
f 3978/4501/3978 4032/4567/4032 3985/4508/3985
f 4032/4567/4032 4033/4568/4033 3985/4508/3985
f 4032/4567/4032 3843/4348/3843 4033/4568/4033
f 3843/4348/3843 3841/4346/3841 4033/4568/4033
f 4033/4568/4033 3841/4346/3841 4034/4569/4034
f 3841/4346/3841 3840/4345/3840 4034/4569/4034
f 3985/4508/3985 4033/4568/4033 3987/4510/3987
f 4033/4568/4033 4034/4569/4034 3987/4510/3987
f 3987/4510/3987 4034/4569/4034 3990/4513/3990
f 4034/4569/4034 4035/4570/4035 3990/4513/3990
f 4034/4571/4034 3840/4357/3840 4035/4572/4035
f 3840/4357/3840 3849/4356/3849 4035/4572/4035
f 4035/4572/4035 3849/4356/3849 4036/4573/4036
f 3849/4356/3849 3848/4355/3848 4036/4573/4036
f 3990/4515/3990 4035/4572/4035 3992/4517/3992
f 4035/4572/4035 4036/4573/4036 3992/4517/3992
f 3906/4422/3906 3917/4437/3917 3908/4424/3908
f 3917/4437/3917 4037/4574/4037 3908/4424/3908
f 3917/4437/3917 3918/4438/3918 4037/4574/4037
f 3918/4438/3918 4038/4575/4038 4037/4574/4037
f 4037/4574/4037 4038/4575/4038 4016/4551/4016
f 4038/4575/4038 4018/4553/4018 4016/4551/4016
f 3908/4424/3908 4037/4574/4037 3910/4426/3910
f 4037/4574/4037 4016/4551/4016 3910/4426/3910
f 3883/4396/3883 3882/4395/3882 3916/4436/3916
f 3882/4395/3882 4039/4576/4039 3916/4436/3916
f 3882/4395/3882 3871/4383/3871 3875/4388/3875
f 3882/4395/3882 3875/4388/3875 4039/4576/4039
f 4039/4576/4039 3875/4388/3875 4040/4577/4040
f 3875/4388/3875 3876/4389/3876 4040/4577/4040
f 3916/4436/3916 4039/4576/4039 3918/4438/3918
f 4039/4576/4039 4040/4577/4040 3918/4438/3918
f 3918/4438/3918 4040/4577/4040 4038/4575/4038
f 4040/4577/4040 4041/4578/4041 4038/4575/4038
f 4040/4577/4040 3876/4389/3876 4041/4578/4041
f 3876/4389/3876 4042/4579/4042 4041/4578/4041
f 4041/4578/4041 4042/4579/4042 4026/4561/4026
f 4041/4578/4041 4026/4561/4026 4024/4559/4024
f 4038/4575/4038 4041/4578/4041 4018/4553/4018
f 4041/4578/4041 4024/4559/4024 4018/4553/4018
f 3876/4389/3876 3874/4387/3874 4043/4580/4043
f 3876/4389/3876 4043/4580/4043 4042/4579/4042
f 3874/4387/3874 3835/4337/3835 3834/4336/3834
f 3874/4387/3874 3834/4336/3834 4043/4580/4043
f 4043/4580/4043 3834/4336/3834 3833/4335/3833
f 4043/4580/4043 3833/4335/3833 4044/4581/4044
f 4042/4579/4042 4043/4580/4043 4044/4581/4044
f 4042/4579/4042 4044/4581/4044 4026/4561/4026
f 4026/4561/4026 4044/4581/4044 4045/4582/4045
f 4026/4561/4026 4045/4582/4045 4025/4560/4025
f 4044/4581/4044 3833/4335/3833 3842/4347/3842
f 4044/4581/4044 3842/4347/3842 4045/4582/4045
f 4045/4582/4045 3842/4347/3842 3843/4348/3843
f 4045/4582/4045 3843/4348/3843 4031/4566/4031
f 4025/4560/4025 4045/4582/4045 4031/4566/4031
f 4025/4560/4025 4031/4566/4031 4027/4562/4027
f 3191/3596/3191 3189/3594/3189 3294/3716/3294
f 3189/3594/3189 4046/4583/4046 3294/3716/3294
f 3189/3594/3189 3176/3581/3176 4046/4583/4046
f 3176/3581/3176 3175/3580/3175 4046/4583/4046
f 4046/4583/4046 3175/3580/3175 2609/2938/2609
f 4046/4583/4046 2609/2938/2609 2618/2947/2618
f 3294/3716/3294 4046/4583/4046 2617/2946/2617
f 4046/4583/4046 2618/2947/2618 2617/2946/2617
f 3476/3935/3476 3487/3946/3487 3531/3998/3531
f 3487/3946/3487 4047/4584/4047 3531/3998/3531
f 3487/3946/3487 3486/3945/3486 4048/4585/4048
f 3487/3946/3487 4048/4585/4048 4047/4584/4047
f 4047/4584/4047 4048/4585/4048 3339/3762/3339
f 4047/4584/4047 3339/3762/3339 3542/4015/3542
f 3531/3998/3531 4047/4584/4047 3542/4015/3542
f 3531/3998/3531 3542/4015/3542 3524/3991/3524
f 3486/3945/3486 3498/3957/3498 4048/4585/4048
f 3498/3957/3498 4049/4586/4049 4048/4585/4048
f 3498/3957/3498 2679/3008/2679 4049/4586/4049
f 2679/3008/2679 2677/3006/2677 4049/4586/4049
f 4049/4586/4049 2677/3006/2677 3338/3761/3338
f 2677/3006/2677 2676/3005/2676 3338/3761/3338
f 4048/4585/4048 4049/4586/4049 3339/3762/3339
f 4049/4586/4049 3338/3761/3338 3339/3762/3339
f 3635/4111/3635 3747/4242/3747 4050/4587/4050
f 3635/4111/3635 4050/4587/4050 3634/4110/3634
f 3747/4242/3747 3691/4168/3691 4050/4587/4050
f 3691/4168/3691 3698/4175/3698 4050/4587/4050
f 4050/4587/4050 3698/4175/3698 3697/4174/3697
f 4050/4587/4050 3697/4174/3697 3798/4300/3798
f 3634/4110/3634 4050/4587/4050 3798/4300/3798
f 3634/4110/3634 3798/4300/3798 3626/4102/3626
f 3765/4264/3765 3773/4272/3773 3784/4283/3784
f 3773/4272/3773 4051/4588/4051 3784/4283/3784
f 3773/4272/3773 2196/2454/2196 2195/2452/2195
f 3773/4272/3773 2195/2452/2195 4051/4588/4051
f 4051/4588/4051 2195/2452/2195 2193/2450/2193
f 4051/4588/4051 2193/2450/2193 2209/2469/2209
f 3784/4283/3784 4051/4588/4051 2209/2469/2209
f 3784/4283/3784 2209/2469/2209 2208/2468/2208
f 2208/2468/2208 2207/2467/2207 3785/4284/3785
f 2207/2467/2207 4052/4589/4052 3785/4284/3785
f 2207/2467/2207 84/105/84 4052/4589/4052
f 84/105/84 94/118/94 4052/4589/4052
f 4052/4589/4052 94/118/94 1999/2225/1999
f 94/118/94 93/117/93 1999/2225/1999
f 3785/4284/3785 4052/4589/4052 2000/2226/2000
f 4052/4589/4052 1999/2225/1999 2000/2226/2000
f 2160/2412/2160 2197/2455/2197 4053/4590/4053
f 2160/2412/2160 4053/4590/4053 2162/2413/2162
f 2197/2455/2197 2196/2454/2196 3772/4271/3772
f 2197/2455/2197 3772/4271/3772 4053/4590/4053
f 4053/4590/4053 3772/4271/3772 3771/4270/3771
f 4053/4590/4053 3771/4270/3771 4054/4591/4054
f 2162/2413/2162 4053/4590/4053 4054/4591/4054
f 2162/2413/2162 4054/4591/4054 2164/2415/2164
f 1987/2213/1987 1986/2212/1986 4055/4592/4055
f 1987/2213/1987 4055/4592/4055 3782/4281/3782
f 1986/2212/1986 1985/2211/1985 2917/3282/2917
f 1986/2212/1986 2917/3282/2917 4055/4592/4055
f 4055/4592/4055 2917/3282/2917 2909/3274/2909
f 4055/4592/4055 2909/3274/2909 2914/3279/2914
f 3782/4281/3782 4055/4592/4055 2914/3279/2914
f 3782/4281/3782 2914/3279/2914 2913/3278/2913
f 101/4593/101 4056/4594/4056 4057/4595/4057
f 4056/4594/4056 4058/4596/4058 4057/4595/4057
f 4056/4594/4056 4059/4597/4059 4058/4596/4058
f 4059/4597/4059 4060/4598/4060 4058/4596/4058
f 4058/4596/4058 4060/4598/4060 4061/4599/4061
f 4060/4598/4060 4062/4600/4062 4061/4599/4061
f 4057/4595/4057 4058/4596/4058 4063/4601/4063
f 4058/4596/4058 4061/4599/4061 4063/4601/4063
f 101/126/101 99/124/99 4056/4602/4056
f 99/124/99 4064/4603/4064 4056/4602/4056
f 99/124/99 88/123/88 4064/4603/4064
f 88/123/88 2205/4604/2205 4064/4603/4064
f 4064/4605/4064 2205/2464/2205 4065/4606/4065
f 2205/2464/2205 2203/2462/2203 4065/4606/4065
f 4056/4594/4056 4064/4605/4064 4059/4597/4059
f 4064/4605/4064 4065/4606/4065 4059/4597/4059
f 101/126/101 4057/4607/4057 4066/4608/4066
f 101/126/101 4066/4608/4066 100/125/100
f 4057/4595/4057 4063/4601/4063 4067/4609/4067
f 4057/4595/4057 4067/4609/4067 4066/4610/4066
f 4066/4608/4066 4067/4611/4067 38/46/38
f 4066/4608/4066 38/46/38 47/55/47
f 100/125/100 4066/4608/4066 47/55/47
f 100/125/100 47/55/47 46/54/46
f 4063/4601/4063 4068/4612/4068 4069/4613/4069
f 4063/4601/4063 4069/4613/4069 4067/4609/4067
f 4068/4612/4068 4070/4614/4070 4069/4613/4069
f 4070/4614/4070 4071/4615/4071 4069/4613/4069
f 4069/4616/4069 4071/4617/4071 39/47/39
f 4071/4617/4071 40/48/40 39/47/39
f 4067/4611/4067 4069/4616/4069 38/46/38
f 4069/4616/4069 39/47/39 38/46/38
f 4063/4601/4063 4061/4599/4061 4068/4612/4068
f 4061/4599/4061 4072/4618/4072 4068/4612/4068
f 4061/4599/4061 4062/4600/4062 4072/4618/4072
f 4062/4600/4062 4073/4619/4073 4072/4618/4072
f 4072/4618/4072 4073/4619/4073 4074/4620/4074
f 4073/4619/4073 4075/4621/4075 4074/4620/4074
f 4068/4612/4068 4072/4618/4072 4070/4614/4070
f 4072/4618/4072 4074/4620/4074 4070/4614/4070
f 4075/4621/4075 4076/4622/4076 4077/4623/4077
f 4076/4622/4076 4078/4624/4078 4077/4623/4077
f 4076/4622/4076 4079/4625/4079 4080/4626/4080
f 4076/4622/4076 4080/4626/4080 4078/4624/4078
f 4078/4624/4078 4080/4626/4080 4081/4627/4081
f 4078/4624/4078 4081/4627/4081 4082/4628/4082
f 4077/4623/4077 4078/4624/4078 4082/4628/4082
f 4077/4623/4077 4082/4628/4082 4083/4629/4083
f 4075/4621/4075 4073/4619/4073 4084/4630/4084
f 4075/4621/4075 4084/4630/4084 4076/4622/4076
f 4073/4619/4073 4062/4600/4062 4084/4630/4084
f 4062/4600/4062 4085/4631/4085 4084/4630/4084
f 4084/4630/4084 4085/4631/4085 4086/4632/4086
f 4085/4631/4085 4087/4633/4087 4086/4632/4086
f 4076/4622/4076 4084/4630/4084 4086/4632/4086
f 4076/4622/4076 4086/4632/4086 4079/4625/4079
f 4075/4621/4075 4077/4623/4077 4088/4634/4088
f 4075/4621/4075 4088/4634/4088 4074/4620/4074
f 4077/4623/4077 4083/4629/4083 4089/4635/4089
f 4077/4623/4077 4089/4635/4089 4088/4634/4088
f 4088/4634/4088 4089/4635/4089 4090/4636/4090
f 4089/4635/4089 4091/4637/4091 4090/4636/4090
f 4074/4620/4074 4088/4634/4088 4090/4636/4090
f 4074/4620/4074 4090/4636/4090 4070/4614/4070
f 4070/4638/4070 4090/4639/4090 4071/4617/4071
f 4090/4639/4090 4092/4640/4092 4071/4617/4071
f 4090/4639/4090 4091/4641/4091 4092/4640/4092
f 4091/4641/4091 4093/4642/4093 4092/4640/4092
f 4092/4640/4092 4093/4642/4093 53/68/53
f 4093/4642/4093 54/69/54 53/68/53
f 4071/4617/4071 4092/4640/4092 40/48/40
f 4092/4640/4092 53/68/53 40/48/40
f 4081/4627/4081 4094/4643/4094 4095/4644/4095
f 4081/4627/4081 4095/4644/4095 4096/4645/4096
f 4094/4643/4094 4097/4646/4097 4095/4644/4095
f 4097/4646/4097 4098/4647/4098 4095/4644/4095
f 4095/4644/4095 4098/4647/4098 4099/4648/4099
f 4098/4647/4098 4100/4649/4100 4099/4648/4099
f 4096/4645/4096 4095/4644/4095 4101/4650/4101
f 4095/4644/4095 4099/4648/4099 4101/4650/4101
f 4081/4627/4081 4080/4626/4080 4102/4651/4102
f 4081/4627/4081 4102/4651/4102 4094/4643/4094
f 4080/4626/4080 4079/4625/4079 4103/4652/4103
f 4080/4626/4080 4103/4652/4103 4102/4651/4102
f 4102/4651/4102 4103/4652/4103 4104/4653/4104
f 4102/4651/4102 4104/4653/4104 4105/4654/4105
f 4094/4643/4094 4102/4651/4102 4105/4654/4105
f 4094/4643/4094 4105/4654/4105 4097/4646/4097
f 4081/4627/4081 4096/4645/4096 4082/4628/4082
f 4096/4645/4096 4106/4655/4106 4082/4628/4082
f 4096/4645/4096 4101/4650/4101 4106/4655/4106
f 4101/4650/4101 4107/4656/4107 4106/4655/4106
f 4106/4655/4106 4107/4656/4107 4108/4657/4108
f 4107/4656/4107 4109/4658/4109 4108/4657/4108
f 4082/4628/4082 4106/4655/4106 4108/4657/4108
f 4082/4628/4082 4108/4657/4108 4083/4629/4083
f 4083/4629/4083 4108/4657/4108 4110/4659/4110
f 4083/4629/4083 4110/4659/4110 4089/4635/4089
f 4108/4657/4108 4109/4658/4109 4111/4660/4111
f 4108/4657/4108 4111/4660/4111 4110/4659/4110
f 4110/4659/4110 4111/4660/4111 4112/4661/4112
f 4110/4659/4110 4112/4661/4112 4113/4662/4113
f 4089/4635/4089 4110/4659/4110 4113/4662/4113
f 4089/4635/4089 4113/4662/4113 4091/4637/4091
f 4091/4641/4091 4113/4663/4113 4093/4642/4093
f 4113/4663/4113 4114/4664/4114 4093/4642/4093
f 4113/4663/4113 4112/4665/4112 4115/4666/4115
f 4113/4663/4113 4115/4666/4115 4114/4664/4114
f 4114/4664/4114 4115/4666/4115 58/73/58
f 4114/4664/4114 58/73/58 57/72/57
f 4093/4642/4093 4114/4664/4114 54/69/54
f 4114/4664/4114 57/72/57 54/69/54
f 4101/4650/4101 4116/4667/4116 4107/4656/4107
f 4116/4667/4116 4117/4668/4117 4107/4656/4107
f 4116/4667/4116 4118/4669/4118 4117/4668/4117
f 4118/4669/4118 4119/4670/4119 4117/4668/4117
f 4117/4668/4117 4119/4670/4119 4120/4671/4120
f 4119/4670/4119 4121/4672/4121 4120/4671/4120
f 4107/4656/4107 4117/4668/4117 4109/4658/4109
f 4117/4668/4117 4120/4671/4120 4109/4658/4109
f 4101/4650/4101 4099/4648/4099 4122/4673/4122
f 4101/4650/4101 4122/4673/4122 4116/4667/4116
f 4099/4648/4099 4100/4649/4100 4123/4674/4123
f 4099/4648/4099 4123/4674/4123 4122/4673/4122
f 4122/4673/4122 4123/4674/4123 4124/4675/4124
f 4122/4673/4122 4124/4675/4124 4125/4676/4125
f 4116/4667/4116 4122/4673/4122 4125/4676/4125
f 4116/4667/4116 4125/4676/4125 4118/4669/4118
f 4109/4658/4109 4120/4671/4120 4111/4660/4111
f 4120/4671/4120 4126/4677/4126 4111/4660/4111
f 4120/4671/4120 4121/4672/4121 4126/4677/4126
f 4121/4672/4121 4127/4678/4127 4126/4677/4126
f 4126/4677/4126 4127/4678/4127 4128/4679/4128
f 4126/4677/4126 4128/4679/4128 4129/4680/4129
f 4111/4660/4111 4126/4677/4126 4129/4680/4129
f 4111/4660/4111 4129/4680/4129 4112/4661/4112
f 4112/4665/4112 4129/4681/4129 4130/4682/4130
f 4112/4665/4112 4130/4682/4130 4115/4666/4115
f 4129/4681/4129 4128/4683/4128 4131/4684/4131
f 4129/4681/4129 4131/4684/4131 4130/4682/4130
f 4130/4682/4130 4131/4684/4131 64/79/64
f 4130/4682/4130 64/79/64 62/77/62
f 4115/4666/4115 4130/4682/4130 62/77/62
f 4115/4666/4115 62/77/62 58/73/58
f 4124/4675/4124 4132/4685/4132 4133/4686/4133
f 4124/4675/4124 4133/4686/4133 4134/4687/4134
f 4132/4685/4132 800/887/800 4133/4686/4133
f 800/887/800 799/886/799 4133/4686/4133
f 4133/4686/4133 799/886/799 798/885/798
f 4133/4686/4133 798/885/798 4135/4688/4135
f 4134/4687/4134 4133/4686/4133 4135/4688/4135
f 4134/4687/4134 4135/4688/4135 1007/1112/1007
f 4124/4675/4124 4123/4674/4123 4132/4685/4132
f 4123/4674/4123 4136/4689/4136 4132/4685/4132
f 4123/4674/4123 4100/4649/4100 4137/4690/4137
f 4123/4674/4123 4137/4690/4137 4136/4689/4136
f 4136/4689/4136 4137/4690/4137 808/895/808
f 4136/4689/4136 808/895/808 806/893/806
f 4132/4685/4132 4136/4689/4136 806/893/806
f 4132/4685/4132 806/893/806 800/887/800
f 4124/4675/4124 4134/4687/4134 4125/4676/4125
f 4134/4687/4134 4138/4691/4138 4125/4676/4125
f 4134/4687/4134 1007/1112/1007 4138/4691/4138
f 1007/1112/1007 1005/1110/1005 4138/4691/4138
f 4138/4691/4138 1005/1110/1005 4139/4692/4139
f 1005/1110/1005 1001/1106/1001 4139/4692/4139
f 4125/4676/4125 4138/4691/4138 4118/4669/4118
f 4138/4691/4138 4139/4692/4139 4118/4669/4118
f 4118/4669/4118 4139/4692/4139 4119/4670/4119
f 4139/4692/4139 4140/4693/4140 4119/4670/4119
f 4139/4692/4139 1001/1106/1001 4140/4693/4140
f 1001/1106/1001 1000/1105/1000 4140/4693/4140
f 4140/4693/4140 1000/1105/1000 4141/4694/4141
f 1000/1105/1000 999/1104/999 4141/4694/4141
f 4119/4670/4119 4140/4693/4140 4121/4672/4121
f 4140/4693/4140 4141/4694/4141 4121/4672/4121
f 4121/4672/4121 4141/4694/4141 4127/4678/4127
f 4141/4694/4141 4142/4695/4142 4127/4678/4127
f 4141/4694/4141 999/1104/999 4142/4695/4142
f 999/1104/999 1016/1121/1016 4142/4695/4142
f 4142/4695/4142 1016/1121/1016 1017/1122/1017
f 4142/4695/4142 1017/1122/1017 4143/4696/4143
f 4127/4678/4127 4142/4695/4142 4143/4696/4143
f 4127/4678/4127 4143/4696/4143 4128/4679/4128
f 4128/4679/4128 4143/4696/4143 4144/4697/4144
f 4128/4679/4128 4144/4697/4144 4131/4698/4131
f 4143/4696/4143 1017/1122/1017 1026/1131/1026
f 4143/4696/4143 1026/1131/1026 4144/4697/4144
f 4144/4697/4144 1026/1131/1026 79/100/79
f 4144/4697/4144 79/100/79 77/98/77
f 4131/4698/4131 4144/4697/4144 77/98/77
f 4131/4698/4131 77/98/77 64/97/64
f 253/302/253 259/308/259 270/319/270
f 259/308/259 4145/4699/4145 270/319/270
f 259/308/259 260/309/260 4145/4699/4145
f 260/309/260 4146/4700/4146 4145/4699/4145
f 4145/4699/4145 4146/4700/4146 1920/2136/1920
f 4145/4699/4145 1920/2136/1920 1928/2147/1928
f 270/319/270 4145/4699/4145 272/321/272
f 4145/4699/4145 1928/2147/1928 272/321/272
f 292/346/292 303/360/303 294/4701/294
f 303/360/303 4147/4702/4147 294/4701/294
f 303/360/303 304/361/304 4147/4702/4147
f 304/361/304 1921/2138/1921 4147/4702/4147
f 4147/4703/4147 1921/2137/1921 4146/4700/4146
f 1921/2137/1921 1920/2136/1920 4146/4700/4146
f 294/351/294 4147/4703/4147 260/309/260
f 4147/4703/4147 4146/4700/4146 260/309/260
f 2167/2418/2167 2853/3216/2853 4148/4704/4148
f 2167/2418/2167 4148/4704/4148 2168/2419/2168
f 2853/3216/2853 2852/3215/2852 4149/4705/4149
f 2853/3216/2853 4149/4705/4149 4148/4704/4148
f 4148/4704/4148 4149/4705/4149 4150/4706/4150
f 4148/4704/4148 4150/4706/4150 4151/4707/4151
f 2168/2419/2168 4148/4704/4148 4151/4707/4151
f 2168/2419/2168 4151/4707/4151 2169/2420/2169
f 2169/2420/2169 4151/4707/4151 4152/4708/4152
f 2169/2420/2169 4152/4708/4152 2182/2436/2182
f 4151/4707/4151 4150/4706/4150 4153/4709/4153
f 4151/4707/4151 4153/4709/4153 4152/4708/4152
f 4152/4708/4152 4153/4709/4153 2202/2461/2202
f 4152/4708/4152 2202/2461/2202 2200/2459/2200
f 2182/2436/2182 4152/4708/4152 2200/2459/2200
f 2182/2436/2182 2200/2459/2200 2183/2437/2183
f 2852/3215/2852 2865/3230/2865 4154/4710/4154
f 2852/3215/2852 4154/4710/4154 4149/4705/4149
f 2865/3230/2865 2864/3229/2864 4155/4711/4155
f 2865/3230/2865 4155/4711/4155 4154/4710/4154
f 4154/4710/4154 4155/4711/4155 4156/4712/4156
f 4154/4710/4154 4156/4712/4156 4157/4713/4157
f 4149/4705/4149 4154/4710/4154 4157/4713/4157
f 4149/4705/4149 4157/4713/4157 4150/4706/4150
f 4150/4706/4150 4157/4713/4157 4158/4714/4158
f 4150/4706/4150 4158/4714/4158 4153/4709/4153
f 4157/4713/4157 4156/4712/4156 4159/4715/4159
f 4157/4713/4157 4159/4715/4159 4158/4714/4158
f 4158/4714/4158 4159/4715/4159 4160/4716/4160
f 4158/4714/4158 4160/4716/4160 4161/4717/4161
f 4153/4709/4153 4158/4714/4158 4161/4717/4161
f 4153/4709/4153 4161/4717/4161 2202/2461/2202
f 2202/2461/2202 4161/4717/4161 4162/4718/4162
f 2202/2461/2202 4162/4718/4162 2201/2460/2201
f 4161/4717/4161 4160/4716/4160 4163/4719/4163
f 4161/4717/4161 4163/4719/4163 4162/4718/4162
f 4162/4718/4162 4163/4719/4163 4065/4606/4065
f 4163/4719/4163 4059/4597/4059 4065/4606/4065
f 2201/2460/2201 4162/4718/4162 2203/2462/2203
f 4162/4718/4162 4065/4606/4065 2203/2462/2203
f 2864/3229/2864 2872/3237/2872 4164/4720/4164
f 2864/3229/2864 4164/4720/4164 4155/4711/4155
f 2872/3237/2872 2873/3238/2873 4164/4720/4164
f 2873/3238/2873 4165/4721/4165 4164/4720/4164
f 4164/4720/4164 4165/4721/4165 4166/4722/4166
f 4165/4721/4165 4167/4723/4167 4166/4722/4166
f 4155/4711/4155 4164/4720/4164 4166/4722/4166
f 4155/4711/4155 4166/4722/4166 4156/4712/4156
f 4156/4712/4156 4166/4722/4166 4168/4724/4168
f 4156/4712/4156 4168/4724/4168 4159/4715/4159
f 4166/4722/4166 4167/4723/4167 4168/4724/4168
f 4167/4723/4167 4169/4725/4169 4168/4724/4168
f 4168/4724/4168 4169/4725/4169 4170/4726/4170
f 4169/4725/4169 4087/4633/4087 4170/4726/4170
f 4159/4715/4159 4168/4724/4168 4170/4726/4170
f 4159/4715/4159 4170/4726/4170 4160/4716/4160
f 4160/4716/4160 4170/4726/4170 4171/4727/4171
f 4160/4716/4160 4171/4727/4171 4163/4719/4163
f 4170/4726/4170 4087/4633/4087 4171/4727/4171
f 4087/4633/4087 4085/4631/4085 4171/4727/4171
f 4171/4727/4171 4085/4631/4085 4060/4598/4060
f 4085/4631/4085 4062/4600/4062 4060/4598/4060
f 4163/4719/4163 4171/4727/4171 4060/4598/4060
f 4163/4719/4163 4060/4598/4060 4059/4597/4059
f 2873/3238/2873 2878/3243/2878 4165/4721/4165
f 2878/3243/2878 4172/4728/4172 4165/4721/4165
f 2878/3243/2878 2879/3244/2879 4172/4728/4172
f 2879/3244/2879 4173/4729/4173 4172/4728/4172
f 4172/4728/4172 4173/4729/4173 4174/4730/4174
f 4173/4729/4173 4104/4653/4104 4174/4730/4174
f 4165/4721/4165 4172/4728/4172 4167/4723/4167
f 4172/4728/4172 4174/4730/4174 4167/4723/4167
f 4167/4723/4167 4174/4730/4174 4169/4725/4169
f 4174/4730/4174 4175/4731/4175 4169/4725/4169
f 4174/4730/4174 4104/4653/4104 4103/4652/4103
f 4174/4730/4174 4103/4652/4103 4175/4731/4175
f 4175/4731/4175 4103/4652/4103 4079/4625/4079
f 4175/4731/4175 4079/4625/4079 4086/4632/4086
f 4169/4725/4169 4175/4731/4175 4086/4632/4086
f 4169/4725/4169 4086/4632/4086 4087/4633/4087
f 2879/3244/2879 2882/3247/2882 4173/4729/4173
f 2882/3247/2882 4176/4732/4176 4173/4729/4173
f 2882/3247/2882 2883/3248/2883 4176/4732/4176
f 2883/3248/2883 4177/4733/4177 4176/4732/4176
f 4176/4732/4176 4177/4733/4177 4097/4646/4097
f 4176/4732/4176 4097/4646/4097 4105/4654/4105
f 4173/4729/4173 4176/4732/4176 4104/4653/4104
f 4176/4732/4176 4105/4654/4105 4104/4653/4104
f 2883/3248/2883 2885/3250/2885 4178/4734/4178
f 2883/3248/2883 4178/4734/4178 4177/4733/4177
f 2885/3250/2885 808/895/808 4137/4690/4137
f 2885/3250/2885 4137/4690/4137 4178/4734/4178
f 4178/4734/4178 4137/4690/4137 4100/4649/4100
f 4178/4734/4178 4100/4649/4100 4098/4647/4098
f 4177/4733/4177 4178/4734/4178 4098/4647/4098
f 4177/4733/4177 4098/4647/4098 4097/4646/4097
f 1007/1112/1007 4135/4688/4135 4179/4735/4179
f 1007/1112/1007 4179/4735/4179 1006/1111/1006
f 4135/4688/4135 798/885/798 4179/4735/4179
f 798/885/798 4180/4736/4180 4179/4735/4179
f 4179/4735/4179 4180/4736/4180 1493/1653/1493
f 4180/4736/4180 1495/1655/1495 1493/1653/1493
f 1006/1111/1006 4179/4735/4179 505/565/505
f 4179/4735/4179 1493/1653/1493 505/565/505
f 1547/1711/1547 4181/4737/4181 4182/4738/4182
f 1547/1711/1547 4182/4738/4182 1546/1710/1546
f 4181/4737/4181 993/1098/993 3727/4211/3727
f 4181/4737/4181 3727/4211/3727 4182/4738/4182
f 4182/4738/4182 3727/4211/3727 2517/2846/2517
f 4182/4738/4182 2517/2846/2517 2515/2844/2515
f 1546/1710/1546 4182/4738/4182 1548/1712/1548
f 4182/4738/4182 2515/2844/2515 1548/1712/1548
f 1547/1711/1547 3720/4204/3720 4181/4737/4181
f 3720/4204/3720 4183/4739/4183 4181/4737/4181
f 3720/4204/3720 1495/1655/1495 4183/4739/4183
f 1495/1655/1495 4180/4736/4180 4183/4739/4183
f 4183/4739/4183 4180/4736/4180 798/885/798
f 4183/4739/4183 798/885/798 992/1097/992
f 4181/4737/4181 4183/4739/4183 993/1098/993
f 4183/4739/4183 992/1097/992 993/1098/993
f 2164/2415/2164 4184/4740/4184 2163/2414/2163
f 4184/4740/4184 4185/4741/4185 2163/2414/2163
f 4184/4740/4184 4186/4742/4186 4185/4741/4185
f 4186/4742/4186 4187/4743/4187 4185/4741/4185
f 4185/4741/4185 4187/4743/4187 1707/1892/1707
f 4185/4741/4185 1707/1892/1707 1705/1890/1705
f 2163/2414/2163 4185/4741/4185 1691/1876/1691
f 4185/4741/4185 1705/1890/1705 1691/1876/1691
f 2164/2415/2164 4054/4591/4054 4184/4740/4184
f 4054/4591/4054 4188/4744/4188 4184/4740/4184
f 4054/4591/4054 3771/4270/3771 4188/4744/4188
f 3771/4270/3771 3792/4294/3792 4188/4744/4188
f 4188/4744/4188 3792/4294/3792 4189/4745/4189
f 3792/4294/3792 3791/4293/3791 4189/4745/4189
f 4184/4740/4184 4188/4744/4188 4189/4745/4189
f 4184/4740/4184 4189/4745/4189 4186/4742/4186
f 4190/4746/4190 4191/4747/4191 4192/4748/4192
f 4191/4747/4191 4193/4749/4193 4192/4748/4192
f 4191/4747/4191 4194/4750/4194 4193/4749/4193
f 4194/4750/4194 4195/4751/4195 4193/4749/4193
f 4193/4749/4193 4195/4751/4195 4196/4752/4196
f 4195/4751/4195 4197/4753/4197 4196/4752/4196
f 4192/4748/4192 4193/4749/4193 4198/4754/4198
f 4193/4749/4193 4196/4752/4196 4198/4754/4198
f 4199/4755/4199 4200/4756/4200 4201/4757/4201
f 4200/4756/4200 4202/4758/4202 4201/4757/4201
f 4200/4756/4200 4203/4759/4203 4202/4758/4202
f 4203/4759/4203 4204/4760/4204 4202/4758/4202
f 4202/4758/4202 4204/4760/4204 4205/4761/4205
f 4204/4760/4204 4206/4762/4206 4205/4761/4205
f 4201/4757/4201 4202/4758/4202 4207/4763/4207
f 4202/4758/4202 4205/4761/4205 4207/4763/4207
f 4208/4764/4208 4209/4765/4209 4210/4766/4210
f 4209/4765/4209 4211/4767/4211 4210/4766/4210
f 4209/4765/4209 4199/4755/4199 4211/4767/4211
f 4199/4755/4199 4201/4757/4201 4211/4767/4211
f 4211/4767/4211 4201/4757/4201 4212/4768/4212
f 4201/4757/4201 4207/4763/4207 4212/4768/4212
f 4210/4766/4210 4211/4767/4211 4213/4769/4213
f 4211/4767/4211 4212/4768/4212 4213/4769/4213
f 4214/4770/4214 4215/4771/4215 4216/4772/4216
f 4215/4771/4215 4217/4773/4217 4216/4772/4216
f 4215/4771/4215 4208/4764/4208 4217/4773/4217
f 4208/4764/4208 4210/4766/4210 4217/4773/4217
f 4217/4773/4217 4210/4766/4210 4218/4774/4218
f 4210/4766/4210 4213/4769/4213 4218/4774/4218
f 4216/4772/4216 4217/4773/4217 4219/4775/4219
f 4217/4773/4217 4218/4774/4218 4219/4775/4219
f 4220/4776/4220 4221/4777/4221 4222/4778/4222
f 4221/4777/4221 4223/4779/4223 4222/4778/4222
f 4221/4777/4221 4214/4770/4214 4223/4779/4223
f 4214/4770/4214 4216/4772/4216 4223/4779/4223
f 4223/4779/4223 4216/4772/4216 4224/4780/4224
f 4216/4772/4216 4219/4775/4219 4224/4780/4224
f 4222/4778/4222 4223/4779/4223 4225/4781/4225
f 4223/4779/4223 4224/4780/4224 4225/4781/4225
f 4226/4782/4226 4227/4783/4227 4228/4784/4228
f 4226/4782/4226 4228/4784/4228 4229/4785/4229
f 4227/4783/4227 4220/4776/4220 4222/4778/4222
f 4227/4783/4227 4222/4778/4222 4228/4784/4228
f 4228/4784/4228 4222/4778/4222 4225/4781/4225
f 4228/4784/4228 4225/4781/4225 4230/4786/4230
f 4229/4785/4229 4228/4784/4228 4230/4786/4230
f 4229/4785/4229 4230/4786/4230 4231/4787/4231
f 4232/4788/4232 4233/4789/4233 4234/4790/4234
f 4233/4789/4233 4235/4791/4235 4234/4790/4234
f 4233/4789/4233 4226/4782/4226 4229/4785/4229
f 4233/4789/4233 4229/4785/4229 4235/4791/4235
f 4235/4791/4235 4229/4785/4229 4231/4787/4231
f 4235/4791/4235 4231/4787/4231 4236/4792/4236
f 4234/4790/4234 4235/4791/4235 4237/4793/4237
f 4235/4791/4235 4236/4792/4236 4237/4793/4237
f 4238/4794/4238 4239/4795/4239 4240/4796/4240
f 4239/4795/4239 4241/4797/4241 4240/4796/4240
f 4239/4795/4239 4232/4788/4232 4241/4797/4241
f 4232/4788/4232 4234/4790/4234 4241/4797/4241
f 4241/4797/4241 4234/4790/4234 4242/4798/4242
f 4234/4790/4234 4237/4793/4237 4242/4798/4242
f 4240/4796/4240 4241/4797/4241 4243/4799/4243
f 4241/4797/4241 4242/4798/4242 4243/4799/4243
f 4244/4800/4244 4245/4801/4245 4246/4802/4246
f 4244/4800/4244 4246/4802/4246 4247/4803/4247
f 4245/4801/4245 4238/4794/4238 4246/4802/4246
f 4238/4794/4238 4240/4796/4240 4246/4802/4246
f 4246/4802/4246 4240/4796/4240 4248/4804/4248
f 4240/4796/4240 4243/4799/4243 4248/4804/4248
f 4247/4803/4247 4246/4802/4246 4248/4804/4248
f 4247/4803/4247 4248/4804/4248 4249/4805/4249
f 4250/4806/4250 4251/4807/4251 4252/4808/4252
f 4250/4806/4250 4252/4808/4252 4253/4809/4253
f 4251/4807/4251 4254/4810/4254 4252/4808/4252
f 4254/4810/4254 4255/4811/4255 4252/4808/4252
f 4252/4808/4252 4255/4811/4255 4256/4812/4256
f 4255/4811/4255 4257/4813/4257 4256/4812/4256
f 4253/4809/4253 4252/4808/4252 4258/4814/4258
f 4252/4808/4252 4256/4812/4256 4258/4814/4258
f 4257/4813/4257 4259/4815/4259 4260/4816/4260
f 4257/4813/4257 4260/4816/4260 4256/4812/4256
f 4259/4815/4259 4244/4800/4244 4247/4803/4247
f 4259/4815/4259 4247/4803/4247 4260/4816/4260
f 4260/4816/4260 4247/4803/4247 4249/4805/4249
f 4260/4816/4260 4249/4805/4249 4261/4817/4261
f 4256/4812/4256 4260/4816/4260 4261/4817/4261
f 4256/4812/4256 4261/4817/4261 4258/4814/4258
f 4203/4759/4203 4262/4818/4262 4204/4760/4204
f 4262/4818/4262 4263/4819/4263 4204/4760/4204
f 4262/4818/4262 4190/4746/4190 4263/4819/4263
f 4190/4746/4190 4192/4748/4192 4263/4819/4263
f 4263/4819/4263 4192/4748/4192 4264/4820/4264
f 4192/4748/4192 4198/4754/4198 4264/4820/4264
f 4204/4760/4204 4263/4819/4263 4206/4762/4206
f 4263/4819/4263 4264/4820/4264 4206/4762/4206
f 4265/4821/4265 4266/4822/4266 4267/4823/4267
f 4266/4822/4266 4268/4824/4268 4267/4823/4267
f 4266/4822/4266 4269/4825/4269 4268/4824/4268
f 4269/4825/4269 4270/4826/4270 4268/4824/4268
f 4268/4824/4268 4270/4826/4270 4271/4827/4271
f 4270/4826/4270 4272/4828/4272 4271/4827/4271
f 4267/4823/4267 4268/4824/4268 4273/4829/4273
f 4268/4824/4268 4271/4827/4271 4273/4829/4273
f 4194/4750/4194 4274/4830/4274 4195/4751/4195
f 4274/4830/4274 4275/4831/4275 4195/4751/4195
f 4274/4830/4274 4265/4821/4265 4275/4831/4275
f 4265/4821/4265 4267/4823/4267 4275/4831/4275
f 4275/4831/4275 4267/4823/4267 4276/4832/4276
f 4267/4823/4267 4273/4829/4273 4276/4832/4276
f 4195/4751/4195 4275/4831/4275 4197/4753/4197
f 4275/4831/4275 4276/4832/4276 4197/4753/4197
f 4277/4833/4277 4278/4834/4278 4279/4835/4279
f 4278/4834/4278 4280/4836/4280 4279/4835/4279
f 4278/4834/4278 4281/4837/4281 4280/4836/4280
f 4281/4837/4281 4282/4838/4282 4280/4836/4280
f 4280/4836/4280 4282/4838/4282 4283/4839/4283
f 4282/4838/4282 4284/4840/4284 4283/4839/4283
f 4279/4835/4279 4280/4836/4280 4285/4841/4285
f 4280/4836/4280 4283/4839/4283 4285/4841/4285
f 4269/4825/4269 4286/4842/4286 4287/4843/4287
f 4269/4825/4269 4287/4843/4287 4270/4826/4270
f 4286/4842/4286 4277/4833/4277 4287/4843/4287
f 4277/4833/4277 4279/4835/4279 4287/4843/4287
f 4287/4843/4287 4279/4835/4279 4285/4841/4285
f 4287/4843/4287 4285/4841/4285 4288/4844/4288
f 4270/4826/4270 4287/4843/4287 4272/4828/4272
f 4287/4843/4287 4288/4844/4288 4272/4828/4272
f 4289/4845/4289 4290/4846/4290 4291/4847/4291
f 4290/4846/4290 4292/4848/4292 4291/4847/4291
f 4290/4846/4290 4293/4849/4293 4292/4848/4292
f 4293/4849/4293 4294/4850/4294 4292/4848/4292
f 4292/4848/4292 4294/4850/4294 4295/4851/4295
f 4294/4850/4294 4296/4852/4296 4295/4851/4295
f 4291/4847/4291 4292/4848/4292 4297/4853/4297
f 4292/4848/4292 4295/4851/4295 4297/4853/4297
f 4281/4837/4281 4298/4854/4298 4282/4838/4282
f 4298/4854/4298 4299/4855/4299 4282/4838/4282
f 4298/4854/4298 4289/4845/4289 4299/4855/4299
f 4289/4845/4289 4291/4847/4291 4299/4855/4299
f 4299/4855/4299 4291/4847/4291 4300/4856/4300
f 4291/4847/4291 4297/4853/4297 4300/4856/4300
f 4282/4838/4282 4299/4855/4299 4284/4840/4284
f 4299/4855/4299 4300/4856/4300 4284/4840/4284
f 4293/4849/4293 4301/4857/4301 4294/4850/4294
f 4301/4857/4301 4302/4858/4302 4294/4850/4294
f 4301/4857/4301 4303/4859/4303 4302/4858/4302
f 4303/4859/4303 4304/4860/4304 4302/4858/4302
f 4302/4858/4302 4304/4860/4304 4305/4861/4305
f 4304/4860/4304 4306/4862/4306 4305/4861/4305
f 4294/4850/4294 4302/4858/4302 4296/4852/4296
f 4302/4858/4302 4305/4861/4305 4296/4852/4296
f 4307/4863/4307 4308/4864/4308 4309/4865/4309
f 4308/4864/4308 4310/4866/4310 4309/4865/4309
f 4308/4864/4308 4311/4867/4311 4310/4866/4310
f 4311/4867/4311 4312/4868/4312 4310/4866/4310
f 4310/4866/4310 4312/4868/4312 4313/4869/4313
f 4312/4868/4312 4314/4870/4314 4313/4869/4313
f 4309/4865/4309 4310/4866/4310 4315/4871/4315
f 4310/4866/4310 4313/4869/4313 4315/4871/4315
f 4303/4859/4303 4316/4872/4316 4304/4860/4304
f 4316/4872/4316 4317/4873/4317 4304/4860/4304
f 4316/4872/4316 4307/4863/4307 4317/4873/4317
f 4307/4863/4307 4309/4865/4309 4317/4873/4317
f 4317/4873/4317 4309/4865/4309 4318/4874/4318
f 4309/4865/4309 4315/4871/4315 4318/4874/4318
f 4304/4860/4304 4317/4873/4317 4306/4862/4306
f 4317/4873/4317 4318/4874/4318 4306/4862/4306
f 4319/4875/4319 4320/4876/4320 4321/4877/4321
f 4320/4876/4320 4322/4878/4322 4321/4877/4321
f 4320/4876/4320 4323/4879/4323 4322/4878/4322
f 4323/4879/4323 4324/4880/4324 4322/4878/4322
f 4322/4878/4322 4324/4880/4324 4325/4881/4325
f 4324/4880/4324 4326/4882/4326 4325/4881/4325
f 4321/4877/4321 4322/4878/4322 4325/4881/4325
f 4321/4877/4321 4325/4881/4325 4327/4883/4327
f 4311/4867/4311 4328/4884/4328 4312/4868/4312
f 4328/4884/4328 4329/4885/4329 4312/4868/4312
f 4328/4884/4328 4319/4875/4319 4329/4885/4329
f 4319/4875/4319 4321/4877/4321 4329/4885/4329
f 4329/4885/4329 4321/4877/4321 4327/4883/4327
f 4329/4885/4329 4327/4883/4327 4330/4886/4330
f 4312/4868/4312 4329/4885/4329 4314/4870/4314
f 4329/4885/4329 4330/4886/4330 4314/4870/4314
f 4331/4887/4331 4332/4888/4332 4333/4889/4333
f 4331/4887/4331 4333/4889/4333 4334/4890/4334
f 4332/4888/4332 4335/4891/4335 4333/4889/4333
f 4335/4891/4335 4336/4892/4336 4333/4889/4333
f 4333/4889/4333 4336/4892/4336 4337/4893/4337
f 4333/4889/4333 4337/4893/4337 4338/4894/4338
f 4334/4890/4334 4333/4889/4333 4338/4894/4338
f 4334/4890/4334 4338/4894/4338 4339/4895/4339
f 4323/4879/4323 4340/4896/4340 4324/4880/4324
f 4340/4896/4340 4341/4897/4341 4324/4880/4324
f 4340/4896/4340 4331/4887/4331 4334/4890/4334
f 4340/4896/4340 4334/4890/4334 4341/4897/4341
f 4341/4897/4341 4334/4890/4334 4339/4895/4339
f 4341/4897/4341 4339/4895/4339 4342/4898/4342
f 4324/4880/4324 4341/4897/4341 4326/4882/4326
f 4341/4897/4341 4342/4898/4342 4326/4882/4326
f 268/317/268 4343/4899/4343 274/323/274
f 4343/4899/4343 4344/4900/4344 274/323/274
f 4337/4893/4337 4336/4892/4336 4343/4899/4343
f 4336/4892/4336 4344/4900/4344 4343/4899/4343
f 4335/4891/4335 4345/4901/4345 4336/4892/4336
f 4345/4901/4345 4344/4900/4344 4336/4892/4336
f 3925/4445/3925 3924/4444/3924 4344/4900/4344
f 3925/4445/3925 4344/4900/4344 4345/4901/4345
f 275/324/275 274/323/274 4344/4900/4344
f 275/324/275 4344/4900/4344 3924/4444/3924
f 4346/4902/4346 4347/4903/4347 4348/4904/4348
f 4346/4902/4346 4348/4904/4348 4349/4905/4349
f 4347/4903/4347 2773/3119/2773 2778/3124/2778
f 4347/4903/4347 2778/3124/2778 4348/4904/4348
f 4348/4904/4348 2778/3124/2778 2777/3123/2777
f 4348/4904/4348 2777/3123/2777 2780/3127/2780
f 4349/4905/4349 4348/4904/4348 2751/3094/2751
f 4348/4904/4348 2780/3127/2780 2751/3094/2751
f 4350/4906/4350 4351/4907/4351 4352/4908/4352
f 4350/4906/4350 4352/4908/4352 4353/4909/4353
f 4351/4907/4351 4346/4902/4346 4349/4905/4349
f 4351/4907/4351 4349/4905/4349 4352/4908/4352
f 4352/4908/4352 4349/4905/4349 4354/4910/4354
f 4349/4905/4349 2751/3094/2751 4354/4910/4354
f 4353/4909/4353 4352/4908/4352 4354/4910/4354
f 4353/4909/4353 4354/4910/4354 4355/4911/4355
f 4356/4912/4356 4357/4913/4357 4358/4914/4358
f 4356/4912/4356 4358/4914/4358 4359/4915/4359
f 4357/4913/4357 4350/4906/4350 4353/4909/4353
f 4357/4913/4357 4353/4909/4353 4358/4914/4358
f 4358/4914/4358 4353/4909/4353 4355/4911/4355
f 4358/4914/4358 4355/4911/4355 4360/4916/4360
f 4359/4915/4359 4358/4914/4358 4360/4916/4360
f 4359/4915/4359 4360/4916/4360 4361/4917/4361
f 4362/4918/4362 4363/4919/4363 4364/4920/4364
f 4362/4918/4362 4364/4920/4364 4365/4921/4365
f 4363/4919/4363 4356/4912/4356 4359/4915/4359
f 4363/4919/4363 4359/4915/4359 4364/4920/4364
f 4364/4920/4364 4359/4915/4359 4361/4917/4361
f 4364/4920/4364 4361/4917/4361 4366/4922/4366
f 4365/4921/4365 4364/4920/4364 4366/4922/4366
f 4365/4921/4365 4366/4922/4366 4367/4923/4367
f 4368/4924/4368 4369/4925/4369 4370/4926/4370
f 4368/4924/4368 4370/4926/4370 4371/4927/4371
f 4369/4925/4369 4362/4918/4362 4365/4921/4365
f 4369/4925/4369 4365/4921/4365 4370/4926/4370
f 4370/4926/4370 4365/4921/4365 4367/4923/4367
f 4370/4926/4370 4367/4923/4367 4372/4928/4372
f 4371/4927/4371 4370/4926/4370 4372/4928/4372
f 4371/4927/4371 4372/4928/4372 4373/4929/4373
f 4374/4930/4374 4375/4931/4375 4376/4932/4376
f 4374/4930/4374 4376/4932/4376 4377/4933/4377
f 4375/4931/4375 4368/4924/4368 4371/4927/4371
f 4375/4931/4375 4371/4927/4371 4376/4932/4376
f 4376/4932/4376 4371/4927/4371 4373/4929/4373
f 4376/4932/4376 4373/4929/4373 4378/4934/4378
f 4377/4933/4377 4376/4932/4376 4378/4934/4378
f 4377/4933/4377 4378/4934/4378 4379/4935/4379
f 4380/4936/4380 4381/4937/4381 4382/4938/4382
f 4380/4936/4380 4382/4938/4382 4383/4939/4383
f 4381/4937/4381 4374/4930/4374 4377/4933/4377
f 4381/4937/4381 4377/4933/4377 4382/4938/4382
f 4382/4938/4382 4377/4933/4377 4379/4935/4379
f 4382/4938/4382 4379/4935/4379 4384/4940/4384
f 4383/4939/4383 4382/4938/4382 4384/4940/4384
f 4383/4939/4383 4384/4940/4384 4385/4941/4385
f 4386/4942/4386 4387/4943/4387 4388/4944/4388
f 4386/4942/4386 4388/4944/4388 4389/4945/4389
f 4387/4943/4387 4380/4936/4380 4383/4939/4383
f 4387/4943/4387 4383/4939/4383 4388/4944/4388
f 4388/4944/4388 4383/4939/4383 4385/4941/4385
f 4388/4944/4388 4385/4941/4385 4390/4946/4390
f 4389/4945/4389 4388/4944/4388 4390/4946/4390
f 4389/4945/4389 4390/4946/4390 4391/4947/4391
f 4392/4948/4392 4393/4949/4393 4394/4950/4394
f 4392/4948/4392 4394/4950/4394 4395/4951/4395
f 4393/4949/4393 4386/4942/4386 4389/4945/4389
f 4393/4949/4393 4389/4945/4389 4394/4950/4394
f 4394/4950/4394 4389/4945/4389 4391/4947/4391
f 4394/4950/4394 4391/4947/4391 4396/4952/4396
f 4395/4951/4395 4394/4950/4394 4396/4952/4396
f 4395/4951/4395 4396/4952/4396 4397/4953/4397
f 4398/4954/4398 4399/4955/4399 4400/4956/4400
f 4398/4954/4398 4400/4956/4400 4401/4957/4401
f 4399/4955/4399 4392/4948/4392 4395/4951/4395
f 4399/4955/4399 4395/4951/4395 4400/4956/4400
f 4400/4956/4400 4395/4951/4395 4397/4953/4397
f 4400/4956/4400 4397/4953/4397 4402/4958/4402
f 4401/4957/4401 4400/4956/4400 4402/4958/4402
f 4401/4957/4401 4402/4958/4402 4403/4959/4403
f 4404/4960/4404 4405/4961/4405 4406/4962/4406
f 4404/4960/4404 4406/4962/4406 4407/4963/4407
f 4405/4961/4405 4398/4954/4398 4401/4957/4401
f 4405/4961/4405 4401/4957/4401 4406/4962/4406
f 4406/4962/4406 4401/4957/4401 4403/4959/4403
f 4406/4962/4406 4403/4959/4403 4408/4964/4408
f 4407/4963/4407 4406/4962/4406 4408/4964/4408
f 4407/4963/4407 4408/4964/4408 4409/4965/4409
f 4410/4966/4410 4411/4967/4411 4412/4968/4412
f 4410/4966/4410 4412/4968/4412 4413/4969/4413
f 4411/4967/4411 4404/4960/4404 4412/4968/4412
f 4404/4960/4404 4407/4963/4407 4412/4968/4412
f 4412/4968/4412 4407/4963/4407 4414/4970/4414
f 4407/4963/4407 4409/4965/4409 4414/4970/4414
f 4413/4969/4413 4412/4968/4412 4414/4970/4414
f 4413/4969/4413 4414/4970/4414 4415/4971/4415
f 4416/4972/4416 4417/4973/4417 4418/4974/4418
f 4416/4972/4416 4418/4974/4418 4419/4975/4419
f 4417/4973/4417 4410/4966/4410 4413/4969/4413
f 4417/4973/4417 4413/4969/4413 4418/4974/4418
f 4418/4974/4418 4413/4969/4413 4415/4971/4415
f 4418/4974/4418 4415/4971/4415 4420/4976/4420
f 4419/4975/4419 4418/4974/4418 4420/4976/4420
f 4419/4975/4419 4420/4976/4420 4421/4977/4421
f 4422/4978/4422 4423/4979/4423 4424/4980/4424
f 4423/4979/4423 4425/4981/4425 4424/4980/4424
f 4423/4979/4423 4416/4972/4416 4419/4975/4419
f 4423/4979/4423 4419/4975/4419 4425/4981/4425
f 4425/4981/4425 4419/4975/4419 4421/4977/4421
f 4425/4981/4425 4421/4977/4421 4426/4982/4426
f 4424/4980/4424 4425/4981/4425 4426/4982/4426
f 4424/4980/4424 4426/4982/4426 4427/4983/4427
f 4428/4984/4428 4429/4985/4429 4430/4986/4430
f 4428/4984/4428 4430/4986/4430 4431/4987/4431
f 4429/4985/4429 4422/4978/4422 4424/4980/4424
f 4429/4985/4429 4424/4980/4424 4430/4986/4430
f 4430/4986/4430 4424/4980/4424 4427/4983/4427
f 4430/4986/4430 4427/4983/4427 4432/4988/4432
f 4431/4987/4431 4430/4986/4430 4432/4988/4432
f 4431/4987/4431 4432/4988/4432 4433/4989/4433
f 4434/4990/4434 4435/4991/4435 4436/4992/4436
f 4434/4990/4434 4436/4992/4436 4437/4993/4437
f 4435/4991/4435 4428/4984/4428 4431/4987/4431
f 4435/4991/4435 4431/4987/4431 4436/4992/4436
f 4436/4992/4436 4431/4987/4431 4433/4989/4433
f 4436/4992/4436 4433/4989/4433 4438/4994/4438
f 4437/4993/4437 4436/4992/4436 4438/4994/4438
f 4437/4993/4437 4438/4994/4438 4439/4995/4439
f 4440/4996/4440 4441/4997/4441 4442/4998/4442
f 4440/4996/4440 4442/4998/4442 4443/4999/4443
f 4441/4997/4441 4434/4990/4434 4437/4993/4437
f 4441/4997/4441 4437/4993/4437 4442/4998/4442
f 4442/4998/4442 4437/4993/4437 4439/4995/4439
f 4442/4998/4442 4439/4995/4439 4444/5000/4444
f 4443/4999/4443 4442/4998/4442 4444/5000/4444
f 4443/4999/4443 4444/5000/4444 4445/5001/4445
f 4446/5002/4446 4447/5003/4447 4448/5004/4448
f 4446/5002/4446 4448/5004/4448 4449/5005/4449
f 4447/5003/4447 4440/4996/4440 4443/4999/4443
f 4447/5003/4447 4443/4999/4443 4448/5004/4448
f 4448/5004/4448 4443/4999/4443 4445/5001/4445
f 4448/5004/4448 4445/5001/4445 4450/5006/4450
f 4449/5005/4449 4448/5004/4448 4450/5006/4450
f 4449/5005/4449 4450/5006/4450 4451/5007/4451
f 4452/5008/4452 4453/5009/4453 4454/5010/4454
f 4452/5008/4452 4454/5010/4454 4455/5011/4455
f 4453/5009/4453 4446/5002/4446 4449/5005/4449
f 4453/5009/4453 4449/5005/4449 4454/5010/4454
f 4454/5010/4454 4449/5005/4449 4451/5007/4451
f 4454/5010/4454 4451/5007/4451 4456/5012/4456
f 4455/5011/4455 4454/5010/4454 4456/5012/4456
f 4455/5011/4455 4456/5012/4456 4457/5013/4457
f 4458/5014/4458 4459/5015/4459 4460/5016/4460
f 4458/5014/4458 4460/5016/4460 4461/5017/4461
f 4459/5015/4459 4452/5008/4452 4455/5011/4455
f 4459/5015/4459 4455/5011/4455 4460/5016/4460
f 4460/5016/4460 4455/5011/4455 4457/5013/4457
f 4460/5016/4460 4457/5013/4457 4462/5018/4462
f 4461/5017/4461 4460/5016/4460 4462/5018/4462
f 4461/5017/4461 4462/5018/4462 4463/5019/4463
f 4464/5020/4464 4465/5021/4465 4466/5022/4466
f 4465/5021/4465 4467/5023/4467 4466/5022/4466
f 4465/5021/4465 4458/5014/4458 4467/5023/4467
f 4458/5014/4458 4461/5017/4461 4467/5023/4467
f 4467/5023/4467 4461/5017/4461 4468/5024/4468
f 4461/5017/4461 4463/5019/4463 4468/5024/4468
f 4466/5022/4466 4467/5023/4467 4469/5025/4469
f 4467/5023/4467 4468/5024/4468 4469/5025/4469
f 4470/5026/4470 4471/5027/4471 4472/5028/4472
f 4470/5026/4470 4472/5028/4472 4473/5029/4473
f 4471/5027/4471 4464/5020/4464 4472/5028/4472
f 4464/5020/4464 4466/5022/4466 4472/5028/4472
f 4472/5028/4472 4466/5022/4466 4474/5030/4474
f 4466/5022/4466 4469/5025/4469 4474/5030/4474
f 4473/5029/4473 4472/5028/4472 4474/5030/4474
f 4473/5029/4473 4474/5030/4474 4475/5031/4475
f 4476/5032/4476 4477/5033/4477 4478/5034/4478
f 4476/5032/4476 4478/5034/4478 4479/5035/4479
f 4477/5033/4477 4470/5026/4470 4473/5029/4473
f 4477/5033/4477 4473/5029/4473 4478/5034/4478
f 4478/5034/4478 4473/5029/4473 4475/5031/4475
f 4478/5034/4478 4475/5031/4475 4480/5036/4480
f 4479/5035/4479 4478/5034/4478 4480/5036/4480
f 4479/5035/4479 4480/5036/4480 4481/5037/4481
f 4482/5038/4482 4483/5039/4483 4484/5040/4484
f 4483/5039/4483 4485/5041/4485 4484/5040/4484
f 4483/5039/4483 4476/5032/4476 4479/5035/4479
f 4483/5039/4483 4479/5035/4479 4485/5041/4485
f 4485/5041/4485 4479/5035/4479 4481/5037/4481
f 4485/5041/4485 4481/5037/4481 4486/5042/4486
f 4484/5040/4484 4485/5041/4485 4487/5043/4487
f 4485/5041/4485 4486/5042/4486 4487/5043/4487
f 4488/5044/4488 4489/5045/4489 4490/5046/4490
f 4489/5045/4489 4491/5047/4491 4490/5046/4490
f 4489/5045/4489 4482/5038/4482 4491/5047/4491
f 4482/5038/4482 4484/5040/4484 4491/5047/4491
f 4491/5047/4491 4484/5040/4484 4492/5048/4492
f 4484/5040/4484 4487/5043/4487 4492/5048/4492
f 4490/5046/4490 4491/5047/4491 3242/3651/3242
f 4491/5047/4491 4492/5048/4492 3242/3651/3242
f 3247/3656/3247 4493/5049/4493 4494/5050/4494
f 3247/3656/3247 4494/5050/4494 3248/3657/3248
f 4488/5044/4488 4490/5046/4490 4494/5050/4494
f 4488/5044/4488 4494/5050/4494 4493/5049/4493
f 3242/3651/3242 3248/3657/3248 4494/5050/4494
f 3242/3651/3242 4494/5050/4494 4490/5046/4490
f 268/317/268 267/316/267 4495/5051/4495
f 268/317/268 4495/5051/4495 4343/4899/4343
f 267/316/267 266/315/266 4496/5052/4496
f 267/316/267 4496/5052/4496 4495/5051/4495
f 4495/5051/4495 4496/5052/4496 4497/5053/4497
f 4496/5052/4496 4498/5054/4498 4497/5053/4497
f 4343/4899/4343 4495/5051/4495 4337/4893/4337
f 4495/5051/4495 4497/5053/4497 4337/4893/4337
f 4339/4895/4339 4338/4894/4338 4499/5055/4499
f 4339/4895/4339 4499/5055/4499 4500/5056/4500
f 4338/4894/4338 4337/4893/4337 4497/5053/4497
f 4338/4894/4338 4497/5053/4497 4499/5055/4499
f 4499/5055/4499 4497/5053/4497 4498/5054/4498
f 4499/5055/4499 4498/5054/4498 4501/5057/4501
f 4500/5056/4500 4499/5055/4499 4501/5057/4501
f 4500/5056/4500 4501/5057/4501 4502/5058/4502
f 4326/4882/4326 4342/4898/4342 4503/5059/4503
f 4326/4882/4326 4503/5059/4503 4504/5060/4504
f 4342/4898/4342 4339/4895/4339 4500/5056/4500
f 4342/4898/4342 4500/5056/4500 4503/5059/4503
f 4503/5059/4503 4500/5056/4500 4502/5058/4502
f 4503/5059/4503 4502/5058/4502 4505/5061/4505
f 4504/5060/4504 4503/5059/4503 4505/5061/4505
f 4504/5060/4504 4505/5061/4505 4506/5062/4506
f 4327/4883/4327 4325/4881/4325 4507/5063/4507
f 4327/4883/4327 4507/5063/4507 4508/5064/4508
f 4325/4881/4325 4326/4882/4326 4504/5060/4504
f 4325/4881/4325 4504/5060/4504 4507/5063/4507
f 4507/5063/4507 4504/5060/4504 4506/5062/4506
f 4507/5063/4507 4506/5062/4506 4509/5065/4509
f 4508/5064/4508 4507/5063/4507 4509/5065/4509
f 4508/5064/4508 4509/5065/4509 4510/5066/4510
f 4314/4870/4314 4330/4886/4330 4511/5067/4511
f 4314/4870/4314 4511/5067/4511 4512/5068/4512
f 4330/4886/4330 4327/4883/4327 4508/5064/4508
f 4330/4886/4330 4508/5064/4508 4511/5067/4511
f 4511/5067/4511 4508/5064/4508 4510/5066/4510
f 4511/5067/4511 4510/5066/4510 4513/5069/4513
f 4512/5068/4512 4511/5067/4511 4513/5069/4513
f 4512/5068/4512 4513/5069/4513 4514/5070/4514
f 4315/4871/4315 4313/4869/4313 4515/5071/4515
f 4315/4871/4315 4515/5071/4515 4516/5072/4516
f 4313/4869/4313 4314/4870/4314 4512/5068/4512
f 4313/4869/4313 4512/5068/4512 4515/5071/4515
f 4515/5071/4515 4512/5068/4512 4514/5070/4514
f 4515/5071/4515 4514/5070/4514 4517/5073/4517
f 4516/5072/4516 4515/5071/4515 4517/5073/4517
f 4516/5072/4516 4517/5073/4517 4518/5074/4518
f 4306/4862/4306 4318/4874/4318 4519/5075/4519
f 4318/4874/4318 4520/5076/4520 4519/5075/4519
f 4318/4874/4318 4315/4871/4315 4516/5072/4516
f 4318/4874/4318 4516/5072/4516 4520/5076/4520
f 4520/5076/4520 4516/5072/4516 4518/5074/4518
f 4520/5076/4520 4518/5074/4518 4521/5077/4521
f 4519/5075/4519 4520/5076/4520 4521/5077/4521
f 4519/5075/4519 4521/5077/4521 4522/5078/4522
f 4296/4852/4296 4305/4861/4305 4523/5079/4523
f 4305/4861/4305 4524/5080/4524 4523/5079/4523
f 4305/4861/4305 4306/4862/4306 4524/5080/4524
f 4306/4862/4306 4519/5075/4519 4524/5080/4524
f 4524/5080/4524 4519/5075/4519 4522/5078/4522
f 4524/5080/4524 4522/5078/4522 4525/5081/4525
f 4523/5079/4523 4524/5080/4524 4525/5081/4525
f 4523/5079/4523 4525/5081/4525 4526/5082/4526
f 4297/4853/4297 4295/4851/4295 4527/5083/4527
f 4295/4851/4295 4528/5084/4528 4527/5083/4527
f 4295/4851/4295 4296/4852/4296 4528/5084/4528
f 4296/4852/4296 4523/5079/4523 4528/5084/4528
f 4528/5084/4528 4523/5079/4523 4529/5085/4529
f 4523/5079/4523 4526/5082/4526 4529/5085/4529
f 4527/5083/4527 4528/5084/4528 4530/5086/4530
f 4528/5084/4528 4529/5085/4529 4530/5086/4530
f 4284/4840/4284 4300/4856/4300 4531/5087/4531
f 4300/4856/4300 4532/5088/4532 4531/5087/4531
f 4300/4856/4300 4297/4853/4297 4532/5088/4532
f 4297/4853/4297 4527/5083/4527 4532/5088/4532
f 4532/5088/4532 4527/5083/4527 4533/5089/4533
f 4527/5083/4527 4530/5086/4530 4533/5089/4533
f 4531/5087/4531 4532/5088/4532 4534/5090/4534
f 4532/5088/4532 4533/5089/4533 4534/5090/4534
f 4285/4841/4285 4283/4839/4283 4535/5091/4535
f 4283/4839/4283 4536/5092/4536 4535/5091/4535
f 4283/4839/4283 4284/4840/4284 4536/5092/4536
f 4284/4840/4284 4531/5087/4531 4536/5092/4536
f 4536/5092/4536 4531/5087/4531 4537/5093/4537
f 4531/5087/4531 4534/5090/4534 4537/5093/4537
f 4535/5091/4535 4536/5092/4536 4538/5094/4538
f 4536/5092/4536 4537/5093/4537 4538/5094/4538
f 4272/4828/4272 4288/4844/4288 4539/5095/4539
f 4288/4844/4288 4540/5096/4540 4539/5095/4539
f 4288/4844/4288 4285/4841/4285 4535/5091/4535
f 4288/4844/4288 4535/5091/4535 4540/5096/4540
f 4540/5096/4540 4535/5091/4535 4538/5094/4538
f 4540/5096/4540 4538/5094/4538 4541/5097/4541
f 4539/5095/4539 4540/5096/4540 4542/5098/4542
f 4540/5096/4540 4541/5097/4541 4542/5098/4542
f 4273/4829/4273 4271/4827/4271 4543/5099/4543
f 4271/4827/4271 4544/5100/4544 4543/5099/4543
f 4271/4827/4271 4272/4828/4272 4544/5100/4544
f 4272/4828/4272 4539/5095/4539 4544/5100/4544
f 4544/5100/4544 4539/5095/4539 4545/5101/4545
f 4539/5095/4539 4542/5098/4542 4545/5101/4545
f 4543/5099/4543 4544/5100/4544 4545/5101/4545
f 4543/5099/4543 4545/5101/4545 4546/5102/4546
f 4197/4753/4197 4276/4832/4276 4547/5103/4547
f 4197/4753/4197 4547/5103/4547 4548/5104/4548
f 4276/4832/4276 4273/4829/4273 4543/5099/4543
f 4276/4832/4276 4543/5099/4543 4547/5103/4547
f 4547/5103/4547 4543/5099/4543 4546/5102/4546
f 4547/5103/4547 4546/5102/4546 4549/5105/4549
f 4548/5104/4548 4547/5103/4547 4549/5105/4549
f 4548/5104/4548 4549/5105/4549 4550/5106/4550
f 4198/4754/4198 4196/4752/4196 4551/5107/4551
f 4198/4754/4198 4551/5107/4551 4552/5108/4552
f 4196/4752/4196 4197/4753/4197 4548/5104/4548
f 4196/4752/4196 4548/5104/4548 4551/5107/4551
f 4551/5107/4551 4548/5104/4548 4550/5106/4550
f 4551/5107/4551 4550/5106/4550 4553/5109/4553
f 4552/5108/4552 4551/5107/4551 4553/5109/4553
f 4552/5108/4552 4553/5109/4553 4554/5110/4554
f 4206/4762/4206 4264/4820/4264 4555/5111/4555
f 4264/4820/4264 4556/5112/4556 4555/5111/4555
f 4264/4820/4264 4198/4754/4198 4552/5108/4552
f 4264/4820/4264 4552/5108/4552 4556/5112/4556
f 4556/5112/4556 4552/5108/4552 4554/5110/4554
f 4556/5112/4556 4554/5110/4554 4557/5113/4557
f 4555/5111/4555 4556/5112/4556 4557/5113/4557
f 4555/5111/4555 4557/5113/4557 4558/5114/4558
f 4207/4763/4207 4205/4761/4205 4559/5115/4559
f 4205/4761/4205 4560/5116/4560 4559/5115/4559
f 4205/4761/4205 4206/4762/4206 4560/5116/4560
f 4206/4762/4206 4555/5111/4555 4560/5116/4560
f 4560/5116/4560 4555/5111/4555 4558/5114/4558
f 4560/5116/4560 4558/5114/4558 4561/5117/4561
f 4559/5115/4559 4560/5116/4560 4561/5117/4561
f 4559/5115/4559 4561/5117/4561 4562/5118/4562
f 4213/4769/4213 4212/4768/4212 4563/5119/4563
f 4212/4768/4212 4564/5120/4564 4563/5119/4563
f 4212/4768/4212 4207/4763/4207 4564/5120/4564
f 4207/4763/4207 4559/5115/4559 4564/5120/4564
f 4564/5120/4564 4559/5115/4559 4565/5121/4565
f 4559/5115/4559 4562/5118/4562 4565/5121/4565
f 4563/5119/4563 4564/5120/4564 4566/5122/4566
f 4564/5120/4564 4565/5121/4565 4566/5122/4566
f 4219/4775/4219 4218/4774/4218 4567/5123/4567
f 4218/4774/4218 4568/5124/4568 4567/5123/4567
f 4218/4774/4218 4213/4769/4213 4568/5124/4568
f 4213/4769/4213 4563/5119/4563 4568/5124/4568
f 4568/5124/4568 4563/5119/4563 4566/5122/4566
f 4568/5124/4568 4566/5122/4566 4569/5125/4569
f 4567/5123/4567 4568/5124/4568 4569/5125/4569
f 4567/5123/4567 4569/5125/4569 4570/5126/4570
f 4225/4781/4225 4224/4780/4224 4571/5127/4571
f 4225/4781/4225 4571/5127/4571 4572/5128/4572
f 4224/4780/4224 4219/4775/4219 4571/5127/4571
f 4219/4775/4219 4567/5123/4567 4571/5127/4571
f 4571/5127/4571 4567/5123/4567 4570/5126/4570
f 4571/5127/4571 4570/5126/4570 4573/5129/4573
f 4572/5128/4572 4571/5127/4571 4573/5129/4573
f 4572/5128/4572 4573/5129/4573 4574/5130/4574
f 4231/4787/4231 4230/4786/4230 4575/5131/4575
f 4230/4786/4230 4576/5132/4576 4575/5131/4575
f 4230/4786/4230 4225/4781/4225 4576/5132/4576
f 4225/4781/4225 4572/5128/4572 4576/5132/4576
f 4576/5132/4576 4572/5128/4572 4577/5133/4577
f 4572/5128/4572 4574/5130/4574 4577/5133/4577
f 4575/5131/4575 4576/5132/4576 4578/5134/4578
f 4576/5132/4576 4577/5133/4577 4578/5134/4578
f 4237/4793/4237 4236/4792/4236 4579/5135/4579
f 4237/4793/4237 4579/5135/4579 4580/5136/4580
f 4236/4792/4236 4231/4787/4231 4579/5135/4579
f 4231/4787/4231 4575/5131/4575 4579/5135/4579
f 4579/5135/4579 4575/5131/4575 4581/5137/4581
f 4575/5131/4575 4578/5134/4578 4581/5137/4581
f 4580/5136/4580 4579/5135/4579 4581/5137/4581
f 4580/5136/4580 4581/5137/4581 4582/5138/4582
f 4243/4799/4243 4242/4798/4242 4583/5139/4583
f 4243/4799/4243 4583/5139/4583 4584/5140/4584
f 4242/4798/4242 4237/4793/4237 4580/5136/4580
f 4242/4798/4242 4580/5136/4580 4583/5139/4583
f 4583/5139/4583 4580/5136/4580 4582/5138/4582
f 4583/5139/4583 4582/5138/4582 4585/5141/4585
f 4584/5140/4584 4583/5139/4583 4585/5141/4585
f 4584/5140/4584 4585/5141/4585 4586/5142/4586
f 4249/4805/4249 4248/4804/4248 4587/5143/4587
f 4248/4804/4248 4588/5144/4588 4587/5143/4587
f 4248/4804/4248 4243/4799/4243 4584/5140/4584
f 4248/4804/4248 4584/5140/4584 4588/5144/4588
f 4588/5144/4588 4584/5140/4584 4586/5142/4586
f 4588/5144/4588 4586/5142/4586 4589/5145/4589
f 4587/5143/4587 4588/5144/4588 4590/5146/4590
f 4588/5144/4588 4589/5145/4589 4590/5146/4590
f 4258/4814/4258 4261/4817/4261 4591/5147/4591
f 4261/4817/4261 4592/5148/4592 4591/5147/4591
f 4261/4817/4261 4249/4805/4249 4592/5148/4592
f 4249/4805/4249 4587/5143/4587 4592/5148/4592
f 4592/5148/4592 4587/5143/4587 4593/5149/4593
f 4587/5143/4587 4590/5146/4590 4593/5149/4593
f 4591/5147/4591 4592/5148/4592 4594/5150/4594
f 4592/5148/4592 4593/5149/4593 4594/5150/4594
f 4595/5151/4595 4596/5152/4596 4597/5153/4597
f 4595/5151/4595 4597/5153/4597 4598/5154/4598
f 4596/5152/4596 4250/4806/4250 4253/4809/4253
f 4596/5152/4596 4253/4809/4253 4597/5153/4597
f 4597/5153/4597 4253/4809/4253 4258/4814/4258
f 4597/5153/4597 4258/4814/4258 4591/5147/4591
f 4598/5154/4598 4597/5153/4597 4591/5147/4591
f 4598/5154/4598 4591/5147/4591 4594/5150/4594
f 3081/5155/3081 4599/5156/4599 4600/5157/4600
f 3081/5155/3081 4600/5157/4600 4601/5158/4601
f 4599/5156/4599 4602/5159/4602 4603/5160/4603
f 4599/5156/4599 4603/5160/4603 4600/5157/4600
f 4600/5157/4600 4603/5160/4603 4604/5161/4604
f 4600/5157/4600 4604/5161/4604 4605/5162/4605
f 4601/5158/4601 4600/5157/4600 4605/5162/4605
f 4601/5158/4601 4605/5162/4605 4606/5163/4606
f 4602/5159/4602 4607/5164/4607 4608/5165/4608
f 4602/5159/4602 4608/5165/4608 4603/5160/4603
f 4607/5164/4607 4609/5166/4609 4610/5167/4610
f 4607/5164/4607 4610/5167/4610 4608/5165/4608
f 4608/5165/4608 4610/5167/4610 4611/5168/4611
f 4608/5165/4608 4611/5168/4611 4612/5169/4612
f 4603/5160/4603 4608/5165/4608 4612/5169/4612
f 4603/5160/4603 4612/5169/4612 4604/5161/4604
f 4609/5166/4609 4613/5170/4613 4614/5171/4614
f 4609/5166/4609 4614/5171/4614 4610/5167/4610
f 4613/5170/4613 4615/5172/4615 4614/5171/4614
f 4615/5172/4615 4616/5173/4616 4614/5171/4614
f 4614/5171/4614 4616/5173/4616 4617/5174/4617
f 4616/5173/4616 4618/5175/4618 4617/5174/4617
f 4610/5167/4610 4614/5171/4614 4617/5174/4617
f 4610/5167/4610 4617/5174/4617 4611/5168/4611
f 4615/5172/4615 4619/5176/4619 4616/5173/4616
f 4619/5176/4619 4620/5177/4620 4616/5173/4616
f 4619/5176/4619 4621/5178/4621 4620/5177/4620
f 4621/5178/4621 4622/5179/4622 4620/5177/4620
f 4620/5177/4620 4622/5179/4622 4623/5180/4623
f 4622/5179/4622 4624/5181/4624 4623/5180/4623
f 4616/5173/4616 4620/5177/4620 4618/5175/4618
f 4620/5177/4620 4623/5180/4623 4618/5175/4618
f 4621/5178/4621 4625/5182/4625 4622/5179/4622
f 4625/5182/4625 4626/5183/4626 4622/5179/4622
f 4625/5182/4625 4627/5184/4627 4628/5185/4628
f 4625/5182/4625 4628/5185/4628 4626/5183/4626
f 4626/5183/4626 4628/5185/4628 4629/5186/4629
f 4626/5183/4626 4629/5186/4629 4630/5187/4630
f 4622/5179/4622 4626/5183/4626 4624/5181/4624
f 4626/5183/4626 4630/5187/4630 4624/5181/4624
f 4627/5184/4627 4631/5188/4631 4632/5189/4632
f 4627/5184/4627 4632/5189/4632 4628/5185/4628
f 4631/5188/4631 4633/5190/4633 4634/5191/4634
f 4631/5188/4631 4634/5191/4634 4632/5189/4632
f 4632/5189/4632 4634/5191/4634 4635/5192/4635
f 4632/5189/4632 4635/5192/4635 4636/5193/4636
f 4628/5185/4628 4632/5189/4632 4636/5193/4636
f 4628/5185/4628 4636/5193/4636 4629/5186/4629
f 4633/5190/4633 4637/5194/4637 4634/5191/4634
f 4637/5194/4637 4638/5195/4638 4634/5191/4634
f 4637/5194/4637 4639/5196/4639 4638/5195/4638
f 4639/5196/4639 4640/5197/4640 4638/5195/4638
f 4638/5195/4638 4640/5197/4640 4641/5198/4641
f 4640/5197/4640 4642/5199/4642 4641/5198/4641
f 4634/5191/4634 4638/5195/4638 4635/5192/4635
f 4638/5195/4638 4641/5198/4641 4635/5192/4635
f 4639/5196/4639 4643/5200/4643 4640/5197/4640
f 4643/5200/4643 4644/5201/4644 4640/5197/4640
f 4643/5200/4643 4645/5202/4645 4644/5201/4644
f 4645/5202/4645 4646/5203/4646 4644/5201/4644
f 4644/5201/4644 4646/5203/4646 4647/5204/4647
f 4646/5203/4646 4648/5205/4648 4647/5204/4647
f 4640/5197/4640 4644/5201/4644 4642/5199/4642
f 4644/5201/4644 4647/5204/4647 4642/5199/4642
f 4645/5202/4645 4649/5206/4649 4646/5203/4646
f 4649/5206/4649 4650/5207/4650 4646/5203/4646
f 4649/5206/4649 4651/5208/4651 4650/5207/4650
f 4651/5208/4651 4652/5209/4652 4650/5207/4650
f 4650/5207/4650 4652/5209/4652 4653/5210/4653
f 4652/5209/4652 4654/5211/4654 4653/5210/4653
f 4646/5203/4646 4650/5207/4650 4648/5205/4648
f 4650/5207/4650 4653/5210/4653 4648/5205/4648
f 4651/5208/4651 4655/5212/4655 4652/5209/4652
f 4655/5212/4655 4656/5213/4656 4652/5209/4652
f 4655/5212/4655 4657/5214/4657 4656/5213/4656
f 4657/5214/4657 4658/5215/4658 4656/5213/4656
f 4656/5213/4656 4658/5215/4658 4659/5216/4659
f 4658/5215/4658 4660/5217/4660 4659/5216/4659
f 4652/5209/4652 4656/5213/4656 4654/5211/4654
f 4656/5213/4656 4659/5216/4659 4654/5211/4654
f 4657/5214/4657 4661/5218/4661 4658/5215/4658
f 4661/5218/4661 4662/5219/4662 4658/5215/4658
f 4661/5218/4661 4663/5220/4663 4662/5219/4662
f 4663/5220/4663 4664/5221/4664 4662/5219/4662
f 4662/5219/4662 4664/5221/4664 4665/5222/4665
f 4664/5221/4664 4666/5223/4666 4665/5222/4665
f 4658/5215/4658 4662/5219/4662 4660/5217/4660
f 4662/5219/4662 4665/5222/4665 4660/5217/4660
f 4663/5220/4663 4667/5224/4667 4664/5221/4664
f 4667/5224/4667 4668/5225/4668 4664/5221/4664
f 4667/5224/4667 4669/5226/4669 4668/5225/4668
f 4669/5226/4669 4670/5227/4670 4668/5225/4668
f 4668/5225/4668 4670/5227/4670 4671/5228/4671
f 4670/5227/4670 4672/5229/4672 4671/5228/4671
f 4664/5221/4664 4668/5225/4668 4666/5223/4666
f 4668/5225/4668 4671/5228/4671 4666/5223/4666
f 4669/5226/4669 4673/5230/4673 4670/5227/4670
f 4673/5230/4673 4674/5231/4674 4670/5227/4670
f 4673/5230/4673 4675/5232/4675 4674/5231/4674
f 4675/5232/4675 4676/5233/4676 4674/5231/4674
f 4674/5231/4674 4676/5233/4676 4677/5234/4677
f 4676/5233/4676 4678/5235/4678 4677/5234/4677
f 4670/5227/4670 4674/5231/4674 4672/5229/4672
f 4674/5231/4674 4677/5234/4677 4672/5229/4672
f 4675/5232/4675 4679/5236/4679 4676/5233/4676
f 4679/5236/4679 4680/5237/4680 4676/5233/4676
f 4679/5236/4679 4681/5238/4681 4680/5237/4680
f 4681/5238/4681 4682/5239/4682 4680/5237/4680
f 4680/5237/4680 4682/5239/4682 4683/5240/4683
f 4682/5239/4682 4684/5241/4684 4683/5240/4683
f 4676/5233/4676 4680/5237/4680 4678/5235/4678
f 4680/5237/4680 4683/5240/4683 4678/5235/4678
f 4681/5238/4681 4685/5242/4685 4682/5239/4682
f 4685/5242/4685 4686/5243/4686 4682/5239/4682
f 4685/5242/4685 4687/5244/4687 4686/5243/4686
f 4687/5244/4687 4688/5245/4688 4686/5243/4686
f 4686/5243/4686 4688/5245/4688 4689/5246/4689
f 4688/5245/4688 4690/5247/4690 4689/5246/4689
f 4682/5239/4682 4686/5243/4686 4684/5241/4684
f 4686/5243/4686 4689/5246/4689 4684/5241/4684
f 4687/5244/4687 4691/5248/4691 4688/5245/4688
f 4691/5248/4691 4692/5249/4692 4688/5245/4688
f 4691/5248/4691 4693/5250/4693 4692/5249/4692
f 4693/5250/4693 4694/5251/4694 4692/5249/4692
f 4692/5249/4692 4694/5251/4694 4695/5252/4695
f 4694/5251/4694 4696/5253/4696 4695/5252/4695
f 4688/5245/4688 4692/5249/4692 4690/5247/4690
f 4692/5249/4692 4695/5252/4695 4690/5247/4690
f 4693/5250/4693 4697/5254/4697 4694/5251/4694
f 4697/5254/4697 4698/5255/4698 4694/5251/4694
f 4697/5254/4697 4699/5256/4699 4698/5255/4698
f 4699/5256/4699 4700/5257/4700 4698/5255/4698
f 4698/5255/4698 4700/5257/4700 4701/5258/4701
f 4700/5257/4700 4702/5259/4702 4701/5258/4701
f 4694/5251/4694 4698/5255/4698 4696/5253/4696
f 4698/5255/4698 4701/5258/4701 4696/5253/4696
f 4699/5256/4699 4703/5260/4703 4700/5257/4700
f 4703/5260/4703 4704/5261/4704 4700/5257/4700
f 4703/5260/4703 4705/5262/4705 4704/5261/4704
f 4705/5262/4705 4706/5263/4706 4704/5261/4704
f 4704/5261/4704 4706/5263/4706 4707/5264/4707
f 4706/5263/4706 4708/5265/4708 4707/5264/4707
f 4700/5257/4700 4704/5261/4704 4702/5259/4702
f 4704/5261/4704 4707/5264/4707 4702/5259/4702
f 4705/5262/4705 4709/5266/4709 4706/5263/4706
f 4709/5266/4709 4710/5267/4710 4706/5263/4706
f 4709/5266/4709 4711/5268/4711 4710/5267/4710
f 4711/5268/4711 4712/5269/4712 4710/5267/4710
f 4710/5267/4710 4712/5269/4712 4713/5270/4713
f 4712/5269/4712 4714/5271/4714 4713/5270/4713
f 4706/5263/4706 4710/5267/4710 4708/5265/4708
f 4710/5267/4710 4713/5270/4713 4708/5265/4708
f 4711/5268/4711 4715/5272/4715 4712/5269/4712
f 4715/5272/4715 4716/5273/4716 4712/5269/4712
f 4715/5272/4715 4717/5274/4717 4716/5273/4716
f 4717/5274/4717 4718/5275/4718 4716/5273/4716
f 4716/5273/4716 4718/5275/4718 4719/5276/4719
f 4718/5275/4718 4720/5277/4720 4719/5276/4719
f 4712/5269/4712 4716/5273/4716 4714/5271/4714
f 4716/5273/4716 4719/5276/4719 4714/5271/4714
f 4717/5274/4717 4721/5278/4721 4718/5275/4718
f 4721/5278/4721 4722/5279/4722 4718/5275/4718
f 4721/5278/4721 4723/5280/4723 4722/5279/4722
f 4723/5280/4723 4724/5281/4724 4722/5279/4722
f 4722/5279/4722 4724/5281/4724 4725/5282/4725
f 4724/5281/4724 4726/5283/4726 4725/5282/4725
f 4718/5275/4718 4722/5279/4722 4720/5277/4720
f 4722/5279/4722 4725/5282/4725 4720/5277/4720
f 4723/5280/4723 4727/5284/4727 4724/5281/4724
f 4727/5284/4727 4728/5285/4728 4724/5281/4724
f 4727/5284/4727 4729/5286/4729 4728/5285/4728
f 4729/5286/4729 4730/5287/4730 4728/5285/4728
f 4728/5285/4728 4730/5287/4730 4731/5288/4731
f 4730/5287/4730 4732/5289/4732 4731/5288/4731
f 4724/5281/4724 4728/5285/4728 4726/5283/4726
f 4728/5285/4728 4731/5288/4731 4726/5283/4726
f 4729/5286/4729 4733/5290/4733 4730/5287/4730
f 4733/5290/4733 4734/5291/4734 4730/5287/4730
f 4733/5290/4733 4735/5292/4735 4734/5291/4734
f 4735/5292/4735 4736/5293/4736 4734/5291/4734
f 4734/5291/4734 4736/5293/4736 4737/5294/4737
f 4736/5293/4736 4738/5295/4738 4737/5294/4737
f 4730/5287/4730 4734/5291/4734 4732/5289/4732
f 4734/5291/4734 4737/5294/4737 4732/5289/4732
f 1076/1194/1076 4739/5296/4739 4740/5297/4740
f 1076/1194/1076 4740/5297/4740 4741/5298/4741
f 4739/5296/4739 4742/5299/4742 4743/5300/4743
f 4739/5296/4739 4743/5300/4743 4740/5297/4740
f 4740/5297/4740 4743/5300/4743 4738/5295/4738
f 4740/5297/4740 4738/5295/4738 4736/5293/4736
f 4741/5298/4741 4740/5297/4740 4736/5293/4736
f 4741/5298/4741 4736/5293/4736 4735/5292/4735
f 3922/4442/3922 4744/5301/4744 4745/5302/4745
f 3922/4442/3922 4745/5302/4745 3921/4441/3921
f 4742/5299/4742 4739/5296/4739 4745/5302/4745
f 4742/5299/4742 4745/5302/4745 4744/5301/4744
f 1076/1194/1076 3921/4441/3921 4745/5302/4745
f 1076/1194/1076 4745/5302/4745 4739/5296/4739
f 3925/4445/3925 4345/4901/4345 4746/5303/4746
f 3925/4445/3925 4746/5303/4746 3926/4446/3926
f 4335/4891/4335 4747/5304/4747 4746/5303/4746
f 4335/4891/4335 4746/5303/4746 4345/4901/4345
f 3922/4442/3922 3926/4446/3926 4746/5303/4746
f 3922/4442/3922 4746/5303/4746 4747/5304/4747
f 3922/4442/3922 4747/5304/4747 4748/5305/4748
f 3922/4442/3922 4748/5305/4748 4744/5301/4744
f 4747/5304/4747 4335/4891/4335 4332/4888/4332
f 4747/5304/4747 4332/4888/4332 4748/5305/4748
f 4748/5305/4748 4332/4888/4332 4749/5306/4749
f 4332/4888/4332 4331/4887/4331 4749/5306/4749
f 4744/5301/4744 4748/5305/4748 4749/5306/4749
f 4744/5301/4744 4749/5306/4749 4742/5299/4742
f 4738/5295/4738 4743/5300/4743 4750/5307/4750
f 4743/5300/4743 4751/5308/4751 4750/5307/4750
f 4743/5300/4743 4742/5299/4742 4751/5308/4751
f 4742/5299/4742 4749/5306/4749 4751/5308/4751
f 4751/5308/4751 4749/5306/4749 4331/4887/4331
f 4751/5308/4751 4331/4887/4331 4340/4896/4340
f 4750/5307/4750 4751/5308/4751 4323/4879/4323
f 4751/5308/4751 4340/4896/4340 4323/4879/4323
f 4732/5289/4732 4737/5294/4737 4752/5309/4752
f 4737/5294/4737 4753/5310/4753 4752/5309/4752
f 4737/5294/4737 4738/5295/4738 4753/5310/4753
f 4738/5295/4738 4750/5307/4750 4753/5310/4753
f 4753/5310/4753 4750/5307/4750 4320/4876/4320
f 4750/5307/4750 4323/4879/4323 4320/4876/4320
f 4752/5309/4752 4753/5310/4753 4319/4875/4319
f 4753/5310/4753 4320/4876/4320 4319/4875/4319
f 4726/5283/4726 4731/5288/4731 4754/5311/4754
f 4731/5288/4731 4755/5312/4755 4754/5311/4754
f 4731/5288/4731 4732/5289/4732 4755/5312/4755
f 4732/5289/4732 4752/5309/4752 4755/5312/4755
f 4755/5312/4755 4752/5309/4752 4328/4884/4328
f 4752/5309/4752 4319/4875/4319 4328/4884/4328
f 4754/5311/4754 4755/5312/4755 4311/4867/4311
f 4755/5312/4755 4328/4884/4328 4311/4867/4311
f 4720/5277/4720 4725/5282/4725 4756/5313/4756
f 4725/5282/4725 4757/5314/4757 4756/5313/4756
f 4725/5282/4725 4726/5283/4726 4757/5314/4757
f 4726/5283/4726 4754/5311/4754 4757/5314/4757
f 4757/5314/4757 4754/5311/4754 4308/4864/4308
f 4754/5311/4754 4311/4867/4311 4308/4864/4308
f 4756/5313/4756 4757/5314/4757 4307/4863/4307
f 4757/5314/4757 4308/4864/4308 4307/4863/4307
f 4714/5271/4714 4719/5276/4719 4758/5315/4758
f 4719/5276/4719 4759/5316/4759 4758/5315/4758
f 4719/5276/4719 4720/5277/4720 4759/5316/4759
f 4720/5277/4720 4756/5313/4756 4759/5316/4759
f 4759/5316/4759 4756/5313/4756 4316/4872/4316
f 4756/5313/4756 4307/4863/4307 4316/4872/4316
f 4758/5315/4758 4759/5316/4759 4303/4859/4303
f 4759/5316/4759 4316/4872/4316 4303/4859/4303
f 4708/5265/4708 4713/5270/4713 4760/5317/4760
f 4713/5270/4713 4761/5318/4761 4760/5317/4760
f 4713/5270/4713 4714/5271/4714 4761/5318/4761
f 4714/5271/4714 4758/5315/4758 4761/5318/4761
f 4761/5318/4761 4758/5315/4758 4301/4857/4301
f 4758/5315/4758 4303/4859/4303 4301/4857/4301
f 4760/5317/4760 4761/5318/4761 4293/4849/4293
f 4761/5318/4761 4301/4857/4301 4293/4849/4293
f 4702/5259/4702 4707/5264/4707 4762/5319/4762
f 4707/5264/4707 4763/5320/4763 4762/5319/4762
f 4707/5264/4707 4708/5265/4708 4763/5320/4763
f 4708/5265/4708 4760/5317/4760 4763/5320/4763
f 4763/5320/4763 4760/5317/4760 4290/4846/4290
f 4760/5317/4760 4293/4849/4293 4290/4846/4290
f 4762/5319/4762 4763/5320/4763 4289/4845/4289
f 4763/5320/4763 4290/4846/4290 4289/4845/4289
f 4696/5253/4696 4701/5258/4701 4764/5321/4764
f 4701/5258/4701 4765/5322/4765 4764/5321/4764
f 4701/5258/4701 4702/5259/4702 4765/5322/4765
f 4702/5259/4702 4762/5319/4762 4765/5322/4765
f 4765/5322/4765 4762/5319/4762 4298/4854/4298
f 4762/5319/4762 4289/4845/4289 4298/4854/4298
f 4764/5321/4764 4765/5322/4765 4281/4837/4281
f 4765/5322/4765 4298/4854/4298 4281/4837/4281
f 4690/5247/4690 4695/5252/4695 4766/5323/4766
f 4695/5252/4695 4767/5324/4767 4766/5323/4766
f 4695/5252/4695 4696/5253/4696 4767/5324/4767
f 4696/5253/4696 4764/5321/4764 4767/5324/4767
f 4767/5324/4767 4764/5321/4764 4278/4834/4278
f 4764/5321/4764 4281/4837/4281 4278/4834/4278
f 4766/5323/4766 4767/5324/4767 4277/4833/4277
f 4767/5324/4767 4278/4834/4278 4277/4833/4277
f 4684/5241/4684 4689/5246/4689 4768/5325/4768
f 4684/5241/4684 4768/5325/4768 4769/5326/4769
f 4689/5246/4689 4690/5247/4690 4768/5325/4768
f 4690/5247/4690 4766/5323/4766 4768/5325/4768
f 4768/5325/4768 4766/5323/4766 4286/4842/4286
f 4766/5323/4766 4277/4833/4277 4286/4842/4286
f 4769/5326/4769 4768/5325/4768 4286/4842/4286
f 4769/5326/4769 4286/4842/4286 4269/4825/4269
f 4678/5235/4678 4683/5240/4683 4770/5327/4770
f 4683/5240/4683 4771/5328/4771 4770/5327/4770
f 4683/5240/4683 4684/5241/4684 4771/5328/4771
f 4684/5241/4684 4769/5326/4769 4771/5328/4771
f 4771/5328/4771 4769/5326/4769 4266/4822/4266
f 4769/5326/4769 4269/4825/4269 4266/4822/4266
f 4770/5327/4770 4771/5328/4771 4265/4821/4265
f 4771/5328/4771 4266/4822/4266 4265/4821/4265
f 4672/5229/4672 4677/5234/4677 4772/5329/4772
f 4677/5234/4677 4773/5330/4773 4772/5329/4772
f 4677/5234/4677 4678/5235/4678 4773/5330/4773
f 4678/5235/4678 4770/5327/4770 4773/5330/4773
f 4773/5330/4773 4770/5327/4770 4274/4830/4274
f 4770/5327/4770 4265/4821/4265 4274/4830/4274
f 4772/5329/4772 4773/5330/4773 4194/4750/4194
f 4773/5330/4773 4274/4830/4274 4194/4750/4194
f 4666/5223/4666 4671/5228/4671 4774/5331/4774
f 4671/5228/4671 4775/5332/4775 4774/5331/4774
f 4671/5228/4671 4672/5229/4672 4775/5332/4775
f 4672/5229/4672 4772/5329/4772 4775/5332/4775
f 4775/5332/4775 4772/5329/4772 4191/4747/4191
f 4772/5329/4772 4194/4750/4194 4191/4747/4191
f 4774/5331/4774 4775/5332/4775 4190/4746/4190
f 4775/5332/4775 4191/4747/4191 4190/4746/4190
f 4660/5217/4660 4665/5222/4665 4776/5333/4776
f 4665/5222/4665 4777/5334/4777 4776/5333/4776
f 4665/5222/4665 4666/5223/4666 4777/5334/4777
f 4666/5223/4666 4774/5331/4774 4777/5334/4777
f 4777/5334/4777 4774/5331/4774 4262/4818/4262
f 4774/5331/4774 4190/4746/4190 4262/4818/4262
f 4776/5333/4776 4777/5334/4777 4203/4759/4203
f 4777/5334/4777 4262/4818/4262 4203/4759/4203
f 4654/5211/4654 4659/5216/4659 4778/5335/4778
f 4659/5216/4659 4779/5336/4779 4778/5335/4778
f 4659/5216/4659 4660/5217/4660 4779/5336/4779
f 4660/5217/4660 4776/5333/4776 4779/5336/4779
f 4779/5336/4779 4776/5333/4776 4200/4756/4200
f 4776/5333/4776 4203/4759/4203 4200/4756/4200
f 4778/5335/4778 4779/5336/4779 4199/4755/4199
f 4779/5336/4779 4200/4756/4200 4199/4755/4199
f 4648/5205/4648 4653/5210/4653 4780/5337/4780
f 4653/5210/4653 4781/5338/4781 4780/5337/4780
f 4653/5210/4653 4654/5211/4654 4781/5338/4781
f 4654/5211/4654 4778/5335/4778 4781/5338/4781
f 4781/5338/4781 4778/5335/4778 4209/4765/4209
f 4778/5335/4778 4199/4755/4199 4209/4765/4209
f 4780/5337/4780 4781/5338/4781 4208/4764/4208
f 4781/5338/4781 4209/4765/4209 4208/4764/4208
f 4642/5199/4642 4647/5204/4647 4782/5339/4782
f 4647/5204/4647 4783/5340/4783 4782/5339/4782
f 4647/5204/4647 4648/5205/4648 4783/5340/4783
f 4648/5205/4648 4780/5337/4780 4783/5340/4783
f 4783/5340/4783 4780/5337/4780 4215/4771/4215
f 4780/5337/4780 4208/4764/4208 4215/4771/4215
f 4782/5339/4782 4783/5340/4783 4214/4770/4214
f 4783/5340/4783 4215/4771/4215 4214/4770/4214
f 4635/5192/4635 4641/5198/4641 4784/5341/4784
f 4641/5198/4641 4785/5342/4785 4784/5341/4784
f 4641/5198/4641 4642/5199/4642 4785/5342/4785
f 4642/5199/4642 4782/5339/4782 4785/5342/4785
f 4785/5342/4785 4782/5339/4782 4221/4777/4221
f 4782/5339/4782 4214/4770/4214 4221/4777/4221
f 4784/5341/4784 4785/5342/4785 4220/4776/4220
f 4785/5342/4785 4221/4777/4221 4220/4776/4220
f 4629/5186/4629 4636/5193/4636 4786/5343/4786
f 4629/5186/4629 4786/5343/4786 4787/5344/4787
f 4636/5193/4636 4635/5192/4635 4784/5341/4784
f 4636/5193/4636 4784/5341/4784 4786/5343/4786
f 4786/5343/4786 4784/5341/4784 4220/4776/4220
f 4786/5343/4786 4220/4776/4220 4227/4783/4227
f 4787/5344/4787 4786/5343/4786 4227/4783/4227
f 4787/5344/4787 4227/4783/4227 4226/4782/4226
f 4624/5181/4624 4630/5187/4630 4788/5345/4788
f 4630/5187/4630 4789/5346/4789 4788/5345/4788
f 4630/5187/4630 4629/5186/4629 4787/5344/4787
f 4630/5187/4630 4787/5344/4787 4789/5346/4789
f 4789/5346/4789 4787/5344/4787 4226/4782/4226
f 4789/5346/4789 4226/4782/4226 4233/4789/4233
f 4788/5345/4788 4789/5346/4789 4232/4788/4232
f 4789/5346/4789 4233/4789/4233 4232/4788/4232
f 4618/5175/4618 4623/5180/4623 4790/5347/4790
f 4623/5180/4623 4791/5348/4791 4790/5347/4790
f 4623/5180/4623 4624/5181/4624 4791/5348/4791
f 4624/5181/4624 4788/5345/4788 4791/5348/4791
f 4791/5348/4791 4788/5345/4788 4239/4795/4239
f 4788/5345/4788 4232/4788/4232 4239/4795/4239
f 4790/5347/4790 4791/5348/4791 4238/4794/4238
f 4791/5348/4791 4239/4795/4239 4238/4794/4238
f 4611/5168/4611 4617/5174/4617 4792/5349/4792
f 4611/5168/4611 4792/5349/4792 4793/5350/4793
f 4617/5174/4617 4618/5175/4618 4792/5349/4792
f 4618/5175/4618 4790/5347/4790 4792/5349/4792
f 4792/5349/4792 4790/5347/4790 4245/4801/4245
f 4790/5347/4790 4238/4794/4238 4245/4801/4245
f 4793/5350/4793 4792/5349/4792 4245/4801/4245
f 4793/5350/4793 4245/4801/4245 4244/4800/4244
f 4604/5161/4604 4612/5169/4612 4794/5351/4794
f 4604/5161/4604 4794/5351/4794 4795/5352/4795
f 4612/5169/4612 4611/5168/4611 4793/5350/4793
f 4612/5169/4612 4793/5350/4793 4794/5351/4794
f 4794/5351/4794 4793/5350/4793 4244/4800/4244
f 4794/5351/4794 4244/4800/4244 4259/4815/4259
f 4795/5352/4795 4794/5351/4794 4259/4815/4259
f 4795/5352/4795 4259/4815/4259 4257/4813/4257
f 4254/4810/4254 4796/5353/4796 4797/5354/4797
f 4254/4810/4254 4797/5354/4797 4255/4811/4255
f 4796/5353/4796 4606/5163/4606 4797/5354/4797
f 4606/5163/4606 4605/5162/4605 4797/5354/4797
f 4797/5354/4797 4605/5162/4605 4795/5352/4795
f 4605/5162/4605 4604/5161/4604 4795/5352/4795
f 4255/4811/4255 4797/5354/4797 4257/4813/4257
f 4797/5354/4797 4795/5352/4795 4257/4813/4257
f 4004/5355/4004 4798/5356/4798 4799/5357/4799
f 4004/5355/4004 4799/5357/4799 4007/5358/4007
f 4602/5159/4602 4599/5156/4599 4799/5357/4799
f 4602/5159/4602 4799/5357/4799 4798/5356/4798
f 3081/5155/3081 4007/5358/4007 4799/5357/4799
f 3081/5155/3081 4799/5357/4799 4599/5156/4599
f 4000/5359/4000 4800/5360/4800 4801/5361/4801
f 4000/5359/4000 4801/5361/4801 4003/5362/4003
f 4802/5363/4802 4803/5364/4803 4801/5361/4801
f 4802/5363/4802 4801/5361/4801 4800/5360/4800
f 4004/5355/4004 4003/5362/4003 4801/5361/4801
f 4004/5355/4004 4801/5361/4801 4803/5364/4803
f 4000/5359/4000 4804/5365/4804 4805/5366/4805
f 4000/5359/4000 4805/5366/4805 4800/5360/4800
f 4804/5365/4804 4806/5367/4806 4807/5368/4807
f 4804/5365/4804 4807/5368/4807 4805/5366/4805
f 4805/5366/4805 4807/5368/4807 4808/5369/4808
f 4807/5368/4807 4809/5370/4809 4808/5369/4808
f 4800/5360/4800 4805/5366/4805 4808/5369/4808
f 4800/5360/4800 4808/5369/4808 4802/5363/4802
f 4806/5367/4806 4810/5371/4810 4811/5372/4811
f 4806/5367/4806 4811/5372/4811 4807/5368/4807
f 4810/5371/4810 4812/5373/4812 4811/5372/4811
f 4812/5373/4812 4813/5374/4813 4811/5372/4811
f 4811/5372/4811 4813/5374/4813 4814/5375/4814
f 4813/5374/4813 4815/5376/4815 4814/5375/4814
f 4807/5368/4807 4811/5372/4811 4809/5370/4809
f 4811/5372/4811 4814/5375/4814 4809/5370/4809
f 4812/5373/4812 4816/5377/4816 4813/5374/4813
f 4816/5377/4816 4817/5378/4817 4813/5374/4813
f 4816/5377/4816 4818/5379/4818 4819/5380/4819
f 4816/5377/4816 4819/5380/4819 4817/5378/4817
f 4817/5378/4817 4819/5380/4819 4820/5381/4820
f 4817/5378/4817 4820/5381/4820 4821/5382/4821
f 4813/5374/4813 4817/5378/4817 4815/5376/4815
f 4817/5378/4817 4821/5382/4821 4815/5376/4815
f 4818/5379/4818 4822/5383/4822 4823/5384/4823
f 4818/5379/4818 4823/5384/4823 4819/5380/4819
f 4822/5383/4822 4824/5385/4824 4825/5386/4825
f 4822/5383/4822 4825/5386/4825 4823/5384/4823
f 4823/5384/4823 4825/5386/4825 4826/5387/4826
f 4823/5384/4823 4826/5387/4826 4827/5388/4827
f 4819/5380/4819 4823/5384/4823 4827/5388/4827
f 4819/5380/4819 4827/5388/4827 4820/5381/4820
f 4824/5385/4824 4828/5389/4828 4825/5386/4825
f 4828/5389/4828 4829/5390/4829 4825/5386/4825
f 4828/5389/4828 4830/5391/4830 4829/5390/4829
f 4830/5391/4830 4831/5392/4831 4829/5390/4829
f 4829/5390/4829 4831/5392/4831 4832/5393/4832
f 4831/5392/4831 4833/5394/4833 4832/5393/4832
f 4825/5386/4825 4829/5390/4829 4826/5387/4826
f 4829/5390/4829 4832/5393/4832 4826/5387/4826
f 4830/5391/4830 4834/5395/4834 4831/5392/4831
f 4834/5395/4834 4835/5396/4835 4831/5392/4831
f 4834/5395/4834 4836/5397/4836 4835/5396/4835
f 4836/5397/4836 4837/5398/4837 4835/5396/4835
f 4835/5396/4835 4837/5398/4837 4838/5399/4838
f 4837/5398/4837 4839/5400/4839 4838/5399/4838
f 4831/5392/4831 4835/5396/4835 4833/5394/4833
f 4835/5396/4835 4838/5399/4838 4833/5394/4833
f 4836/5397/4836 4840/5401/4840 4837/5398/4837
f 4840/5401/4840 4841/5402/4841 4837/5398/4837
f 4840/5401/4840 4842/5403/4842 4841/5402/4841
f 4842/5403/4842 4843/5404/4843 4841/5402/4841
f 4841/5402/4841 4843/5404/4843 4844/5405/4844
f 4843/5404/4843 4845/5406/4845 4844/5405/4844
f 4837/5398/4837 4841/5402/4841 4839/5400/4839
f 4841/5402/4841 4844/5405/4844 4839/5400/4839
f 4842/5403/4842 4846/5407/4846 4843/5404/4843
f 4846/5407/4846 4847/5408/4847 4843/5404/4843
f 4846/5407/4846 4848/5409/4848 4847/5408/4847
f 4848/5409/4848 4849/5410/4849 4847/5408/4847
f 4847/5408/4847 4849/5410/4849 4850/5411/4850
f 4849/5410/4849 4851/5412/4851 4850/5411/4850
f 4843/5404/4843 4847/5408/4847 4845/5406/4845
f 4847/5408/4847 4850/5411/4850 4845/5406/4845
f 4848/5409/4848 4852/5413/4852 4849/5410/4849
f 4852/5413/4852 4853/5414/4853 4849/5410/4849
f 4852/5413/4852 4854/5415/4854 4853/5414/4853
f 4854/5415/4854 4855/5416/4855 4853/5414/4853
f 4853/5414/4853 4855/5416/4855 4856/5417/4856
f 4855/5416/4855 4857/5418/4857 4856/5417/4856
f 4849/5410/4849 4853/5414/4853 4851/5412/4851
f 4853/5414/4853 4856/5417/4856 4851/5412/4851
f 4854/5415/4854 4858/5419/4858 4855/5416/4855
f 4858/5419/4858 4859/5420/4859 4855/5416/4855
f 4858/5419/4858 4860/5421/4860 4859/5420/4859
f 4860/5421/4860 4861/5422/4861 4859/5420/4859
f 4859/5420/4859 4861/5422/4861 4862/5423/4862
f 4861/5422/4861 4863/5424/4863 4862/5423/4862
f 4855/5416/4855 4859/5420/4859 4857/5418/4857
f 4859/5420/4859 4862/5423/4862 4857/5418/4857
f 4860/5421/4860 4864/5425/4864 4861/5422/4861
f 4864/5425/4864 4865/5426/4865 4861/5422/4861
f 4864/5425/4864 4866/5427/4866 4865/5426/4865
f 4866/5427/4866 4867/5428/4867 4865/5426/4865
f 4865/5426/4865 4867/5428/4867 4868/5429/4868
f 4867/5428/4867 4869/5430/4869 4868/5429/4868
f 4861/5422/4861 4865/5426/4865 4863/5424/4863
f 4865/5426/4865 4868/5429/4868 4863/5424/4863
f 4866/5427/4866 4870/5431/4870 4867/5428/4867
f 4870/5431/4870 4871/5432/4871 4867/5428/4867
f 4870/5431/4870 4872/5433/4872 4871/5432/4871
f 4872/5433/4872 4873/5434/4873 4871/5432/4871
f 4871/5432/4871 4873/5434/4873 4874/5435/4874
f 4873/5434/4873 4875/5436/4875 4874/5435/4874
f 4867/5428/4867 4871/5432/4871 4869/5430/4869
f 4871/5432/4871 4874/5435/4874 4869/5430/4869
f 4872/5433/4872 4876/5437/4876 4877/5438/4877
f 4872/5433/4872 4877/5438/4877 4873/5434/4873
f 4876/5437/4876 4878/5439/4878 4879/5440/4879
f 4876/5437/4876 4879/5440/4879 4877/5438/4877
f 4877/5438/4877 4879/5440/4879 4880/5441/4880
f 4877/5438/4877 4880/5441/4880 4881/5442/4881
f 4873/5434/4873 4877/5438/4877 4881/5442/4881
f 4873/5434/4873 4881/5442/4881 4875/5436/4875
f 4878/5439/4878 4882/5443/4882 4879/5440/4879
f 4882/5443/4882 4883/5444/4883 4879/5440/4879
f 4882/5443/4882 4884/5445/4884 4883/5444/4883
f 4884/5445/4884 4885/5446/4885 4883/5444/4883
f 4883/5444/4883 4885/5446/4885 4886/5447/4886
f 4885/5446/4885 4887/5448/4887 4886/5447/4886
f 4879/5440/4879 4883/5444/4883 4880/5441/4880
f 4883/5444/4883 4886/5447/4886 4880/5441/4880
f 4884/5445/4884 4888/5449/4888 4885/5446/4885
f 4888/5449/4888 4889/5450/4889 4885/5446/4885
f 4888/5449/4888 4890/5451/4890 4889/5450/4889
f 4890/5451/4890 4891/5452/4891 4889/5450/4889
f 4889/5450/4889 4891/5452/4891 4892/5453/4892
f 4891/5452/4891 4893/5454/4893 4892/5453/4892
f 4885/5446/4885 4889/5450/4889 4887/5448/4887
f 4889/5450/4889 4892/5453/4892 4887/5448/4887
f 4890/5451/4890 4894/5455/4894 4891/5452/4891
f 4894/5455/4894 4895/5456/4895 4891/5452/4891
f 4894/5455/4894 4896/5457/4896 4895/5456/4895
f 4896/5457/4896 4897/5458/4897 4895/5456/4895
f 4895/5456/4895 4897/5458/4897 4898/5459/4898
f 4897/5458/4897 4899/5460/4899 4898/5459/4898
f 4891/5452/4891 4895/5456/4895 4893/5454/4893
f 4895/5456/4895 4898/5459/4898 4893/5454/4893
f 4896/5457/4896 4900/5461/4900 4897/5458/4897
f 4900/5461/4900 4901/5462/4901 4897/5458/4897
f 4900/5461/4900 4902/5463/4902 4901/5462/4901
f 4902/5463/4902 4903/5464/4903 4901/5462/4901
f 4901/5462/4901 4903/5464/4903 4904/5465/4904
f 4903/5464/4903 4905/5466/4905 4904/5465/4904
f 4897/5458/4897 4901/5462/4901 4899/5460/4899
f 4901/5462/4901 4904/5465/4904 4899/5460/4899
f 4902/5463/4902 4906/5467/4906 4903/5464/4903
f 4906/5467/4906 4907/5468/4907 4903/5464/4903
f 4906/5467/4906 4908/5469/4908 4907/5468/4907
f 4908/5469/4908 4909/5470/4909 4907/5468/4907
f 4907/5468/4907 4909/5470/4909 4910/5471/4910
f 4909/5470/4909 4911/5472/4911 4910/5471/4910
f 4903/5464/4903 4907/5468/4907 4905/5466/4905
f 4907/5468/4907 4910/5471/4910 4905/5466/4905
f 4908/5469/4908 4912/5473/4912 4909/5470/4909
f 4912/5473/4912 4913/5474/4913 4909/5470/4909
f 4912/5473/4912 4914/5475/4914 4913/5474/4913
f 4914/5475/4914 4915/5476/4915 4913/5474/4913
f 4913/5474/4913 4915/5476/4915 4916/5477/4916
f 4915/5476/4915 4917/5478/4917 4916/5477/4916
f 4909/5470/4909 4913/5474/4913 4911/5472/4911
f 4913/5474/4913 4916/5477/4916 4911/5472/4911
f 1072/1189/1072 4918/5479/4918 4919/5480/4919
f 1072/1189/1072 4919/5480/4919 4920/5481/4920
f 4918/5479/4918 4921/5482/4921 4922/5483/4922
f 4918/5479/4918 4922/5483/4922 4919/5480/4919
f 4919/5480/4919 4922/5483/4922 4917/5478/4917
f 4919/5480/4919 4917/5478/4917 4915/5476/4915
f 4920/5481/4920 4919/5480/4919 4915/5476/4915
f 4920/5481/4920 4915/5476/4915 4914/5475/4914
f 1069/1186/1069 4923/5484/4923 4924/5485/4924
f 1069/1186/1069 4924/5485/4924 1070/1187/1070
f 4921/5482/4921 4918/5479/4918 4924/5485/4924
f 4921/5482/4921 4924/5485/4924 4923/5484/4923
f 1072/1189/1072 1070/1187/1070 4924/5485/4924
f 1072/1189/1072 4924/5485/4924 4918/5479/4918
f 1076/1194/1076 4741/5298/4741 4925/5486/4925
f 1076/1194/1076 4925/5486/4925 1075/1193/1075
f 4735/5292/4735 4926/5487/4926 4925/5486/4925
f 4735/5292/4735 4925/5486/4925 4741/5298/4741
f 1069/1186/1069 1075/1193/1075 4925/5486/4925
f 1069/1186/1069 4925/5486/4925 4926/5487/4926
f 1069/1186/1069 4926/5487/4926 4927/5488/4927
f 1069/1186/1069 4927/5488/4927 4923/5484/4923
f 4926/5487/4926 4735/5292/4735 4733/5290/4733
f 4926/5487/4926 4733/5290/4733 4927/5488/4927
f 4927/5488/4927 4733/5290/4733 4729/5286/4729
f 4927/5488/4927 4729/5286/4729 4928/5489/4928
f 4923/5484/4923 4927/5488/4927 4928/5489/4928
f 4923/5484/4923 4928/5489/4928 4921/5482/4921
f 4917/5478/4917 4922/5483/4922 4929/5490/4929
f 4922/5483/4922 4930/5491/4930 4929/5490/4929
f 4922/5483/4922 4921/5482/4921 4930/5491/4930
f 4921/5482/4921 4928/5489/4928 4930/5491/4930
f 4930/5491/4930 4928/5489/4928 4727/5284/4727
f 4928/5489/4928 4729/5286/4729 4727/5284/4727
f 4929/5490/4929 4930/5491/4930 4723/5280/4723
f 4930/5491/4930 4727/5284/4727 4723/5280/4723
f 4911/5472/4911 4916/5477/4916 4931/5492/4931
f 4916/5477/4916 4932/5493/4932 4931/5492/4931
f 4916/5477/4916 4917/5478/4917 4932/5493/4932
f 4917/5478/4917 4929/5490/4929 4932/5493/4932
f 4932/5493/4932 4929/5490/4929 4721/5278/4721
f 4929/5490/4929 4723/5280/4723 4721/5278/4721
f 4931/5492/4931 4932/5493/4932 4717/5274/4717
f 4932/5493/4932 4721/5278/4721 4717/5274/4717
f 4905/5466/4905 4910/5471/4910 4933/5494/4933
f 4910/5471/4910 4934/5495/4934 4933/5494/4933
f 4910/5471/4910 4911/5472/4911 4934/5495/4934
f 4911/5472/4911 4931/5492/4931 4934/5495/4934
f 4934/5495/4934 4931/5492/4931 4715/5272/4715
f 4931/5492/4931 4717/5274/4717 4715/5272/4715
f 4933/5494/4933 4934/5495/4934 4711/5268/4711
f 4934/5495/4934 4715/5272/4715 4711/5268/4711
f 4899/5460/4899 4904/5465/4904 4935/5496/4935
f 4904/5465/4904 4936/5497/4936 4935/5496/4935
f 4904/5465/4904 4905/5466/4905 4936/5497/4936
f 4905/5466/4905 4933/5494/4933 4936/5497/4936
f 4936/5497/4936 4933/5494/4933 4709/5266/4709
f 4933/5494/4933 4711/5268/4711 4709/5266/4709
f 4935/5496/4935 4936/5497/4936 4705/5262/4705
f 4936/5497/4936 4709/5266/4709 4705/5262/4705
f 4893/5454/4893 4898/5459/4898 4937/5498/4937
f 4898/5459/4898 4938/5499/4938 4937/5498/4937
f 4898/5459/4898 4899/5460/4899 4938/5499/4938
f 4899/5460/4899 4935/5496/4935 4938/5499/4938
f 4938/5499/4938 4935/5496/4935 4703/5260/4703
f 4935/5496/4935 4705/5262/4705 4703/5260/4703
f 4937/5498/4937 4938/5499/4938 4699/5256/4699
f 4938/5499/4938 4703/5260/4703 4699/5256/4699
f 4887/5448/4887 4892/5453/4892 4939/5500/4939
f 4892/5453/4892 4940/5501/4940 4939/5500/4939
f 4892/5453/4892 4893/5454/4893 4940/5501/4940
f 4893/5454/4893 4937/5498/4937 4940/5501/4940
f 4940/5501/4940 4937/5498/4937 4697/5254/4697
f 4937/5498/4937 4699/5256/4699 4697/5254/4697
f 4939/5500/4939 4940/5501/4940 4693/5250/4693
f 4940/5501/4940 4697/5254/4697 4693/5250/4693
f 4880/5441/4880 4886/5447/4886 4941/5502/4941
f 4886/5447/4886 4942/5503/4942 4941/5502/4941
f 4886/5447/4886 4887/5448/4887 4942/5503/4942
f 4887/5448/4887 4939/5500/4939 4942/5503/4942
f 4942/5503/4942 4939/5500/4939 4691/5248/4691
f 4939/5500/4939 4693/5250/4693 4691/5248/4691
f 4941/5502/4941 4942/5503/4942 4687/5244/4687
f 4942/5503/4942 4691/5248/4691 4687/5244/4687
f 4875/5436/4875 4881/5442/4881 4943/5504/4943
f 4875/5436/4875 4943/5504/4943 4944/5505/4944
f 4881/5442/4881 4880/5441/4880 4941/5502/4941
f 4881/5442/4881 4941/5502/4941 4943/5504/4943
f 4943/5504/4943 4941/5502/4941 4685/5242/4685
f 4941/5502/4941 4687/5244/4687 4685/5242/4685
f 4944/5505/4944 4943/5504/4943 4681/5238/4681
f 4943/5504/4943 4685/5242/4685 4681/5238/4681
f 4869/5430/4869 4874/5435/4874 4945/5506/4945
f 4874/5435/4874 4946/5507/4946 4945/5506/4945
f 4874/5435/4874 4875/5436/4875 4946/5507/4946
f 4875/5436/4875 4944/5505/4944 4946/5507/4946
f 4946/5507/4946 4944/5505/4944 4679/5236/4679
f 4944/5505/4944 4681/5238/4681 4679/5236/4679
f 4945/5506/4945 4946/5507/4946 4675/5232/4675
f 4946/5507/4946 4679/5236/4679 4675/5232/4675
f 4863/5424/4863 4868/5429/4868 4947/5508/4947
f 4868/5429/4868 4948/5509/4948 4947/5508/4947
f 4868/5429/4868 4869/5430/4869 4948/5509/4948
f 4869/5430/4869 4945/5506/4945 4948/5509/4948
f 4948/5509/4948 4945/5506/4945 4673/5230/4673
f 4945/5506/4945 4675/5232/4675 4673/5230/4673
f 4947/5508/4947 4948/5509/4948 4669/5226/4669
f 4948/5509/4948 4673/5230/4673 4669/5226/4669
f 4857/5418/4857 4862/5423/4862 4949/5510/4949
f 4862/5423/4862 4950/5511/4950 4949/5510/4949
f 4862/5423/4862 4863/5424/4863 4950/5511/4950
f 4863/5424/4863 4947/5508/4947 4950/5511/4950
f 4950/5511/4950 4947/5508/4947 4667/5224/4667
f 4947/5508/4947 4669/5226/4669 4667/5224/4667
f 4949/5510/4949 4950/5511/4950 4663/5220/4663
f 4950/5511/4950 4667/5224/4667 4663/5220/4663
f 4851/5412/4851 4856/5417/4856 4951/5512/4951
f 4856/5417/4856 4952/5513/4952 4951/5512/4951
f 4856/5417/4856 4857/5418/4857 4952/5513/4952
f 4857/5418/4857 4949/5510/4949 4952/5513/4952
f 4952/5513/4952 4949/5510/4949 4661/5218/4661
f 4949/5510/4949 4663/5220/4663 4661/5218/4661
f 4951/5512/4951 4952/5513/4952 4657/5214/4657
f 4952/5513/4952 4661/5218/4661 4657/5214/4657
f 4845/5406/4845 4850/5411/4850 4953/5514/4953
f 4850/5411/4850 4954/5515/4954 4953/5514/4953
f 4850/5411/4850 4851/5412/4851 4954/5515/4954
f 4851/5412/4851 4951/5512/4951 4954/5515/4954
f 4954/5515/4954 4951/5512/4951 4655/5212/4655
f 4951/5512/4951 4657/5214/4657 4655/5212/4655
f 4953/5514/4953 4954/5515/4954 4651/5208/4651
f 4954/5515/4954 4655/5212/4655 4651/5208/4651
f 4839/5400/4839 4844/5405/4844 4955/5516/4955
f 4844/5405/4844 4956/5517/4956 4955/5516/4955
f 4844/5405/4844 4845/5406/4845 4956/5517/4956
f 4845/5406/4845 4953/5514/4953 4956/5517/4956
f 4956/5517/4956 4953/5514/4953 4649/5206/4649
f 4953/5514/4953 4651/5208/4651 4649/5206/4649
f 4955/5516/4955 4956/5517/4956 4645/5202/4645
f 4956/5517/4956 4649/5206/4649 4645/5202/4645
f 4833/5394/4833 4838/5399/4838 4957/5518/4957
f 4838/5399/4838 4958/5519/4958 4957/5518/4957
f 4838/5399/4838 4839/5400/4839 4958/5519/4958
f 4839/5400/4839 4955/5516/4955 4958/5519/4958
f 4958/5519/4958 4955/5516/4955 4643/5200/4643
f 4955/5516/4955 4645/5202/4645 4643/5200/4643
f 4957/5518/4957 4958/5519/4958 4639/5196/4639
f 4958/5519/4958 4643/5200/4643 4639/5196/4639
f 4826/5387/4826 4832/5393/4832 4959/5520/4959
f 4832/5393/4832 4960/5521/4960 4959/5520/4959
f 4832/5393/4832 4833/5394/4833 4960/5521/4960
f 4833/5394/4833 4957/5518/4957 4960/5521/4960
f 4960/5521/4960 4957/5518/4957 4637/5194/4637
f 4957/5518/4957 4639/5196/4639 4637/5194/4637
f 4959/5520/4959 4960/5521/4960 4633/5190/4633
f 4960/5521/4960 4637/5194/4637 4633/5190/4633
f 4820/5381/4820 4827/5388/4827 4961/5522/4961
f 4820/5381/4820 4961/5522/4961 4962/5523/4962
f 4827/5388/4827 4826/5387/4826 4959/5520/4959
f 4827/5388/4827 4959/5520/4959 4961/5522/4961
f 4961/5522/4961 4959/5520/4959 4633/5190/4633
f 4961/5522/4961 4633/5190/4633 4631/5188/4631
f 4962/5523/4962 4961/5522/4961 4631/5188/4631
f 4962/5523/4962 4631/5188/4631 4627/5184/4627
f 4815/5376/4815 4821/5382/4821 4963/5524/4963
f 4821/5382/4821 4964/5525/4964 4963/5524/4963
f 4821/5382/4821 4820/5381/4820 4962/5523/4962
f 4821/5382/4821 4962/5523/4962 4964/5525/4964
f 4964/5525/4964 4962/5523/4962 4627/5184/4627
f 4964/5525/4964 4627/5184/4627 4625/5182/4625
f 4963/5524/4963 4964/5525/4964 4621/5178/4621
f 4964/5525/4964 4625/5182/4625 4621/5178/4621
f 4809/5370/4809 4814/5375/4814 4965/5526/4965
f 4814/5375/4814 4966/5527/4966 4965/5526/4965
f 4814/5375/4814 4815/5376/4815 4966/5527/4966
f 4815/5376/4815 4963/5524/4963 4966/5527/4966
f 4966/5527/4966 4963/5524/4963 4619/5176/4619
f 4963/5524/4963 4621/5178/4621 4619/5176/4619
f 4965/5526/4965 4966/5527/4966 4615/5172/4615
f 4966/5527/4966 4619/5176/4619 4615/5172/4615
f 4802/5363/4802 4808/5369/4808 4967/5528/4967
f 4802/5363/4802 4967/5528/4967 4968/5529/4968
f 4808/5369/4808 4809/5370/4809 4967/5528/4967
f 4809/5370/4809 4965/5526/4965 4967/5528/4967
f 4967/5528/4967 4965/5526/4965 4613/5170/4613
f 4965/5526/4965 4615/5172/4615 4613/5170/4613
f 4968/5529/4968 4967/5528/4967 4613/5170/4613
f 4968/5529/4968 4613/5170/4613 4609/5166/4609
f 4004/5355/4004 4803/5364/4803 4969/5530/4969
f 4004/5355/4004 4969/5530/4969 4798/5356/4798
f 4803/5364/4803 4802/5363/4802 4968/5529/4968
f 4803/5364/4803 4968/5529/4968 4969/5530/4969
f 4969/5530/4969 4968/5529/4968 4609/5166/4609
f 4969/5530/4969 4609/5166/4609 4607/5164/4607
f 4798/5356/4798 4969/5530/4969 4607/5164/4607
f 4798/5356/4798 4607/5164/4607 4602/5159/4602
f 3289/5531/3289 4970/5532/4970 4971/5533/4971
f 3289/5531/3289 4971/5533/4971 3999/5534/3999
f 4806/5367/4806 4804/5365/4804 4971/5533/4971
f 4806/5367/4806 4971/5533/4971 4970/5532/4970
f 4000/5359/4000 3999/5534/3999 4971/5533/4971
f 4000/5359/4000 4971/5533/4971 4804/5365/4804
f 696/5535/696 4972/5536/4972 4973/5537/4973
f 696/5535/696 4973/5537/4973 3288/5538/3288
f 4974/5539/4974 4975/5540/4975 4973/5537/4973
f 4974/5539/4974 4973/5537/4973 4972/5536/4972
f 3289/5531/3289 3288/5538/3288 4973/5537/4973
f 3289/5531/3289 4973/5537/4973 4975/5540/4975
f 696/5535/696 4976/5541/4976 4977/5542/4977
f 696/5535/696 4977/5542/4977 4972/5536/4972
f 4976/5541/4976 4978/5543/4978 4979/5544/4979
f 4976/5541/4976 4979/5544/4979 4977/5542/4977
f 4977/5542/4977 4979/5544/4979 4980/5545/4980
f 4977/5542/4977 4980/5545/4980 4981/5546/4981
f 4972/5536/4972 4977/5542/4977 4981/5546/4981
f 4972/5536/4972 4981/5546/4981 4974/5539/4974
f 4978/5543/4978 4982/5547/4982 4983/5548/4983
f 4978/5543/4978 4983/5548/4983 4979/5544/4979
f 4982/5547/4982 4984/5549/4984 4985/5550/4985
f 4982/5547/4982 4985/5550/4985 4983/5548/4983
f 4983/5548/4983 4985/5550/4985 4986/5551/4986
f 4983/5548/4983 4986/5551/4986 4987/5552/4987
f 4979/5544/4979 4983/5548/4983 4987/5552/4987
f 4979/5544/4979 4987/5552/4987 4980/5545/4980
f 4984/5549/4984 4988/5553/4988 4985/5550/4985
f 4988/5553/4988 4989/5554/4989 4985/5550/4985
f 4988/5553/4988 4990/5555/4990 4989/5554/4989
f 4990/5555/4990 4991/5556/4991 4989/5554/4989
f 4989/5554/4989 4991/5556/4991 4992/5557/4992
f 4991/5556/4991 4993/5558/4993 4992/5557/4992
f 4985/5550/4985 4989/5554/4989 4986/5551/4986
f 4989/5554/4989 4992/5557/4992 4986/5551/4986
f 4990/5555/4990 4994/5559/4994 4991/5556/4991
f 4994/5559/4994 4995/5560/4995 4991/5556/4991
f 4994/5559/4994 4996/5561/4996 4995/5560/4995
f 4996/5561/4996 4997/5562/4997 4995/5560/4995
f 4995/5560/4995 4997/5562/4997 4998/5563/4998
f 4997/5562/4997 4999/5564/4999 4998/5563/4998
f 4991/5556/4991 4995/5560/4995 4993/5558/4993
f 4995/5560/4995 4998/5563/4998 4993/5558/4993
f 4996/5561/4996 5000/5565/5000 4997/5562/4997
f 5000/5565/5000 5001/5566/5001 4997/5562/4997
f 5000/5565/5000 5002/5567/5002 5001/5566/5001
f 5002/5567/5002 5003/5568/5003 5001/5566/5001
f 5001/5566/5001 5003/5568/5003 5004/5569/5004
f 5003/5568/5003 5005/5570/5005 5004/5569/5004
f 4997/5562/4997 5001/5566/5001 4999/5564/4999
f 5001/5566/5001 5004/5569/5004 4999/5564/4999
f 5002/5567/5002 5006/5571/5006 5003/5568/5003
f 5006/5571/5006 5007/5572/5007 5003/5568/5003
f 5006/5571/5006 5008/5573/5008 5007/5572/5007
f 5008/5573/5008 5009/5574/5009 5007/5572/5007
f 5007/5572/5007 5009/5574/5009 5010/5575/5010
f 5009/5574/5009 5011/5576/5011 5010/5575/5010
f 5003/5568/5003 5007/5572/5007 5005/5570/5005
f 5007/5572/5007 5010/5575/5010 5005/5570/5005
f 5008/5573/5008 5012/5577/5012 5009/5574/5009
f 5012/5577/5012 5013/5578/5013 5009/5574/5009
f 5012/5577/5012 5014/5579/5014 5013/5578/5013
f 5014/5579/5014 5015/5580/5015 5013/5578/5013
f 5013/5578/5013 5015/5580/5015 5016/5581/5016
f 5015/5580/5015 5017/5582/5017 5016/5581/5016
f 5009/5574/5009 5013/5578/5013 5011/5576/5011
f 5013/5578/5013 5016/5581/5016 5011/5576/5011
f 5014/5579/5014 5018/5583/5018 5015/5580/5015
f 5018/5583/5018 5019/5584/5019 5015/5580/5015
f 5018/5583/5018 5020/5585/5020 5019/5584/5019
f 5020/5585/5020 5021/5586/5021 5019/5584/5019
f 5019/5584/5019 5021/5586/5021 5022/5587/5022
f 5021/5586/5021 5023/5588/5023 5022/5587/5022
f 5015/5580/5015 5019/5584/5019 5017/5582/5017
f 5019/5584/5019 5022/5587/5022 5017/5582/5017
f 5020/5585/5020 5024/5589/5024 5021/5586/5021
f 5024/5589/5024 5025/5590/5025 5021/5586/5021
f 5024/5589/5024 5026/5591/5026 5025/5590/5025
f 5026/5591/5026 5027/5592/5027 5025/5590/5025
f 5025/5590/5025 5027/5592/5027 5028/5593/5028
f 5027/5592/5027 5029/5594/5029 5028/5593/5028
f 5021/5586/5021 5025/5590/5025 5023/5588/5023
f 5025/5590/5025 5028/5593/5028 5023/5588/5023
f 5026/5591/5026 5030/5595/5030 5027/5592/5027
f 5030/5595/5030 5031/5596/5031 5027/5592/5027
f 5030/5595/5030 5032/5597/5032 5031/5596/5031
f 5032/5597/5032 5033/5598/5033 5031/5596/5031
f 5031/5596/5031 5033/5598/5033 5034/5599/5034
f 5033/5598/5033 5035/5600/5035 5034/5599/5034
f 5027/5592/5027 5031/5596/5031 5029/5594/5029
f 5031/5596/5031 5034/5599/5034 5029/5594/5029
f 5032/5597/5032 5036/5601/5036 5033/5598/5033
f 5036/5601/5036 5037/5602/5037 5033/5598/5033
f 5036/5601/5036 5038/5603/5038 5037/5602/5037
f 5038/5603/5038 5039/5604/5039 5037/5602/5037
f 5037/5602/5037 5039/5604/5039 5040/5605/5040
f 5039/5604/5039 5041/5606/5041 5040/5605/5040
f 5033/5598/5033 5037/5602/5037 5035/5600/5035
f 5037/5602/5037 5040/5605/5040 5035/5600/5035
f 5038/5603/5038 5042/5607/5042 5039/5604/5039
f 5042/5607/5042 5043/5608/5043 5039/5604/5039
f 5042/5607/5042 5044/5609/5044 5043/5608/5043
f 5044/5609/5044 5045/5610/5045 5043/5608/5043
f 5043/5608/5043 5045/5610/5045 5046/5611/5046
f 5045/5610/5045 5047/5612/5047 5046/5611/5046
f 5039/5604/5039 5043/5608/5043 5041/5606/5041
f 5043/5608/5043 5046/5611/5046 5041/5606/5041
f 5044/5609/5044 5048/5613/5048 5045/5610/5045
f 5048/5613/5048 5049/5614/5049 5045/5610/5045
f 5048/5613/5048 5050/5615/5050 5049/5614/5049
f 5050/5615/5050 5051/5616/5051 5049/5614/5049
f 5049/5614/5049 5051/5616/5051 5052/5617/5052
f 5051/5616/5051 5053/5618/5053 5052/5617/5052
f 5045/5610/5045 5049/5614/5049 5047/5612/5047
f 5049/5614/5049 5052/5617/5052 5047/5612/5047
f 5050/5615/5050 5054/5619/5054 5051/5616/5051
f 5054/5619/5054 5055/5620/5055 5051/5616/5051
f 5054/5619/5054 5056/5621/5056 5055/5620/5055
f 5056/5621/5056 5057/5622/5057 5055/5620/5055
f 5055/5620/5055 5057/5622/5057 5058/5623/5058
f 5057/5622/5057 5059/5624/5059 5058/5623/5058
f 5051/5616/5051 5055/5620/5055 5053/5618/5053
f 5055/5620/5055 5058/5623/5058 5053/5618/5053
f 5056/5621/5056 5060/5625/5060 5057/5622/5057
f 5060/5625/5060 5061/5626/5061 5057/5622/5057
f 5060/5625/5060 5062/5627/5062 5061/5626/5061
f 5062/5627/5062 5063/5628/5063 5061/5626/5061
f 5061/5626/5061 5063/5628/5063 5064/5629/5064
f 5063/5628/5063 5065/5630/5065 5064/5629/5064
f 5057/5622/5057 5061/5626/5061 5059/5624/5059
f 5061/5626/5061 5064/5629/5064 5059/5624/5059
f 3898/4411/3898 5066/5631/5066 5067/5632/5067
f 3898/4411/3898 5067/5632/5067 5068/5633/5068
f 5066/5631/5066 5069/5634/5069 5070/5635/5070
f 5066/5631/5066 5070/5635/5070 5067/5632/5067
f 5067/5632/5067 5070/5635/5070 5065/5630/5065
f 5067/5632/5067 5065/5630/5065 5063/5628/5063
f 5068/5633/5068 5067/5632/5067 5063/5628/5063
f 5068/5633/5068 5063/5628/5063 5062/5627/5062
f 2732/3069/2732 5071/5636/5071 5072/5637/5072
f 2732/3069/2732 5072/5637/5072 3900/4413/3900
f 5069/5634/5069 5066/5631/5066 5072/5637/5072
f 5069/5634/5069 5072/5637/5072 5071/5636/5071
f 3898/4411/3898 3900/4413/3900 5072/5637/5072
f 3898/4411/3898 5072/5637/5072 5066/5631/5066
f 1072/1189/1072 4920/5481/4920 5073/5638/5073
f 1072/1189/1072 5073/5638/5073 2731/3068/2731
f 4914/5475/4914 5074/5639/5074 5073/5638/5073
f 4914/5475/4914 5073/5638/5073 4920/5481/4920
f 2732/3069/2732 2731/3068/2731 5073/5638/5073
f 2732/3069/2732 5073/5638/5073 5074/5639/5074
f 2732/3069/2732 5074/5639/5074 5075/5640/5075
f 2732/3069/2732 5075/5640/5075 5071/5636/5071
f 5074/5639/5074 4914/5475/4914 4912/5473/4912
f 5074/5639/5074 4912/5473/4912 5075/5640/5075
f 5075/5640/5075 4912/5473/4912 4908/5469/4908
f 5075/5640/5075 4908/5469/4908 5076/5641/5076
f 5071/5636/5071 5075/5640/5075 5076/5641/5076
f 5071/5636/5071 5076/5641/5076 5069/5634/5069
f 5065/5630/5065 5070/5635/5070 5077/5642/5077
f 5070/5635/5070 5078/5643/5078 5077/5642/5077
f 5070/5635/5070 5069/5634/5069 5078/5643/5078
f 5069/5634/5069 5076/5641/5076 5078/5643/5078
f 5078/5643/5078 5076/5641/5076 4906/5467/4906
f 5076/5641/5076 4908/5469/4908 4906/5467/4906
f 5077/5642/5077 5078/5643/5078 4902/5463/4902
f 5078/5643/5078 4906/5467/4906 4902/5463/4902
f 5059/5624/5059 5064/5629/5064 5079/5644/5079
f 5064/5629/5064 5080/5645/5080 5079/5644/5079
f 5064/5629/5064 5065/5630/5065 5080/5645/5080
f 5065/5630/5065 5077/5642/5077 5080/5645/5080
f 5080/5645/5080 5077/5642/5077 4900/5461/4900
f 5077/5642/5077 4902/5463/4902 4900/5461/4900
f 5079/5644/5079 5080/5645/5080 4896/5457/4896
f 5080/5645/5080 4900/5461/4900 4896/5457/4896
f 5053/5618/5053 5058/5623/5058 5081/5646/5081
f 5058/5623/5058 5082/5647/5082 5081/5646/5081
f 5058/5623/5058 5059/5624/5059 5082/5647/5082
f 5059/5624/5059 5079/5644/5079 5082/5647/5082
f 5082/5647/5082 5079/5644/5079 4894/5455/4894
f 5079/5644/5079 4896/5457/4896 4894/5455/4894
f 5081/5646/5081 5082/5647/5082 4890/5451/4890
f 5082/5647/5082 4894/5455/4894 4890/5451/4890
f 5047/5612/5047 5052/5617/5052 5083/5648/5083
f 5052/5617/5052 5084/5649/5084 5083/5648/5083
f 5052/5617/5052 5053/5618/5053 5084/5649/5084
f 5053/5618/5053 5081/5646/5081 5084/5649/5084
f 5084/5649/5084 5081/5646/5081 4888/5449/4888
f 5081/5646/5081 4890/5451/4890 4888/5449/4888
f 5083/5648/5083 5084/5649/5084 4884/5445/4884
f 5084/5649/5084 4888/5449/4888 4884/5445/4884
f 5041/5606/5041 5046/5611/5046 5085/5650/5085
f 5046/5611/5046 5086/5651/5086 5085/5650/5085
f 5046/5611/5046 5047/5612/5047 5086/5651/5086
f 5047/5612/5047 5083/5648/5083 5086/5651/5086
f 5086/5651/5086 5083/5648/5083 4882/5443/4882
f 5083/5648/5083 4884/5445/4884 4882/5443/4882
f 5085/5650/5085 5086/5651/5086 4882/5443/4882
f 5085/5650/5085 4882/5443/4882 4878/5439/4878
f 5035/5600/5035 5040/5605/5040 5087/5652/5087
f 5035/5600/5035 5087/5652/5087 5088/5653/5088
f 5040/5605/5040 5041/5606/5041 5085/5650/5085
f 5040/5605/5040 5085/5650/5085 5087/5652/5087
f 5087/5652/5087 5085/5650/5085 4878/5439/4878
f 5087/5652/5087 4878/5439/4878 4876/5437/4876
f 5088/5653/5088 5087/5652/5087 4876/5437/4876
f 5088/5653/5088 4876/5437/4876 4872/5433/4872
f 5029/5594/5029 5034/5599/5034 5089/5654/5089
f 5034/5599/5034 5090/5655/5090 5089/5654/5089
f 5034/5599/5034 5035/5600/5035 5090/5655/5090
f 5035/5600/5035 5088/5653/5088 5090/5655/5090
f 5090/5655/5090 5088/5653/5088 4870/5431/4870
f 5088/5653/5088 4872/5433/4872 4870/5431/4870
f 5089/5654/5089 5090/5655/5090 4866/5427/4866
f 5090/5655/5090 4870/5431/4870 4866/5427/4866
f 5023/5588/5023 5028/5593/5028 5091/5656/5091
f 5028/5593/5028 5092/5657/5092 5091/5656/5091
f 5028/5593/5028 5029/5594/5029 5092/5657/5092
f 5029/5594/5029 5089/5654/5089 5092/5657/5092
f 5092/5657/5092 5089/5654/5089 4864/5425/4864
f 5089/5654/5089 4866/5427/4866 4864/5425/4864
f 5091/5656/5091 5092/5657/5092 4860/5421/4860
f 5092/5657/5092 4864/5425/4864 4860/5421/4860
f 5017/5582/5017 5022/5587/5022 5093/5658/5093
f 5022/5587/5022 5094/5659/5094 5093/5658/5093
f 5022/5587/5022 5023/5588/5023 5094/5659/5094
f 5023/5588/5023 5091/5656/5091 5094/5659/5094
f 5094/5659/5094 5091/5656/5091 4858/5419/4858
f 5091/5656/5091 4860/5421/4860 4858/5419/4858
f 5093/5658/5093 5094/5659/5094 4854/5415/4854
f 5094/5659/5094 4858/5419/4858 4854/5415/4854
f 5011/5576/5011 5016/5581/5016 5095/5660/5095
f 5016/5581/5016 5096/5661/5096 5095/5660/5095
f 5016/5581/5016 5017/5582/5017 5096/5661/5096
f 5017/5582/5017 5093/5658/5093 5096/5661/5096
f 5096/5661/5096 5093/5658/5093 4852/5413/4852
f 5093/5658/5093 4854/5415/4854 4852/5413/4852
f 5095/5660/5095 5096/5661/5096 4848/5409/4848
f 5096/5661/5096 4852/5413/4852 4848/5409/4848
f 5005/5570/5005 5010/5575/5010 5097/5662/5097
f 5010/5575/5010 5098/5663/5098 5097/5662/5097
f 5010/5575/5010 5011/5576/5011 5098/5663/5098
f 5011/5576/5011 5095/5660/5095 5098/5663/5098
f 5098/5663/5098 5095/5660/5095 4846/5407/4846
f 5095/5660/5095 4848/5409/4848 4846/5407/4846
f 5097/5662/5097 5098/5663/5098 4842/5403/4842
f 5098/5663/5098 4846/5407/4846 4842/5403/4842
f 4999/5564/4999 5004/5569/5004 5099/5664/5099
f 5004/5569/5004 5100/5665/5100 5099/5664/5099
f 5004/5569/5004 5005/5570/5005 5100/5665/5100
f 5005/5570/5005 5097/5662/5097 5100/5665/5100
f 5100/5665/5100 5097/5662/5097 4840/5401/4840
f 5097/5662/5097 4842/5403/4842 4840/5401/4840
f 5099/5664/5099 5100/5665/5100 4836/5397/4836
f 5100/5665/5100 4840/5401/4840 4836/5397/4836
f 4993/5558/4993 4998/5563/4998 5101/5666/5101
f 4998/5563/4998 5102/5667/5102 5101/5666/5101
f 4998/5563/4998 4999/5564/4999 5102/5667/5102
f 4999/5564/4999 5099/5664/5099 5102/5667/5102
f 5102/5667/5102 5099/5664/5099 4834/5395/4834
f 5099/5664/5099 4836/5397/4836 4834/5395/4834
f 5101/5666/5101 5102/5667/5102 4830/5391/4830
f 5102/5667/5102 4834/5395/4834 4830/5391/4830
f 4986/5551/4986 4992/5557/4992 5103/5668/5103
f 4992/5557/4992 5104/5669/5104 5103/5668/5103
f 4992/5557/4992 4993/5558/4993 5104/5669/5104
f 4993/5558/4993 5101/5666/5101 5104/5669/5104
f 5104/5669/5104 5101/5666/5101 4828/5389/4828
f 5101/5666/5101 4830/5391/4830 4828/5389/4828
f 5103/5668/5103 5104/5669/5104 4824/5385/4824
f 5104/5669/5104 4828/5389/4828 4824/5385/4824
f 4980/5545/4980 4987/5552/4987 5105/5670/5105
f 4980/5545/4980 5105/5670/5105 5106/5671/5106
f 4987/5552/4987 4986/5551/4986 5103/5668/5103
f 4987/5552/4987 5103/5668/5103 5105/5670/5105
f 5105/5670/5105 5103/5668/5103 4824/5385/4824
f 5105/5670/5105 4824/5385/4824 4822/5383/4822
f 5106/5671/5106 5105/5670/5105 4822/5383/4822
f 5106/5671/5106 4822/5383/4822 4818/5379/4818
f 4974/5539/4974 4981/5546/4981 5107/5672/5107
f 4974/5539/4974 5107/5672/5107 5108/5673/5108
f 4981/5546/4981 4980/5545/4980 5106/5671/5106
f 4981/5546/4981 5106/5671/5106 5107/5672/5107
f 5107/5672/5107 5106/5671/5106 4818/5379/4818
f 5107/5672/5107 4818/5379/4818 4816/5377/4816
f 5108/5673/5108 5107/5672/5107 4812/5373/4812
f 5107/5672/5107 4816/5377/4816 4812/5373/4812
f 3289/5531/3289 4975/5540/4975 5109/5674/5109
f 3289/5531/3289 5109/5674/5109 4970/5532/4970
f 4975/5540/4975 4974/5539/4974 5108/5673/5108
f 4975/5540/4975 5108/5673/5108 5109/5674/5109
f 5109/5674/5109 5108/5673/5108 4810/5371/4810
f 5108/5673/5108 4812/5373/4812 4810/5371/4810
f 4970/5532/4970 5109/5674/5109 4810/5371/4810
f 4970/5532/4970 4810/5371/4810 4806/5367/4806
f 681/5675/681 5110/5676/5110 5111/5677/5111
f 681/5675/681 5111/5677/5111 695/5678/695
f 4978/5543/4978 4976/5541/4976 5111/5677/5111
f 4978/5543/4978 5111/5677/5111 5110/5676/5110
f 696/5535/696 695/5678/695 5111/5677/5111
f 696/5535/696 5111/5677/5111 4976/5541/4976
f 677/5679/677 5112/5680/5112 5113/5681/5113
f 677/5679/677 5113/5681/5113 680/5682/680
f 5112/5680/5112 4984/5549/4984 5113/5681/5113
f 4984/5549/4984 4982/5547/4982 5113/5681/5113
f 5113/5681/5113 4982/5547/4982 5110/5676/5110
f 4982/5547/4982 4978/5543/4978 5110/5676/5110
f 680/5682/680 5113/5681/5113 5110/5676/5110
f 680/5682/680 5110/5676/5110 681/5675/681
f 672/5683/672 5114/5684/5114 5115/5685/5115
f 672/5683/672 5115/5685/5115 675/5686/675
f 5116/5687/5116 5117/5688/5117 5115/5685/5115
f 5116/5687/5116 5115/5685/5115 5114/5684/5114
f 677/5679/677 675/5686/675 5115/5685/5115
f 677/5679/677 5115/5685/5115 5117/5688/5117
f 669/5689/669 5118/5690/5118 5119/5691/5119
f 669/5689/669 5119/5691/5119 671/5692/671
f 5118/5690/5118 5120/5693/5120 5121/5694/5121
f 5118/5690/5118 5121/5694/5121 5119/5691/5119
f 5119/5691/5119 5121/5694/5121 5114/5684/5114
f 5121/5694/5121 5116/5687/5116 5114/5684/5114
f 671/5692/671 5119/5691/5119 5114/5684/5114
f 671/5692/671 5114/5684/5114 672/5683/672
f 669/5689/669 5122/5695/5122 5123/5696/5123
f 669/5689/669 5123/5696/5123 5118/5690/5118
f 5122/5695/5122 5124/5697/5124 5125/5698/5125
f 5122/5695/5122 5125/5698/5125 5123/5696/5123
f 5123/5696/5123 5125/5698/5125 5126/5699/5126
f 5125/5698/5125 5127/5700/5127 5126/5699/5126
f 5118/5690/5118 5123/5696/5123 5120/5693/5120
f 5123/5696/5123 5126/5699/5126 5120/5693/5120
f 5124/5697/5124 5128/5701/5128 5129/5702/5129
f 5124/5697/5124 5129/5702/5129 5125/5698/5125
f 5128/5701/5128 5130/5703/5130 5129/5702/5129
f 5130/5703/5130 5131/5704/5131 5129/5702/5129
f 5129/5702/5129 5131/5704/5131 5132/5705/5132
f 5131/5704/5131 5133/5706/5133 5132/5705/5132
f 5125/5698/5125 5129/5702/5129 5127/5700/5127
f 5129/5702/5129 5132/5705/5132 5127/5700/5127
f 5130/5703/5130 5134/5707/5134 5131/5704/5131
f 5134/5707/5134 5135/5708/5135 5131/5704/5131
f 5134/5707/5134 5136/5709/5136 5135/5708/5135
f 5136/5709/5136 5137/5710/5137 5135/5708/5135
f 5135/5708/5135 5137/5710/5137 5138/5711/5138
f 5137/5710/5137 5139/5712/5139 5138/5711/5138
f 5131/5704/5131 5135/5708/5135 5133/5706/5133
f 5135/5708/5135 5138/5711/5138 5133/5706/5133
f 5136/5709/5136 5140/5713/5140 5141/5714/5141
f 5136/5709/5136 5141/5714/5141 5137/5710/5137
f 5140/5713/5140 5142/5715/5142 5143/5716/5143
f 5140/5713/5140 5143/5716/5143 5141/5714/5141
f 5141/5714/5141 5143/5716/5143 5144/5717/5144
f 5143/5716/5143 5145/5718/5145 5144/5717/5144
f 5137/5710/5137 5141/5714/5141 5139/5712/5139
f 5141/5714/5141 5144/5717/5144 5139/5712/5139
f 5142/5715/5142 5146/5719/5146 5143/5716/5143
f 5146/5719/5146 5147/5720/5147 5143/5716/5143
f 5146/5719/5146 5148/5721/5148 5147/5720/5147
f 5148/5721/5148 5149/5722/5149 5147/5720/5147
f 5147/5720/5147 5149/5722/5149 5150/5723/5150
f 5149/5722/5149 5151/5724/5151 5150/5723/5150
f 5143/5716/5143 5147/5720/5147 5145/5718/5145
f 5147/5720/5147 5150/5723/5150 5145/5718/5145
f 5148/5721/5148 5152/5725/5152 5149/5722/5149
f 5152/5725/5152 5153/5726/5153 5149/5722/5149
f 5152/5725/5152 5154/5727/5154 5153/5726/5153
f 5154/5727/5154 5155/5728/5155 5153/5726/5153
f 5153/5726/5153 5155/5728/5155 5156/5729/5156
f 5155/5728/5155 5157/5730/5157 5156/5729/5156
f 5149/5722/5149 5153/5726/5153 5151/5724/5151
f 5153/5726/5153 5156/5729/5156 5151/5724/5151
f 5154/5727/5154 5158/5731/5158 5159/5732/5159
f 5154/5727/5154 5159/5732/5159 5155/5728/5155
f 5158/5731/5158 5160/5733/5160 5161/5734/5161
f 5158/5731/5158 5161/5734/5161 5159/5732/5159
f 5159/5732/5159 5161/5734/5161 5162/5735/5162
f 5161/5734/5161 5163/5736/5163 5162/5735/5162
f 5155/5728/5155 5159/5732/5159 5157/5730/5157
f 5159/5732/5159 5162/5735/5162 5157/5730/5157
f 5160/5733/5160 5164/5737/5164 5165/5738/5165
f 5160/5733/5160 5165/5738/5165 5161/5734/5161
f 5164/5737/5164 5166/5739/5166 5165/5738/5165
f 5166/5739/5166 5167/5740/5167 5165/5738/5165
f 5165/5738/5165 5167/5740/5167 5168/5741/5168
f 5167/5740/5167 5169/5742/5169 5168/5741/5168
f 5161/5734/5161 5165/5738/5165 5163/5736/5163
f 5165/5738/5165 5168/5741/5168 5163/5736/5163
f 3859/4367/3859 5170/5743/5170 5171/5744/5171
f 3859/4367/3859 5171/5744/5171 5172/5745/5172
f 5170/5743/5170 5173/5746/5173 5171/5744/5171
f 5173/5746/5173 5174/5747/5174 5171/5744/5171
f 5171/5744/5171 5174/5747/5174 5169/5742/5169
f 5171/5744/5171 5169/5742/5169 5167/5740/5167
f 5172/5745/5172 5171/5744/5171 5167/5740/5167
f 5172/5745/5172 5167/5740/5167 5166/5739/5166
f 3879/4392/3879 5175/5748/5175 3880/4393/3880
f 5175/5748/5175 5176/5749/5176 3880/4393/3880
f 5175/5748/5175 5177/5750/5177 5178/5751/5178
f 5175/5748/5175 5178/5751/5178 5176/5749/5176
f 5176/5749/5176 5178/5751/5178 5170/5743/5170
f 5178/5751/5178 5173/5746/5173 5170/5743/5170
f 3880/4393/3880 5176/5749/5176 3859/4367/3859
f 5176/5749/5176 5170/5743/5170 3859/4367/3859
f 3892/4405/3892 5179/5752/5179 5180/5753/5180
f 3892/4405/3892 5180/5753/5180 3891/4404/3891
f 5177/5750/5177 5175/5748/5175 5180/5753/5180
f 5177/5750/5177 5180/5753/5180 5179/5752/5179
f 3879/4392/3879 3891/4404/3891 5180/5753/5180
f 3879/4392/3879 5180/5753/5180 5175/5748/5175
f 3898/4411/3898 5068/5633/5068 5181/5754/5181
f 3898/4411/3898 5181/5754/5181 3897/4410/3897
f 5062/5627/5062 5182/5755/5182 5181/5754/5181
f 5062/5627/5062 5181/5754/5181 5068/5633/5068
f 3892/4405/3892 3897/4410/3897 5181/5754/5181
f 3892/4405/3892 5181/5754/5181 5182/5755/5182
f 3892/4405/3892 5182/5755/5182 5183/5756/5183
f 3892/4405/3892 5183/5756/5183 5179/5752/5179
f 5182/5755/5182 5062/5627/5062 5060/5625/5060
f 5182/5755/5182 5060/5625/5060 5183/5756/5183
f 5183/5756/5183 5060/5625/5060 5056/5621/5056
f 5183/5756/5183 5056/5621/5056 5184/5757/5184
f 5179/5752/5179 5183/5756/5183 5184/5757/5184
f 5179/5752/5179 5184/5757/5184 5177/5750/5177
f 5173/5746/5173 5178/5751/5178 5185/5758/5185
f 5173/5746/5173 5185/5758/5185 5186/5759/5186
f 5178/5751/5178 5177/5750/5177 5185/5758/5185
f 5177/5750/5177 5184/5757/5184 5185/5758/5185
f 5185/5758/5185 5184/5757/5184 5054/5619/5054
f 5184/5757/5184 5056/5621/5056 5054/5619/5054
f 5186/5759/5186 5185/5758/5185 5050/5615/5050
f 5185/5758/5185 5054/5619/5054 5050/5615/5050
f 5169/5742/5169 5174/5747/5174 5187/5760/5187
f 5174/5747/5174 5188/5761/5188 5187/5760/5187
f 5174/5747/5174 5173/5746/5173 5186/5759/5186
f 5174/5747/5174 5186/5759/5186 5188/5761/5188
f 5188/5761/5188 5186/5759/5186 5048/5613/5048
f 5186/5759/5186 5050/5615/5050 5048/5613/5048
f 5187/5760/5187 5188/5761/5188 5044/5609/5044
f 5188/5761/5188 5048/5613/5048 5044/5609/5044
f 5163/5736/5163 5168/5741/5168 5189/5762/5189
f 5168/5741/5168 5190/5763/5190 5189/5762/5189
f 5168/5741/5168 5169/5742/5169 5190/5763/5190
f 5169/5742/5169 5187/5760/5187 5190/5763/5190
f 5190/5763/5190 5187/5760/5187 5042/5607/5042
f 5187/5760/5187 5044/5609/5044 5042/5607/5042
f 5189/5762/5189 5190/5763/5190 5038/5603/5038
f 5190/5763/5190 5042/5607/5042 5038/5603/5038
f 5157/5730/5157 5162/5735/5162 5191/5764/5191
f 5157/5730/5157 5191/5764/5191 5192/5765/5192
f 5162/5735/5162 5163/5736/5163 5189/5762/5189
f 5162/5735/5162 5189/5762/5189 5191/5764/5191
f 5191/5764/5191 5189/5762/5189 5038/5603/5038
f 5191/5764/5191 5038/5603/5038 5036/5601/5036
f 5192/5765/5192 5191/5764/5191 5036/5601/5036
f 5192/5765/5192 5036/5601/5036 5032/5597/5032
f 5151/5724/5151 5156/5729/5156 5193/5766/5193
f 5156/5729/5156 5194/5767/5194 5193/5766/5193
f 5156/5729/5156 5157/5730/5157 5194/5767/5194
f 5157/5730/5157 5192/5765/5192 5194/5767/5194
f 5194/5767/5194 5192/5765/5192 5030/5595/5030
f 5192/5765/5192 5032/5597/5032 5030/5595/5030
f 5193/5766/5193 5194/5767/5194 5026/5591/5026
f 5194/5767/5194 5030/5595/5030 5026/5591/5026
f 5145/5718/5145 5150/5723/5150 5195/5768/5195
f 5150/5723/5150 5196/5769/5196 5195/5768/5195
f 5150/5723/5150 5151/5724/5151 5196/5769/5196
f 5151/5724/5151 5193/5766/5193 5196/5769/5196
f 5196/5769/5196 5193/5766/5193 5024/5589/5024
f 5193/5766/5193 5026/5591/5026 5024/5589/5024
f 5195/5768/5195 5196/5769/5196 5020/5585/5020
f 5196/5769/5196 5024/5589/5024 5020/5585/5020
f 5139/5712/5139 5144/5717/5144 5197/5770/5197
f 5144/5717/5144 5198/5771/5198 5197/5770/5197
f 5144/5717/5144 5145/5718/5145 5198/5771/5198
f 5145/5718/5145 5195/5768/5195 5198/5771/5198
f 5198/5771/5198 5195/5768/5195 5018/5583/5018
f 5195/5768/5195 5020/5585/5020 5018/5583/5018
f 5197/5770/5197 5198/5771/5198 5014/5579/5014
f 5198/5771/5198 5018/5583/5018 5014/5579/5014
f 5133/5706/5133 5138/5711/5138 5199/5772/5199
f 5138/5711/5138 5200/5773/5200 5199/5772/5199
f 5138/5711/5138 5139/5712/5139 5200/5773/5200
f 5139/5712/5139 5197/5770/5197 5200/5773/5200
f 5200/5773/5200 5197/5770/5197 5012/5577/5012
f 5197/5770/5197 5014/5579/5014 5012/5577/5012
f 5199/5772/5199 5200/5773/5200 5008/5573/5008
f 5200/5773/5200 5012/5577/5012 5008/5573/5008
f 5127/5700/5127 5132/5705/5132 5201/5774/5201
f 5132/5705/5132 5202/5775/5202 5201/5774/5201
f 5132/5705/5132 5133/5706/5133 5202/5775/5202
f 5133/5706/5133 5199/5772/5199 5202/5775/5202
f 5202/5775/5202 5199/5772/5199 5006/5571/5006
f 5199/5772/5199 5008/5573/5008 5006/5571/5006
f 5201/5774/5201 5202/5775/5202 5002/5567/5002
f 5202/5775/5202 5006/5571/5006 5002/5567/5002
f 5120/5693/5120 5126/5699/5126 5203/5776/5203
f 5126/5699/5126 5204/5777/5204 5203/5776/5203
f 5126/5699/5126 5127/5700/5127 5204/5777/5204
f 5127/5700/5127 5201/5774/5201 5204/5777/5204
f 5204/5777/5204 5201/5774/5201 5000/5565/5000
f 5201/5774/5201 5002/5567/5002 5000/5565/5000
f 5203/5776/5203 5204/5777/5204 4996/5561/4996
f 5204/5777/5204 5000/5565/5000 4996/5561/4996
f 5116/5687/5116 5121/5694/5121 5205/5778/5205
f 5116/5687/5116 5205/5778/5205 5206/5779/5206
f 5121/5694/5121 5120/5693/5120 5205/5778/5205
f 5120/5693/5120 5203/5776/5203 5205/5778/5205
f 5205/5778/5205 5203/5776/5203 4994/5559/4994
f 5203/5776/5203 4996/5561/4996 4994/5559/4994
f 5206/5779/5206 5205/5778/5205 4990/5555/4990
f 5205/5778/5205 4994/5559/4994 4990/5555/4990
f 677/5679/677 5117/5688/5117 5207/5780/5207
f 677/5679/677 5207/5780/5207 5112/5680/5112
f 5117/5688/5117 5116/5687/5116 5206/5779/5206
f 5117/5688/5117 5206/5779/5206 5207/5780/5207
f 5207/5780/5207 5206/5779/5206 4988/5553/4988
f 5206/5779/5206 4990/5555/4990 4988/5553/4988
f 5112/5680/5112 5207/5780/5207 4984/5549/4984
f 5207/5780/5207 4988/5553/4988 4984/5549/4984
f 655/728/655 5208/5781/5208 5209/5782/5209
f 655/728/655 5209/5782/5209 667/5783/667
f 5124/5697/5124 5122/5695/5122 5209/5782/5209
f 5124/5697/5124 5209/5782/5209 5208/5781/5208
f 669/5689/669 667/5783/667 5209/5782/5209
f 669/5689/669 5209/5782/5209 5122/5695/5122
f 652/725/652 5210/5784/5210 5211/5785/5211
f 652/725/652 5211/5785/5211 653/726/653
f 5210/5784/5210 5130/5703/5130 5128/5701/5128
f 5210/5784/5210 5128/5701/5128 5211/5785/5211
f 5211/5785/5211 5128/5701/5128 5208/5781/5208
f 5128/5701/5128 5124/5697/5124 5208/5781/5208
f 653/726/653 5211/5785/5211 5208/5781/5208
f 653/726/653 5208/5781/5208 655/728/655
f 660/738/660 5212/5786/5212 661/739/661
f 5212/5786/5212 5213/5787/5213 661/739/661
f 5212/5786/5212 5136/5709/5136 5213/5787/5213
f 5136/5709/5136 5134/5707/5134 5213/5787/5213
f 5213/5787/5213 5134/5707/5134 5130/5703/5130
f 5213/5787/5213 5130/5703/5130 5210/5784/5210
f 661/739/661 5213/5787/5213 5210/5784/5210
f 661/739/661 5210/5784/5210 652/725/652
f 3993/4519/3993 5214/5788/5214 3995/4522/3995
f 5214/5788/5214 5215/5789/5215 3995/4522/3995
f 5214/5788/5214 5142/5715/5142 5215/5789/5215
f 5142/5715/5142 5140/5713/5140 5215/5789/5215
f 5215/5789/5215 5140/5713/5140 5212/5786/5212
f 5140/5713/5140 5136/5709/5136 5212/5786/5212
f 3995/4522/3995 5215/5789/5215 660/738/660
f 5215/5789/5215 5212/5786/5212 660/738/660
f 3992/4517/3992 5216/5790/5216 5217/5791/5217
f 3992/4517/3992 5217/5791/5217 3991/4516/3991
f 5216/5790/5216 5148/5721/5148 5146/5719/5146
f 5216/5790/5216 5146/5719/5146 5217/5791/5217
f 5217/5791/5217 5146/5719/5146 5214/5788/5214
f 5146/5719/5146 5142/5715/5142 5214/5788/5214
f 3991/4516/3991 5217/5791/5217 3993/4519/3993
f 5217/5791/5217 5214/5788/5214 3993/4519/3993
f 3848/4355/3848 5218/5792/5218 5219/5793/5219
f 3848/4355/3848 5219/5793/5219 4036/4573/4036
f 5218/5792/5218 5154/5727/5154 5219/5793/5219
f 5154/5727/5154 5152/5725/5152 5219/5793/5219
f 5219/5793/5219 5152/5725/5152 5148/5721/5148
f 5219/5793/5219 5148/5721/5148 5216/5790/5216
f 4036/4573/4036 5219/5793/5219 5216/5790/5216
f 4036/4573/4036 5216/5790/5216 3992/4517/3992
f 3846/4353/3846 5220/5794/5220 3847/4354/3847
f 5220/5794/5220 5221/5795/5221 3847/4354/3847
f 5220/5794/5220 5160/5733/5160 5221/5795/5221
f 5160/5733/5160 5158/5731/5158 5221/5795/5221
f 5221/5795/5221 5158/5731/5158 5218/5792/5218
f 5158/5731/5158 5154/5727/5154 5218/5792/5218
f 3847/4354/3847 5221/5795/5221 3848/4355/3848
f 5221/5795/5221 5218/5792/5218 3848/4355/3848
f 3853/4361/3853 5222/5796/5222 3852/4360/3852
f 5222/5796/5222 5223/5797/5223 3852/4360/3852
f 5222/5796/5222 5166/5739/5166 5164/5737/5164
f 5222/5796/5222 5164/5737/5164 5223/5797/5223
f 5223/5797/5223 5164/5737/5164 5220/5794/5220
f 5164/5737/5164 5160/5733/5160 5220/5794/5220
f 3852/4360/3852 5223/5797/5223 3846/4353/3846
f 5223/5797/5223 5220/5794/5220 3846/4353/3846
f 3859/4367/3859 5172/5745/5172 5224/5798/5224
f 3859/4367/3859 5224/5798/5224 3858/4366/3858
f 5166/5739/5166 5222/5796/5222 5224/5798/5224
f 5166/5739/5166 5224/5798/5224 5172/5745/5172
f 3853/4361/3853 3858/4366/3858 5224/5798/5224
f 3853/4361/3853 5224/5798/5224 5222/5796/5222
f 5225/5799/5225 5226/5800/5226 5227/5801/5227
f 5225/5799/5225 5227/5801/5227 5228/5802/5228
f 4595/5151/4595 5229/5803/5229 5226/5800/5226
f 5229/5803/5229 5227/5801/5227 5226/5800/5226
f 3247/3656/3247 3254/3664/3254 5227/5801/5227
f 3247/3656/3247 5227/5801/5227 5229/5803/5229
f 3253/3663/3253 3256/3666/3256 5227/5801/5227
f 3253/3663/3253 5227/5801/5227 3254/3664/3254
f 3258/3670/3258 5228/5802/5228 5227/5801/5227
f 3258/3670/3258 5227/5801/5227 3256/3666/3256
f 5230/5804/5230 5231/5805/5231 5232/5806/5232
f 5230/5804/5230 5232/5806/5232 5233/5807/5233
f 4250/4806/4250 4596/5152/4596 5232/5806/5232
f 4250/4806/4250 5232/5806/5232 5231/5805/5231
f 4595/5151/4595 5226/5800/5226 4596/5152/4596
f 5226/5800/5226 5232/5806/5232 4596/5152/4596
f 5225/5799/5225 5228/5802/5228 5232/5806/5232
f 5225/5799/5225 5232/5806/5232 5226/5800/5226
f 3258/3670/3258 3268/3683/3268 5228/5802/5228
f 3268/3683/3268 5232/5806/5232 5228/5802/5228
f 3267/3682/3267 5233/5807/5233 3268/3683/3268
f 5233/5807/5233 5232/5806/5232 3268/3683/3268
f 5234/5808/5234 5235/5809/5235 5236/5810/5236
f 5234/5808/5234 5236/5810/5236 5237/5811/5237
f 4254/4810/4254 4251/4807/4251 5235/5809/5235
f 4251/4807/4251 5236/5810/5236 5235/5809/5235
f 4250/4806/4250 5231/5805/5231 4251/4807/4251
f 5231/5805/5231 5236/5810/5236 4251/4807/4251
f 5230/5804/5230 5233/5807/5233 5236/5810/5236
f 5230/5804/5230 5236/5810/5236 5231/5805/5231
f 3267/3682/3267 3432/3887/3432 5233/5807/5233
f 3432/3887/3432 5236/5810/5236 5233/5807/5233
f 3076/3467/3076 5237/5811/5237 3432/3887/3432
f 5237/5811/5237 5236/5810/5236 3432/3887/3432
f 5238/5812/5238 5239/5813/5239 5240/5814/5240
f 5238/5812/5238 5240/5814/5240 5241/5815/5241
f 4606/5163/4606 4796/5353/4796 5239/5813/5239
f 4796/5353/4796 5240/5814/5240 5239/5813/5239
f 4254/4810/4254 5235/5809/5235 4796/5353/4796
f 5235/5809/5235 5240/5814/5240 4796/5353/4796
f 5234/5808/5234 5237/5811/5237 5240/5814/5240
f 5234/5808/5234 5240/5814/5240 5235/5809/5235
f 3076/3467/3076 3075/3466/3075 5240/5814/5240
f 3076/3467/3076 5240/5814/5240 5237/5811/5237
f 3074/3464/3074 5241/5815/5241 3075/3466/3075
f 5241/5815/5241 5240/5814/5240 3075/3466/3075
f 3081/5155/3081 4601/5158/4601 5242/5816/5242
f 3081/5155/3081 5242/5816/5242 3080/5817/3080
f 4601/5158/4601 4606/5163/4606 5239/5813/5239
f 4601/5158/4601 5239/5813/5239 5242/5816/5242
f 5242/5816/5242 5239/5813/5239 5238/5812/5238
f 5242/5816/5242 5238/5812/5238 5241/5815/5241
f 3080/5817/3080 5242/5816/5242 3074/3464/3074
f 5242/5816/5242 5241/5815/5241 3074/3464/3074
f 3247/3656/3247 5229/5803/5229 5243/5818/5243
f 3247/3656/3247 5243/5818/5243 4493/5049/4493
f 5229/5803/5229 4595/5151/4595 5243/5818/5243
f 4595/5151/4595 4598/5154/4598 5243/5818/5243
f 5243/5818/5243 4598/5154/4598 4594/5150/4594
f 5243/5818/5243 4594/5150/4594 5244/5819/5244
f 4493/5049/4493 5243/5818/5243 5244/5819/5244
f 4493/5049/4493 5244/5819/5244 4488/5044/4488
f 4594/5150/4594 4593/5149/4593 5244/5819/5244
f 4593/5149/4593 5245/5820/5245 5244/5819/5244
f 4593/5149/4593 4590/5146/4590 5245/5820/5245
f 4590/5146/4590 5246/5821/5246 5245/5820/5245
f 5245/5820/5245 5246/5821/5246 4482/5038/4482
f 5245/5820/5245 4482/5038/4482 4489/5045/4489
f 5244/5819/5244 5245/5820/5245 4489/5045/4489
f 5244/5819/5244 4489/5045/4489 4488/5044/4488
f 4590/5146/4590 4589/5145/4589 5246/5821/5246
f 4589/5145/4589 5247/5822/5247 5246/5821/5246
f 4589/5145/4589 4586/5142/4586 5248/5823/5248
f 4589/5145/4589 5248/5823/5248 5247/5822/5247
f 5247/5822/5247 5248/5823/5248 4476/5032/4476
f 5247/5822/5247 4476/5032/4476 4483/5039/4483
f 5246/5821/5246 5247/5822/5247 4483/5039/4483
f 5246/5821/5246 4483/5039/4483 4482/5038/4482
f 4586/5142/4586 4585/5141/4585 5249/5824/5249
f 4586/5142/4586 5249/5824/5249 5248/5823/5248
f 4585/5141/4585 4582/5138/4582 5250/5825/5250
f 4585/5141/4585 5250/5825/5250 5249/5824/5249
f 5249/5824/5249 5250/5825/5250 4470/5026/4470
f 5249/5824/5249 4470/5026/4470 4477/5033/4477
f 5248/5823/5248 5249/5824/5249 4477/5033/4477
f 5248/5823/5248 4477/5033/4477 4476/5032/4476
f 4582/5138/4582 4581/5137/4581 5251/5826/5251
f 4582/5138/4582 5251/5826/5251 5250/5825/5250
f 4581/5137/4581 4578/5134/4578 5251/5826/5251
f 4578/5134/4578 5252/5827/5252 5251/5826/5251
f 5251/5826/5251 5252/5827/5252 4471/5027/4471
f 5252/5827/5252 4464/5020/4464 4471/5027/4471
f 5250/5825/5250 5251/5826/5251 4471/5027/4471
f 5250/5825/5250 4471/5027/4471 4470/5026/4470
f 4578/5134/4578 4577/5133/4577 5252/5827/5252
f 4577/5133/4577 5253/5828/5253 5252/5827/5252
f 4577/5133/4577 4574/5130/4574 5253/5828/5253
f 4574/5130/4574 5254/5829/5254 5253/5828/5253
f 5253/5828/5253 5254/5829/5254 4465/5021/4465
f 5254/5829/5254 4458/5014/4458 4465/5021/4465
f 5252/5827/5252 5253/5828/5253 4464/5020/4464
f 5253/5828/5253 4465/5021/4465 4464/5020/4464
f 4574/5130/4574 4573/5129/4573 5255/5830/5255
f 4574/5130/4574 5255/5830/5255 5254/5829/5254
f 4573/5129/4573 4570/5126/4570 5256/5831/5256
f 4573/5129/4573 5256/5831/5256 5255/5830/5255
f 5255/5830/5255 5256/5831/5256 4452/5008/4452
f 5255/5830/5255 4452/5008/4452 4459/5015/4459
f 5254/5829/5254 5255/5830/5255 4459/5015/4459
f 5254/5829/5254 4459/5015/4459 4458/5014/4458
f 4570/5126/4570 4569/5125/4569 5257/5832/5257
f 4570/5126/4570 5257/5832/5257 5256/5831/5256
f 4569/5125/4569 4566/5122/4566 5258/5833/5258
f 4569/5125/4569 5258/5833/5258 5257/5832/5257
f 5257/5832/5257 5258/5833/5258 4446/5002/4446
f 5257/5832/5257 4446/5002/4446 4453/5009/4453
f 5256/5831/5256 5257/5832/5257 4453/5009/4453
f 5256/5831/5256 4453/5009/4453 4452/5008/4452
f 4566/5122/4566 4565/5121/4565 5259/5834/5259
f 4566/5122/4566 5259/5834/5259 5258/5833/5258
f 4565/5121/4565 4562/5118/4562 5260/5835/5260
f 4565/5121/4565 5260/5835/5260 5259/5834/5259
f 5259/5834/5259 5260/5835/5260 4440/4996/4440
f 5259/5834/5259 4440/4996/4440 4447/5003/4447
f 5258/5833/5258 5259/5834/5259 4447/5003/4447
f 5258/5833/5258 4447/5003/4447 4446/5002/4446
f 4562/5118/4562 4561/5117/4561 5261/5836/5261
f 4562/5118/4562 5261/5836/5261 5260/5835/5260
f 4561/5117/4561 4558/5114/4558 5262/5837/5262
f 4561/5117/4561 5262/5837/5262 5261/5836/5261
f 5261/5836/5261 5262/5837/5262 4434/4990/4434
f 5261/5836/5261 4434/4990/4434 4441/4997/4441
f 5260/5835/5260 5261/5836/5261 4441/4997/4441
f 5260/5835/5260 4441/4997/4441 4440/4996/4440
f 4558/5114/4558 4557/5113/4557 5263/5838/5263
f 4558/5114/4558 5263/5838/5263 5262/5837/5262
f 4557/5113/4557 4554/5110/4554 5264/5839/5264
f 4557/5113/4557 5264/5839/5264 5263/5838/5263
f 5263/5838/5263 5264/5839/5264 4428/4984/4428
f 5263/5838/5263 4428/4984/4428 4435/4991/4435
f 5262/5837/5262 5263/5838/5263 4435/4991/4435
f 5262/5837/5262 4435/4991/4435 4434/4990/4434
f 4554/5110/4554 4553/5109/4553 5265/5840/5265
f 4554/5110/4554 5265/5840/5265 5264/5839/5264
f 4553/5109/4553 4550/5106/4550 5266/5841/5266
f 4553/5109/4553 5266/5841/5266 5265/5840/5265
f 5265/5840/5265 5266/5841/5266 4422/4978/4422
f 5265/5840/5265 4422/4978/4422 4429/4985/4429
f 5264/5839/5264 5265/5840/5265 4429/4985/4429
f 5264/5839/5264 4429/4985/4429 4428/4984/4428
f 4550/5106/4550 4549/5105/4549 5267/5842/5267
f 4550/5106/4550 5267/5842/5267 5266/5841/5266
f 4549/5105/4549 4546/5102/4546 5268/5843/5268
f 4549/5105/4549 5268/5843/5268 5267/5842/5267
f 5267/5842/5267 5268/5843/5268 4423/4979/4423
f 5268/5843/5268 4416/4972/4416 4423/4979/4423
f 5266/5841/5266 5267/5842/5267 4422/4978/4422
f 5267/5842/5267 4423/4979/4423 4422/4978/4422
f 4546/5102/4546 4545/5101/4545 5269/5844/5269
f 4546/5102/4546 5269/5844/5269 5268/5843/5268
f 4545/5101/4545 4542/5098/4542 5270/5845/5270
f 4545/5101/4545 5270/5845/5270 5269/5844/5269
f 5269/5844/5269 5270/5845/5270 4410/4966/4410
f 5269/5844/5269 4410/4966/4410 4417/4973/4417
f 5268/5843/5268 5269/5844/5269 4417/4973/4417
f 5268/5843/5268 4417/4973/4417 4416/4972/4416
f 4542/5098/4542 4541/5097/4541 5271/5846/5271
f 4542/5098/4542 5271/5846/5271 5270/5845/5270
f 4541/5097/4541 4538/5094/4538 5271/5846/5271
f 4538/5094/4538 5272/5847/5272 5271/5846/5271
f 5271/5846/5271 5272/5847/5272 4411/4967/4411
f 5272/5847/5272 4404/4960/4404 4411/4967/4411
f 5270/5845/5270 5271/5846/5271 4411/4967/4411
f 5270/5845/5270 4411/4967/4411 4410/4966/4410
f 4538/5094/4538 4537/5093/4537 5273/5848/5273
f 4538/5094/4538 5273/5848/5273 5272/5847/5272
f 4537/5093/4537 4534/5090/4534 5274/5849/5274
f 4537/5093/4537 5274/5849/5274 5273/5848/5273
f 5273/5848/5273 5274/5849/5274 4398/4954/4398
f 5273/5848/5273 4398/4954/4398 4405/4961/4405
f 5272/5847/5272 5273/5848/5273 4405/4961/4405
f 5272/5847/5272 4405/4961/4405 4404/4960/4404
f 4534/5090/4534 4533/5089/4533 5275/5850/5275
f 4534/5090/4534 5275/5850/5275 5274/5849/5274
f 4533/5089/4533 4530/5086/4530 5276/5851/5276
f 4533/5089/4533 5276/5851/5276 5275/5850/5275
f 5275/5850/5275 5276/5851/5276 4392/4948/4392
f 5275/5850/5275 4392/4948/4392 4399/4955/4399
f 5274/5849/5274 5275/5850/5275 4399/4955/4399
f 5274/5849/5274 4399/4955/4399 4398/4954/4398
f 4530/5086/4530 4529/5085/4529 5277/5852/5277
f 4530/5086/4530 5277/5852/5277 5276/5851/5276
f 4529/5085/4529 4526/5082/4526 5278/5853/5278
f 4529/5085/4529 5278/5853/5278 5277/5852/5277
f 5277/5852/5277 5278/5853/5278 4386/4942/4386
f 5277/5852/5277 4386/4942/4386 4393/4949/4393
f 5276/5851/5276 5277/5852/5277 4393/4949/4393
f 5276/5851/5276 4393/4949/4393 4392/4948/4392
f 4526/5082/4526 4525/5081/4525 5279/5854/5279
f 4526/5082/4526 5279/5854/5279 5278/5853/5278
f 4525/5081/4525 4522/5078/4522 5280/5855/5280
f 4525/5081/4525 5280/5855/5280 5279/5854/5279
f 5279/5854/5279 5280/5855/5280 4380/4936/4380
f 5279/5854/5279 4380/4936/4380 4387/4943/4387
f 5278/5853/5278 5279/5854/5279 4387/4943/4387
f 5278/5853/5278 4387/4943/4387 4386/4942/4386
f 4522/5078/4522 4521/5077/4521 5281/5856/5281
f 4522/5078/4522 5281/5856/5281 5280/5855/5280
f 4521/5077/4521 4518/5074/4518 5282/5857/5282
f 4521/5077/4521 5282/5857/5282 5281/5856/5281
f 5281/5856/5281 5282/5857/5282 4374/4930/4374
f 5281/5856/5281 4374/4930/4374 4381/4937/4381
f 5280/5855/5280 5281/5856/5281 4381/4937/4381
f 5280/5855/5280 4381/4937/4381 4380/4936/4380
f 4518/5074/4518 4517/5073/4517 5283/5858/5283
f 4518/5074/4518 5283/5858/5283 5282/5857/5282
f 4517/5073/4517 4514/5070/4514 5284/5859/5284
f 4517/5073/4517 5284/5859/5284 5283/5858/5283
f 5283/5858/5283 5284/5859/5284 4368/4924/4368
f 5283/5858/5283 4368/4924/4368 4375/4931/4375
f 5282/5857/5282 5283/5858/5283 4375/4931/4375
f 5282/5857/5282 4375/4931/4375 4374/4930/4374
f 4514/5070/4514 4513/5069/4513 5285/5860/5285
f 4514/5070/4514 5285/5860/5285 5284/5859/5284
f 4513/5069/4513 4510/5066/4510 5286/5861/5286
f 4513/5069/4513 5286/5861/5286 5285/5860/5285
f 5285/5860/5285 5286/5861/5286 4362/4918/4362
f 5285/5860/5285 4362/4918/4362 4369/4925/4369
f 5284/5859/5284 5285/5860/5285 4369/4925/4369
f 5284/5859/5284 4369/4925/4369 4368/4924/4368
f 4510/5066/4510 4509/5065/4509 5287/5862/5287
f 4510/5066/4510 5287/5862/5287 5286/5861/5286
f 4509/5065/4509 4506/5062/4506 5288/5863/5288
f 4509/5065/4509 5288/5863/5288 5287/5862/5287
f 5287/5862/5287 5288/5863/5288 4356/4912/4356
f 5287/5862/5287 4356/4912/4356 4363/4919/4363
f 5286/5861/5286 5287/5862/5287 4363/4919/4363
f 5286/5861/5286 4363/4919/4363 4362/4918/4362
f 4506/5062/4506 4505/5061/4505 5289/5864/5289
f 4506/5062/4506 5289/5864/5289 5288/5863/5288
f 4505/5061/4505 4502/5058/4502 5290/5865/5290
f 4505/5061/4505 5290/5865/5290 5289/5864/5289
f 5289/5864/5289 5290/5865/5290 4350/4906/4350
f 5289/5864/5289 4350/4906/4350 4357/4913/4357
f 5288/5863/5288 5289/5864/5289 4357/4913/4357
f 5288/5863/5288 4357/4913/4357 4356/4912/4356
f 4502/5058/4502 4501/5057/4501 5291/5866/5291
f 4502/5058/4502 5291/5866/5291 5290/5865/5290
f 4501/5057/4501 4498/5054/4498 5292/5867/5292
f 4501/5057/4501 5292/5867/5292 5291/5866/5291
f 5291/5866/5291 5292/5867/5292 4346/4902/4346
f 5291/5866/5291 4346/4902/4346 4351/4907/4351
f 5290/5865/5290 5291/5866/5291 4351/4907/4351
f 5290/5865/5290 4351/4907/4351 4350/4906/4350
f 4498/5054/4498 4496/5052/4496 5293/5868/5293
f 4498/5054/4498 5293/5868/5293 5292/5867/5292
f 266/315/266 2770/3116/2770 4496/5052/4496
f 2770/3116/2770 5293/5868/5293 4496/5052/4496
f 2769/3115/2769 2774/3120/2774 5293/5868/5293
f 2769/3115/2769 5293/5868/5293 2770/3116/2770
f 2773/3119/2773 4347/4903/4347 5293/5868/5293
f 2773/3119/2773 5293/5868/5293 2774/3120/2774
f 4346/4902/4346 5292/5867/5292 4347/4903/4347
f 5292/5867/5292 5293/5868/5293 4347/4903/4347
f 4355/4911/4355 4354/4910/4354 5294/5869/5294
f 4355/4911/4355 5294/5869/5294 5295/5870/5295
f 2751/3094/2751 2750/3092/2750 5294/5869/5294
f 2751/3094/2751 5294/5869/5294 4354/4910/4354
f 2749/3091/2749 5295/5870/5295 5294/5869/5294
f 2749/3091/2749 5294/5869/5294 2750/3092/2750
f 5296/5871/5296 5297/5872/5297 5298/5873/5298
f 5296/5871/5296 5298/5873/5298 5299/5874/5299
f 2749/3091/2749 2755/3100/2755 5298/5873/5298
f 2749/3091/2749 5298/5873/5298 5297/5872/5297
f 2756/3101/2756 5299/5874/5299 5298/5873/5298
f 2756/3101/2756 5298/5873/5298 2755/3100/2755
f 5300/5875/5300 5301/5876/5301 5302/5877/5302
f 5300/5875/5300 5302/5877/5302 5303/5878/5303
f 2756/3101/2756 2763/3109/2763 5302/5877/5302
f 2756/3101/2756 5302/5877/5302 5301/5876/5301
f 2764/3110/2764 5303/5878/5303 5302/5877/5302
f 2764/3110/2764 5302/5877/5302 2763/3109/2763
f 5304/5879/5304 5305/5880/5305 5306/5881/5306
f 5304/5879/5304 5306/5881/5306 5307/5882/5307
f 2764/3110/2764 3751/4246/3751 5306/5881/5306
f 2764/3110/2764 5306/5881/5306 5305/5880/5305
f 3750/4245/3750 5307/5882/5307 5306/5881/5306
f 3750/4245/3750 5306/5881/5306 3751/4246/3751
f 5308/5883/5308 5309/5884/5309 5310/5885/5310
f 5308/5883/5308 5310/5885/5310 5311/5886/5311
f 3750/4245/3750 3753/4248/3753 5310/5885/5310
f 3750/4245/3750 5310/5885/5310 5309/5884/5309
f 3655/4131/3655 5311/5886/5311 5310/5885/5310
f 3655/4131/3655 5310/5885/5310 3753/4248/3753
f 5312/5887/5312 5313/5888/5313 5314/5889/5314
f 5312/5887/5312 5314/5889/5314 5315/5890/5315
f 5313/5888/5313 5308/5883/5308 5311/5886/5311
f 5313/5888/5313 5311/5886/5311 5314/5889/5314
f 5314/5889/5314 5311/5886/5311 3653/4129/3653
f 5311/5886/5311 3655/4131/3655 3653/4129/3653
f 5315/5890/5315 5314/5889/5314 3653/4129/3653
f 5315/5890/5315 3653/4129/3653 3652/4128/3652
f 5316/5891/5316 5317/5892/5317 5318/5893/5318
f 5316/5891/5316 5318/5893/5318 5319/5894/5319
f 5317/5892/5317 5312/5887/5312 5315/5890/5315
f 5317/5892/5317 5315/5890/5315 5318/5893/5318
f 5318/5893/5318 5315/5890/5315 3652/4128/3652
f 5318/5893/5318 3652/4128/3652 3659/4135/3659
f 5319/5894/5319 5318/5893/5318 3659/4135/3659
f 5319/5894/5319 3659/4135/3659 3658/4134/3658
f 5320/5895/5320 5321/5896/5321 5322/5897/5322
f 5320/5895/5320 5322/5897/5322 5323/5898/5323
f 5321/5896/5321 5316/5891/5316 5319/5894/5319
f 5321/5896/5321 5319/5894/5319 5322/5897/5322
f 5322/5897/5322 5319/5894/5319 3658/4134/3658
f 5322/5897/5322 3658/4134/3658 3663/4139/3663
f 5323/5898/5323 5322/5897/5322 3663/4139/3663
f 5323/5898/5323 3663/4139/3663 3662/4138/3662
f 5324/5899/5324 5325/5900/5325 5326/5901/5326
f 5325/5900/5325 5327/5902/5327 5326/5901/5326
f 5325/5900/5325 5320/5895/5320 5323/5898/5323
f 5325/5900/5325 5323/5898/5323 5327/5902/5327
f 5327/5902/5327 5323/5898/5323 3662/4138/3662
f 5327/5902/5327 3662/4138/3662 3665/4141/3665
f 5326/5901/5326 5327/5902/5327 1703/1888/1703
f 5327/5902/5327 3665/4141/3665 1703/1888/1703
f 5328/5903/5328 5329/5904/5329 5330/5905/5330
f 5329/5904/5329 5331/5906/5331 5330/5905/5330
f 5329/5904/5329 5324/5899/5324 5331/5906/5331
f 5324/5899/5324 5326/5901/5326 5331/5906/5331
f 5331/5906/5331 5326/5901/5326 1701/1886/1701
f 5326/5901/5326 1703/1888/1703 1701/1886/1701
f 5330/5905/5330 5331/5906/5331 1701/1886/1701
f 5330/5905/5330 1701/1886/1701 1700/1885/1700
f 1707/1892/1707 5332/5907/5332 5333/5908/5333
f 1707/1892/1707 5333/5908/5333 1706/1891/1706
f 5328/5903/5328 5330/5905/5330 5333/5908/5333
f 5328/5903/5328 5333/5908/5333 5332/5907/5332
f 1700/1885/1700 1706/1891/1706 5333/5908/5333
f 1700/1885/1700 5333/5908/5333 5330/5905/5330
f 5334/5909/5334 5335/5910/5335 5336/5911/5336
f 5334/5909/5334 5336/5911/5336 5337/5912/5337
f 5335/5910/5335 5338/5913/5338 5339/5914/5339
f 5335/5910/5335 5339/5914/5339 5336/5911/5336
f 5336/5911/5336 5339/5914/5339 1707/1892/1707
f 5336/5911/5336 1707/1892/1707 4187/4743/4187
f 5337/5912/5337 5336/5911/5336 4186/4742/4186
f 5336/5911/5336 4187/4743/4187 4186/4742/4186
f 5340/5915/5340 5341/5916/5341 5342/5917/5342
f 5340/5915/5340 5342/5917/5342 5343/5918/5343
f 4186/4742/4186 4189/4745/4189 5342/5917/5342
f 4186/4742/4186 5342/5917/5342 5341/5916/5341
f 3791/4293/3791 5343/5918/5343 5342/5917/5342
f 3791/4293/3791 5342/5917/5342 4189/4745/4189
f 5344/5919/5344 5345/5920/5345 5346/5921/5346
f 5344/5919/5344 5346/5921/5346 5347/5922/5347
f 5345/5920/5345 5340/5915/5340 5343/5918/5343
f 5345/5920/5345 5343/5918/5343 5346/5921/5346
f 5346/5921/5346 5343/5918/5343 3790/4292/3790
f 5343/5918/5343 3791/4293/3791 3790/4292/3790
f 5347/5922/5347 5346/5921/5346 3790/4292/3790
f 5347/5922/5347 3790/4292/3790 3789/4291/3789
f 5348/5923/5348 5349/5924/5349 5350/5925/5350
f 5348/5923/5348 5350/5925/5350 5351/5926/5351
f 5349/5924/5349 5344/5919/5344 5347/5922/5347
f 5349/5924/5349 5347/5922/5347 5350/5925/5350
f 5350/5925/5350 5347/5922/5347 3789/4291/3789
f 5350/5925/5350 3789/4291/3789 3794/4296/3794
f 5351/5926/5351 5350/5925/5350 3794/4296/3794
f 5351/5926/5351 3794/4296/3794 2944/3312/2944
f 5352/5927/5352 5353/5928/5353 5354/5929/5354
f 5353/5928/5353 5355/5930/5355 5354/5929/5354
f 5353/5928/5353 5348/5923/5348 5355/5930/5355
f 5348/5923/5348 5351/5926/5351 5355/5930/5355
f 5355/5930/5355 5351/5926/5351 2944/3312/2944
f 5355/5930/5355 2944/3312/2944 2943/3311/2943
f 5354/5929/5354 5355/5930/5355 2943/3311/2943
f 5354/5929/5354 2943/3311/2943 2942/3310/2942
f 5356/5931/5356 5357/5932/5357 5358/5933/5358
f 5357/5932/5357 5359/5934/5359 5358/5933/5358
f 5357/5932/5357 5352/5927/5352 5359/5934/5359
f 5352/5927/5352 5354/5929/5354 5359/5934/5359
f 5359/5934/5359 5354/5929/5354 2942/3310/2942
f 5359/5934/5359 2942/3310/2942 2947/3315/2947
f 5358/5933/5358 5359/5934/5359 2947/3315/2947
f 5358/5933/5358 2947/3315/2947 2930/3298/2930
f 5360/5935/5360 5361/5936/5361 5362/5937/5362
f 5361/5936/5361 5363/5938/5363 5362/5937/5362
f 5361/5936/5361 5356/5931/5356 5363/5938/5363
f 5356/5931/5356 5358/5933/5358 5363/5938/5363
f 5363/5938/5363 5358/5933/5358 2930/3298/2930
f 5363/5938/5363 2930/3298/2930 2929/3297/2929
f 5362/5937/5362 5363/5938/5363 2929/3297/2929
f 5362/5937/5362 2929/3297/2929 2928/3296/2928
f 1731/1916/1731 5364/5939/5364 5365/5940/5365
f 1731/1916/1731 5365/5940/5365 2934/3302/2934
f 5360/5935/5360 5362/5937/5362 5365/5940/5365
f 5360/5935/5360 5365/5940/5365 5364/5939/5364
f 2928/3296/2928 2934/3302/2934 5365/5940/5365
f 2928/3296/2928 5365/5940/5365 5362/5937/5362
f 5366/5941/5366 5367/5942/5367 5368/5943/5368
f 5367/5942/5367 5369/5944/5369 5368/5943/5368
f 5367/5942/5367 5370/5945/5370 5371/5946/5371
f 5367/5942/5367 5371/5946/5371 5369/5944/5369
f 5369/5944/5369 5371/5946/5371 1731/1916/1731
f 5369/5944/5369 1731/1916/1731 1730/1915/1730
f 5368/5943/5368 5369/5944/5369 1730/1915/1730
f 5368/5943/5368 1730/1915/1730 1716/1901/1716
f 1715/1900/1715 5372/5947/5372 5373/5948/5373
f 1715/1900/1715 5373/5948/5373 1714/1899/1714
f 5366/5941/5366 5368/5943/5368 5373/5948/5373
f 5366/5941/5366 5373/5948/5373 5372/5947/5372
f 1716/1901/1716 1714/1899/1714 5373/5948/5373
f 1716/1901/1716 5373/5948/5373 5368/5943/5368
f 2958/3326/2958 5374/5949/5374 5375/5950/5375
f 2958/3326/2958 5375/5950/5375 2957/3325/2957
f 5376/5951/5376 5377/5952/5377 5375/5950/5375
f 5376/5951/5376 5375/5950/5375 5374/5949/5374
f 1715/1900/1715 2957/3325/2957 5375/5950/5375
f 1715/1900/1715 5375/5950/5375 5377/5952/5377
f 2964/3332/2964 5378/5953/5378 5379/5954/5379
f 2964/3332/2964 5379/5954/5379 2963/3331/2963
f 5380/5955/5380 5381/5956/5381 5379/5954/5379
f 5380/5955/5380 5379/5954/5379 5378/5953/5378
f 2958/3326/2958 2963/3331/2963 5379/5954/5379
f 2958/3326/2958 5379/5954/5379 5381/5956/5381
f 3242/3651/3242 4492/5048/4492 5382/5957/5382
f 3242/3651/3242 5382/5957/5382 3241/3650/3241
f 4487/5043/4487 5383/5958/5383 5382/5957/5382
f 4487/5043/4487 5382/5957/5382 4492/5048/4492
f 2964/3332/2964 3241/3650/3241 5382/5957/5382
f 2964/3332/2964 5382/5957/5382 5383/5958/5383
f 4487/5043/4487 4486/5042/4486 5383/5958/5383
f 4486/5042/4486 5384/5959/5384 5383/5958/5383
f 4486/5042/4486 4481/5037/4481 5385/5960/5385
f 4486/5042/4486 5385/5960/5385 5384/5959/5384
f 5384/5959/5384 5385/5960/5385 5378/5953/5378
f 5385/5960/5385 5380/5955/5380 5378/5953/5378
f 5383/5958/5383 5384/5959/5384 2964/3332/2964
f 5384/5959/5384 5378/5953/5378 2964/3332/2964
f 4481/5037/4481 4480/5036/4480 5386/5961/5386
f 4481/5037/4481 5386/5961/5386 5385/5960/5385
f 4480/5036/4480 4475/5031/4475 5387/5962/5387
f 4480/5036/4480 5387/5962/5387 5386/5961/5386
f 5386/5961/5386 5387/5962/5387 5388/5963/5388
f 5386/5961/5386 5388/5963/5388 5389/5964/5389
f 5385/5960/5385 5386/5961/5386 5380/5955/5380
f 5386/5961/5386 5389/5964/5389 5380/5955/5380
f 4475/5031/4475 4474/5030/4474 5390/5965/5390
f 4475/5031/4475 5390/5965/5390 5387/5962/5387
f 4474/5030/4474 4469/5025/4469 5390/5965/5390
f 4469/5025/4469 5391/5966/5391 5390/5965/5390
f 5390/5965/5390 5391/5966/5391 5392/5967/5392
f 5391/5966/5391 5393/5968/5393 5392/5967/5392
f 5387/5962/5387 5390/5965/5390 5392/5967/5392
f 5387/5962/5387 5392/5967/5392 5388/5963/5388
f 4469/5025/4469 4468/5024/4468 5391/5966/5391
f 4468/5024/4468 5394/5969/5394 5391/5966/5391
f 4468/5024/4468 4463/5019/4463 5394/5969/5394
f 4463/5019/4463 5395/5970/5395 5394/5969/5394
f 5394/5969/5394 5395/5970/5395 5396/5971/5396
f 5395/5970/5395 5397/5972/5397 5396/5971/5396
f 5391/5966/5391 5394/5969/5394 5393/5968/5393
f 5394/5969/5394 5396/5971/5396 5393/5968/5393
f 4463/5019/4463 4462/5018/4462 5398/5973/5398
f 4463/5019/4463 5398/5973/5398 5395/5970/5395
f 4462/5018/4462 4457/5013/4457 5399/5974/5399
f 4462/5018/4462 5399/5974/5399 5398/5973/5398
f 5398/5973/5398 5399/5974/5399 5400/5975/5400
f 5398/5973/5398 5400/5975/5400 5401/5976/5401
f 5395/5970/5395 5398/5973/5398 5401/5976/5401
f 5395/5970/5395 5401/5976/5401 5397/5972/5397
f 4457/5013/4457 4456/5012/4456 5402/5977/5402
f 4457/5013/4457 5402/5977/5402 5399/5974/5399
f 4456/5012/4456 4451/5007/4451 5403/5978/5403
f 4456/5012/4456 5403/5978/5403 5402/5977/5402
f 5402/5977/5402 5403/5978/5403 5404/5979/5404
f 5402/5977/5402 5404/5979/5404 5405/5980/5405
f 5399/5974/5399 5402/5977/5402 5405/5980/5405
f 5399/5974/5399 5405/5980/5405 5400/5975/5400
f 4451/5007/4451 4450/5006/4450 5406/5981/5406
f 4451/5007/4451 5406/5981/5406 5403/5978/5403
f 4450/5006/4450 4445/5001/4445 5407/5982/5407
f 4450/5006/4450 5407/5982/5407 5406/5981/5406
f 5406/5981/5406 5407/5982/5407 5408/5983/5408
f 5406/5981/5406 5408/5983/5408 5409/5984/5409
f 5403/5978/5403 5406/5981/5406 5409/5984/5409
f 5403/5978/5403 5409/5984/5409 5404/5979/5404
f 4445/5001/4445 4444/5000/4444 5410/5985/5410
f 4445/5001/4445 5410/5985/5410 5407/5982/5407
f 4444/5000/4444 4439/4995/4439 5411/5986/5411
f 4444/5000/4444 5411/5986/5411 5410/5985/5410
f 5410/5985/5410 5411/5986/5411 5412/5987/5412
f 5410/5985/5410 5412/5987/5412 5413/5988/5413
f 5407/5982/5407 5410/5985/5410 5413/5988/5413
f 5407/5982/5407 5413/5988/5413 5408/5983/5408
f 4439/4995/4439 4438/4994/4438 5414/5989/5414
f 4439/4995/4439 5414/5989/5414 5411/5986/5411
f 4438/4994/4438 4433/4989/4433 5415/5990/5415
f 4438/4994/4438 5415/5990/5415 5414/5989/5414
f 5414/5989/5414 5415/5990/5415 5416/5991/5416
f 5414/5989/5414 5416/5991/5416 5417/5992/5417
f 5411/5986/5411 5414/5989/5414 5417/5992/5417
f 5411/5986/5411 5417/5992/5417 5412/5987/5412
f 4433/4989/4433 4432/4988/4432 5418/5993/5418
f 4433/4989/4433 5418/5993/5418 5415/5990/5415
f 4432/4988/4432 4427/4983/4427 5419/5994/5419
f 4432/4988/4432 5419/5994/5419 5418/5993/5418
f 5418/5993/5418 5419/5994/5419 5420/5995/5420
f 5418/5993/5418 5420/5995/5420 5421/5996/5421
f 5415/5990/5415 5418/5993/5418 5421/5996/5421
f 5415/5990/5415 5421/5996/5421 5416/5991/5416
f 4427/4983/4427 4426/4982/4426 5422/5997/5422
f 4427/4983/4427 5422/5997/5422 5419/5994/5419
f 4426/4982/4426 4421/4977/4421 5423/5998/5423
f 4426/4982/4426 5423/5998/5423 5422/5997/5422
f 5422/5997/5422 5423/5998/5423 5424/5999/5424
f 5422/5997/5422 5424/5999/5424 5425/6000/5425
f 5419/5994/5419 5422/5997/5422 5425/6000/5425
f 5419/5994/5419 5425/6000/5425 5420/5995/5420
f 4421/4977/4421 4420/4976/4420 5426/6001/5426
f 4421/4977/4421 5426/6001/5426 5423/5998/5423
f 4420/4976/4420 4415/4971/4415 5427/6002/5427
f 4420/4976/4420 5427/6002/5427 5426/6001/5426
f 5426/6001/5426 5427/6002/5427 5428/6003/5428
f 5426/6001/5426 5428/6003/5428 5429/6004/5429
f 5423/5998/5423 5426/6001/5426 5429/6004/5429
f 5423/5998/5423 5429/6004/5429 5424/5999/5424
f 4415/4971/4415 4414/4970/4414 5430/6005/5430
f 4415/4971/4415 5430/6005/5430 5427/6002/5427
f 4414/4970/4414 4409/4965/4409 5430/6005/5430
f 4409/4965/4409 5431/6006/5431 5430/6005/5430
f 5430/6005/5430 5431/6006/5431 5432/6007/5432
f 5431/6006/5431 5433/6008/5433 5432/6007/5432
f 5427/6002/5427 5430/6005/5430 5432/6007/5432
f 5427/6002/5427 5432/6007/5432 5428/6003/5428
f 4409/4965/4409 4408/4964/4408 5434/6009/5434
f 4409/4965/4409 5434/6009/5434 5431/6006/5431
f 4408/4964/4408 4403/4959/4403 5435/6010/5435
f 4408/4964/4408 5435/6010/5435 5434/6009/5434
f 5434/6009/5434 5435/6010/5435 5436/6011/5436
f 5434/6009/5434 5436/6011/5436 5437/6012/5437
f 5431/6006/5431 5434/6009/5434 5437/6012/5437
f 5431/6006/5431 5437/6012/5437 5433/6008/5433
f 4403/4959/4403 4402/4958/4402 5438/6013/5438
f 4403/4959/4403 5438/6013/5438 5435/6010/5435
f 4402/4958/4402 4397/4953/4397 5439/6014/5439
f 4402/4958/4402 5439/6014/5439 5438/6013/5438
f 5438/6013/5438 5439/6014/5439 5440/6015/5440
f 5438/6013/5438 5440/6015/5440 5441/6016/5441
f 5435/6010/5435 5438/6013/5438 5441/6016/5441
f 5435/6010/5435 5441/6016/5441 5436/6011/5436
f 4397/4953/4397 4396/4952/4396 5442/6017/5442
f 4397/4953/4397 5442/6017/5442 5439/6014/5439
f 4396/4952/4396 4391/4947/4391 5443/6018/5443
f 4396/4952/4396 5443/6018/5443 5442/6017/5442
f 5442/6017/5442 5443/6018/5443 5444/6019/5444
f 5442/6017/5442 5444/6019/5444 5445/6020/5445
f 5439/6014/5439 5442/6017/5442 5445/6020/5445
f 5439/6014/5439 5445/6020/5445 5440/6015/5440
f 4391/4947/4391 4390/4946/4390 5446/6021/5446
f 4391/4947/4391 5446/6021/5446 5443/6018/5443
f 4390/4946/4390 4385/4941/4385 5447/6022/5447
f 4390/4946/4390 5447/6022/5447 5446/6021/5446
f 5446/6021/5446 5447/6022/5447 5448/6023/5448
f 5446/6021/5446 5448/6023/5448 5449/6024/5449
f 5443/6018/5443 5446/6021/5446 5449/6024/5449
f 5443/6018/5443 5449/6024/5449 5444/6019/5444
f 4385/4941/4385 4384/4940/4384 5450/6025/5450
f 4385/4941/4385 5450/6025/5450 5447/6022/5447
f 4384/4940/4384 4379/4935/4379 5451/6026/5451
f 4384/4940/4384 5451/6026/5451 5450/6025/5450
f 5450/6025/5450 5451/6026/5451 5452/6027/5452
f 5450/6025/5450 5452/6027/5452 5453/6028/5453
f 5447/6022/5447 5450/6025/5450 5453/6028/5453
f 5447/6022/5447 5453/6028/5453 5448/6023/5448
f 4379/4935/4379 4378/4934/4378 5454/6029/5454
f 4379/4935/4379 5454/6029/5454 5451/6026/5451
f 4378/4934/4378 4373/4929/4373 5455/6030/5455
f 4378/4934/4378 5455/6030/5455 5454/6029/5454
f 5454/6029/5454 5455/6030/5455 5456/6031/5456
f 5454/6029/5454 5456/6031/5456 5457/6032/5457
f 5451/6026/5451 5454/6029/5454 5457/6032/5457
f 5451/6026/5451 5457/6032/5457 5452/6027/5452
f 4373/4929/4373 4372/4928/4372 5458/6033/5458
f 4373/4929/4373 5458/6033/5458 5455/6030/5455
f 4372/4928/4372 4367/4923/4367 5459/6034/5459
f 4372/4928/4372 5459/6034/5459 5458/6033/5458
f 5458/6033/5458 5459/6034/5459 5460/6035/5460
f 5458/6033/5458 5460/6035/5460 5461/6036/5461
f 5455/6030/5455 5458/6033/5458 5461/6036/5461
f 5455/6030/5455 5461/6036/5461 5456/6031/5456
f 4367/4923/4367 4366/4922/4366 5462/6037/5462
f 4367/4923/4367 5462/6037/5462 5459/6034/5459
f 4366/4922/4366 4361/4917/4361 5463/6038/5463
f 4366/4922/4366 5463/6038/5463 5462/6037/5462
f 5462/6037/5462 5463/6038/5463 5296/5871/5296
f 5462/6037/5462 5296/5871/5296 5464/6039/5464
f 5459/6034/5459 5462/6037/5462 5464/6039/5464
f 5459/6034/5459 5464/6039/5464 5460/6035/5460
f 4361/4917/4361 4360/4916/4360 5465/6040/5465
f 4361/4917/4361 5465/6040/5465 5463/6038/5463
f 4360/4916/4360 4355/4911/4355 5295/5870/5295
f 4360/4916/4360 5295/5870/5295 5465/6040/5465
f 5465/6040/5465 5295/5870/5295 2749/3091/2749
f 5465/6040/5465 2749/3091/2749 5297/5872/5297
f 5463/6038/5463 5465/6040/5465 5297/5872/5297
f 5463/6038/5463 5297/5872/5297 5296/5871/5296
f 5380/5955/5380 5389/5964/5389 5381/5956/5381
f 5389/5964/5389 5466/6041/5466 5381/5956/5381
f 5389/5964/5389 5388/5963/5388 5467/6042/5467
f 5389/5964/5389 5467/6042/5467 5466/6041/5466
f 5466/6041/5466 5467/6042/5467 5374/5949/5374
f 5467/6042/5467 5376/5951/5376 5374/5949/5374
f 5381/5956/5381 5466/6041/5466 2958/3326/2958
f 5466/6041/5466 5374/5949/5374 2958/3326/2958
f 5388/5963/5388 5392/5967/5392 5467/6042/5467
f 5392/5967/5392 5468/6043/5468 5467/6042/5467
f 5392/5967/5392 5393/5968/5393 5469/6044/5469
f 5392/5967/5392 5469/6044/5469 5468/6043/5468
f 5468/6043/5468 5469/6044/5469 5470/6045/5470
f 5468/6043/5468 5470/6045/5470 5471/6046/5471
f 5467/6042/5467 5468/6043/5468 5376/5951/5376
f 5468/6043/5468 5471/6046/5471 5376/5951/5376
f 5393/5968/5393 5396/5971/5396 5469/6044/5469
f 5396/5971/5396 5472/6047/5472 5469/6044/5469
f 5396/5971/5396 5397/5972/5397 5472/6047/5472
f 5397/5972/5397 5473/6048/5473 5472/6047/5472
f 5472/6047/5472 5473/6048/5473 5474/6049/5474
f 5472/6047/5472 5474/6049/5474 5475/6050/5475
f 5469/6044/5469 5472/6047/5472 5475/6050/5475
f 5469/6044/5469 5475/6050/5475 5470/6045/5470
f 5397/5972/5397 5401/5976/5401 5476/6051/5476
f 5397/5972/5397 5476/6051/5476 5473/6048/5473
f 5401/5976/5401 5400/5975/5400 5477/6052/5477
f 5401/5976/5401 5477/6052/5477 5476/6051/5476
f 5476/6051/5476 5477/6052/5477 5478/6053/5478
f 5477/6052/5477 5479/6054/5479 5478/6053/5478
f 5473/6048/5473 5476/6051/5476 5474/6049/5474
f 5476/6051/5476 5478/6053/5478 5474/6049/5474
f 5400/5975/5400 5405/5980/5405 5480/6055/5480
f 5400/5975/5400 5480/6055/5480 5477/6052/5477
f 5405/5980/5405 5404/5979/5404 5481/6056/5481
f 5405/5980/5405 5481/6056/5481 5480/6055/5480
f 5480/6055/5480 5481/6056/5481 5482/6057/5482
f 5481/6056/5481 5483/6058/5483 5482/6057/5482
f 5477/6052/5477 5480/6055/5480 5479/6054/5479
f 5480/6055/5480 5482/6057/5482 5479/6054/5479
f 5404/5979/5404 5409/5984/5409 5484/6059/5484
f 5404/5979/5404 5484/6059/5484 5481/6056/5481
f 5409/5984/5409 5408/5983/5408 5485/6060/5485
f 5409/5984/5409 5485/6060/5485 5484/6059/5484
f 5484/6059/5484 5485/6060/5485 5486/6061/5486
f 5485/6060/5485 5487/6062/5487 5486/6061/5486
f 5481/6056/5481 5484/6059/5484 5483/6058/5483
f 5484/6059/5484 5486/6061/5486 5483/6058/5483
f 5408/5983/5408 5413/5988/5413 5488/6063/5488
f 5408/5983/5408 5488/6063/5488 5485/6060/5485
f 5413/5988/5413 5412/5987/5412 5489/6064/5489
f 5413/5988/5413 5489/6064/5489 5488/6063/5488
f 5488/6063/5488 5489/6064/5489 5490/6065/5490
f 5489/6064/5489 5491/6066/5491 5490/6065/5490
f 5485/6060/5485 5488/6063/5488 5487/6062/5487
f 5488/6063/5488 5490/6065/5490 5487/6062/5487
f 5412/5987/5412 5417/5992/5417 5492/6067/5492
f 5412/5987/5412 5492/6067/5492 5489/6064/5489
f 5417/5992/5417 5416/5991/5416 5493/6068/5493
f 5417/5992/5417 5493/6068/5493 5492/6067/5492
f 5492/6067/5492 5493/6068/5493 5494/6069/5494
f 5492/6067/5492 5494/6069/5494 5495/6070/5495
f 5489/6064/5489 5492/6067/5492 5495/6070/5495
f 5489/6064/5489 5495/6070/5495 5491/6066/5491
f 5416/5991/5416 5421/5996/5421 5496/6071/5496
f 5416/5991/5416 5496/6071/5496 5493/6068/5493
f 5421/5996/5421 5420/5995/5420 5497/6072/5497
f 5421/5996/5421 5497/6072/5497 5496/6071/5496
f 5496/6071/5496 5497/6072/5497 5498/6073/5498
f 5497/6072/5497 5499/6074/5499 5498/6073/5498
f 5493/6068/5493 5496/6071/5496 5498/6073/5498
f 5493/6068/5493 5498/6073/5498 5494/6069/5494
f 5420/5995/5420 5425/6000/5425 5497/6072/5497
f 5425/6000/5425 5500/6075/5500 5497/6072/5497
f 5425/6000/5425 5424/5999/5424 5500/6075/5500
f 5424/5999/5424 5501/6076/5501 5500/6075/5500
f 5500/6075/5500 5501/6076/5501 5502/6077/5502
f 5501/6076/5501 5503/6078/5503 5502/6077/5502
f 5497/6072/5497 5500/6075/5500 5499/6074/5499
f 5500/6075/5500 5502/6077/5502 5499/6074/5499
f 5424/5999/5424 5429/6004/5429 5504/6079/5504
f 5424/5999/5424 5504/6079/5504 5501/6076/5501
f 5429/6004/5429 5428/6003/5428 5505/6080/5505
f 5429/6004/5429 5505/6080/5505 5504/6079/5504
f 5504/6079/5504 5505/6080/5505 5506/6081/5506
f 5504/6079/5504 5506/6081/5506 5507/6082/5507
f 5501/6076/5501 5504/6079/5504 5507/6082/5507
f 5501/6076/5501 5507/6082/5507 5503/6078/5503
f 5428/6003/5428 5432/6007/5432 5508/6083/5508
f 5428/6003/5428 5508/6083/5508 5505/6080/5505
f 5432/6007/5432 5433/6008/5433 5508/6083/5508
f 5433/6008/5433 5509/6084/5509 5508/6083/5508
f 5508/6083/5508 5509/6084/5509 5510/6085/5510
f 5509/6084/5509 5511/6086/5511 5510/6085/5510
f 5505/6080/5505 5508/6083/5508 5510/6085/5510
f 5505/6080/5505 5510/6085/5510 5506/6081/5506
f 5433/6008/5433 5437/6012/5437 5512/6087/5512
f 5433/6008/5433 5512/6087/5512 5509/6084/5509
f 5437/6012/5437 5436/6011/5436 5513/6088/5513
f 5437/6012/5437 5513/6088/5513 5512/6087/5512
f 5512/6087/5512 5513/6088/5513 5514/6089/5514
f 5512/6087/5512 5514/6089/5514 5515/6090/5515
f 5509/6084/5509 5512/6087/5512 5515/6090/5515
f 5509/6084/5509 5515/6090/5515 5511/6086/5511
f 5436/6011/5436 5441/6016/5441 5516/6091/5516
f 5436/6011/5436 5516/6091/5516 5513/6088/5513
f 5441/6016/5441 5440/6015/5440 5517/6092/5517
f 5441/6016/5441 5517/6092/5517 5516/6091/5516
f 5516/6091/5516 5517/6092/5517 5518/6093/5518
f 5516/6091/5516 5518/6093/5518 5519/6094/5519
f 5513/6088/5513 5516/6091/5516 5519/6094/5519
f 5513/6088/5513 5519/6094/5519 5514/6089/5514
f 5440/6015/5440 5445/6020/5445 5520/6095/5520
f 5440/6015/5440 5520/6095/5520 5517/6092/5517
f 5445/6020/5445 5444/6019/5444 5521/6096/5521
f 5445/6020/5445 5521/6096/5521 5520/6095/5520
f 5520/6095/5520 5521/6096/5521 5522/6097/5522
f 5520/6095/5520 5522/6097/5522 5523/6098/5523
f 5517/6092/5517 5520/6095/5520 5523/6098/5523
f 5517/6092/5517 5523/6098/5523 5518/6093/5518
f 5444/6019/5444 5449/6024/5449 5524/6099/5524
f 5444/6019/5444 5524/6099/5524 5521/6096/5521
f 5449/6024/5449 5448/6023/5448 5525/6100/5525
f 5449/6024/5449 5525/6100/5525 5524/6099/5524
f 5524/6099/5524 5525/6100/5525 5526/6101/5526
f 5524/6099/5524 5526/6101/5526 5527/6102/5527
f 5521/6096/5521 5524/6099/5524 5527/6102/5527
f 5521/6096/5521 5527/6102/5527 5522/6097/5522
f 5448/6023/5448 5453/6028/5453 5528/6103/5528
f 5448/6023/5448 5528/6103/5528 5525/6100/5525
f 5453/6028/5453 5452/6027/5452 5529/6104/5529
f 5453/6028/5453 5529/6104/5529 5528/6103/5528
f 5528/6103/5528 5529/6104/5529 5530/6105/5530
f 5528/6103/5528 5530/6105/5530 5531/6106/5531
f 5525/6100/5525 5528/6103/5528 5531/6106/5531
f 5525/6100/5525 5531/6106/5531 5526/6101/5526
f 5452/6027/5452 5457/6032/5457 5532/6107/5532
f 5452/6027/5452 5532/6107/5532 5529/6104/5529
f 5457/6032/5457 5456/6031/5456 5533/6108/5533
f 5457/6032/5457 5533/6108/5533 5532/6107/5532
f 5532/6107/5532 5533/6108/5533 5534/6109/5534
f 5532/6107/5532 5534/6109/5534 5535/6110/5535
f 5529/6104/5529 5532/6107/5532 5535/6110/5535
f 5529/6104/5529 5535/6110/5535 5530/6105/5530
f 5456/6031/5456 5461/6036/5461 5536/6111/5536
f 5456/6031/5456 5536/6111/5536 5533/6108/5533
f 5461/6036/5461 5460/6035/5460 5537/6112/5537
f 5461/6036/5461 5537/6112/5537 5536/6111/5536
f 5536/6111/5536 5537/6112/5537 5300/5875/5300
f 5536/6111/5536 5300/5875/5300 5538/6113/5538
f 5533/6108/5533 5536/6111/5536 5538/6113/5538
f 5533/6108/5533 5538/6113/5538 5534/6109/5534
f 5460/6035/5460 5464/6039/5464 5539/6114/5539
f 5460/6035/5460 5539/6114/5539 5537/6112/5537
f 5464/6039/5464 5296/5871/5296 5299/5874/5299
f 5464/6039/5464 5299/5874/5299 5539/6114/5539
f 5539/6114/5539 5299/5874/5299 2756/3101/2756
f 5539/6114/5539 2756/3101/2756 5301/5876/5301
f 5537/6112/5537 5539/6114/5539 5301/5876/5301
f 5537/6112/5537 5301/5876/5301 5300/5875/5300
f 5376/5951/5376 5471/6046/5471 5377/5952/5377
f 5471/6046/5471 5540/6115/5540 5377/5952/5377
f 5471/6046/5471 5470/6045/5470 5541/6116/5541
f 5471/6046/5471 5541/6116/5541 5540/6115/5540
f 5540/6115/5540 5541/6116/5541 5372/5947/5372
f 5541/6116/5541 5366/5941/5366 5372/5947/5372
f 5377/5952/5377 5540/6115/5540 1715/1900/1715
f 5540/6115/5540 5372/5947/5372 1715/1900/1715
f 5470/6045/5470 5475/6050/5475 5542/6117/5542
f 5470/6045/5470 5542/6117/5542 5541/6116/5541
f 5475/6050/5475 5474/6049/5474 5543/6118/5543
f 5475/6050/5475 5543/6118/5543 5542/6117/5542
f 5542/6117/5542 5543/6118/5543 5370/5945/5370
f 5542/6117/5542 5370/5945/5370 5367/5942/5367
f 5541/6116/5541 5542/6117/5542 5366/5941/5366
f 5542/6117/5542 5367/5942/5367 5366/5941/5366
f 5474/6049/5474 5478/6053/5478 5543/6118/5543
f 5478/6053/5478 5544/6119/5544 5543/6118/5543
f 5478/6053/5478 5479/6054/5479 5544/6119/5544
f 5479/6054/5479 5545/6120/5545 5544/6119/5544
f 5544/6119/5544 5545/6120/5545 5546/6121/5546
f 5545/6120/5545 5547/6122/5547 5546/6121/5546
f 5543/6118/5543 5544/6119/5544 5370/5945/5370
f 5544/6119/5544 5546/6121/5546 5370/5945/5370
f 5479/6054/5479 5482/6057/5482 5545/6120/5545
f 5482/6057/5482 5548/6123/5548 5545/6120/5545
f 5482/6057/5482 5483/6058/5483 5548/6123/5548
f 5483/6058/5483 5549/6124/5549 5548/6123/5548
f 5548/6123/5548 5549/6124/5549 5550/6125/5550
f 5549/6124/5549 5551/6126/5551 5550/6125/5550
f 5545/6120/5545 5548/6123/5548 5547/6122/5547
f 5548/6123/5548 5550/6125/5550 5547/6122/5547
f 5483/6058/5483 5486/6061/5486 5549/6124/5549
f 5486/6061/5486 5552/6127/5552 5549/6124/5549
f 5486/6061/5486 5487/6062/5487 5552/6127/5552
f 5487/6062/5487 5553/6128/5553 5552/6127/5552
f 5552/6127/5552 5553/6128/5553 5554/6129/5554
f 5553/6128/5553 5555/6130/5555 5554/6129/5554
f 5549/6124/5549 5552/6127/5552 5551/6126/5551
f 5552/6127/5552 5554/6129/5554 5551/6126/5551
f 5487/6062/5487 5490/6065/5490 5553/6128/5553
f 5490/6065/5490 5556/6131/5556 5553/6128/5553
f 5490/6065/5490 5491/6066/5491 5556/6131/5556
f 5491/6066/5491 5557/6132/5557 5556/6131/5556
f 5556/6131/5556 5557/6132/5557 5558/6133/5558
f 5557/6132/5557 5559/6134/5559 5558/6133/5558
f 5553/6128/5553 5556/6131/5556 5555/6130/5555
f 5556/6131/5556 5558/6133/5558 5555/6130/5555
f 5491/6066/5491 5495/6070/5495 5557/6132/5557
f 5495/6070/5495 5560/6135/5560 5557/6132/5557
f 5495/6070/5495 5494/6069/5494 5560/6135/5560
f 5494/6069/5494 5561/6136/5561 5560/6135/5560
f 5560/6135/5560 5561/6136/5561 5562/6137/5562
f 5560/6135/5560 5562/6137/5562 5563/6138/5563
f 5557/6132/5557 5560/6135/5560 5559/6134/5559
f 5560/6135/5560 5563/6138/5563 5559/6134/5559
f 5494/6069/5494 5498/6073/5498 5561/6136/5561
f 5498/6073/5498 5564/6139/5564 5561/6136/5561
f 5498/6073/5498 5499/6074/5499 5564/6139/5564
f 5499/6074/5499 5565/6140/5565 5564/6139/5564
f 5564/6139/5564 5565/6140/5565 5566/6141/5566
f 5565/6140/5565 5567/6142/5567 5566/6141/5566
f 5561/6136/5561 5564/6139/5564 5566/6141/5566
f 5561/6136/5561 5566/6141/5566 5562/6137/5562
f 5499/6074/5499 5502/6077/5502 5565/6140/5565
f 5502/6077/5502 5568/6143/5568 5565/6140/5565
f 5502/6077/5502 5503/6078/5503 5568/6143/5568
f 5503/6078/5503 5569/6144/5569 5568/6143/5568
f 5568/6143/5568 5569/6144/5569 5570/6145/5570
f 5569/6144/5569 5334/5909/5334 5570/6145/5570
f 5565/6140/5565 5568/6143/5568 5567/6142/5567
f 5568/6143/5568 5570/6145/5570 5567/6142/5567
f 5503/6078/5503 5507/6082/5507 5569/6144/5569
f 5507/6082/5507 5571/6146/5571 5569/6144/5569
f 5507/6082/5507 5506/6081/5506 5572/6147/5572
f 5507/6082/5507 5572/6147/5572 5571/6146/5571
f 5571/6146/5571 5572/6147/5572 5338/5913/5338
f 5571/6146/5571 5338/5913/5338 5335/5910/5335
f 5569/6144/5569 5571/6146/5571 5334/5909/5334
f 5571/6146/5571 5335/5910/5335 5334/5909/5334
f 5506/6081/5506 5510/6085/5510 5573/6148/5573
f 5506/6081/5506 5573/6148/5573 5572/6147/5572
f 5510/6085/5510 5511/6086/5511 5573/6148/5573
f 5511/6086/5511 5574/6149/5574 5573/6148/5573
f 5573/6148/5573 5574/6149/5574 5575/6150/5575
f 5574/6149/5574 5576/6151/5576 5575/6150/5575
f 5572/6147/5572 5573/6148/5573 5575/6150/5575
f 5572/6147/5572 5575/6150/5575 5338/5913/5338
f 5511/6086/5511 5515/6090/5515 5577/6152/5577
f 5511/6086/5511 5577/6152/5577 5574/6149/5574
f 5515/6090/5515 5514/6089/5514 5577/6152/5577
f 5514/6089/5514 5578/6153/5578 5577/6152/5577
f 5577/6152/5577 5578/6153/5578 5579/6154/5579
f 5577/6152/5577 5579/6154/5579 5580/6155/5580
f 5574/6149/5574 5577/6152/5577 5580/6155/5580
f 5574/6149/5574 5580/6155/5580 5576/6151/5576
f 5514/6089/5514 5519/6094/5519 5578/6153/5578
f 5519/6094/5519 5581/6156/5581 5578/6153/5578
f 5519/6094/5519 5518/6093/5518 5581/6156/5581
f 5518/6093/5518 5582/6157/5582 5581/6156/5581
f 5581/6156/5581 5582/6157/5582 5583/6158/5583
f 5582/6157/5582 5584/6159/5584 5583/6158/5583
f 5578/6153/5578 5581/6156/5581 5583/6158/5583
f 5578/6153/5578 5583/6158/5583 5579/6154/5579
f 5518/6093/5518 5523/6098/5523 5582/6157/5582
f 5523/6098/5523 5585/6160/5585 5582/6157/5582
f 5523/6098/5523 5522/6097/5522 5585/6160/5585
f 5522/6097/5522 5586/6161/5586 5585/6160/5585
f 5585/6160/5585 5586/6161/5586 5587/6162/5587
f 5586/6161/5586 5588/6163/5588 5587/6162/5587
f 5582/6157/5582 5585/6160/5585 5584/6159/5584
f 5585/6160/5585 5587/6162/5587 5584/6159/5584
f 5522/6097/5522 5527/6102/5527 5586/6161/5586
f 5527/6102/5527 5589/6164/5589 5586/6161/5586
f 5527/6102/5527 5526/6101/5526 5589/6164/5589
f 5526/6101/5526 5590/6165/5590 5589/6164/5589
f 5589/6164/5589 5590/6165/5590 5591/6166/5591
f 5590/6165/5590 5592/6167/5592 5591/6166/5591
f 5586/6161/5586 5589/6164/5589 5588/6163/5588
f 5589/6164/5589 5591/6166/5591 5588/6163/5588
f 5526/6101/5526 5531/6106/5531 5590/6165/5590
f 5531/6106/5531 5593/6168/5593 5590/6165/5590
f 5531/6106/5531 5530/6105/5530 5593/6168/5593
f 5530/6105/5530 5594/6169/5594 5593/6168/5593
f 5593/6168/5593 5594/6169/5594 5595/6170/5595
f 5593/6168/5593 5595/6170/5595 5596/6171/5596
f 5590/6165/5590 5593/6168/5593 5596/6171/5596
f 5590/6165/5590 5596/6171/5596 5592/6167/5592
f 5530/6105/5530 5535/6110/5535 5594/6169/5594
f 5535/6110/5535 5597/6172/5597 5594/6169/5594
f 5535/6110/5535 5534/6109/5534 5597/6172/5597
f 5534/6109/5534 5598/6173/5598 5597/6172/5597
f 5597/6172/5597 5598/6173/5598 5304/5879/5304
f 5597/6172/5597 5304/5879/5304 5599/6174/5599
f 5594/6169/5594 5597/6172/5597 5599/6174/5599
f 5594/6169/5594 5599/6174/5599 5595/6170/5595
f 5534/6109/5534 5538/6113/5538 5598/6173/5598
f 5538/6113/5538 5600/6175/5600 5598/6173/5598
f 5538/6113/5538 5300/5875/5300 5303/5878/5303
f 5538/6113/5538 5303/5878/5303 5600/6175/5600
f 5600/6175/5600 5303/5878/5303 2764/3110/2764
f 5600/6175/5600 2764/3110/2764 5305/5880/5305
f 5598/6173/5598 5600/6175/5600 5305/5880/5305
f 5598/6173/5598 5305/5880/5305 5304/5879/5304
f 5370/5945/5370 5546/6121/5546 5371/5946/5371
f 5546/6121/5546 5601/6176/5601 5371/5946/5371
f 5546/6121/5546 5547/6122/5547 5602/6177/5602
f 5546/6121/5546 5602/6177/5602 5601/6176/5601
f 5601/6176/5601 5602/6177/5602 5364/5939/5364
f 5602/6177/5602 5360/5935/5360 5364/5939/5364
f 5371/5946/5371 5601/6176/5601 1731/1916/1731
f 5601/6176/5601 5364/5939/5364 1731/1916/1731
f 5547/6122/5547 5550/6125/5550 5603/6178/5603
f 5547/6122/5547 5603/6178/5603 5602/6177/5602
f 5550/6125/5550 5551/6126/5551 5604/6179/5604
f 5550/6125/5550 5604/6179/5604 5603/6178/5603
f 5603/6178/5603 5604/6179/5604 5361/5936/5361
f 5604/6179/5604 5356/5931/5356 5361/5936/5361
f 5602/6177/5602 5603/6178/5603 5360/5935/5360
f 5603/6178/5603 5361/5936/5361 5360/5935/5360
f 5551/6126/5551 5554/6129/5554 5605/6180/5605
f 5551/6126/5551 5605/6180/5605 5604/6179/5604
f 5554/6129/5554 5555/6130/5555 5606/6181/5606
f 5554/6129/5554 5606/6181/5606 5605/6180/5605
f 5605/6180/5605 5606/6181/5606 5357/5932/5357
f 5606/6181/5606 5352/5927/5352 5357/5932/5357
f 5604/6179/5604 5605/6180/5605 5356/5931/5356
f 5605/6180/5605 5357/5932/5357 5356/5931/5356
f 5555/6130/5555 5558/6133/5558 5607/6182/5607
f 5555/6130/5555 5607/6182/5607 5606/6181/5606
f 5558/6133/5558 5559/6134/5559 5608/6183/5608
f 5558/6133/5558 5608/6183/5608 5607/6182/5607
f 5607/6182/5607 5608/6183/5608 5348/5923/5348
f 5607/6182/5607 5348/5923/5348 5353/5928/5353
f 5606/6181/5606 5607/6182/5607 5353/5928/5353
f 5606/6181/5606 5353/5928/5353 5352/5927/5352
f 5559/6134/5559 5563/6138/5563 5609/6184/5609
f 5559/6134/5559 5609/6184/5609 5608/6183/5608
f 5563/6138/5563 5562/6137/5562 5610/6185/5610
f 5563/6138/5563 5610/6185/5610 5609/6184/5609
f 5609/6184/5609 5610/6185/5610 5344/5919/5344
f 5609/6184/5609 5344/5919/5344 5349/5924/5349
f 5608/6183/5608 5609/6184/5609 5349/5924/5349
f 5608/6183/5608 5349/5924/5349 5348/5923/5348
f 5562/6137/5562 5566/6141/5566 5611/6186/5611
f 5562/6137/5562 5611/6186/5611 5610/6185/5610
f 5566/6141/5566 5567/6142/5567 5612/6187/5612
f 5566/6141/5566 5612/6187/5612 5611/6186/5611
f 5611/6186/5611 5612/6187/5612 5340/5915/5340
f 5611/6186/5611 5340/5915/5340 5345/5920/5345
f 5610/6185/5610 5611/6186/5611 5345/5920/5345
f 5610/6185/5610 5345/5920/5345 5344/5919/5344
f 5567/6142/5567 5570/6145/5570 5613/6188/5613
f 5567/6142/5567 5613/6188/5613 5612/6187/5612
f 5570/6145/5570 5334/5909/5334 5337/5912/5337
f 5570/6145/5570 5337/5912/5337 5613/6188/5613
f 5613/6188/5613 5337/5912/5337 4186/4742/4186
f 5613/6188/5613 4186/4742/4186 5341/5916/5341
f 5612/6187/5612 5613/6188/5613 5341/5916/5341
f 5612/6187/5612 5341/5916/5341 5340/5915/5340
f 5338/5913/5338 5575/6150/5575 5614/6189/5614
f 5338/5913/5338 5614/6189/5614 5339/5914/5339
f 5575/6150/5575 5576/6151/5576 5614/6189/5614
f 5576/6151/5576 5615/6190/5615 5614/6189/5614
f 5614/6189/5614 5615/6190/5615 5332/5907/5332
f 5615/6190/5615 5328/5903/5328 5332/5907/5332
f 5339/5914/5339 5614/6189/5614 5332/5907/5332
f 5339/5914/5339 5332/5907/5332 1707/1892/1707
f 5576/6151/5576 5580/6155/5580 5616/6191/5616
f 5576/6151/5576 5616/6191/5616 5615/6190/5615
f 5580/6155/5580 5579/6154/5579 5617/6192/5617
f 5580/6155/5580 5617/6192/5617 5616/6191/5616
f 5616/6191/5616 5617/6192/5617 5324/5899/5324
f 5616/6191/5616 5324/5899/5324 5329/5904/5329
f 5615/6190/5615 5616/6191/5616 5328/5903/5328
f 5616/6191/5616 5329/5904/5329 5328/5903/5328
f 5579/6154/5579 5583/6158/5583 5618/6193/5618
f 5579/6154/5579 5618/6193/5618 5617/6192/5617
f 5583/6158/5583 5584/6159/5584 5619/6194/5619
f 5583/6158/5583 5619/6194/5619 5618/6193/5618
f 5618/6193/5618 5619/6194/5619 5320/5895/5320
f 5618/6193/5618 5320/5895/5320 5325/5900/5325
f 5617/6192/5617 5618/6193/5618 5325/5900/5325
f 5617/6192/5617 5325/5900/5325 5324/5899/5324
f 5584/6159/5584 5587/6162/5587 5620/6195/5620
f 5584/6159/5584 5620/6195/5620 5619/6194/5619
f 5587/6162/5587 5588/6163/5588 5621/6196/5621
f 5587/6162/5587 5621/6196/5621 5620/6195/5620
f 5620/6195/5620 5621/6196/5621 5316/5891/5316
f 5620/6195/5620 5316/5891/5316 5321/5896/5321
f 5619/6194/5619 5620/6195/5620 5321/5896/5321
f 5619/6194/5619 5321/5896/5321 5320/5895/5320
f 5588/6163/5588 5591/6166/5591 5622/6197/5622
f 5588/6163/5588 5622/6197/5622 5621/6196/5621
f 5591/6166/5591 5592/6167/5592 5623/6198/5623
f 5591/6166/5591 5623/6198/5623 5622/6197/5622
f 5622/6197/5622 5623/6198/5623 5312/5887/5312
f 5622/6197/5622 5312/5887/5312 5317/5892/5317
f 5621/6196/5621 5622/6197/5622 5317/5892/5317
f 5621/6196/5621 5317/5892/5317 5316/5891/5316
f 5592/6167/5592 5596/6171/5596 5624/6199/5624
f 5592/6167/5592 5624/6199/5624 5623/6198/5623
f 5596/6171/5596 5595/6170/5595 5625/6200/5625
f 5596/6171/5596 5625/6200/5625 5624/6199/5624
f 5624/6199/5624 5625/6200/5625 5308/5883/5308
f 5624/6199/5624 5308/5883/5308 5313/5888/5313
f 5623/6198/5623 5624/6199/5624 5313/5888/5313
f 5623/6198/5623 5313/5888/5313 5312/5887/5312
f 5595/6170/5595 5599/6174/5599 5626/6201/5626
f 5595/6170/5595 5626/6201/5626 5625/6200/5625
f 5599/6174/5599 5304/5879/5304 5307/5882/5307
f 5599/6174/5599 5307/5882/5307 5626/6201/5626
f 5626/6201/5626 5307/5882/5307 3750/4245/3750
f 5626/6201/5626 3750/4245/3750 5309/5884/5309
f 5625/6200/5625 5626/6201/5626 5309/5884/5309
f 5625/6200/5625 5309/5884/5309 5308/5883/5308
s off
