# This file uses centimeters as units for non-parametric coordinates.

mtllib FlameSpiritModel.mtl
g default
v -0.007025 0.091733 -0.001687
v -0.007808 0.091829 -0.003208
v -0.009026 0.091980 -0.004416
v -0.010562 0.092170 -0.005191
v -0.012264 0.092380 -0.005458
v -0.013966 0.092591 -0.005191
v -0.015502 0.092781 -0.004416
v -0.016720 0.092931 -0.003208
v -0.017502 0.093028 -0.001687
v -0.017772 0.093061 -0.000000
v -0.017502 0.093028 0.001687
v -0.016720 0.092931 0.003208
v -0.015502 0.092781 0.004416
v -0.013966 0.092591 0.005191
v -0.012264 0.092380 0.005458
v -0.010562 0.092170 0.005191
v -0.009026 0.091980 0.004416
v -0.007808 0.091829 0.003208
v -0.007025 0.091733 0.001687
v -0.006756 0.091699 -0.000000
v -0.001720 0.091501 -0.003379
v -0.003287 0.091695 -0.006426
v -0.005727 0.091997 -0.008845
v -0.008803 0.092377 -0.010398
v -0.012212 0.092799 -0.010933
v -0.015622 0.093220 -0.010398
v -0.018697 0.093601 -0.008845
v -0.021138 0.093903 -0.006426
v -0.022705 0.094096 -0.003379
v -0.023245 0.094163 -0.000000
v -0.022705 0.094096 0.003379
v -0.021138 0.093903 0.006426
v -0.018697 0.093601 0.008845
v -0.015622 0.093220 0.010398
v -0.012212 0.092799 0.010933
v -0.008803 0.092377 0.010398
v -0.005727 0.091997 0.008845
v -0.003287 0.091695 0.006426
v -0.001720 0.091501 0.003379
v -0.001180 0.091435 -0.000000
v 0.004669 0.092656 -0.006195
v 0.002183 0.092964 -0.011783
v -0.001689 0.093443 -0.016218
v -0.006567 0.094046 -0.019065
v -0.011975 0.094715 -0.020046
v -0.017383 0.095383 -0.019065
v -0.022262 0.095987 -0.016218
v -0.026133 0.096465 -0.011783
v -0.028619 0.096773 -0.006195
v -0.029476 0.096879 -0.000000
v -0.028619 0.096773 0.006195
v -0.026133 0.096465 0.011783
v -0.022262 0.095987 0.016218
v -0.017383 0.095383 0.019065
v -0.011975 0.094715 0.020046
v -0.006567 0.094046 0.019065
v -0.001689 0.093443 0.016218
v 0.002183 0.092964 0.011783
v 0.004669 0.092656 0.006195
v 0.005525 0.092550 -0.000000
v 0.012219 0.094440 -0.007684
v 0.008655 0.094881 -0.014615
v 0.003104 0.095567 -0.020116
v -0.003891 0.096432 -0.023648
v -0.011644 0.097391 -0.024865
v -0.019398 0.098350 -0.023648
v -0.026393 0.099215 -0.020116
v -0.031944 0.099901 -0.014615
v -0.035508 0.100342 -0.007684
v -0.036736 0.100494 -0.000000
v -0.035508 0.100342 0.007684
v -0.031944 0.099901 0.014615
v -0.026393 0.099215 0.020116
v -0.019398 0.098350 0.023648
v -0.011644 0.097391 0.024865
v -0.003891 0.096432 0.023648
v 0.003104 0.095567 0.020116
v 0.008655 0.094881 0.014615
v 0.012219 0.094440 0.007684
v 0.013447 0.094288 -0.000000
v 0.025312 0.100757 -0.011588
v 0.019937 0.101422 -0.022043
v 0.011565 0.102457 -0.030339
v 0.001016 0.103762 -0.035666
v -0.010678 0.105208 -0.037501
v -0.022372 0.106654 -0.035666
v -0.032921 0.107958 -0.030339
v -0.041293 0.108994 -0.022043
v -0.046668 0.109658 -0.011588
v -0.048520 0.109888 -0.000000
v -0.046668 0.109658 0.011588
v -0.041293 0.108994 0.022043
v -0.032921 0.107958 0.030339
v -0.022372 0.106654 0.035666
v -0.010678 0.105208 0.037501
v 0.001016 0.103762 0.035666
v 0.011565 0.102457 0.030339
v 0.019937 0.101422 0.022043
v 0.025312 0.100757 0.011588
v 0.027165 0.100528 -0.000000
v 0.035668 0.111545 -0.014450
v 0.028966 0.112373 -0.027485
v 0.018527 0.113664 -0.037829
v 0.005373 0.115291 -0.044471
v -0.009208 0.117094 -0.046760
v -0.023789 0.118897 -0.044471
v -0.036943 0.120524 -0.037829
v -0.047381 0.121815 -0.027485
v -0.054083 0.122643 -0.014450
v -0.056393 0.122929 -0.000000
v -0.054083 0.122643 0.014450
v -0.047381 0.121815 0.027485
v -0.036943 0.120524 0.037829
v -0.023789 0.118897 0.044471
v -0.009208 0.117094 0.046760
v 0.005373 0.115291 0.044471
v 0.018527 0.113664 0.037829
v 0.028966 0.112373 0.027485
v 0.035668 0.111545 0.014449
v 0.037977 0.111259 -0.000000
v 0.045317 0.123883 -0.017026
v 0.037419 0.124860 -0.032385
v 0.025120 0.126381 -0.044574
v 0.009621 0.128297 -0.052399
v -0.007560 0.130422 -0.055096
v -0.024740 0.132546 -0.052399
v -0.040239 0.134463 -0.044574
v -0.052539 0.135984 -0.032385
v -0.060436 0.136961 -0.017026
v -0.063157 0.137297 -0.000000
v -0.060436 0.136961 0.017026
v -0.052539 0.135984 0.032385
v -0.040239 0.134463 0.044574
v -0.024740 0.132546 0.052399
v -0.007560 0.130422 0.055096
v 0.009621 0.128297 0.052399
v 0.025120 0.126381 0.044574
v 0.037419 0.124860 0.032385
v 0.045316 0.123883 0.017026
v 0.048038 0.123546 -0.000000
v 0.053055 0.137588 -0.018942
v 0.044269 0.138675 -0.036031
v 0.030584 0.140367 -0.049592
v 0.013341 0.142499 -0.058299
v -0.005774 0.144863 -0.061299
v -0.024889 0.147227 -0.058299
v -0.042132 0.149359 -0.049592
v -0.055817 0.151051 -0.036030
v -0.064603 0.152138 -0.018942
v -0.067630 0.152512 -0.000000
v -0.064603 0.152138 0.018942
v -0.055817 0.151051 0.036030
v -0.042132 0.149359 0.049592
v -0.024889 0.147227 0.058299
v -0.005774 0.144863 0.061299
v 0.013341 0.142499 0.058299
v 0.030584 0.140367 0.049592
v 0.044269 0.138675 0.036030
v 0.053055 0.137588 0.018942
v 0.056083 0.137214 -0.000000
v 0.056200 0.152631 -0.019350
v 0.047225 0.153741 -0.036805
v 0.033246 0.155470 -0.050658
v 0.015632 0.157648 -0.059553
v -0.003894 0.160062 -0.062617
v -0.023420 0.162477 -0.059553
v -0.041035 0.164655 -0.050658
v -0.055014 0.166384 -0.036806
v -0.063989 0.167494 -0.019350
v -0.067081 0.167876 -0.000000
v -0.063989 0.167494 0.019350
v -0.055014 0.166384 0.036806
v -0.041035 0.164655 0.050658
v -0.023420 0.162477 0.059553
v -0.003894 0.160062 0.062617
v 0.015632 0.157648 0.059553
v 0.033246 0.155470 0.050658
v 0.047225 0.153741 0.036806
v 0.056200 0.152631 0.019350
v 0.059293 0.152249 -0.000000
v 0.056389 0.174422 -0.018652
v 0.047674 0.174605 -0.035479
v 0.034099 0.174889 -0.048832
v 0.016994 0.175248 -0.057406
v -0.001967 0.175645 -0.060360
v -0.020928 0.176043 -0.057406
v -0.038034 0.176402 -0.048832
v -0.051608 0.176686 -0.035479
v -0.060324 0.176869 -0.018652
v -0.063327 0.176932 -0.000000
v -0.060324 0.176869 0.018652
v -0.051608 0.176686 0.035479
v -0.038034 0.176402 0.048832
v -0.020928 0.176043 0.057406
v -0.001967 0.175645 0.060360
v 0.016994 0.175248 0.057406
v 0.034099 0.174889 0.048832
v 0.047674 0.174605 0.035479
v 0.056389 0.174422 0.018652
v 0.059393 0.174359 -0.000000
v 0.051548 0.196540 -0.016365
v 0.043906 0.196247 -0.031128
v 0.032002 0.195791 -0.042844
v 0.017002 0.195216 -0.050366
v 0.000374 0.194579 -0.052958
v -0.016253 0.193942 -0.050366
v -0.031253 0.193368 -0.042844
v -0.043157 0.192912 -0.031128
v -0.050800 0.192619 -0.016365
v -0.053434 0.192518 -0.000000
v -0.050800 0.192619 0.016365
v -0.043157 0.192912 0.031128
v -0.031253 0.193368 0.042844
v -0.016253 0.193942 0.050366
v 0.000374 0.194579 0.052958
v 0.017002 0.195216 0.050366
v 0.032001 0.195791 0.042844
v 0.043906 0.196247 0.031128
v 0.051548 0.196540 0.016365
v 0.054182 0.196641 -0.000000
v 0.043698 0.216361 -0.013993
v 0.038172 0.215981 -0.026617
v 0.029567 0.215389 -0.036635
v 0.018723 0.214642 -0.043067
v 0.006702 0.213815 -0.045283
v -0.005318 0.212987 -0.043067
v -0.016162 0.212241 -0.036635
v -0.024767 0.211648 -0.026617
v -0.030293 0.211268 -0.013993
v -0.032196 0.211137 -0.000000
v -0.030293 0.211268 0.013993
v -0.024767 0.211648 0.026617
v -0.016162 0.212241 0.036635
v -0.005318 0.212987 0.043067
v 0.006702 0.213815 0.045283
v 0.018723 0.214642 0.043067
v 0.029567 0.215389 0.036635
v 0.038172 0.215981 0.026617
v 0.043698 0.216361 0.013993
v 0.045601 0.216492 -0.000000
v 0.034848 0.228508 -0.011216
v 0.030442 0.227968 -0.021334
v 0.023579 0.227127 -0.029364
v 0.014932 0.226068 -0.034520
v 0.005346 0.224895 -0.036296
v -0.004240 0.223721 -0.034520
v -0.010763 0.222399 -0.029364
v -0.017626 0.221558 -0.021334
v -0.022032 0.221019 -0.011216
v -0.023550 0.220833 -0.000000
v -0.022032 0.221019 0.011216
v -0.017626 0.221558 0.021334
v -0.010763 0.222399 0.029364
v -0.004240 0.223721 0.034520
v 0.005346 0.224895 0.036296
v 0.014932 0.226068 0.034520
v 0.023579 0.227128 0.029364
v 0.030442 0.227968 0.021334
v 0.034848 0.228508 0.011216
v 0.036367 0.228693 -0.000000
v 0.024199 0.240996 -0.007892
v 0.021159 0.240277 -0.015012
v 0.016425 0.239158 -0.020663
v 0.010459 0.237747 -0.024290
v 0.003846 0.236182 -0.025540
v -0.002768 0.234618 -0.024290
v -0.008733 0.233207 -0.020663
v -0.013468 0.232087 -0.015012
v -0.016508 0.231369 -0.007892
v -0.017555 0.231121 -0.000000
v -0.016508 0.231369 0.007892
v -0.013468 0.232088 0.015012
v -0.008733 0.233207 0.020663
v -0.002768 0.234618 0.024290
v 0.003846 0.236182 0.025540
v 0.010459 0.237747 0.024290
v 0.016425 0.239158 0.020663
v 0.021159 0.240277 0.015012
v 0.024199 0.240996 0.007892
v 0.025247 0.241244 -0.000000
v 0.020114 0.246366 -0.006112
v 0.017713 0.246072 -0.011626
v 0.013973 0.245614 -0.016002
v 0.009260 0.245037 -0.018811
v 0.004037 0.244397 -0.019779
v -0.001187 0.243757 -0.018811
v -0.005900 0.243180 -0.016002
v -0.009640 0.242722 -0.011626
v -0.012041 0.242428 -0.006112
v -0.012868 0.242327 -0.000000
v -0.012041 0.242428 0.006112
v -0.009640 0.242722 0.011626
v -0.005900 0.243180 0.016002
v -0.001187 0.243757 0.018811
v 0.004037 0.244397 0.019779
v 0.009260 0.245037 0.018811
v 0.013973 0.245614 0.016002
v 0.017713 0.246072 0.011626
v 0.020114 0.246366 0.006112
v 0.020941 0.246467 -0.000000
v 0.015430 0.253106 -0.004756
v 0.013562 0.252878 -0.009047
v 0.010652 0.252521 -0.012452
v 0.006985 0.252072 -0.014638
v 0.002920 0.251574 -0.015391
v -0.001145 0.251077 -0.014638
v -0.004812 0.250627 -0.012452
v -0.007722 0.250271 -0.009047
v -0.009590 0.250042 -0.004756
v -0.010234 0.249963 -0.000000
v -0.009590 0.250042 0.004756
v -0.007722 0.250271 0.009047
v -0.004812 0.250627 0.012452
v -0.001145 0.251077 0.014638
v 0.002920 0.251574 0.015391
v 0.006985 0.252072 0.014638
v 0.010652 0.252521 0.012452
v 0.013562 0.252878 0.009047
v 0.015430 0.253106 0.004756
v 0.016074 0.253185 -0.000000
v 0.011643 0.258527 -0.003586
v 0.010234 0.258354 -0.006821
v 0.008040 0.258086 -0.009389
v 0.005275 0.257747 -0.011037
v 0.002210 0.257372 -0.011605
v -0.000855 0.256996 -0.011037
v -0.003620 0.256658 -0.009389
v -0.005814 0.256389 -0.006821
v -0.007223 0.256216 -0.003586
v -0.007708 0.256157 -0.000000
v -0.007223 0.256216 0.003586
v -0.005814 0.256389 0.006821
v -0.003620 0.256658 0.009389
v -0.000855 0.256996 0.011037
v 0.002210 0.257372 0.011605
v 0.005275 0.257747 0.011037
v 0.008040 0.258086 0.009389
v 0.010234 0.258354 0.006821
v 0.011643 0.258527 0.003586
v 0.012128 0.258586 -0.000000
v 0.007141 0.264481 -0.002672
v 0.006112 0.264236 -0.005082
v 0.004510 0.263854 -0.006995
v 0.002492 0.263373 -0.008223
v 0.000254 0.262840 -0.008646
v -0.001984 0.262307 -0.008223
v -0.004003 0.261825 -0.006995
v -0.005605 0.261444 -0.005082
v -0.006633 0.261199 -0.002672
v -0.006988 0.261114 -0.000000
v -0.006633 0.261199 0.002672
v -0.005605 0.261444 0.005082
v -0.004003 0.261825 0.006995
v -0.001984 0.262307 0.008223
v 0.000254 0.262840 0.008646
v 0.002492 0.263373 0.008223
v 0.004510 0.263854 0.006995
v 0.006112 0.264236 0.005082
v 0.007141 0.264481 0.002672
v 0.007495 0.264565 -0.000000
v -0.002020 0.274936 -0.001897
v -0.002351 0.274231 -0.003609
v -0.002867 0.273132 -0.004967
v -0.003516 0.271748 -0.005839
v -0.004236 0.270214 -0.006140
v -0.004957 0.268680 -0.005839
v -0.005606 0.267296 -0.004967
v -0.006122 0.266198 -0.003609
v -0.006453 0.265493 -0.001897
v -0.006567 0.265250 -0.000000
v -0.006453 0.265493 0.001897
v -0.006122 0.266198 0.003609
v -0.005606 0.267296 0.004967
v -0.004957 0.268680 0.005839
v -0.004236 0.270214 0.006140
v -0.003516 0.271748 0.005839
v -0.002867 0.273132 0.004967
v -0.002351 0.274231 0.003609
v -0.002020 0.274936 0.001897
v -0.001906 0.275179 -0.000000
v -0.012116 0.093576 0.000000
v -0.008566 0.280977 -0.000000
vt 0.853287 0.411165
vt 0.851609 0.418623
vt 0.828174 0.417952
vt 0.830081 0.403612
vt 0.852185 0.426223
vt 0.830278 0.431871
vt 0.854818 0.433329
vt 0.835871 0.444468
vt 0.859214 0.439364
vt 0.844365 0.455006
vt 0.865054 0.443810
vt 0.855176 0.462897
vt 0.871752 0.446254
vt 0.854782 0.595971
vt 0.874150 0.574553
vt 0.870607 0.601081
vt 0.884724 0.573669
vt 0.887561 0.601919
vt 0.893369 0.571092
vt 0.929457 0.320827
vt 0.918563 0.345049
vt 0.914946 0.321744
vt 0.911613 0.347003
vt 0.902031 0.326564
vt 0.905624 0.350778
vt 0.891377 0.334441
vt 0.901035 0.355966
vt 0.883415 0.344532
vt 0.898073 0.362112
vt 0.231894 0.861080
vt 0.218613 0.878976
vt 0.219582 0.858389
vt 0.211754 0.879730
vt 0.206716 0.859012
vt 0.205182 0.882563
vt 0.194088 0.863139
vt 0.199503 0.887320
vt 0.182645 0.870905
vt 0.195327 0.893742
vt 0.836396 0.389930
vt 0.797722 0.423891
vt 0.800145 0.399656
vt 0.800808 0.445809
vt 0.808701 0.464718
vt 0.820877 0.480108
vt 0.836959 0.491499
vt 0.832929 0.627769
vt 0.857946 0.634210
vt 0.885708 0.635610
vt 0.930052 0.290486
vt 0.904629 0.294846
vt 0.883511 0.303869
vt 0.866941 0.316180
vt 0.854983 0.330904
vt 0.243074 0.831115
vt 0.225167 0.827364
vt 0.206135 0.828504
vt 0.186412 0.834858
vt 0.166766 0.846863
vt 0.809104 0.374167
vt 0.770012 0.421806
vt 0.768478 0.391837
vt 0.777666 0.449035
vt 0.790460 0.473173
vt 0.807802 0.493875
vt 0.829321 0.510593
vt 0.827432 0.653524
vt 0.855971 0.664462
vt 0.888061 0.670667
vt 0.925644 0.254795
vt 0.896384 0.265005
vt 0.872592 0.280175
vt 0.853997 0.298755
vt 0.840277 0.319692
vt 0.248277 0.814694
vt 0.224624 0.808777
vt 0.199448 0.807768
vt 0.173417 0.812176
vt 0.147226 0.822838
vt 0.774461 0.359791
vt 0.717485 0.432013
vt 0.709993 0.390710
vt 0.731266 0.468361
vt 0.750207 0.500468
vt 0.773967 0.528725
vt 0.802820 0.553044
vt 0.801579 0.699740
vt 0.837441 0.716588
vt 0.878094 0.730258
vt 0.908446 0.194779
vt 0.869567 0.216741
vt 0.839913 0.242507
vt 0.817425 0.270449
vt 0.800750 0.300001
vt 0.264226 0.773636
vt 0.231634 0.764769
vt 0.197508 0.761250
vt 0.161464 0.763572
vt 0.123267 0.773087
vt 0.711045 0.343650
vt 0.668983 0.447178
vt 0.653799 0.398519
vt 0.688884 0.489393
vt 0.712835 0.526905
vt 0.740994 0.560868
vt 0.774226 0.591802
vt 0.779718 0.739012
vt 0.816216 0.760302
vt 0.859089 0.782611
vt 0.877868 0.139508
vt 0.835817 0.175229
vt 0.804689 0.211216
vt 0.781209 0.246947
vt 0.763400 0.282766
vt 0.277464 0.734282
vt 0.239318 0.723711
vt 0.199100 0.717628
vt 0.155915 0.716521
vt 0.108516 0.721760
vt 0.645225 0.341141
vt 0.622317 0.467183
vt 0.598569 0.414536
vt 0.648103 0.512672
vt 0.676128 0.553646
vt 0.707188 0.591903
vt 0.742718 0.628675
vt 0.758012 0.770843
vt 0.791000 0.796916
vt 0.831065 0.828712
vt 0.835400 0.089136
vt 0.795206 0.139359
vt 0.766162 0.184643
vt 0.743918 0.226696
vt 0.726278 0.267255
vt 0.290667 0.695732
vt 0.248206 0.683498
vt 0.203755 0.674693
vt 0.155729 0.669294
vt 0.101766 0.668139
vt 0.577631 0.350647
vt 0.579998 0.490563
vt 0.548203 0.437578
vt 0.610676 0.536851
vt 0.641565 0.579419
vt 0.674009 0.620371
vt 0.709671 0.661645
vt 0.736999 0.793489
vt 0.763117 0.824365
vt 0.795736 0.864917
vt 0.783148 0.049067
vt 0.750828 0.112090
vt 0.726951 0.164137
vt 0.707540 0.210309
vt 0.690872 0.253760
vt 0.303289 0.658595
vt 0.257684 0.645534
vt 0.210873 0.634376
vt 0.160475 0.624627
vt 0.103377 0.616156
vt 0.513619 0.372782
vt 0.542261 0.516392
vt 0.504170 0.466192
vt 0.576522 0.561559
vt 0.609112 0.604165
vt 0.641654 0.646257
vt 0.675568 0.690150
vt 0.716210 0.807871
vt 0.733417 0.843188
vt 0.755443 0.890020
vt 0.724092 0.024892
vt 0.705003 0.094328
vt 0.688243 0.149389
vt 0.672473 0.197294
vt 0.657261 0.241791
vt 0.313926 0.622525
vt 0.267285 0.609656
vt 0.219922 0.596718
vt 0.169323 0.583099
vt 0.112523 0.567744
vt 0.458541 0.407741
vt 0.494653 0.557594
vt 0.449364 0.516550
vt 0.534667 0.596098
vt 0.571646 0.633673
vt 0.607212 0.671963
vt 0.642466 0.713151
vt 0.697676 0.813306
vt 0.710273 0.851895
vt 0.726405 0.900568
vt 0.682198 0.019585
vt 0.673831 0.087720
vt 0.660035 0.142092
vt 0.643908 0.188909
vt 0.626314 0.231758
vt 0.323699 0.584703
vt 0.279398 0.567974
vt 0.235051 0.549218
vt 0.188426 0.527862
vt 0.137320 0.502521
vt 0.395345 0.471248
vt 0.448301 0.608835
vt 0.402038 0.579038
vt 0.489009 0.639235
vt 0.525887 0.670925
vt 0.560060 0.704912
vt 0.591957 0.742656
vt 0.657584 0.817390
vt 0.664458 0.859897
vt 0.669024 0.908341
vt 0.609251 0.028072
vt 0.614801 0.084705
vt 0.608852 0.134140
vt 0.596386 0.177857
vt 0.579915 0.217837
vt 0.334493 0.534787
vt 0.295623 0.517153
vt 0.256871 0.495880
vt 0.217331 0.470594
vt 0.175982 0.440013
vt 0.347613 0.549542
vt 0.412010 0.664662
vt 0.369742 0.646823
vt 0.447383 0.684080
vt 0.477192 0.705186
vt 0.502628 0.728995
vt 0.524255 0.757137
vt 0.589298 0.803812
vt 0.589972 0.843693
vt 0.583717 0.886495
vt 0.516392 0.063822
vt 0.529886 0.106948
vt 0.533315 0.147615
vt 0.529159 0.184463
vt 0.519142 0.217231
vt 0.337759 0.480132
vt 0.309947 0.465159
vt 0.282562 0.445709
vt 0.254462 0.420843
vt 0.225140 0.389279
vt 0.319204 0.631134
vt 0.390687 0.709382
vt 0.353593 0.699249
vt 0.422571 0.722664
vt 0.449665 0.738790
vt 0.472393 0.758107
vt 0.490854 0.781321
vt 0.547325 0.810003
vt 0.549258 0.842841
vt 0.544076 0.876646
vt 0.478971 0.084772
vt 0.491054 0.115561
vt 0.494819 0.147314
vt 0.491836 0.177321
vt 0.485601 0.200130
vt 0.354641 0.445747
vt 0.331207 0.431223
vt 0.308925 0.412097
vt 0.287348 0.387899
vt 0.266627 0.358036
vt 0.311055 0.693539
vt 0.370918 0.763933
vt 0.342813 0.760302
vt 0.396235 0.770606
vt 0.418468 0.780232
vt 0.437503 0.792912
vt 0.453060 0.808785
vt 0.506992 0.827888
vt 0.510781 0.849444
vt 0.509171 0.871161
vt 0.450218 0.100486
vt 0.456826 0.119968
vt 0.458498 0.140971
vt 0.455424 0.161551
vt 0.448061 0.180393
vt 0.376008 0.404705
vt 0.359226 0.391276
vt 0.343981 0.374077
vt 0.330211 0.353243
vt 0.318099 0.328972
vt 0.312447 0.760109
vt 0.360073 0.788985
vt 0.338123 0.786172
vt 0.379963 0.794809
vt 0.397326 0.803292
vt 0.411986 0.814191
vt 0.423923 0.827277
vt 0.475433 0.835597
vt 0.478469 0.850906
vt 0.478514 0.866102
vt 0.423276 0.110412
vt 0.426386 0.124679
vt 0.426892 0.139924
vt 0.424642 0.155185
vt 0.419622 0.169625
vt 0.388704 0.375903
vt 0.374287 0.365423
vt 0.361186 0.351984
vt 0.349639 0.335574
vt 0.340081 0.316444
vt 0.314882 0.786880
vt 0.352905 0.818559
vt 0.335985 0.816993
vt 0.368426 0.822458
vt 0.382164 0.828469
vt 0.393935 0.836431
vt 0.403804 0.846170
vt 0.454727 0.844418
vt 0.458075 0.855494
vt 0.459447 0.866343
vt 0.406319 0.114183
vt 0.407260 0.124832
vt 0.406460 0.136007
vt 0.403827 0.147198
vt 0.399299 0.157898
vt 0.404551 0.352353
vt 0.393251 0.343675
vt 0.383206 0.332729
vt 0.374540 0.319580
vt 0.367540 0.304502
vt 0.318289 0.817961
vt 0.347404 0.842414
vt 0.334647 0.841532
vt 0.359256 0.845067
vt 0.369914 0.849369
vt 0.379264 0.855177
vt 0.387317 0.862337
vt 0.438735 0.853448
vt 0.442484 0.861137
vt 0.444916 0.868586
vt 0.392772 0.115940
vt 0.392328 0.123362
vt 0.390552 0.131353
vt 0.387511 0.139458
vt 0.383209 0.147248
vt 0.417467 0.332361
vt 0.408912 0.325413
vt 0.401299 0.316799
vt 0.394817 0.306591
vt 0.389623 0.295034
vt 0.321391 0.842502
vt 0.345020 0.868931
vt 0.335574 0.868874
vt 0.353956 0.870202
vt 0.362239 0.872602
vt 0.369847 0.876015
vt 0.376858 0.880315
vt 0.428470 0.864923
vt 0.432813 0.868913
vt 0.436096 0.872906
vt 0.384183 0.115179
vt 0.382591 0.119698
vt 0.380051 0.124634
vt 0.376641 0.129577
vt 0.372466 0.134180
vt 0.434417 0.316622
vt 0.428532 0.310404
vt 0.423332 0.303267
vt 0.418895 0.295152
vt 0.415384 0.286185
vt 0.325905 0.870081
vt 0.348907 0.915108
vt 0.342865 0.917750
vt 0.354421 0.912126
vt 0.359557 0.909125
vt 0.364681 0.906507
vt 0.370137 0.904769
vt 0.422109 0.876849
vt 0.425834 0.876596
vt 0.433278 0.878646
vt 0.379228 0.110405
vt 0.376736 0.112938
vt 0.373208 0.115881
vt 0.368424 0.117412
vt 0.363922 0.117691
vt 0.463468 0.300758
vt 0.463895 0.294409
vt 0.464693 0.288017
vt 0.465297 0.281375
vt 0.465340 0.274444
vt 0.336355 0.919795
vt 0.876887 0.420559
vt 0.497817 0.263245
vt 0.464619 0.267356
vt 0.353215 0.086944
vt 0.423343 0.903250
vt 0.354162 0.949122
vt 0.360016 0.116440
vt 0.436383 0.879868
vt 0.376056 0.904397
vt 0.877844 0.545542
vt 0.921324 0.369552
vt 0.218523 0.900845
vt 0.857043 0.404643
vt 0.225261 0.880207
vt 0.925951 0.345272
vt 0.865692 0.571992
vt 0.412886 0.276576
vt 0.367560 0.138172
vt 0.438199 0.876523
vt 0.383345 0.885275
vt 0.385928 0.282506
vt 0.377560 0.154400
vt 0.445815 0.875342
vt 0.394121 0.870575
vt 0.362562 0.288025
vt 0.392806 0.167773
vt 0.458973 0.876489
vt 0.411918 0.857533
vt 0.333211 0.295113
vt 0.411930 0.182676
vt 0.475873 0.880009
vt 0.433227 0.842173
vt 0.308205 0.301621
vt 0.436779 0.196546
vt 0.502454 0.890950
vt 0.464739 0.827538
vt 0.247850 0.321797
vt 0.471772 0.224095
vt 0.530307 0.909256
vt 0.501075 0.804684
vt 0.194676 0.349534
vt 0.504266 0.246905
vt 0.567680 0.932626
vt 0.541556 0.791342
vt 0.131743 0.401956
vt 0.560793 0.255656
vt 0.663705 0.966807
vt 0.620753 0.786227
vt 0.078984 0.470788
vt 0.607426 0.272858
vt 0.740870 0.966920
vt 0.678045 0.760725
vt 0.045288 0.548531
vt 0.642215 0.285247
vt 0.784435 0.954182
vt 0.712973 0.739075
vt 0.034396 0.609393
vt 0.676044 0.296847
vt 0.841090 0.917824
vt 0.751373 0.705444
vt 0.038528 0.673494
vt 0.712198 0.307796
vt 0.884684 0.865551
vt 0.785011 0.664627
vt 0.055603 0.735984
vt 0.750172 0.319239
vt 0.912945 0.803885
vt 0.813903 0.619514
vt 0.083065 0.792217
vt 0.789143 0.331254
vt 0.926471 0.738555
vt 0.837518 0.572745
vt 0.121979 0.840794
vt 0.831360 0.342150
vt 0.923779 0.670519
vt 0.854571 0.522593
vt 0.148470 0.865070
vt 0.847609 0.347516
vt 0.915977 0.631037
vt 0.856693 0.498193
vt 0.173488 0.882199
vt 0.878402 0.356059
vt 0.904677 0.598016
vt 0.867691 0.467483
vt 0.354506 0.948625
vt 0.353097 0.948575
vt 0.350474 0.948599
vt 0.348070 0.949076
vt 0.346424 0.949751
vt 0.345311 0.950603
vt 0.876258 0.420813
vt 0.875602 0.421506
vt 0.875131 0.422424
vt 0.874946 0.423284
vt 0.875208 0.423840
vt 0.875621 0.423969
vt 0.865274 0.443898
vt 0.859482 0.439713
vt 0.854962 0.433846
vt 0.852235 0.426760
vt 0.851558 0.419075
vt 0.853140 0.411460
vt 0.497786 0.264529
vt 0.498323 0.266187
vt 0.499430 0.268212
vt 0.501209 0.269951
vt 0.218146 0.901251
vt 0.217801 0.902078
vt 0.217617 0.903027
vt 0.217705 0.903791
vt 0.199366 0.887644
vt 0.205020 0.882876
vt 0.211603 0.879980
vt 0.218533 0.879079
vt 0.354162 0.087604
vt 0.355167 0.088290
vt 0.356473 0.088624
vt 0.358309 0.089656
vt 0.920978 0.369249
vt 0.920332 0.368895
vt 0.919563 0.368781
vt 0.918944 0.368889
vt 0.364429 0.117187
vt 0.369404 0.116803
vt 0.373437 0.114738
vt 0.376642 0.112769
vt 0.420780 0.904210
vt 0.419167 0.904529
vt 0.879037 0.544726
vt 0.879874 0.544117
vn -0.110293 -0.993890 -0.004243
vn -0.112283 -0.993644 -0.007970
vn 0.054570 -0.991707 -0.116357
vn 0.093600 -0.993590 -0.063386
vn -0.115257 -0.993277 -0.010800
vn 0.000471 -0.988224 -0.153013
vn -0.118845 -0.992834 -0.012537
vn -0.059544 -0.983069 -0.173289
vn -0.122716 -0.992355 -0.013118
vn -0.120731 -0.976298 -0.179630
vn -0.126587 -0.991876 -0.012536
vn -0.181724 -0.967960 -0.173289
vn -0.130176 -0.991432 -0.010800
vn -0.241187 -0.958340 -0.153013
vn -0.133149 -0.991064 -0.007970
vn -0.294505 -0.948540 -0.116357
vn -0.135140 -0.990817 -0.004243
vn -0.332817 -0.940859 -0.063386
vn -0.135843 -0.990730 -0.000000
vn -0.346866 -0.937915 -0.000000
vn -0.135140 -0.990817 0.004243
vn -0.332817 -0.940859 0.063386
vn -0.133149 -0.991064 0.007970
vn -0.294505 -0.948540 0.116357
vn -0.130176 -0.991432 0.010801
vn -0.241187 -0.958340 0.153013
vn -0.126588 -0.991876 0.012536
vn -0.181724 -0.967960 0.173289
vn -0.122717 -0.992355 0.013118
vn -0.120731 -0.976298 0.179630
vn -0.118846 -0.992834 0.012536
vn -0.059544 -0.983069 0.173289
vn -0.115257 -0.993277 0.010800
vn 0.000471 -0.988224 0.153013
vn -0.112283 -0.993644 0.007970
vn 0.054570 -0.991707 0.116357
vn -0.110293 -0.993890 0.004243
vn 0.093600 -0.993590 0.063386
vn -0.109590 -0.993977 -0.000000
vn 0.107942 -0.994157 -0.000000
vn 0.150636 -0.969965 -0.190991
vn 0.187286 -0.977489 -0.097151
vn 0.086346 -0.957689 -0.274546
vn -0.005308 -0.942361 -0.334556
vn -0.114661 -0.927214 -0.356548
vn -0.224410 -0.915266 -0.334556
vn -0.317037 -0.907806 -0.274546
vn -0.382381 -0.904050 -0.190991
vn -0.419760 -0.902421 -0.097151
vn -0.431828 -0.901956 -0.000000
vn -0.419760 -0.902421 0.097151
vn -0.382381 -0.904050 0.190992
vn -0.317038 -0.907806 0.274545
vn -0.224410 -0.915266 0.334556
vn -0.114661 -0.927215 0.356547
vn -0.005308 -0.942361 0.334556
vn 0.086347 -0.957689 0.274546
vn 0.150637 -0.969964 0.190991
vn 0.187287 -0.977489 0.097151
vn 0.199104 -0.979978 -0.000000
vn 0.288172 -0.912776 -0.289478
vn 0.348003 -0.925516 -0.149378
vn 0.188582 -0.893081 -0.408464
vn 0.053359 -0.869578 -0.490904
vn -0.104765 -0.847188 -0.520861
vn -0.263580 -0.830384 -0.490904
vn -0.400455 -0.820240 -0.408464
vn -0.501842 -0.815081 -0.289478
vn -0.562974 -0.812863 -0.149379
vn -0.583284 -0.812268 -0.000000
vn -0.562974 -0.812863 0.149379
vn -0.501842 -0.815082 0.289477
vn -0.400454 -0.820240 0.408463
vn -0.263580 -0.830385 0.490904
vn -0.104765 -0.847188 0.520861
vn 0.053360 -0.869578 0.490904
vn 0.188582 -0.893081 0.408464
vn 0.288171 -0.912776 0.289477
vn 0.348003 -0.925516 0.149378
vn 0.367847 -0.929886 0.000001
vn 0.467996 -0.780719 -0.414074
vn 0.566941 -0.794338 -0.218188
vn 0.315023 -0.760105 -0.568331
vn 0.123651 -0.735076 -0.666614
vn -0.087606 -0.708433 -0.700320
vn -0.298990 -0.682812 -0.666613
vn -0.490695 -0.660469 -0.568331
vn -0.644081 -0.643198 -0.414074
vn -0.743362 -0.632303 -0.218188
vn -0.777744 -0.628581 0.000000
vn -0.743362 -0.632303 0.218188
vn -0.644081 -0.643198 0.414073
vn -0.490694 -0.660469 0.568331
vn -0.298989 -0.682812 0.666614
vn -0.087606 -0.708433 0.700320
vn 0.123651 -0.735076 0.666613
vn 0.315023 -0.760105 0.568331
vn 0.467997 -0.780719 0.414073
vn 0.566941 -0.794338 0.218187
vn 0.601193 -0.799104 0.000001
vn 0.587822 -0.644143 -0.489434
vn 0.705299 -0.660272 -0.258059
vn 0.406584 -0.619769 -0.671249
vn 0.180332 -0.590219 -0.786843
vn -0.069099 -0.558776 -0.826435
vn -0.318677 -0.528510 -0.786843
vn -0.545312 -0.502056 -0.671249
vn -0.727028 -0.481546 -0.489433
vn -0.844894 -0.468572 -0.258059
vn -0.885765 -0.464133 -0.000000
vn -0.844894 -0.468572 0.258059
vn -0.727028 -0.481545 0.489433
vn -0.545311 -0.502055 0.671250
vn -0.318676 -0.528509 0.786844
vn -0.069099 -0.558776 0.826435
vn 0.180333 -0.590218 0.786843
vn 0.406584 -0.619769 0.671250
vn 0.587823 -0.644143 0.489433
vn 0.705299 -0.660272 0.258058
vn 0.746020 -0.665923 0.000001
vn 0.653778 -0.541641 -0.528393
vn 0.781013 -0.558869 -0.278718
vn 0.457774 -0.515575 -0.724311
vn 0.213448 -0.483898 -0.848695
vn -0.055656 -0.450065 -0.891260
vn -0.324895 -0.417325 -0.848695
vn -0.569578 -0.388530 -0.724311
vn -0.766026 -0.366065 -0.528394
vn -0.893626 -0.351781 -0.278718
vn -0.937910 -0.346879 -0.000000
vn -0.893626 -0.351780 0.278718
vn -0.766027 -0.366064 0.528394
vn -0.569577 -0.388529 0.724311
vn -0.324896 -0.417325 0.848695
vn -0.055655 -0.450064 0.891260
vn 0.213450 -0.483896 0.848695
vn 0.457774 -0.515573 0.724312
vn 0.653778 -0.541640 0.528394
vn 0.781013 -0.558869 0.278718
vn 0.825157 -0.564903 0.000001
vn 0.746239 -0.332055 -0.576945
vn 0.885796 -0.350217 -0.304489
vn 0.531667 -0.304417 -0.790355
vn 0.264719 -0.270522 -0.925604
vn -0.028921 -0.233875 -0.971836
vn -0.322643 -0.197888 -0.925603
vn -0.589807 -0.165733 -0.790354
vn -0.804648 -0.140270 -0.576945
vn -0.944425 -0.123888 -0.304489
vn -0.992986 -0.118231 -0.000000
vn -0.944425 -0.123888 0.304489
vn -0.804648 -0.140269 0.576946
vn -0.589807 -0.165732 0.790355
vn -0.322644 -0.197887 0.925604
vn -0.028921 -0.233875 0.971836
vn 0.264720 -0.270522 0.925603
vn 0.531667 -0.304416 0.790355
vn 0.746239 -0.332055 0.576946
vn 0.885796 -0.350217 0.304490
vn 0.934273 -0.356560 0.000000
vn 0.802768 -0.067531 -0.592455
vn 0.946198 -0.083788 -0.312551
vn 0.582079 -0.041921 -0.812051
vn 0.307308 -0.008881 -0.951569
vn 0.004917 0.029211 -0.999561
vn -0.297497 0.069442 -0.952194
vn -0.572230 0.108138 -0.812932
vn -0.792663 0.140848 -0.593166
vn -0.935707 0.162926 -0.312902
vn -0.985315 0.170744 -0.000000
vn -0.935707 0.162925 0.312902
vn -0.792663 0.140848 0.593167
vn -0.572229 0.108138 0.812933
vn -0.297497 0.069443 0.952194
vn 0.004917 0.029211 0.999561
vn 0.307308 -0.008882 0.951569
vn 0.582078 -0.041921 0.812052
vn 0.802767 -0.067531 0.592456
vn 0.946198 -0.083787 0.312553
vn 0.995999 -0.089366 0.000000
vn 0.799871 0.134658 -0.584871
vn 0.943959 0.115346 -0.309251
vn 0.578976 0.166205 -0.798225
vn 0.306055 0.208932 -0.928804
vn 0.010080 0.260950 -0.965300
vn -0.278456 0.318850 -0.905979
vn -0.530447 0.377026 -0.759261
vn -0.722411 0.427743 -0.543285
vn -0.840459 0.462602 -0.282182
vn -0.879961 0.475047 0.000000
vn -0.840459 0.462603 0.282182
vn -0.722410 0.427743 0.543285
vn -0.530447 0.377025 0.759261
vn -0.278456 0.318849 0.905979
vn 0.010080 0.260949 0.965300
vn 0.306055 0.208932 0.928805
vn 0.578976 0.166205 0.798225
vn 0.799871 0.134658 0.584871
vn 0.943959 0.115346 0.309253
vn 0.994059 0.108845 0.000001
vn 0.777707 0.291410 -0.557003
vn 0.909509 0.296890 -0.290947
vn 0.565322 0.294090 -0.770664
vn 0.289942 0.319408 -0.902171
vn -0.013929 0.376189 -0.926438
vn -0.297225 0.456552 -0.838581
vn -0.516898 0.538631 -0.665352
vn -0.658595 0.603138 -0.449975
vn -0.732974 0.642180 -0.224397
vn -0.755597 0.655037 0.000000
vn -0.732974 0.642180 0.224398
vn -0.658594 0.603138 0.449975
vn -0.516898 0.538631 0.665352
vn -0.297225 0.456552 0.838581
vn -0.013929 0.376189 0.926438
vn 0.289942 0.319407 0.902171
vn 0.565322 0.294088 0.770664
vn 0.777708 0.291408 0.557003
vn 0.909509 0.296888 0.290948
vn 0.953963 0.299924 0.000001
vn 0.738070 0.444789 -0.507360
vn 0.847723 0.461996 -0.260627
vn 0.550262 0.428343 -0.716753
vn 0.292314 0.428498 -0.854952
vn -0.005102 0.458948 -0.888449
vn -0.292118 0.524135 -0.799968
vn -0.504708 0.610121 -0.610756
vn -0.616058 0.678757 -0.399701
vn -0.670493 0.716074 -0.194104
vn -0.685418 0.728149 0.000000
vn -0.670493 0.716074 0.194105
vn -0.616059 0.678756 0.399702
vn -0.504708 0.610121 0.610755
vn -0.292119 0.524136 0.799967
vn -0.005102 0.458948 0.888448
vn 0.292313 0.428498 0.854952
vn 0.550262 0.428342 0.716753
vn 0.738071 0.444789 0.507360
vn 0.847723 0.461996 0.260627
vn 0.883214 0.468970 0.000001
vn 0.629459 0.642109 -0.437581
vn 0.739442 0.634166 -0.225964
vn 0.445954 0.650828 -0.614449
vn 0.200151 0.654300 -0.729267
vn -0.076923 0.647738 -0.757970
vn -0.360215 0.632871 -0.685361
vn -0.570462 0.617259 -0.541816
vn -0.685720 0.615082 -0.389182
vn -0.769831 0.606832 -0.197776
vn -0.796974 0.604014 -0.000000
vn -0.769831 0.606831 0.197776
vn -0.685720 0.615081 0.389183
vn -0.570462 0.617258 0.541817
vn -0.360215 0.632870 0.685361
vn -0.076924 0.647737 0.757971
vn 0.200150 0.654299 0.729268
vn 0.445954 0.650828 0.614449
vn 0.629459 0.642110 0.437580
vn 0.739441 0.634166 0.225965
vn 0.775726 0.631070 0.000001
vn 0.603773 0.665664 -0.438578
vn 0.715985 0.660339 -0.226533
vn 0.416547 0.669353 -0.615188
vn 0.166615 0.664953 -0.728064
vn -0.112367 0.648115 -0.753207
vn -0.395360 0.605111 -0.691036
vn -0.625933 0.535575 -0.566893
vn -0.766822 0.492766 -0.411299
vn -0.859595 0.465581 -0.210552
vn -0.889840 0.456273 0.000000
vn -0.859595 0.465580 0.210551
vn -0.766821 0.492766 0.411299
vn -0.625932 0.535575 0.566893
vn -0.395362 0.605111 0.691035
vn -0.112367 0.648115 0.753207
vn 0.166613 0.664953 0.728064
vn 0.416547 0.669353 0.615187
vn 0.603773 0.665664 0.438577
vn 0.715986 0.660338 0.226534
vn 0.752988 0.658034 0.000001
vn 0.647317 0.611655 -0.454817
vn 0.755585 0.612222 -0.232969
vn 0.463136 0.605434 -0.647267
vn 0.209379 0.586879 -0.782134
vn -0.086621 0.551559 -0.829626
vn -0.378398 0.502587 -0.777317
vn -0.622173 0.450417 -0.640332
vn -0.795853 0.406414 -0.448827
vn -0.896893 0.377918 -0.229696
vn -0.929766 0.368150 -0.000000
vn -0.896893 0.377918 0.229696
vn -0.795851 0.406415 0.448829
vn -0.622174 0.450417 0.640332
vn -0.378399 0.502587 0.777316
vn -0.086620 0.551561 0.829625
vn 0.209376 0.586881 0.782133
vn 0.463137 0.605435 0.647266
vn 0.647317 0.611655 0.454818
vn 0.755584 0.612223 0.232970
vn 0.790950 0.611880 0.000000
vn 0.668194 0.585529 -0.458991
vn 0.774336 0.587628 -0.234729
vn 0.486637 0.577529 -0.655472
vn 0.233736 0.557891 -0.796320
vn -0.065701 0.522754 -0.849948
vn -0.365184 0.475022 -0.800621
vn -0.617922 0.424524 -0.661780
vn -0.798845 0.382067 -0.464620
vn -0.904228 0.354635 -0.237920
vn -0.938513 0.345245 -0.000000
vn -0.904228 0.354635 0.237921
vn -0.798844 0.382066 0.464623
vn -0.617924 0.424521 0.661780
vn -0.365182 0.475021 0.800623
vn -0.065699 0.522753 0.849949
vn 0.233733 0.557890 0.796321
vn 0.486637 0.577529 0.655472
vn 0.668194 0.585530 0.458989
vn 0.774334 0.587630 0.234729
vn 0.808952 0.587874 0.000004
vn 0.663164 0.593238 -0.456379
vn 0.766206 0.598880 -0.232964
vn 0.486078 0.579685 -0.653983
vn 0.237270 0.552925 -0.798735
vn -0.061060 0.509411 -0.858355
vn -0.363824 0.452327 -0.814268
vn -0.622657 0.392417 -0.676984
vn -0.809540 0.342023 -0.477143
vn -0.918870 0.309401 -0.244844
vn -0.954497 0.298221 -0.000002
vn -0.918871 0.309401 0.244843
vn -0.809540 0.342020 0.477144
vn -0.622659 0.392416 0.676983
vn -0.363821 0.452328 0.814269
vn -0.061057 0.509409 0.858356
vn 0.237269 0.552923 0.798736
vn 0.486078 0.579683 0.653984
vn 0.663167 0.593237 0.456377
vn 0.766207 0.598877 0.232965
vn 0.799746 0.600339 0.000005
vn 0.643898 0.603322 -0.470529
vn 0.737249 0.632610 -0.237209
vn 0.475242 0.549667 -0.687030
vn 0.222828 0.467574 -0.855407
vn -0.096335 0.361614 -0.927338
vn -0.424225 0.253763 -0.869274
vn -0.692515 0.173289 -0.700281
vn -0.870182 0.132411 -0.474606
vn -0.964280 0.120575 -0.235852
vn -0.992836 0.119489 -0.000001
vn -0.964280 0.120577 0.235851
vn -0.870182 0.132412 0.474606
vn -0.692514 0.173291 0.700281
vn -0.424225 0.253764 0.869274
vn -0.096335 0.361613 0.927338
vn 0.222829 0.467573 0.855408
vn 0.475243 0.549666 0.687031
vn 0.643898 0.603322 0.470529
vn 0.737250 0.632609 0.237210
vn 0.766840 0.641839 0.000002
vn 0.595526 0.634637 -0.492529
vn 0.697778 0.672939 -0.245476
vn 0.401787 0.556714 -0.727074
vn 0.102728 0.425808 -0.898963
vn -0.261172 0.255030 -0.930993
vn -0.587700 0.099038 -0.802995
vn -0.807833 0.003565 -0.589400
vn -0.928633 -0.033284 -0.369505
vn -0.983884 -0.038681 -0.174574
vn -0.999301 -0.037383 -0.000000
vn -0.983884 -0.038681 0.174573
vn -0.928633 -0.033284 0.369504
vn -0.807833 0.003566 0.589401
vn -0.587699 0.099039 0.802995
vn -0.261175 0.255030 0.930993
vn 0.102728 0.425811 0.898962
vn 0.401786 0.556713 0.727076
vn 0.595526 0.634637 0.492529
vn 0.697778 0.672939 0.245476
vn 0.729230 0.684268 -0.000000
vn -0.122727 -0.992440 -0.000000
vn -0.776665 0.629913 -0.000000
s 1
g FlameSpirit
usemtl aiStandardSurface1SG
f 1/482/1 2/2/2 22/3/3 21/4/4
f 2/481/2 3/5/5 23/6/6 22/3/3
f 3/480/5 4/7/7 24/8/8 23/6/6
f 4/479/7 5/9/9 25/10/10 24/8/8
f 5/478/9 6/11/11 26/12/12 25/10/10
f 6/477/11 7/13/13 27/464/14 26/12/12
f 7/396/13 8/15/15 28/16/16 27/14/14
f 8/15/15 9/17/17 29/18/18 28/16/16
f 9/17/17 10/19/19 30/463/20 29/18/18
f 10/395/19 11/21/21 31/22/22 30/20/20
f 11/21/21 12/23/23 32/24/24 31/22/22
f 12/23/23 13/25/25 33/26/26 32/24/24
f 13/25/25 14/27/27 34/28/28 33/26/26
f 14/27/27 15/29/29 35/462/30 34/28/28
f 15/394/29 16/31/31 36/32/32 35/30/30
f 16/494/31 17/33/33 37/34/34 36/32/32
f 17/493/33 18/35/35 38/36/36 37/34/34
f 18/492/35 19/37/37 39/38/38 38/36/36
f 19/491/37 20/39/39 40/461/40 39/38/38
f 20/393/39 1/1/1 21/4/4 40/40/40
f 21/4/4 22/3/3 42/41/41 41/42/42
f 22/3/3 23/6/6 43/43/43 42/41/41
f 23/6/6 24/8/8 44/44/44 43/43/43
f 24/8/8 25/10/10 45/45/45 44/44/44
f 25/10/10 26/12/12 46/46/46 45/45/45
f 26/12/12 27/464/14 47/460/47 46/46/46
f 27/14/14 28/16/16 48/48/48 47/47/47
f 28/16/16 29/18/18 49/49/49 48/48/48
f 29/18/18 30/463/20 50/459/50 49/49/49
f 30/20/20 31/22/22 51/51/51 50/50/50
f 31/22/22 32/24/24 52/52/52 51/51/51
f 32/24/24 33/26/26 53/53/53 52/52/52
f 33/26/26 34/28/28 54/54/54 53/53/53
f 34/28/28 35/462/30 55/458/55 54/54/54
f 35/30/30 36/32/32 56/56/56 55/55/55
f 36/32/32 37/34/34 57/57/57 56/56/56
f 37/34/34 38/36/36 58/58/58 57/57/57
f 38/36/36 39/38/38 59/59/59 58/58/58
f 39/38/38 40/461/40 60/457/60 59/59/59
f 40/40/40 21/4/4 41/42/42 60/60/60
f 41/42/42 42/41/41 62/61/61 61/62/62
f 42/41/41 43/43/43 63/63/63 62/61/61
f 43/43/43 44/44/44 64/64/64 63/63/63
f 44/44/44 45/45/45 65/65/65 64/64/64
f 45/45/45 46/46/46 66/66/66 65/65/65
f 46/46/46 47/460/47 67/456/67 66/66/66
f 47/47/47 48/48/48 68/68/68 67/67/67
f 48/48/48 49/49/49 69/69/69 68/68/68
f 49/49/49 50/459/50 70/455/70 69/69/69
f 50/50/50 51/51/51 71/71/71 70/70/70
f 51/51/51 52/52/52 72/72/72 71/71/71
f 52/52/52 53/53/53 73/73/73 72/72/72
f 53/53/53 54/54/54 74/74/74 73/73/73
f 54/54/54 55/458/55 75/454/75 74/74/74
f 55/55/55 56/56/56 76/76/76 75/75/75
f 56/56/56 57/57/57 77/77/77 76/76/76
f 57/57/57 58/58/58 78/78/78 77/77/77
f 58/58/58 59/59/59 79/79/79 78/78/78
f 59/59/59 60/457/60 80/453/80 79/79/79
f 60/60/60 41/42/42 61/62/62 80/80/80
f 61/62/62 62/61/61 82/81/81 81/82/82
f 62/61/61 63/63/63 83/83/83 82/81/81
f 63/63/63 64/64/64 84/84/84 83/83/83
f 64/64/64 65/65/65 85/85/85 84/84/84
f 65/65/65 66/66/66 86/86/86 85/85/85
f 66/66/66 67/456/67 87/452/87 86/86/86
f 67/67/67 68/68/68 88/88/88 87/87/87
f 68/68/68 69/69/69 89/89/89 88/88/88
f 69/69/69 70/455/70 90/451/90 89/89/89
f 70/70/70 71/71/71 91/91/91 90/90/90
f 71/71/71 72/72/72 92/92/92 91/91/91
f 72/72/72 73/73/73 93/93/93 92/92/92
f 73/73/73 74/74/74 94/94/94 93/93/93
f 74/74/74 75/454/75 95/450/95 94/94/94
f 75/75/75 76/76/76 96/96/96 95/95/95
f 76/76/76 77/77/77 97/97/97 96/96/96
f 77/77/77 78/78/78 98/98/98 97/97/97
f 78/78/78 79/79/79 99/99/99 98/98/98
f 79/79/79 80/453/80 100/449/100 99/99/99
f 80/80/80 61/62/62 81/82/82 100/100/100
f 81/82/82 82/81/81 102/101/101 101/102/102
f 82/81/81 83/83/83 103/103/103 102/101/101
f 83/83/83 84/84/84 104/104/104 103/103/103
f 84/84/84 85/85/85 105/105/105 104/104/104
f 85/85/85 86/86/86 106/106/106 105/105/105
f 86/86/86 87/452/87 107/448/107 106/106/106
f 87/87/87 88/88/88 108/108/108 107/107/107
f 88/88/88 89/89/89 109/109/109 108/108/108
f 89/89/89 90/451/90 110/447/110 109/109/109
f 90/90/90 91/91/91 111/111/111 110/110/110
f 91/91/91 92/92/92 112/112/112 111/111/111
f 92/92/92 93/93/93 113/113/113 112/112/112
f 93/93/93 94/94/94 114/114/114 113/113/113
f 94/94/94 95/450/95 115/446/115 114/114/114
f 95/95/95 96/96/96 116/116/116 115/115/115
f 96/96/96 97/97/97 117/117/117 116/116/116
f 97/97/97 98/98/98 118/118/118 117/117/117
f 98/98/98 99/99/99 119/119/119 118/118/118
f 99/99/99 100/449/100 120/445/120 119/119/119
f 100/100/100 81/82/82 101/102/102 120/120/120
f 101/102/102 102/101/101 122/121/121 121/122/122
f 102/101/101 103/103/103 123/123/123 122/121/121
f 103/103/103 104/104/104 124/124/124 123/123/123
f 104/104/104 105/105/105 125/125/125 124/124/124
f 105/105/105 106/106/106 126/126/126 125/125/125
f 106/106/106 107/448/107 127/444/127 126/126/126
f 107/107/107 108/108/108 128/128/128 127/127/127
f 108/108/108 109/109/109 129/129/129 128/128/128
f 109/109/109 110/447/110 130/443/130 129/129/129
f 110/110/110 111/111/111 131/131/131 130/130/130
f 111/111/111 112/112/112 132/132/132 131/131/131
f 112/112/112 113/113/113 133/133/133 132/132/132
f 113/113/113 114/114/114 134/134/134 133/133/133
f 114/114/114 115/446/115 135/442/135 134/134/134
f 115/115/115 116/116/116 136/136/136 135/135/135
f 116/116/116 117/117/117 137/137/137 136/136/136
f 117/117/117 118/118/118 138/138/138 137/137/137
f 118/118/118 119/119/119 139/139/139 138/138/138
f 119/119/119 120/445/120 140/441/140 139/139/139
f 120/120/120 101/102/102 121/122/122 140/140/140
f 121/122/122 122/121/121 142/141/141 141/142/142
f 122/121/121 123/123/123 143/143/143 142/141/141
f 123/123/123 124/124/124 144/144/144 143/143/143
f 124/124/124 125/125/125 145/145/145 144/144/144
f 125/125/125 126/126/126 146/146/146 145/145/145
f 126/126/126 127/444/127 147/440/147 146/146/146
f 127/127/127 128/128/128 148/148/148 147/147/147
f 128/128/128 129/129/129 149/149/149 148/148/148
f 129/129/129 130/443/130 150/439/150 149/149/149
f 130/130/130 131/131/131 151/151/151 150/150/150
f 131/131/131 132/132/132 152/152/152 151/151/151
f 132/132/132 133/133/133 153/153/153 152/152/152
f 133/133/133 134/134/134 154/154/154 153/153/153
f 134/134/134 135/442/135 155/438/155 154/154/154
f 135/135/135 136/136/136 156/156/156 155/155/155
f 136/136/136 137/137/137 157/157/157 156/156/156
f 137/137/137 138/138/138 158/158/158 157/157/157
f 138/138/138 139/139/139 159/159/159 158/158/158
f 139/139/139 140/441/140 160/437/160 159/159/159
f 140/140/140 121/122/122 141/142/142 160/160/160
f 141/142/142 142/141/141 162/161/161 161/162/162
f 142/141/141 143/143/143 163/163/163 162/161/161
f 143/143/143 144/144/144 164/164/164 163/163/163
f 144/144/144 145/145/145 165/165/165 164/164/164
f 145/145/145 146/146/146 166/166/166 165/165/165
f 146/146/146 147/440/147 167/436/167 166/166/166
f 147/147/147 148/148/148 168/168/168 167/167/167
f 148/148/148 149/149/149 169/169/169 168/168/168
f 149/149/149 150/439/150 170/435/170 169/169/169
f 150/150/150 151/151/151 171/171/171 170/170/170
f 151/151/151 152/152/152 172/172/172 171/171/171
f 152/152/152 153/153/153 173/173/173 172/172/172
f 153/153/153 154/154/154 174/174/174 173/173/173
f 154/154/154 155/438/155 175/434/175 174/174/174
f 155/155/155 156/156/156 176/176/176 175/175/175
f 156/156/156 157/157/157 177/177/177 176/176/176
f 157/157/157 158/158/158 178/178/178 177/177/177
f 158/158/158 159/159/159 179/179/179 178/178/178
f 159/159/159 160/437/160 180/433/180 179/179/179
f 160/160/160 141/142/142 161/162/162 180/180/180
f 161/162/162 162/161/161 182/181/181 181/182/182
f 162/161/161 163/163/163 183/183/183 182/181/181
f 163/163/163 164/164/164 184/184/184 183/183/183
f 164/164/164 165/165/165 185/185/185 184/184/184
f 165/165/165 166/166/166 186/186/186 185/185/185
f 166/166/166 167/436/167 187/432/187 186/186/186
f 167/167/167 168/168/168 188/188/188 187/187/187
f 168/168/168 169/169/169 189/189/189 188/188/188
f 169/169/169 170/435/170 190/431/190 189/189/189
f 170/170/170 171/171/171 191/191/191 190/190/190
f 171/171/171 172/172/172 192/192/192 191/191/191
f 172/172/172 173/173/173 193/193/193 192/192/192
f 173/173/173 174/174/174 194/194/194 193/193/193
f 174/174/174 175/434/175 195/430/195 194/194/194
f 175/175/175 176/176/176 196/196/196 195/195/195
f 176/176/176 177/177/177 197/197/197 196/196/196
f 177/177/177 178/178/178 198/198/198 197/197/197
f 178/178/178 179/179/179 199/199/199 198/198/198
f 179/179/179 180/433/180 200/429/200 199/199/199
f 180/180/180 161/162/162 181/182/182 200/200/200
f 181/182/182 182/181/181 202/201/201 201/202/202
f 182/181/181 183/183/183 203/203/203 202/201/201
f 183/183/183 184/184/184 204/204/204 203/203/203
f 184/184/184 185/185/185 205/205/205 204/204/204
f 185/185/185 186/186/186 206/206/206 205/205/205
f 186/186/186 187/432/187 207/428/207 206/206/206
f 187/187/187 188/188/188 208/208/208 207/207/207
f 188/188/188 189/189/189 209/209/209 208/208/208
f 189/189/189 190/431/190 210/427/210 209/209/209
f 190/190/190 191/191/191 211/211/211 210/210/210
f 191/191/191 192/192/192 212/212/212 211/211/211
f 192/192/192 193/193/193 213/213/213 212/212/212
f 193/193/193 194/194/194 214/214/214 213/213/213
f 194/194/194 195/430/195 215/426/215 214/214/214
f 195/195/195 196/196/196 216/216/216 215/215/215
f 196/196/196 197/197/197 217/217/217 216/216/216
f 197/197/197 198/198/198 218/218/218 217/217/217
f 198/198/198 199/199/199 219/219/219 218/218/218
f 199/199/199 200/429/200 220/425/220 219/219/219
f 200/200/200 181/182/182 201/202/202 220/220/220
f 201/202/202 202/201/201 222/221/221 221/222/222
f 202/201/201 203/203/203 223/223/223 222/221/221
f 203/203/203 204/204/204 224/224/224 223/223/223
f 204/204/204 205/205/205 225/225/225 224/224/224
f 205/205/205 206/206/206 226/226/226 225/225/225
f 206/206/206 207/428/207 227/424/227 226/226/226
f 207/207/207 208/208/208 228/228/228 227/227/227
f 208/208/208 209/209/209 229/229/229 228/228/228
f 209/209/209 210/427/210 230/423/230 229/229/229
f 210/210/210 211/211/211 231/231/231 230/230/230
f 211/211/211 212/212/212 232/232/232 231/231/231
f 212/212/212 213/213/213 233/233/233 232/232/232
f 213/213/213 214/214/214 234/234/234 233/233/233
f 214/214/214 215/426/215 235/422/235 234/234/234
f 215/215/215 216/216/216 236/236/236 235/235/235
f 216/216/216 217/217/217 237/237/237 236/236/236
f 217/217/217 218/218/218 238/238/238 237/237/237
f 218/218/218 219/219/219 239/239/239 238/238/238
f 219/219/219 220/425/220 240/421/240 239/239/239
f 220/220/220 201/202/202 221/222/222 240/240/240
f 221/222/222 222/221/221 242/241/241 241/242/242
f 222/221/221 223/223/223 243/243/243 242/241/241
f 223/223/223 224/224/224 244/244/244 243/243/243
f 224/224/224 225/225/225 245/245/245 244/244/244
f 225/225/225 226/226/226 246/246/246 245/245/245
f 226/226/226 227/424/227 247/420/247 246/246/246
f 227/227/227 228/228/228 248/248/248 247/247/247
f 228/228/228 229/229/229 249/249/249 248/248/248
f 229/229/229 230/423/230 250/419/250 249/249/249
f 230/230/230 231/231/231 251/251/251 250/250/250
f 231/231/231 232/232/232 252/252/252 251/251/251
f 232/232/232 233/233/233 253/253/253 252/252/252
f 233/233/233 234/234/234 254/254/254 253/253/253
f 234/234/234 235/422/235 255/418/255 254/254/254
f 235/235/235 236/236/236 256/256/256 255/255/255
f 236/236/236 237/237/237 257/257/257 256/256/256
f 237/237/237 238/238/238 258/258/258 257/257/257
f 238/238/238 239/239/239 259/259/259 258/258/258
f 239/239/239 240/421/240 260/417/260 259/259/259
f 240/240/240 221/222/222 241/242/242 260/260/260
f 241/242/242 242/241/241 262/261/261 261/262/262
f 242/241/241 243/243/243 263/263/263 262/261/261
f 243/243/243 244/244/244 264/264/264 263/263/263
f 244/244/244 245/245/245 265/265/265 264/264/264
f 245/245/245 246/246/246 266/266/266 265/265/265
f 246/246/246 247/420/247 267/416/267 266/266/266
f 247/247/247 248/248/248 268/268/268 267/267/267
f 248/248/248 249/249/249 269/269/269 268/268/268
f 249/249/249 250/419/250 270/415/270 269/269/269
f 250/250/250 251/251/251 271/271/271 270/270/270
f 251/251/251 252/252/252 272/272/272 271/271/271
f 252/252/252 253/253/253 273/273/273 272/272/272
f 253/253/253 254/254/254 274/274/274 273/273/273
f 254/254/254 255/418/255 275/414/275 274/274/274
f 255/255/255 256/256/256 276/276/276 275/275/275
f 256/256/256 257/257/257 277/277/277 276/276/276
f 257/257/257 258/258/258 278/278/278 277/277/277
f 258/258/258 259/259/259 279/279/279 278/278/278
f 259/259/259 260/417/260 280/413/280 279/279/279
f 260/260/260 241/242/242 261/262/262 280/280/280
f 261/262/262 262/261/261 282/281/281 281/282/282
f 262/261/261 263/263/263 283/283/283 282/281/281
f 263/263/263 264/264/264 284/284/284 283/283/283
f 264/264/264 265/265/265 285/285/285 284/284/284
f 265/265/265 266/266/266 286/286/286 285/285/285
f 266/266/266 267/416/267 287/412/287 286/286/286
f 267/267/267 268/268/268 288/288/288 287/287/287
f 268/268/268 269/269/269 289/289/289 288/288/288
f 269/269/269 270/415/270 290/411/290 289/289/289
f 270/270/270 271/271/271 291/291/291 290/290/290
f 271/271/271 272/272/272 292/292/292 291/291/291
f 272/272/272 273/273/273 293/293/293 292/292/292
f 273/273/273 274/274/274 294/294/294 293/293/293
f 274/274/274 275/414/275 295/410/295 294/294/294
f 275/275/275 276/276/276 296/296/296 295/295/295
f 276/276/276 277/277/277 297/297/297 296/296/296
f 277/277/277 278/278/278 298/298/298 297/297/297
f 278/278/278 279/279/279 299/299/299 298/298/298
f 279/279/279 280/413/280 300/409/300 299/299/299
f 280/280/280 261/262/262 281/282/282 300/300/300
f 281/282/282 282/281/281 302/301/301 301/302/302
f 282/281/281 283/283/283 303/303/303 302/301/301
f 283/283/283 284/284/284 304/304/304 303/303/303
f 284/284/284 285/285/285 305/305/305 304/304/304
f 285/285/285 286/286/286 306/306/306 305/305/305
f 286/286/286 287/412/287 307/408/307 306/306/306
f 287/287/287 288/288/288 308/308/308 307/307/307
f 288/288/288 289/289/289 309/309/309 308/308/308
f 289/289/289 290/411/290 310/407/310 309/309/309
f 290/290/290 291/291/291 311/311/311 310/310/310
f 291/291/291 292/292/292 312/312/312 311/311/311
f 292/292/292 293/293/293 313/313/313 312/312/312
f 293/293/293 294/294/294 314/314/314 313/313/313
f 294/294/294 295/410/295 315/406/315 314/314/314
f 295/295/295 296/296/296 316/316/316 315/315/315
f 296/296/296 297/297/297 317/317/317 316/316/316
f 297/297/297 298/298/298 318/318/318 317/317/317
f 298/298/298 299/299/299 319/319/319 318/318/318
f 299/299/299 300/409/300 320/405/320 319/319/319
f 300/300/300 281/282/282 301/302/302 320/320/320
f 301/302/302 302/301/301 322/321/321 321/322/322
f 302/301/301 303/303/303 323/323/323 322/321/321
f 303/303/303 304/304/304 324/324/324 323/323/323
f 304/304/304 305/305/305 325/325/325 324/324/324
f 305/305/305 306/306/306 326/326/326 325/325/325
f 306/306/306 307/408/307 327/404/327 326/326/326
f 307/307/307 308/308/308 328/328/328 327/327/327
f 308/308/308 309/309/309 329/329/329 328/328/328
f 309/309/309 310/407/310 330/403/330 329/329/329
f 310/310/310 311/311/311 331/331/331 330/330/330
f 311/311/311 312/312/312 332/332/332 331/331/331
f 312/312/312 313/313/313 333/333/333 332/332/332
f 313/313/313 314/314/314 334/334/334 333/333/333
f 314/314/314 315/406/315 335/402/335 334/334/334
f 315/315/315 316/316/316 336/336/336 335/335/335
f 316/316/316 317/317/317 337/337/337 336/336/336
f 317/317/317 318/318/318 338/338/338 337/337/337
f 318/318/318 319/319/319 339/339/339 338/338/338
f 319/319/319 320/405/320 340/401/340 339/339/339
f 320/320/320 301/302/302 321/322/322 340/340/340
f 321/322/322 322/321/321 342/341/341 341/342/342
f 322/321/321 323/323/323 343/343/343 342/341/341
f 323/323/323 324/324/324 344/344/344 343/343/343
f 324/324/324 325/325/325 345/345/345 344/344/344
f 325/325/325 326/326/326 346/346/346 345/345/345
f 326/326/326 327/404/327 347/400/347 346/346/346
f 327/327/327 328/328/328 348/348/348 347/347/347
f 328/328/328 329/329/329 349/349/349 348/348/348
f 329/329/329 330/403/330 350/399/350 349/349/349
f 330/330/330 331/331/331 351/351/351 350/350/350
f 331/331/331 332/332/332 352/352/352 351/351/351
f 332/332/332 333/333/333 353/353/353 352/352/352
f 333/333/333 334/334/334 354/354/354 353/353/353
f 334/334/334 335/402/335 355/398/355 354/354/354
f 335/335/335 336/336/336 356/356/356 355/355/355
f 336/336/336 337/337/337 357/357/357 356/356/356
f 337/337/337 338/338/338 358/358/358 357/357/357
f 338/338/338 339/339/339 359/359/359 358/358/358
f 339/339/339 340/401/340 360/397/360 359/359/359
f 340/340/340 321/322/322 341/342/342 360/360/360
f 341/342/342 342/341/341 362/361/361 361/362/362
f 342/341/341 343/343/343 363/363/363 362/361/361
f 343/343/343 344/344/344 364/364/364 363/363/363
f 344/344/344 345/345/345 365/365/365 364/364/364
f 345/345/345 346/346/346 366/366/366 365/365/365
f 346/346/346 347/400/347 367/389/367 366/366/366
f 347/347/347 348/348/348 368/368/368 367/367/367
f 348/348/348 349/349/349 369/369/369 368/368/368
f 349/349/349 350/399/350 370/388/370 369/369/369
f 350/350/350 351/351/351 371/506/371 370/370/370
f 351/351/351 352/352/352 372/505/372 371/371/371
f 352/352/352 353/353/353 373/504/373 372/372/372
f 353/353/353 354/354/354 374/503/374 373/373/373
f 354/354/354 355/398/355 375/387/375 374/374/374
f 355/355/355 356/356/356 376/376/376 375/375/375
f 356/356/356 357/357/357 377/377/377 376/376/376
f 357/357/357 358/358/358 378/378/378 377/377/377
f 358/358/358 359/359/359 379/379/379 378/378/378
f 359/359/359 360/397/360 380/383/380 379/379/379
f 360/360/360 341/342/342 361/362/362 380/380/380
f 2/2/2 1/482/1 381/471/381
f 3/5/5 2/481/2 381/472/381
f 4/7/7 3/480/5 381/473/381
f 5/9/9 4/479/7 381/474/381
f 6/11/11 5/478/9 381/475/381
f 7/13/13 6/477/11 381/476/381
f 8/15/15 7/396/13 381/390/381
f 9/17/17 8/15/15 381/509/381
f 10/19/19 9/17/17 381/510/381
f 11/21/21 10/395/19 381/391/381
f 12/23/23 11/21/21 381/499/381
f 13/25/25 12/23/23 381/500/381
f 14/27/27 13/25/25 381/501/381
f 15/29/29 14/27/27 381/502/381
f 16/31/31 15/394/29 381/392/381
f 17/33/33 16/494/31 381/487/381
f 18/35/35 17/493/33 381/488/381
f 19/37/37 18/492/35 381/489/381
f 20/39/39 19/491/37 381/490/381
f 1/1/1 20/393/39 381/381/381
f 361/362/362 362/361/361 382/469/382
f 362/361/361 363/363/363 382/468/382
f 363/363/363 364/364/364 382/467/382
f 364/364/364 365/365/365 382/466/382
f 365/365/365 366/366/366 382/465/382
f 366/366/366 367/389/367 382/386/382
f 367/367/367 368/368/368 382/508/382
f 368/368/368 369/369/369 382/507/382
f 369/369/369 370/388/370 382/385/382
f 370/370/370 371/506/371 382/498/382
f 371/371/371 372/505/372 382/497/382
f 372/372/372 373/504/373 382/496/382
f 373/373/373 374/503/374 382/495/382
f 374/374/374 375/387/375 382/384/382
f 375/375/375 376/376/376 382/486/382
f 376/376/376 377/377/377 382/485/382
f 377/377/377 378/378/378 382/484/382
f 378/378/378 379/379/379 382/483/382
f 379/379/379 380/383/380 382/382/382
f 380/380/380 361/362/362 382/470/382
g default
v 0.092775 0.012864 -0.030144
v 0.078919 0.012864 -0.057338
v 0.080732 0.091483 -0.058655
v 0.094906 0.091483 -0.030837
v 0.097549 0.012864 0.000000
v 0.099790 0.091483 0.000000
v 0.057338 0.012864 -0.078919
v 0.058655 0.091483 -0.080732
v 0.082386 0.091483 -0.026769
v 0.070081 0.091483 -0.050917
v 0.092775 0.012864 0.030144
v 0.094906 0.091483 0.030837
v 0.086625 0.091483 0.000000
v 0.030144 0.012864 -0.092775
v 0.030837 0.091483 -0.094906
v 0.050917 0.091483 -0.070081
v 0.078919 0.012864 0.057338
v 0.080732 0.091483 0.058655
v 0.082386 0.091483 0.026769
v 0.000000 0.012864 -0.097549
v 0.000000 0.091483 -0.099790
v 0.026769 0.091483 -0.082386
v 0.057338 0.012864 0.078919
v 0.058655 0.091483 0.080732
v 0.070081 0.091483 0.050917
v -0.030144 0.012864 -0.092775
v -0.030837 0.091483 -0.094906
v 0.000000 0.091483 -0.086625
v 0.030144 0.012864 0.092775
v 0.030837 0.091483 0.094906
v 0.050917 0.091483 0.070081
v -0.057338 0.012864 -0.078919
v -0.058655 0.091483 -0.080732
v -0.026769 0.091483 -0.082386
v -0.000000 0.012864 0.097549
v -0.000000 0.091483 0.099790
v 0.026769 0.091483 0.082386
v -0.078919 0.012864 -0.057338
v -0.080732 0.091483 -0.058655
v -0.050917 0.091483 -0.070081
v -0.030144 0.012864 0.092775
v -0.030837 0.091483 0.094906
v -0.000000 0.091483 0.086625
v -0.092775 0.012864 -0.030144
v -0.094906 0.091483 -0.030837
v -0.070081 0.091483 -0.050917
v -0.057338 0.012864 0.078919
v -0.058655 0.091483 0.080732
v -0.026769 0.091483 0.082386
v -0.097549 0.012864 0.000000
v -0.099790 0.091483 0.000000
v -0.082386 0.091483 -0.026769
v -0.078919 0.012864 0.057338
v -0.080732 0.091483 0.058655
v -0.050917 0.091483 0.070081
v -0.092775 0.012864 0.030144
v -0.094906 0.091483 0.030837
v -0.086625 0.091483 0.000000
v -0.070081 0.091483 0.050917
v -0.082386 0.091483 0.026769
v 0.068507 0.030070 -0.049774
v 0.080535 0.030070 -0.026167
v 0.084680 0.030070 0.000000
v 0.000000 0.030070 0.000000
v 0.049774 0.030070 -0.068507
v 0.080535 0.030070 0.026167
v 0.026167 0.030070 -0.080535
v 0.068507 0.030070 0.049773
v 0.000000 0.030070 -0.084680
v 0.049773 0.030070 0.068507
v -0.026167 0.030070 -0.080535
v 0.026167 0.030070 0.080535
v -0.049774 0.030070 -0.068507
v -0.000000 0.030070 0.084680
v -0.068507 0.030070 -0.049774
v -0.026167 0.030070 0.080535
v -0.080535 0.030070 -0.026167
v -0.049773 0.030070 0.068507
v -0.084680 0.030070 0.000000
v -0.068507 0.030070 0.049773
v -0.080535 0.030070 0.026167
v 0.078919 0.074324 -0.057338
v 0.092775 0.074324 -0.030144
v 0.097549 0.074324 0.000000
v 0.092775 0.074324 0.030144
v 0.078919 0.074324 0.057338
v 0.057338 0.074324 0.078919
v 0.030144 0.074324 0.092775
v -0.000000 0.074324 0.097549
v -0.030144 0.074324 0.092775
v -0.057338 0.074324 0.078919
v -0.078919 0.074324 0.057338
v -0.092775 0.074324 0.030144
v -0.097549 0.074324 0.000000
v -0.092775 0.074324 -0.030144
v -0.078919 0.074324 -0.057338
v -0.057338 0.074324 -0.078919
v -0.030144 0.074324 -0.092775
v 0.000000 0.074324 -0.097549
v 0.030144 0.074324 -0.092775
v 0.057338 0.074324 -0.078919
v 0.078919 0.053917 -0.057338
v 0.092775 0.053917 -0.030144
v 0.097549 0.053917 0.000000
v 0.092775 0.053917 0.030144
v 0.078919 0.053917 0.057338
v 0.057338 0.053917 0.078919
v 0.030144 0.053917 0.092775
v -0.000000 0.053917 0.097549
v -0.030144 0.053917 0.092775
v -0.057338 0.053917 0.078919
v -0.078919 0.053917 0.057338
v -0.092775 0.053917 0.030144
v -0.097549 0.053917 0.000000
v -0.092775 0.053917 -0.030144
v -0.078919 0.053917 -0.057338
v -0.057338 0.053917 -0.078919
v -0.030144 0.053917 -0.092775
v 0.000000 0.053917 -0.097549
v 0.030144 0.053917 -0.092775
v 0.057338 0.053917 -0.078919
v 0.078919 0.033163 -0.057338
v 0.092775 0.033163 -0.030144
v 0.097549 0.033163 0.000000
v 0.092775 0.033163 0.030144
v 0.078919 0.033163 0.057338
v 0.057338 0.033163 0.078919
v 0.030144 0.033163 0.092775
v -0.000000 0.033163 0.097549
v -0.030144 0.033163 0.092775
v -0.057338 0.033163 0.078919
v -0.078919 0.033163 0.057338
v -0.092775 0.033163 0.030144
v -0.097549 0.033163 0.000000
v -0.092775 0.033163 -0.030144
v -0.078919 0.033163 -0.057338
v -0.057338 0.033163 -0.078919
v -0.030144 0.033163 -0.092775
v 0.000000 0.033163 -0.097549
v 0.030144 0.033163 -0.092775
v 0.057338 0.033163 -0.078919
v 0.083267 0.032542 -0.060497
v 0.097886 0.032542 -0.031805
v 0.083267 0.054439 -0.060497
v 0.097886 0.054439 -0.031805
v 0.102924 0.032542 0.000000
v 0.102924 0.054439 0.000000
v 0.097886 0.032542 0.031805
v 0.097886 0.054439 0.031805
v 0.083267 0.032542 0.060497
v 0.083267 0.054439 0.060497
v 0.060497 0.032542 0.083267
v 0.060497 0.054439 0.083267
v 0.031805 0.032542 0.097886
v 0.031805 0.054439 0.097886
v -0.000000 0.032542 0.102924
v -0.000000 0.054439 0.102924
v -0.031805 0.032542 0.097886
v -0.031805 0.054439 0.097886
v -0.060497 0.032542 0.083267
v -0.060497 0.054439 0.083267
v -0.083267 0.032542 0.060497
v -0.083267 0.054439 0.060497
v -0.097886 0.032542 0.031805
v -0.097886 0.054439 0.031805
v -0.102924 0.032542 0.000000
v -0.102924 0.054439 0.000000
v -0.097886 0.032542 -0.031805
v -0.097886 0.054439 -0.031805
v -0.083267 0.032542 -0.060497
v -0.083267 0.054439 -0.060497
v -0.060497 0.032542 -0.083267
v -0.060497 0.054439 -0.083267
v -0.031805 0.032542 -0.097886
v -0.031805 0.054439 -0.097886
v 0.000000 0.032542 -0.102924
v 0.000000 0.054439 -0.102924
v 0.031805 0.032542 -0.097886
v 0.031805 0.054439 -0.097886
v 0.060497 0.032542 -0.083267
v 0.060497 0.054439 -0.083267
v 0.084301 0.074617 -0.061248
v 0.099102 0.074617 -0.032200
v 0.084301 0.091848 -0.061248
v 0.099102 0.091848 -0.032200
v 0.104202 0.074617 0.000000
v 0.104202 0.091848 0.000000
v 0.099102 0.074617 0.032200
v 0.099102 0.091848 0.032200
v 0.084301 0.074617 0.061248
v 0.084301 0.091848 0.061248
v 0.061248 0.074617 0.084301
v 0.061248 0.091848 0.084301
v 0.032200 0.074617 0.099102
v 0.032200 0.091848 0.099102
v -0.000000 0.074617 0.104202
v -0.000000 0.091848 0.104202
v -0.032200 0.074617 0.099102
v -0.032200 0.091848 0.099102
v -0.061248 0.074617 0.084301
v -0.061248 0.091848 0.084301
v -0.084301 0.074617 0.061248
v -0.084301 0.091848 0.061248
v -0.099102 0.074617 0.032200
v -0.099102 0.091848 0.032200
v -0.104202 0.074617 0.000000
v -0.104202 0.091848 0.000000
v -0.099102 0.074617 -0.032200
v -0.099102 0.091848 -0.032200
v -0.084301 0.074617 -0.061248
v -0.084301 0.091848 -0.061248
v -0.061248 0.074617 -0.084301
v -0.061248 0.091848 -0.084301
v -0.032200 0.074617 -0.099102
v -0.032200 0.091848 -0.099102
v 0.000000 0.074617 -0.104202
v 0.000000 0.091848 -0.104202
v 0.032200 0.074617 -0.099102
v 0.032200 0.091848 -0.099102
v 0.061248 0.074617 -0.084301
v 0.061248 0.091848 -0.084301
v 0.080147 0.053758 -0.058230
v 0.094218 0.053758 -0.030613
v 0.080147 0.074483 -0.058230
v 0.094218 0.074483 -0.030613
v 0.099067 0.053758 0.000000
v 0.099067 0.074483 0.000000
v 0.094218 0.053758 0.030613
v 0.094218 0.074483 0.030613
v 0.080147 0.053758 0.058230
v 0.080147 0.074483 0.058230
v 0.058230 0.053758 0.080147
v 0.058230 0.074483 0.080147
v 0.030613 0.053758 0.094218
v 0.030613 0.074483 0.094218
v -0.000000 0.053758 0.099067
v -0.000000 0.074483 0.099067
v -0.030613 0.053758 0.094218
v -0.030613 0.074483 0.094218
v -0.058230 0.053758 0.080147
v -0.058230 0.074483 0.080147
v -0.080147 0.053758 0.058230
v -0.080147 0.074483 0.058230
v -0.094218 0.053758 0.030613
v -0.094218 0.074483 0.030613
v -0.099067 0.053758 0.000000
v -0.099067 0.074483 0.000000
v -0.094218 0.053758 -0.030613
v -0.094218 0.074483 -0.030613
v -0.080147 0.053758 -0.058230
v -0.080147 0.074483 -0.058230
v -0.058230 0.053758 -0.080147
v -0.058230 0.074483 -0.080147
v -0.030613 0.053758 -0.094218
v -0.030613 0.074483 -0.094218
v 0.000000 0.053758 -0.099067
v 0.000000 0.074483 -0.099067
v 0.030613 0.053758 -0.094218
v 0.030613 0.074483 -0.094218
v 0.058230 0.053758 -0.080147
v 0.058230 0.074483 -0.080147
v 0.094033 0.012726 -0.030553
v 0.079989 0.012726 -0.058115
v 0.079989 0.033301 -0.058115
v 0.094033 0.033301 -0.030553
v 0.098872 0.033301 0.000000
v 0.098872 0.012726 0.000000
v 0.058115 0.012726 -0.079989
v 0.058115 0.033301 -0.079989
v 0.094033 0.033301 0.030553
v 0.094033 0.012726 0.030553
v 0.030553 0.012726 -0.094033
v 0.030553 0.033301 -0.094033
v 0.079989 0.033301 0.058115
v 0.079989 0.012726 0.058115
v 0.000000 0.012726 -0.098872
v 0.000000 0.033301 -0.098872
v 0.058115 0.033301 0.079989
v 0.058115 0.012726 0.079989
v -0.030553 0.012726 -0.094033
v -0.030553 0.033301 -0.094033
v 0.030553 0.033301 0.094033
v 0.030553 0.012726 0.094033
v -0.058115 0.012726 -0.079989
v -0.058115 0.033301 -0.079989
v -0.000000 0.033301 0.098872
v -0.000000 0.012726 0.098872
v -0.079989 0.012726 -0.058115
v -0.079989 0.033301 -0.058115
v -0.030553 0.033301 0.094033
v -0.030553 0.012726 0.094033
v -0.094033 0.012726 -0.030553
v -0.094033 0.033301 -0.030553
v -0.058115 0.033301 0.079989
v -0.058115 0.012726 0.079989
v -0.098872 0.012726 0.000000
v -0.098872 0.033301 0.000000
v -0.079989 0.033301 0.058115
v -0.079989 0.012726 0.058115
v -0.094033 0.012726 0.030553
v -0.094033 0.033301 0.030553
v 0.092775 0.000829 -0.030144
v 0.000000 0.000829 0.000000
v 0.078919 0.000829 -0.057338
v 0.097549 0.000829 0.000000
v 0.057338 0.000829 -0.078919
v 0.092775 0.000829 0.030144
v 0.030144 0.000829 -0.092775
v 0.078919 0.000829 0.057338
v 0.000000 0.000829 -0.097549
v 0.057338 0.000829 0.078919
v -0.030144 0.000829 -0.092775
v 0.030144 0.000829 0.092775
v -0.057338 0.000829 -0.078919
v -0.000000 0.000829 0.097549
v -0.078919 0.000829 -0.057338
v -0.030144 0.000829 0.092775
v -0.092775 0.000829 -0.030144
v -0.057338 0.000829 0.078919
v -0.097549 0.000829 0.000000
v -0.078919 0.000829 0.057338
v -0.092775 0.000829 0.030144
v 0.098579 0.012348 -0.032030
v 0.083856 0.012348 -0.060925
v 0.098579 -0.000440 -0.032030
v 0.083856 -0.000440 -0.060925
v 0.103652 0.012348 0.000000
v 0.103652 -0.000440 0.000000
v 0.060925 0.012348 -0.083856
v 0.060925 -0.000440 -0.083856
v 0.098579 0.012348 0.032030
v 0.098579 -0.000440 0.032030
v 0.032030 0.012348 -0.098579
v 0.032030 -0.000440 -0.098579
v 0.083856 0.012348 0.060925
v 0.083856 -0.000440 0.060925
v 0.000000 0.012348 -0.103652
v 0.000000 -0.000440 -0.103652
v 0.060925 0.012348 0.083856
v 0.060925 -0.000440 0.083856
v -0.032030 0.012348 -0.098579
v -0.032030 -0.000440 -0.098579
v 0.032030 0.012348 0.098579
v 0.032030 -0.000440 0.098579
v -0.060925 0.012348 -0.083856
v -0.060925 -0.000440 -0.083856
v -0.000000 0.012348 0.103652
v -0.000000 -0.000440 0.103652
v -0.083856 0.012348 -0.060925
v -0.083856 -0.000440 -0.060925
v -0.032030 0.012348 0.098579
v -0.032030 -0.000440 0.098579
v -0.098579 0.012348 -0.032030
v -0.098579 -0.000440 -0.032030
v -0.060925 0.012348 0.083856
v -0.060925 -0.000440 0.083856
v -0.103652 0.012348 0.000000
v -0.103652 -0.000440 0.000000
v -0.083856 0.012348 0.060925
v -0.083856 -0.000440 0.060925
v -0.098579 0.012348 0.032030
v -0.098579 -0.000440 0.032030
vt 0.248284 0.355108
vt 0.248407 0.315997
vt 0.276759 0.316086
vt 0.276636 0.355197
vt 0.276508 0.395932
vt 0.248156 0.395844
vt 0.248525 0.278320
vt 0.276877 0.278409
vt 0.163368 0.258352
vt 0.563805 0.312850
vt 0.564111 0.285871
vt 0.163260 0.300882
vt 0.276374 0.438708
vt 0.248022 0.438618
vt 0.564429 0.257866
vt 0.163149 0.344916
vt 0.248640 0.241515
vt 0.276993 0.241604
vt 0.163471 0.217435
vt 0.563508 0.339010
vt 0.276234 0.483453
vt 0.247881 0.483364
vt 0.564761 0.228700
vt 0.163033 0.390782
vt 0.248755 0.205173
vt 0.277107 0.205261
vt 0.163572 0.177617
vt 0.563217 0.364600
vt 0.276087 0.530167
vt 0.247735 0.530079
vt 0.565105 0.198336
vt 0.162911 0.439206
vt 0.248868 0.168915
vt 0.277221 0.169004
vt 0.163671 0.138512
vt 0.562930 0.389898
vt 0.275936 0.578320
vt 0.247584 0.578232
vt 0.565463 0.166863
vt 0.162785 0.489215
vt 0.248984 0.132107
vt 0.277336 0.132196
vt 0.163770 0.099277
vt 0.562642 0.415190
vt 0.275782 0.627288
vt 0.247430 0.627199
vt 0.565830 0.134533
vt 0.162656 0.540220
vt 0.249102 0.094326
vt 0.277455 0.094415
vt 0.163871 0.059088
vt 0.562352 0.440766
vt 0.275629 0.676318
vt 0.247276 0.676229
vt 0.566203 0.101730
vt 0.162523 0.592792
vt 0.249225 0.055303
vt 0.277577 0.055392
vt 0.163970 0.020027
vt 0.562055 0.466904
vt 0.275477 0.724469
vt 0.247125 0.724380
vt 0.560029 0.645254
vt 0.162389 0.645700
vt 0.246704 0.858439
vt 0.275057 0.858528
vt 0.161754 0.897191
vt 0.561749 0.493864
vt 0.275331 0.771101
vt 0.246979 0.771012
vt 0.560396 0.612916
vt 0.162259 0.697149
vt 0.246838 0.815823
vt 0.275190 0.815912
vt 0.161860 0.855339
vt 0.561431 0.521861
vt 0.560754 0.581426
vt 0.162135 0.746436
vt 0.161995 0.801546
vt 0.561099 0.551036
vt 0.836685 0.448196
vt 0.806286 0.423402
vt 0.768641 0.408808
vt 0.857881 0.480423
vt 0.726806 0.406618
vt 0.868835 0.517086
vt 0.684877 0.417969
vt 0.869238 0.555223
vt 0.647710 0.442542
vt 0.859222 0.591963
vt 0.620274 0.478202
vt 0.839345 0.624487
vt 0.606587 0.521027
vt 0.810631 0.650066
vt 0.608669 0.565835
vt 0.774829 0.666090
vt 0.625971 0.607168
vt 0.734576 0.670467
vt 0.655650 0.640261
vt 0.693401 0.661870
vt 0.295087 0.325485
vt 0.757050 0.241917
vt 0.295197 0.290462
vt 0.294972 0.362184
vt 0.295303 0.256619
vt 0.294852 0.400445
vt 0.295407 0.223492
vt 0.294726 0.440672
vt 0.295509 0.191051
vt 0.294594 0.482542
vt 0.295611 0.158561
vt 0.294459 0.525701
vt 0.295715 0.125386
vt 0.294321 0.569723
vt 0.295821 0.091466
vt 0.294182 0.613718
vt 0.295931 0.056663
vt 0.294047 0.656811
vt 0.293671 0.776562
vt 0.293916 0.698618
vt 0.293790 0.738878
vt 0.744806 0.538885
vt 0.133361 0.300806
vt 0.133468 0.258277
vt 0.158504 0.258340
vt 0.158396 0.300870
vt 0.133250 0.344841
vt 0.158285 0.344904
vt 0.133134 0.390707
vt 0.158169 0.390770
vt 0.133012 0.439130
vt 0.158047 0.439194
vt 0.132885 0.489140
vt 0.157920 0.489203
vt 0.132756 0.540145
vt 0.157791 0.540208
vt 0.132623 0.592716
vt 0.157659 0.592779
vt 0.132490 0.645624
vt 0.157525 0.645688
vt 0.132360 0.697073
vt 0.157395 0.697136
vt 0.132235 0.746360
vt 0.157270 0.746423
vt 0.132096 0.801471
vt 0.157131 0.801534
vt 0.131960 0.855263
vt 0.156995 0.855326
vt 0.131854 0.897115
vt 0.156890 0.897178
vt 0.134092 0.011522
vt 0.159127 0.011585
vt 0.133972 0.059013
vt 0.159007 0.059076
vt 0.133870 0.099202
vt 0.158905 0.099265
vt 0.133771 0.138437
vt 0.158806 0.138500
vt 0.133672 0.177541
vt 0.158708 0.177604
vt 0.133572 0.217359
vt 0.158607 0.217422
vt 0.195653 0.669781
vt 0.396790 0.449588
vt 0.228322 0.625097
vt 0.119876 0.300772
vt 0.195506 0.716625
vt 0.119765 0.344807
vt 0.195352 0.765861
vt 0.119649 0.390673
vt 0.195190 0.817487
vt 0.119527 0.439096
vt 0.195021 0.871253
vt 0.119400 0.489106
vt 0.194847 0.926704
vt 0.119272 0.540111
vt 0.197715 0.012711
vt 0.119139 0.592682
vt 0.197538 0.069183
vt 0.119005 0.645591
vt 0.197364 0.124722
vt 0.118875 0.697039
vt 0.197195 0.178489
vt 0.118751 0.746326
vt 0.197034 0.229917
vt 0.118611 0.801436
vt 0.196880 0.278917
vt 0.118475 0.855229
vt 0.196733 0.325792
vt 0.118370 0.897081
vt 0.196592 0.370735
vt 0.120607 0.011488
vt 0.196456 0.414025
vt 0.120487 0.058979
vt 0.196323 0.456355
vt 0.120386 0.099168
vt 0.196196 0.496594
vt 0.120286 0.138402
vt 0.196061 0.539658
vt 0.120188 0.177507
vt 0.195929 0.581782
vt 0.120087 0.217325
vt 0.392321 0.393410
vt 0.426634 0.390090
vt 0.435536 0.445386
vt 0.403219 0.508714
vt 0.442821 0.505237
vt 0.408919 0.565621
vt 0.446032 0.564360
vt 0.411533 0.616087
vt 0.443621 0.618102
vt 0.409808 0.657096
vt 0.435036 0.662415
vt 0.404504 0.687169
vt 0.423128 0.692084
vt 0.399157 0.711484
vt 0.415396 0.714416
vt 0.391952 0.735468
vt 0.409995 0.742074
vt 0.375947 0.760239
vt 0.396176 0.774551
vt 0.349784 0.787310
vt 0.371223 0.807758
vt 0.316727 0.817525
vt 0.477181 0.020409
vt 0.499079 0.048963
vt 0.448664 0.058325
vt 0.470069 0.087157
vt 0.408221 0.132347
vt 0.442400 0.140158
vt 0.397103 0.185499
vt 0.429992 0.192375
vt 0.392841 0.232624
vt 0.419722 0.236276
vt 0.394371 0.268357
vt 0.413551 0.267322
vt 0.397594 0.292750
vt 0.413271 0.290652
vt 0.395970 0.313986
vt 0.278455 0.355202
vt 0.278578 0.316092
vt 0.414970 0.313857
vt 0.392074 0.346036
vt 0.278327 0.395938
vt 0.418740 0.344942
vt 0.278193 0.438713
vt 0.386963 0.450465
vt 0.278053 0.483459
vt 0.383474 0.393728
vt 0.277906 0.530173
vt 0.435164 0.388659
vt 0.277755 0.578326
vt 0.445330 0.444068
vt 0.277601 0.627294
vt 0.393339 0.509721
vt 0.277447 0.676324
vt 0.452964 0.504415
vt 0.277296 0.724475
vt 0.399798 0.566320
vt 0.277150 0.771106
vt 0.455642 0.564364
vt 0.277009 0.815918
vt 0.403738 0.616139
vt 0.279523 0.014879
vt 0.452012 0.619161
vt 0.279396 0.055398
vt 0.403698 0.656408
vt 0.279274 0.094420
vt 0.441542 0.664603
vt 0.279155 0.132202
vt 0.399838 0.686271
vt 0.279039 0.169010
vt 0.427538 0.693744
vt 0.278917 0.207934
vt 0.395195 0.710765
vt 0.278812 0.241609
vt 0.419320 0.714835
vt 0.278696 0.278415
vt 0.387946 0.733766
vt 0.122193 0.300778
vt 0.122301 0.258249
vt 0.122082 0.344812
vt 0.121966 0.390678
vt 0.121844 0.439102
vt 0.121718 0.489111
vt 0.121589 0.540117
vt 0.121456 0.592688
vt 0.121322 0.645596
vt 0.121192 0.697045
vt 0.121068 0.746332
vt 0.120928 0.801442
vt 0.120793 0.855235
vt 0.120687 0.897087
vt 0.122924 0.011494
vt 0.122804 0.058985
vt 0.122703 0.099173
vt 0.122604 0.138408
vt 0.122505 0.177513
vt 0.122404 0.217331
vt 0.324987 0.325578
vt 0.325096 0.290556
vt 0.324871 0.362278
vt 0.325203 0.256713
vt 0.324751 0.400540
vt 0.325307 0.223586
vt 0.324625 0.440766
vt 0.325409 0.191145
vt 0.324494 0.482635
vt 0.325510 0.158654
vt 0.324358 0.525795
vt 0.325615 0.125480
vt 0.324220 0.569817
vt 0.325721 0.091561
vt 0.324082 0.613811
vt 0.325830 0.056756
vt 0.323947 0.656905
vt 0.325948 0.019092
vt 0.323816 0.698712
vt 0.323689 0.738972
vt 0.317780 0.290534
vt 0.317670 0.325556
vt 0.302597 0.325508
vt 0.302707 0.290486
vt 0.317555 0.362255
vt 0.302482 0.362208
vt 0.317886 0.256690
vt 0.302813 0.256643
vt 0.317435 0.400516
vt 0.302362 0.400469
vt 0.317990 0.223563
vt 0.302917 0.223516
vt 0.317308 0.440743
vt 0.302236 0.440695
vt 0.318092 0.191122
vt 0.303019 0.191075
vt 0.317177 0.482612
vt 0.302104 0.482565
vt 0.318194 0.158631
vt 0.303121 0.158584
vt 0.317041 0.525772
vt 0.301969 0.525725
vt 0.318298 0.125457
vt 0.303225 0.125410
vt 0.316903 0.569794
vt 0.301831 0.569747
vt 0.318404 0.091537
vt 0.303332 0.091490
vt 0.316765 0.613789
vt 0.301693 0.613741
vt 0.318513 0.056734
vt 0.303441 0.056686
vt 0.316630 0.656882
vt 0.301558 0.656835
vt 0.316254 0.776633
vt 0.301182 0.776586
vt 0.316499 0.698689
vt 0.301426 0.698642
vt 0.316372 0.738949
vt 0.301300 0.738901
vt 0.228457 0.581884
vt 0.119984 0.258243
vt 0.228589 0.539760
vt 0.228725 0.496696
vt 0.228851 0.456457
vt 0.228984 0.414127
vt 0.229120 0.370837
vt 0.229261 0.325894
vt 0.229408 0.279019
vt 0.229562 0.230019
vt 0.229723 0.178591
vt 0.229892 0.124825
vt 0.230066 0.069285
vt 0.227198 0.983219
vt 0.227375 0.926806
vt 0.227549 0.871355
vt 0.227718 0.817589
vt 0.227880 0.765963
vt 0.228034 0.716727
vt 0.228181 0.669883
vt 0.415004 0.743440
vt 0.371478 0.756512
vt 0.401893 0.778088
vt 0.344822 0.781997
vt 0.376999 0.812884
vt 0.463245 0.017770
vt 0.345706 0.845613
vt 0.436834 0.053320
vt 0.479881 0.091904
vt 0.398777 0.130142
vt 0.451160 0.144302
vt 0.388516 0.184050
vt 0.438116 0.194560
vt 0.385760 0.232382
vt 0.426201 0.237947
vt 0.389469 0.269284
vt 0.418001 0.267516
vt 0.393952 0.293463
vt 0.177386 0.746474
vt 0.177247 0.801585
vt 0.177111 0.855377
vt 0.177511 0.697187
vt 0.177005 0.897229
vt 0.177641 0.645739
vt 0.176956 0.916766
vt 0.177774 0.592830
vt 0.179123 0.059127
vt 0.177907 0.540259
vt 0.179021 0.099316
vt 0.178036 0.489254
vt 0.178922 0.138551
vt 0.178162 0.439244
vt 0.178823 0.177655
vt 0.178285 0.390821
vt 0.178723 0.217473
vt 0.178401 0.344955
vt 0.178619 0.258391
vt 0.178512 0.300920
vt 0.493829 0.580666
vt 0.494175 0.550276
vt 0.494506 0.521101
vt 0.493472 0.612156
vt 0.494824 0.493104
vt 0.493105 0.644494
vt 0.495130 0.466144
vt 0.499278 0.100970
vt 0.495427 0.440005
vt 0.498906 0.133773
vt 0.495718 0.414430
vt 0.498539 0.166103
vt 0.496005 0.389138
vt 0.498181 0.197576
vt 0.496293 0.363840
vt 0.497836 0.227939
vt 0.496583 0.338249
vt 0.497505 0.257106
vt 0.496880 0.312089
vt 0.497187 0.285110
vt 0.492732 0.677300
vt 0.559656 0.678060
vt 0.726684 0.112757
vt 0.686766 0.126555
vt 0.768087 0.112716
vt 0.653118 0.153771
vt 0.806622 0.124896
vt 0.630132 0.192067
vt 0.838910 0.147015
vt 0.620934 0.236899
vt 0.862726 0.176409
vt 0.626807 0.282301
vt 0.876821 0.210448
vt 0.646913 0.322168
vt 0.880672 0.246471
vt 0.678468 0.351805
vt 0.874180 0.282120
vt 0.717261 0.368486
vt 0.857620 0.315016
vt 0.758550 0.371584
vt 0.831704 0.342594
vt 0.797877 0.362266
vt 0.417076 0.290134
vt 0.195794 0.624995
vt 0.391343 0.313383
vt 0.419605 0.313362
vt 0.385151 0.345406
vt 0.425170 0.343844
vt 0.437620 0.388106
vt 0.448189 0.443623
vt 0.455951 0.504184
vt 0.458496 0.564434
vt 0.454521 0.619588
vt 0.443465 0.665453
vt 0.428731 0.694331
vt 0.420397 0.714854
vt 0.416564 0.743752
vt 0.403697 0.779104
vt 0.378748 0.814390
vt 0.347109 0.847490
vt 0.482441 0.093121
vt 0.453615 0.145378
vt 0.230243 0.012813
vt 0.194670 0.983117
vt 0.245010 0.815818
vt 0.245151 0.771006
vt 0.247524 0.014778
vt 0.245297 0.724374
vt 0.247397 0.055298
vt 0.245449 0.676223
vt 0.247275 0.094320
vt 0.245602 0.627194
vt 0.247156 0.132101
vt 0.245756 0.578226
vt 0.247041 0.168909
vt 0.245907 0.530073
vt 0.246927 0.205167
vt 0.246054 0.483358
vt 0.246813 0.241509
vt 0.246194 0.438613
vt 0.246697 0.278314
vt 0.246328 0.395838
vt 0.246579 0.315992
vt 0.246456 0.355102
vt 0.249352 0.014784
vt 0.277704 0.014873
vt 0.276876 0.858534
vt 0.244877 0.858434
vt 0.440439 0.195281
vt 0.318632 0.019069
vt 0.303559 0.019022
vt 0.296026 0.026130
vt 0.323571 0.776656
vt 0.428017 0.238614
vt 0.419187 0.267664
vt 0.418127 0.289979
vt 0.420902 0.313123
vt 0.426966 0.343336
vt 0.312337 0.810662
vt 0.510081 0.056475
vt 0.507444 0.055390
vt 0.339112 0.840829
vt 0.838910 0.147015
vt 0.118253 0.943306
vt 0.120570 0.943312
vt 0.131738 0.943340
vt 0.156773 0.943404
vt 0.161672 0.929654
vt 0.179198 0.029270
vn 0.951057 -0.000000 -0.309016
vn 0.809017 0.000000 -0.587785
vn 0.809017 0.000000 -0.587785
vn 0.951057 -0.000000 -0.309016
vn 1.000000 -0.000001 0.000001
vn 1.000000 -0.000001 0.000001
vn 0.587785 0.000000 -0.809017
vn 0.587785 0.000000 -0.809017
vn 0.000001 1.000000 -0.000001
vn 0.000000 1.000000 0.000000
vn 0.000000 1.000000 0.000000
vn 0.000001 1.000000 -0.000000
vn 0.951056 -0.000000 0.309017
vn 0.951056 -0.000000 0.309017
vn 0.000000 1.000000 0.000000
vn 0.000001 1.000000 0.000000
vn 0.309017 0.000000 -0.951056
vn 0.309017 0.000000 -0.951056
vn 0.000001 1.000000 -0.000001
vn 0.000000 1.000000 0.000000
vn 0.809017 0.000000 0.587785
vn 0.809017 0.000000 0.587785
vn 0.000000 1.000000 0.000000
vn 0.000001 1.000000 0.000001
vn -0.000000 0.000000 -1.000000
vn -0.000000 0.000000 -1.000000
vn 0.000000 1.000000 -0.000001
vn 0.000000 1.000000 0.000000
vn 0.587785 0.000000 0.809017
vn 0.587785 0.000000 0.809017
vn 0.000000 1.000000 0.000000
vn 0.000001 1.000000 0.000001
vn -0.309017 -0.000000 -0.951056
vn -0.309017 -0.000000 -0.951056
vn -0.000000 1.000000 -0.000001
vn 0.000000 1.000000 0.000000
vn 0.309017 0.000000 0.951056
vn 0.309017 0.000000 0.951056
vn 0.000000 1.000000 0.000000
vn 0.000001 1.000000 0.000001
vn -0.587785 -0.000000 -0.809017
vn -0.587785 -0.000000 -0.809017
vn -0.000000 1.000000 -0.000001
vn 0.000000 1.000000 0.000000
vn 0.000000 0.000000 1.000000
vn 0.000000 0.000000 1.000000
vn 0.000000 1.000000 0.000000
vn 0.000000 1.000000 0.000001
vn -0.809017 -0.000001 -0.587785
vn -0.809017 -0.000001 -0.587785
vn -0.000001 1.000000 -0.000001
vn 0.000000 1.000000 0.000000
vn -0.309017 -0.000000 0.951057
vn -0.309017 -0.000000 0.951057
vn 0.000000 1.000000 0.000000
vn 0.000000 1.000000 0.000001
vn -0.951057 -0.000000 -0.309017
vn -0.951057 -0.000000 -0.309017
vn -0.000001 1.000000 -0.000001
vn 0.000000 1.000000 0.000000
vn -0.587785 -0.000000 0.809017
vn -0.587785 -0.000000 0.809017
vn 0.000000 1.000000 0.000000
vn -0.000000 1.000000 0.000001
vn -1.000000 -0.000000 0.000000
vn -1.000000 -0.000000 0.000000
vn -0.000001 1.000000 -0.000000
vn 0.000000 1.000000 0.000000
vn -0.809017 -0.000000 0.587785
vn -0.809017 -0.000000 0.587785
vn 0.000000 1.000000 0.000000
vn -0.000001 1.000000 0.000001
vn -0.951056 0.000000 0.309017
vn -0.951056 0.000000 0.309017
vn -0.000001 1.000000 0.000000
vn 0.000000 1.000000 0.000000
vn 0.000000 1.000000 0.000000
vn -0.000001 1.000000 0.000001
vn -0.000001 1.000000 0.000000
vn 0.000000 1.000000 0.000000
vn -0.951057 0.000000 0.309016
vn -0.809017 0.000000 0.587785
vn -0.808611 0.031666 0.587491
vn -0.950580 0.031666 0.308861
vn -0.999498 0.031666 -0.000001
vn -1.000000 0.000000 -0.000001
vn -0.587785 0.000000 0.809017
vn -0.587490 0.031666 0.808611
vn -0.950580 0.031666 -0.308862
vn -0.951057 0.000000 -0.309017
vn -0.309017 0.000000 0.951057
vn -0.308862 0.031666 0.950580
vn -0.808611 0.031666 -0.587490
vn -0.809017 0.000000 -0.587785
vn 0.000000 0.000000 1.000000
vn 0.000000 0.031666 0.999498
vn -0.587491 0.031666 -0.808611
vn -0.587785 0.000000 -0.809017
vn 0.309017 0.000000 0.951056
vn 0.308862 0.031666 0.950580
vn -0.308862 0.031666 -0.950580
vn -0.309017 0.000000 -0.951056
vn 0.587785 0.000000 0.809017
vn 0.587491 0.031666 0.808611
vn -0.000000 0.031666 -0.999498
vn -0.000000 0.000000 -1.000000
vn 0.809017 0.000000 0.587785
vn 0.808611 0.031666 0.587490
vn 0.308862 0.031666 -0.950580
vn 0.309017 0.000000 -0.951057
vn 0.951057 0.000000 0.309017
vn 0.950580 0.031666 0.308862
vn 0.587490 0.031666 -0.808611
vn 0.587785 0.000000 -0.809017
vn 1.000000 0.000000 0.000000
vn 0.999498 0.031666 -0.000000
vn 0.808611 0.031666 -0.587491
vn 0.809017 0.000000 -0.587785
vn 0.951056 0.000000 -0.309017
vn 0.950580 0.031666 -0.308862
vn 0.000000 -1.000000 -0.000000
vn 0.000000 -1.000000 -0.000000
vn 0.000000 -1.000000 -0.000000
vn 0.000000 -1.000000 -0.000000
vn 0.000000 -1.000000 0.000000
vn 0.000000 -1.000000 0.000000
vn 0.000000 -1.000000 0.000000
vn 0.000000 -1.000000 0.000000
vn 0.000000 -1.000000 0.000000
vn 0.000000 -1.000000 0.000000
vn 0.000000 -1.000000 0.000000
vn 0.000000 -1.000000 0.000000
vn 0.000000 -1.000000 0.000000
vn 0.000000 -1.000000 0.000000
vn 0.000000 -1.000000 -0.000000
vn 0.000000 -1.000000 0.000000
vn 0.000000 -1.000000 -0.000000
vn 0.000000 -1.000000 0.000000
vn 0.000000 -1.000000 0.000000
vn 0.000000 -1.000000 0.000000
vn 0.000000 -1.000000 0.000000
vn -0.000000 1.000000 0.000000
vn -0.000000 1.000000 -0.000000
vn -0.000000 1.000000 0.000000
vn -0.000000 1.000000 0.000000
vn -0.000000 1.000000 0.000000
vn -0.000000 1.000000 -0.000000
vn -0.000000 1.000000 0.000000
vn -0.000000 1.000000 -0.000000
vn 0.000000 1.000000 0.000000
vn -0.000000 1.000000 -0.000000
vn 0.000000 1.000000 0.000000
vn -0.000000 1.000000 -0.000000
vn 0.000000 1.000000 0.000000
vn -0.000000 1.000000 -0.000000
vn 0.000000 1.000000 0.000000
vn 0.000000 1.000000 -0.000000
vn 0.000000 1.000000 0.000000
vn 0.000000 1.000000 -0.000000
vn 0.000000 1.000000 0.000000
vn 0.000000 1.000000 -0.000000
vn 0.000000 1.000000 0.000000
vn 0.951057 0.000001 -0.309016
vn 0.809017 0.000000 -0.587785
vn 0.809017 0.000000 -0.587785
vn 0.951057 0.000001 -0.309016
vn 1.000000 0.000000 0.000001
vn 1.000000 0.000000 0.000001
vn 0.951056 0.000000 0.309017
vn 0.951056 0.000000 0.309017
vn 0.809017 0.000000 0.587785
vn 0.809017 0.000000 0.587785
vn 0.587785 0.000000 0.809017
vn 0.587785 0.000000 0.809017
vn 0.309017 0.000000 0.951056
vn 0.309017 0.000000 0.951056
vn 0.000000 0.000000 1.000000
vn 0.000000 0.000000 1.000000
vn -0.309017 0.000000 0.951057
vn -0.309017 0.000000 0.951057
vn -0.587785 0.000000 0.809017
vn -0.587785 0.000000 0.809017
vn -0.809017 0.000000 0.587785
vn -0.809017 0.000000 0.587785
vn -0.951056 -0.000000 0.309017
vn -0.951057 -0.000000 0.309017
vn -1.000000 -0.000000 -0.000000
vn -1.000000 -0.000000 -0.000000
vn -0.951057 -0.000000 -0.309017
vn -0.951057 -0.000000 -0.309017
vn -0.809017 0.000000 -0.587785
vn -0.809017 0.000000 -0.587785
vn -0.587785 0.000000 -0.809017
vn -0.587785 0.000000 -0.809017
vn -0.309017 0.000000 -0.951057
vn -0.309017 0.000000 -0.951057
vn 0.000000 -0.000000 -1.000000
vn 0.000000 -0.000000 -1.000000
vn 0.309017 -0.000000 -0.951057
vn 0.309017 -0.000000 -0.951057
vn 0.587785 -0.000000 -0.809017
vn 0.587785 -0.000000 -0.809017
vn 0.951057 0.000000 -0.309016
vn 0.809017 0.000000 -0.587785
vn 0.809017 0.000000 -0.587785
vn 0.951057 0.000000 -0.309016
vn 1.000000 0.000000 0.000001
vn 1.000000 0.000000 0.000001
vn 0.951057 0.000000 0.309017
vn 0.951057 0.000000 0.309017
vn 0.809017 0.000000 0.587785
vn 0.809017 0.000000 0.587785
vn 0.587785 0.000000 0.809017
vn 0.587785 0.000000 0.809017
vn 0.309017 0.000000 0.951057
vn 0.309017 0.000000 0.951057
vn 0.000000 0.000000 1.000000
vn 0.000000 0.000000 1.000000
vn -0.309017 0.000000 0.951057
vn -0.309017 0.000000 0.951057
vn -0.587785 0.000000 0.809017
vn -0.587785 0.000000 0.809017
vn -0.809017 -0.000000 0.587785
vn -0.809017 -0.000000 0.587785
vn -0.951057 -0.000000 0.309017
vn -0.951057 -0.000000 0.309017
vn -1.000000 0.000000 0.000000
vn -1.000000 0.000000 0.000000
vn -0.951057 0.000000 -0.309017
vn -0.951057 0.000000 -0.309017
vn -0.809017 0.000000 -0.587785
vn -0.809017 0.000000 -0.587785
vn -0.587786 0.000000 -0.809017
vn -0.587786 0.000000 -0.809017
vn -0.309017 0.000000 -0.951057
vn -0.309017 0.000000 -0.951057
vn 0.000000 0.000000 -1.000000
vn 0.000000 0.000000 -1.000000
vn 0.309017 -0.000000 -0.951057
vn 0.309017 -0.000000 -0.951057
vn 0.587785 -0.000000 -0.809017
vn 0.587785 -0.000000 -0.809017
vn 0.951057 0.000000 -0.309016
vn 0.809017 0.000000 -0.587785
vn 0.809017 0.000000 -0.587785
vn 0.951057 0.000000 -0.309016
vn 1.000000 0.000000 0.000001
vn 1.000000 0.000000 0.000001
vn 0.951056 0.000000 0.309017
vn 0.951056 0.000000 0.309017
vn 0.809017 -0.000000 0.587785
vn 0.809017 -0.000000 0.587785
vn 0.587785 -0.000000 0.809017
vn 0.587785 -0.000000 0.809017
vn 0.309017 0.000000 0.951056
vn 0.309017 0.000000 0.951056
vn 0.000000 0.000000 1.000000
vn 0.000000 0.000000 1.000000
vn -0.309017 0.000000 0.951057
vn -0.309017 0.000000 0.951057
vn -0.587785 -0.000000 0.809017
vn -0.587785 -0.000000 0.809017
vn -0.809017 0.000000 0.587785
vn -0.809017 0.000000 0.587785
vn -0.951057 0.000000 0.309017
vn -0.951057 0.000000 0.309017
vn -1.000000 -0.000000 0.000000
vn -1.000000 -0.000000 0.000000
vn -0.951057 0.000000 -0.309017
vn -0.951057 0.000000 -0.309017
vn -0.809017 0.000000 -0.587785
vn -0.809017 0.000000 -0.587785
vn -0.587785 0.000000 -0.809017
vn -0.587785 0.000000 -0.809017
vn -0.309017 0.000000 -0.951056
vn -0.309017 0.000000 -0.951056
vn -0.000000 0.000000 -1.000000
vn -0.000000 0.000000 -1.000000
vn 0.309017 0.000000 -0.951057
vn 0.309017 0.000000 -0.951057
vn 0.587785 0.000000 -0.809017
vn 0.587785 0.000000 -0.809017
vn -0.103599 -0.993217 0.052787
vn -0.103599 -0.993217 0.052787
vn -0.103599 -0.993217 0.052787
vn -0.103599 -0.993217 0.052787
vn -0.087197 0.995200 0.044429
vn -0.087197 0.995200 0.044429
vn -0.087197 0.995200 0.044429
vn -0.087197 0.995200 0.044429
vn -0.114841 -0.993217 0.018189
vn -0.114841 -0.993217 0.018189
vn -0.114841 -0.993217 0.018189
vn -0.114841 -0.993217 0.018189
vn -0.096659 0.995200 0.015309
vn -0.096659 0.995200 0.015309
vn -0.096659 0.995200 0.015309
vn -0.096659 0.995200 0.015309
vn -0.114841 -0.993217 -0.018189
vn -0.114841 -0.993217 -0.018189
vn -0.114841 -0.993217 -0.018189
vn -0.114841 -0.993217 -0.018189
vn -0.096659 0.995200 -0.015309
vn -0.096659 0.995200 -0.015309
vn -0.096659 0.995200 -0.015309
vn -0.096659 0.995200 -0.015309
vn -0.103600 -0.993217 -0.052787
vn -0.103600 -0.993217 -0.052787
vn -0.103600 -0.993217 -0.052787
vn -0.103600 -0.993217 -0.052787
vn -0.087197 0.995200 -0.044429
vn -0.087197 0.995200 -0.044429
vn -0.087197 0.995200 -0.044429
vn -0.087197 0.995200 -0.044429
vn -0.082217 -0.993217 -0.082217
vn -0.082217 -0.993217 -0.082217
vn -0.082217 -0.993217 -0.082217
vn -0.082217 -0.993217 -0.082217
vn -0.069200 0.995200 -0.069200
vn -0.069200 0.995200 -0.069200
vn -0.069200 0.995200 -0.069200
vn -0.069200 0.995200 -0.069200
vn -0.052787 -0.993217 -0.103600
vn -0.052787 -0.993217 -0.103600
vn -0.052787 -0.993217 -0.103600
vn -0.052787 -0.993217 -0.103600
vn -0.044429 0.995200 -0.087197
vn -0.044429 0.995200 -0.087197
vn -0.044429 0.995200 -0.087197
vn -0.044429 0.995200 -0.087197
vn -0.018189 -0.993217 -0.114841
vn -0.018189 -0.993217 -0.114841
vn -0.018189 -0.993217 -0.114841
vn -0.018189 -0.993217 -0.114841
vn -0.015309 0.995200 -0.096659
vn -0.015309 0.995200 -0.096659
vn -0.015309 0.995200 -0.096659
vn -0.015309 0.995200 -0.096659
vn 0.018189 -0.993217 -0.114841
vn 0.018189 -0.993217 -0.114841
vn 0.018189 -0.993217 -0.114841
vn 0.018189 -0.993217 -0.114841
vn 0.015309 0.995200 -0.096659
vn 0.015309 0.995200 -0.096659
vn 0.015309 0.995200 -0.096659
vn 0.015309 0.995200 -0.096659
vn 0.052787 -0.993217 -0.103600
vn 0.052787 -0.993217 -0.103600
vn 0.052787 -0.993217 -0.103600
vn 0.052787 -0.993217 -0.103600
vn 0.044429 0.995200 -0.087197
vn 0.044429 0.995200 -0.087197
vn 0.044429 0.995200 -0.087197
vn 0.044429 0.995200 -0.087197
vn 0.082217 -0.993217 -0.082217
vn 0.082217 -0.993217 -0.082217
vn 0.082217 -0.993217 -0.082217
vn 0.082217 -0.993217 -0.082217
vn 0.069200 0.995200 -0.069200
vn 0.069200 0.995200 -0.069200
vn 0.069200 0.995200 -0.069200
vn 0.069200 0.995200 -0.069200
vn 0.103600 -0.993217 -0.052787
vn 0.103600 -0.993217 -0.052787
vn 0.103600 -0.993217 -0.052787
vn 0.103600 -0.993217 -0.052787
vn 0.087197 0.995200 -0.044429
vn 0.087197 0.995200 -0.044429
vn 0.087197 0.995200 -0.044429
vn 0.087197 0.995200 -0.044429
vn 0.114841 -0.993217 -0.018189
vn 0.114841 -0.993217 -0.018189
vn 0.114841 -0.993217 -0.018189
vn 0.114841 -0.993217 -0.018189
vn 0.096659 0.995200 -0.015309
vn 0.096659 0.995200 -0.015309
vn 0.096659 0.995200 -0.015309
vn 0.096659 0.995200 -0.015309
vn 0.114841 -0.993217 0.018189
vn 0.114841 -0.993217 0.018189
vn 0.114841 -0.993217 0.018189
vn 0.114841 -0.993217 0.018189
vn 0.096659 0.995200 0.015309
vn 0.096659 0.995200 0.015309
vn 0.096659 0.995200 0.015309
vn 0.096659 0.995200 0.015309
vn 0.103600 -0.993217 0.052787
vn 0.103600 -0.993217 0.052787
vn 0.103600 -0.993217 0.052787
vn 0.103600 -0.993217 0.052787
vn 0.087197 0.995200 0.044429
vn 0.087197 0.995200 0.044429
vn 0.087197 0.995200 0.044429
vn 0.087197 0.995200 0.044429
vn 0.082217 -0.993217 0.082217
vn 0.082217 -0.993217 0.082217
vn 0.082217 -0.993217 0.082217
vn 0.082217 -0.993217 0.082217
vn 0.069200 0.995200 0.069199
vn 0.069200 0.995200 0.069199
vn 0.069200 0.995200 0.069199
vn 0.069200 0.995200 0.069199
vn 0.052787 -0.993217 0.103600
vn 0.052787 -0.993217 0.103600
vn 0.052787 -0.993217 0.103600
vn 0.052787 -0.993217 0.103600
vn 0.044429 0.995200 0.087197
vn 0.044429 0.995200 0.087197
vn 0.044429 0.995200 0.087197
vn 0.044429 0.995200 0.087197
vn 0.018189 -0.993217 0.114841
vn 0.018189 -0.993217 0.114841
vn 0.018189 -0.993217 0.114841
vn 0.018189 -0.993217 0.114841
vn 0.015309 0.995200 0.096659
vn 0.015309 0.995200 0.096659
vn 0.015309 0.995200 0.096659
vn 0.015309 0.995200 0.096659
vn -0.018189 -0.993217 0.114841
vn -0.018189 -0.993217 0.114841
vn -0.018189 -0.993217 0.114841
vn -0.018189 -0.993217 0.114841
vn -0.015309 0.995200 0.096659
vn -0.015309 0.995200 0.096659
vn -0.015309 0.995200 0.096659
vn -0.015309 0.995200 0.096659
vn -0.052787 -0.993217 0.103599
vn -0.052787 -0.993217 0.103599
vn -0.052787 -0.993217 0.103599
vn -0.052787 -0.993217 0.103599
vn -0.044429 0.995200 0.087197
vn -0.044429 0.995200 0.087197
vn -0.044429 0.995200 0.087197
vn -0.044429 0.995200 0.087197
vn -0.082217 -0.993217 0.082217
vn -0.082217 -0.993217 0.082217
vn -0.082217 -0.993217 0.082217
vn -0.082217 -0.993217 0.082217
vn -0.069200 0.995200 0.069200
vn -0.069200 0.995200 0.069200
vn -0.069200 0.995200 0.069200
vn -0.069200 0.995200 0.069200
vn 0.039678 -0.999008 -0.020217
vn 0.039678 -0.999008 -0.020217
vn 0.039678 -0.999008 -0.020217
vn 0.039678 -0.999008 -0.020217
vn -0.074325 0.996515 0.037870
vn -0.074325 0.996515 0.037870
vn -0.074325 0.996515 0.037870
vn -0.074325 0.996515 0.037870
vn 0.043983 -0.999008 -0.006966
vn 0.043983 -0.999008 -0.006966
vn 0.043983 -0.999008 -0.006966
vn 0.043983 -0.999008 -0.006966
vn -0.082390 0.996515 0.013049
vn -0.082390 0.996515 0.013049
vn -0.082390 0.996515 0.013049
vn -0.082390 0.996515 0.013049
vn 0.043983 -0.999008 0.006966
vn 0.043983 -0.999008 0.006966
vn 0.043983 -0.999008 0.006966
vn 0.043983 -0.999008 0.006966
vn -0.082389 0.996515 -0.013049
vn -0.082389 0.996515 -0.013049
vn -0.082389 0.996515 -0.013049
vn -0.082389 0.996515 -0.013049
vn 0.039678 -0.999008 0.020216
vn 0.039678 -0.999008 0.020216
vn 0.039678 -0.999008 0.020216
vn 0.039678 -0.999008 0.020216
vn -0.074325 0.996515 -0.037871
vn -0.074325 0.996515 -0.037871
vn -0.074325 0.996515 -0.037871
vn -0.074325 0.996515 -0.037871
vn 0.031488 -0.999008 0.031488
vn 0.031488 -0.999008 0.031488
vn 0.031488 -0.999008 0.031488
vn 0.031488 -0.999008 0.031488
vn -0.058984 0.996515 -0.058984
vn -0.058984 0.996515 -0.058984
vn -0.058984 0.996515 -0.058984
vn -0.058984 0.996515 -0.058984
vn 0.020217 -0.999008 0.039678
vn 0.020217 -0.999008 0.039678
vn 0.020217 -0.999008 0.039678
vn 0.020217 -0.999008 0.039678
vn -0.037870 0.996515 -0.074325
vn -0.037870 0.996515 -0.074325
vn -0.037870 0.996515 -0.074325
vn -0.037870 0.996515 -0.074325
vn 0.006966 -0.999008 0.043983
vn 0.006966 -0.999008 0.043983
vn 0.006966 -0.999008 0.043983
vn 0.006966 -0.999008 0.043983
vn -0.013049 0.996515 -0.082390
vn -0.013049 0.996515 -0.082390
vn -0.013049 0.996515 -0.082390
vn -0.013049 0.996515 -0.082390
vn -0.006966 -0.999008 0.043983
vn -0.006966 -0.999008 0.043983
vn -0.006966 -0.999008 0.043983
vn -0.006966 -0.999008 0.043983
vn 0.013049 0.996515 -0.082390
vn 0.013049 0.996515 -0.082390
vn 0.013049 0.996515 -0.082390
vn 0.013049 0.996515 -0.082390
vn -0.020217 -0.999008 0.039677
vn -0.020217 -0.999008 0.039677
vn -0.020217 -0.999008 0.039677
vn -0.020217 -0.999008 0.039677
vn 0.037870 0.996515 -0.074324
vn 0.037870 0.996515 -0.074324
vn 0.037870 0.996515 -0.074324
vn 0.037870 0.996515 -0.074324
vn -0.031488 -0.999008 0.031488
vn -0.031488 -0.999008 0.031488
vn -0.031488 -0.999008 0.031488
vn -0.031488 -0.999008 0.031488
vn 0.058984 0.996515 -0.058985
vn 0.058984 0.996515 -0.058985
vn 0.058984 0.996515 -0.058985
vn 0.058984 0.996515 -0.058985
vn -0.039679 -0.999008 0.020217
vn -0.039679 -0.999008 0.020217
vn -0.039679 -0.999008 0.020217
vn -0.039679 -0.999008 0.020217
vn 0.074325 0.996515 -0.037870
vn 0.074325 0.996515 -0.037870
vn 0.074325 0.996515 -0.037870
vn 0.074325 0.996515 -0.037870
vn -0.043985 -0.999008 0.006967
vn -0.043985 -0.999008 0.006967
vn -0.043985 -0.999008 0.006967
vn -0.043985 -0.999008 0.006967
vn 0.082389 0.996515 -0.013049
vn 0.082389 0.996515 -0.013049
vn 0.082389 0.996515 -0.013049
vn 0.082389 0.996515 -0.013049
vn -0.043985 -0.999008 -0.006967
vn -0.043985 -0.999008 -0.006967
vn -0.043985 -0.999008 -0.006967
vn -0.043985 -0.999008 -0.006967
vn 0.082390 0.996515 0.013049
vn 0.082390 0.996515 0.013049
vn 0.082390 0.996515 0.013049
vn 0.082390 0.996515 0.013049
vn -0.039680 -0.999008 -0.020217
vn -0.039680 -0.999008 -0.020217
vn -0.039680 -0.999008 -0.020217
vn -0.039680 -0.999008 -0.020217
vn 0.074325 0.996515 0.037871
vn 0.074325 0.996515 0.037871
vn 0.074325 0.996515 0.037871
vn 0.074325 0.996515 0.037871
vn -0.031490 -0.999008 -0.031491
vn -0.031490 -0.999008 -0.031491
vn -0.031490 -0.999008 -0.031491
vn -0.031490 -0.999008 -0.031491
vn 0.058984 0.996515 0.058984
vn 0.058984 0.996515 0.058984
vn 0.058984 0.996515 0.058984
vn 0.058984 0.996515 0.058984
vn -0.020218 -0.999008 -0.039680
vn -0.020218 -0.999008 -0.039680
vn -0.020218 -0.999008 -0.039680
vn -0.020218 -0.999008 -0.039680
vn 0.037870 0.996515 0.074325
vn 0.037870 0.996515 0.074325
vn 0.037870 0.996515 0.074325
vn 0.037870 0.996515 0.074325
vn -0.006967 -0.999008 -0.043985
vn -0.006967 -0.999008 -0.043985
vn -0.006967 -0.999008 -0.043985
vn -0.006967 -0.999008 -0.043985
vn 0.013049 0.996515 0.082390
vn 0.013049 0.996515 0.082390
vn 0.013049 0.996515 0.082390
vn 0.013049 0.996515 0.082390
vn 0.006967 -0.999008 -0.043985
vn 0.006967 -0.999008 -0.043985
vn 0.006967 -0.999008 -0.043985
vn 0.006967 -0.999008 -0.043985
vn -0.013049 0.996515 0.082390
vn -0.013049 0.996515 0.082390
vn -0.013049 0.996515 0.082390
vn -0.013049 0.996515 0.082390
vn 0.020218 -0.999008 -0.039679
vn 0.020218 -0.999008 -0.039679
vn 0.020218 -0.999008 -0.039679
vn 0.020218 -0.999008 -0.039679
vn -0.037870 0.996515 0.074324
vn -0.037870 0.996515 0.074324
vn -0.037870 0.996515 0.074324
vn -0.037870 0.996515 0.074324
vn 0.031490 -0.999008 -0.031490
vn 0.031490 -0.999008 -0.031490
vn 0.031490 -0.999008 -0.031490
vn 0.031490 -0.999008 -0.031490
vn -0.058984 0.996515 0.058984
vn -0.058984 0.996515 0.058984
vn -0.058984 0.996515 0.058984
vn -0.058984 0.996515 0.058984
vn -0.093838 -0.994439 0.047813
vn -0.093838 -0.994439 0.047813
vn -0.093838 -0.994439 0.047813
vn -0.093838 -0.994439 0.047813
vn -0.093828 0.994440 0.047810
vn -0.093828 0.994440 0.047810
vn -0.093828 0.994440 0.047810
vn -0.093828 0.994440 0.047810
vn -0.104021 -0.994439 0.016475
vn -0.104021 -0.994439 0.016475
vn -0.104021 -0.994439 0.016475
vn -0.104021 -0.994439 0.016475
vn -0.104008 0.994440 0.016473
vn -0.104008 0.994440 0.016473
vn -0.104008 0.994440 0.016473
vn -0.104008 0.994440 0.016473
vn -0.104021 -0.994439 -0.016476
vn -0.104021 -0.994439 -0.016476
vn -0.104021 -0.994439 -0.016476
vn -0.104021 -0.994439 -0.016476
vn -0.104007 0.994440 -0.016473
vn -0.104007 0.994440 -0.016473
vn -0.104007 0.994440 -0.016473
vn -0.104007 0.994440 -0.016473
vn -0.093838 -0.994439 -0.047812
vn -0.093838 -0.994439 -0.047812
vn -0.093838 -0.994439 -0.047812
vn -0.093838 -0.994439 -0.047812
vn -0.093826 0.994440 -0.047808
vn -0.093826 0.994440 -0.047808
vn -0.093826 0.994440 -0.047808
vn -0.093826 0.994440 -0.047808
vn -0.074470 -0.994439 -0.074471
vn -0.074470 -0.994439 -0.074471
vn -0.074470 -0.994439 -0.074471
vn -0.074470 -0.994439 -0.074471
vn -0.074461 0.994440 -0.074459
vn -0.074461 0.994440 -0.074459
vn -0.074461 0.994440 -0.074459
vn -0.074461 0.994440 -0.074459
vn -0.047813 -0.994439 -0.093837
vn -0.047813 -0.994439 -0.093837
vn -0.047813 -0.994439 -0.093837
vn -0.047813 -0.994439 -0.093837
vn -0.047807 0.994440 -0.093828
vn -0.047807 0.994440 -0.093828
vn -0.047807 0.994440 -0.093828
vn -0.047807 0.994440 -0.093828
vn -0.016475 -0.994439 -0.104020
vn -0.016475 -0.994439 -0.104020
vn -0.016475 -0.994439 -0.104020
vn -0.016475 -0.994439 -0.104020
vn -0.016473 0.994440 -0.104007
vn -0.016473 0.994440 -0.104007
vn -0.016473 0.994440 -0.104007
vn -0.016473 0.994440 -0.104007
vn 0.016475 -0.994439 -0.104020
vn 0.016475 -0.994439 -0.104020
vn 0.016475 -0.994439 -0.104020
vn 0.016475 -0.994439 -0.104020
vn 0.016473 0.994440 -0.104006
vn 0.016473 0.994440 -0.104006
vn 0.016473 0.994440 -0.104006
vn 0.016473 0.994440 -0.104006
vn 0.047813 -0.994439 -0.093838
vn 0.047813 -0.994439 -0.093838
vn 0.047813 -0.994439 -0.093838
vn 0.047813 -0.994439 -0.093838
vn 0.047807 0.994440 -0.093827
vn 0.047807 0.994440 -0.093827
vn 0.047807 0.994440 -0.093827
vn 0.047807 0.994440 -0.093827
vn 0.074471 -0.994439 -0.074471
vn 0.074471 -0.994439 -0.074471
vn 0.074471 -0.994439 -0.074471
vn 0.074471 -0.994439 -0.074471
vn 0.074461 0.994440 -0.074461
vn 0.074461 0.994440 -0.074461
vn 0.074461 0.994440 -0.074461
vn 0.074461 0.994440 -0.074461
vn 0.093839 -0.994439 -0.047814
vn 0.093839 -0.994439 -0.047814
vn 0.093839 -0.994439 -0.047814
vn 0.093839 -0.994439 -0.047814
vn 0.093829 0.994440 -0.047807
vn 0.093829 0.994440 -0.047807
vn 0.093829 0.994440 -0.047807
vn 0.093829 0.994440 -0.047807
vn 0.104021 -0.994439 -0.016475
vn 0.104021 -0.994439 -0.016475
vn 0.104021 -0.994439 -0.016475
vn 0.104021 -0.994439 -0.016475
vn 0.104012 0.994440 -0.016474
vn 0.104012 0.994440 -0.016474
vn 0.104012 0.994440 -0.016474
vn 0.104012 0.994440 -0.016474
vn 0.104021 -0.994439 0.016476
vn 0.104021 -0.994439 0.016476
vn 0.104021 -0.994439 0.016476
vn 0.104021 -0.994439 0.016476
vn 0.104012 0.994440 0.016474
vn 0.104012 0.994440 0.016474
vn 0.104012 0.994440 0.016474
vn 0.104012 0.994440 0.016474
vn 0.093839 -0.994439 0.047813
vn 0.093839 -0.994439 0.047813
vn 0.093839 -0.994439 0.047813
vn 0.093839 -0.994439 0.047813
vn 0.093831 0.994440 0.047807
vn 0.093831 0.994440 0.047807
vn 0.093831 0.994440 0.047807
vn 0.093831 0.994440 0.047807
vn 0.074470 -0.994439 0.074471
vn 0.074470 -0.994439 0.074471
vn 0.074470 -0.994439 0.074471
vn 0.074470 -0.994439 0.074471
vn 0.074464 0.994440 0.074464
vn 0.074464 0.994440 0.074464
vn 0.074464 0.994440 0.074464
vn 0.074464 0.994440 0.074464
vn 0.047813 -0.994439 0.093839
vn 0.047813 -0.994439 0.093839
vn 0.047813 -0.994439 0.093839
vn 0.047813 -0.994439 0.093839
vn 0.047809 0.994439 0.093832
vn 0.047809 0.994439 0.093832
vn 0.047809 0.994439 0.093832
vn 0.047809 0.994439 0.093832
vn 0.016475 -0.994439 0.104020
vn 0.016475 -0.994439 0.104020
vn 0.016475 -0.994439 0.104020
vn 0.016475 -0.994439 0.104020
vn 0.016474 0.994440 0.104011
vn 0.016474 0.994440 0.104011
vn 0.016474 0.994440 0.104011
vn 0.016474 0.994440 0.104011
vn -0.016475 -0.994439 0.104022
vn -0.016475 -0.994439 0.104022
vn -0.016475 -0.994439 0.104022
vn -0.016475 -0.994438 0.104022
vn -0.016474 0.994440 0.104010
vn -0.016474 0.994440 0.104010
vn -0.016474 0.994440 0.104010
vn -0.016474 0.994440 0.104010
vn -0.047813 -0.994439 0.093840
vn -0.047813 -0.994439 0.093840
vn -0.047813 -0.994439 0.093840
vn -0.047813 -0.994439 0.093840
vn -0.047809 0.994440 0.093831
vn -0.047809 0.994440 0.093831
vn -0.047809 0.994440 0.093831
vn -0.047809 0.994440 0.093831
vn -0.074471 -0.994439 0.074472
vn -0.074471 -0.994439 0.074472
vn -0.074471 -0.994439 0.074472
vn -0.074471 -0.994439 0.074472
vn -0.074464 0.994440 0.074465
vn -0.074464 0.994440 0.074465
vn -0.074464 0.994440 0.074465
vn -0.074464 0.994440 0.074465
vn -0.093346 -0.994497 0.047562
vn -0.093346 -0.994497 0.047562
vn -0.093346 -0.994497 0.047562
vn -0.093346 -0.994497 0.047562
vn -0.093344 0.994497 0.047561
vn -0.093344 0.994497 0.047561
vn -0.093344 0.994497 0.047561
vn -0.093344 0.994497 0.047561
vn -0.103472 0.994497 0.016388
vn -0.103472 0.994497 0.016388
vn -0.103472 0.994497 0.016388
vn -0.103472 0.994497 0.016388
vn -0.103475 -0.994497 0.016389
vn -0.103475 -0.994497 0.016389
vn -0.103475 -0.994497 0.016389
vn -0.103475 -0.994497 0.016389
vn -0.074080 -0.994497 0.074080
vn -0.074080 -0.994497 0.074080
vn -0.074080 -0.994497 0.074080
vn -0.074080 -0.994497 0.074080
vn -0.074078 0.994497 0.074078
vn -0.074078 0.994497 0.074078
vn -0.074078 0.994497 0.074078
vn -0.074078 0.994497 0.074078
vn -0.103472 0.994497 -0.016388
vn -0.103472 0.994497 -0.016388
vn -0.103472 0.994497 -0.016388
vn -0.103472 0.994497 -0.016388
vn -0.103475 -0.994497 -0.016389
vn -0.103475 -0.994497 -0.016389
vn -0.103475 -0.994497 -0.016389
vn -0.103475 -0.994497 -0.016389
vn -0.047562 -0.994497 0.093346
vn -0.047562 -0.994497 0.093346
vn -0.047562 -0.994497 0.093346
vn -0.047562 -0.994497 0.093346
vn -0.047561 0.994497 0.093344
vn -0.047561 0.994497 0.093344
vn -0.047561 0.994497 0.093344
vn -0.047561 0.994497 0.093344
vn -0.093343 0.994497 -0.047561
vn -0.093343 0.994497 -0.047561
vn -0.093343 0.994497 -0.047561
vn -0.093343 0.994497 -0.047561
vn -0.093346 -0.994497 -0.047562
vn -0.093346 -0.994497 -0.047562
vn -0.093346 -0.994497 -0.047562
vn -0.093346 -0.994497 -0.047562
vn -0.016389 -0.994497 0.103474
vn -0.016389 -0.994497 0.103474
vn -0.016389 -0.994497 0.103475
vn -0.016389 -0.994497 0.103474
vn -0.016388 0.994497 0.103473
vn -0.016388 0.994497 0.103473
vn -0.016388 0.994497 0.103473
vn -0.016388 0.994497 0.103473
vn -0.074078 0.994497 -0.074079
vn -0.074078 0.994497 -0.074079
vn -0.074078 0.994497 -0.074079
vn -0.074078 0.994497 -0.074079
vn -0.074080 -0.994497 -0.074080
vn -0.074080 -0.994497 -0.074080
vn -0.074080 -0.994497 -0.074080
vn -0.074080 -0.994497 -0.074080
vn 0.016389 -0.994497 0.103475
vn 0.016389 -0.994497 0.103475
vn 0.016389 -0.994497 0.103475
vn 0.016389 -0.994497 0.103475
vn 0.016388 0.994497 0.103473
vn 0.016388 0.994497 0.103473
vn 0.016388 0.994497 0.103473
vn 0.016388 0.994497 0.103473
vn -0.047561 0.994497 -0.093343
vn -0.047561 0.994497 -0.093343
vn -0.047561 0.994497 -0.093343
vn -0.047561 0.994497 -0.093343
vn -0.047562 -0.994497 -0.093346
vn -0.047562 -0.994497 -0.093346
vn -0.047562 -0.994497 -0.093346
vn -0.047562 -0.994497 -0.093346
vn 0.047562 -0.994497 0.093346
vn 0.047562 -0.994497 0.093346
vn 0.047562 -0.994497 0.093346
vn 0.047562 -0.994497 0.093346
vn 0.047561 0.994497 0.093345
vn 0.047561 0.994497 0.093345
vn 0.047561 0.994497 0.093345
vn 0.047561 0.994497 0.093345
vn -0.016388 0.994497 -0.103473
vn -0.016388 0.994497 -0.103473
vn -0.016388 0.994497 -0.103473
vn -0.016388 0.994497 -0.103473
vn -0.016389 -0.994497 -0.103475
vn -0.016389 -0.994497 -0.103475
vn -0.016389 -0.994497 -0.103475
vn -0.016389 -0.994497 -0.103475
vn 0.074080 -0.994497 0.074080
vn 0.074080 -0.994497 0.074080
vn 0.074080 -0.994497 0.074080
vn 0.074080 -0.994497 0.074080
vn 0.074078 0.994497 0.074077
vn 0.074078 0.994497 0.074077
vn 0.074078 0.994497 0.074077
vn 0.074078 0.994497 0.074077
vn 0.016388 0.994497 -0.103473
vn 0.016388 0.994497 -0.103473
vn 0.016388 0.994497 -0.103473
vn 0.016388 0.994497 -0.103473
vn 0.016389 -0.994497 -0.103474
vn 0.016389 -0.994497 -0.103474
vn 0.016389 -0.994497 -0.103474
vn 0.016389 -0.994497 -0.103474
vn 0.093347 -0.994497 0.047562
vn 0.093347 -0.994497 0.047562
vn 0.093347 -0.994497 0.047562
vn 0.093347 -0.994497 0.047562
vn 0.093343 0.994497 0.047561
vn 0.093343 0.994497 0.047561
vn 0.093343 0.994497 0.047561
vn 0.093343 0.994497 0.047561
vn 0.047561 0.994497 -0.093343
vn 0.047561 0.994497 -0.093343
vn 0.047561 0.994497 -0.093343
vn 0.047561 0.994497 -0.093343
vn 0.047562 -0.994497 -0.093345
vn 0.047562 -0.994497 -0.093345
vn 0.047562 -0.994497 -0.093345
vn 0.047562 -0.994497 -0.093345
vn 0.103475 -0.994497 0.016389
vn 0.103475 -0.994497 0.016389
vn 0.103475 -0.994497 0.016389
vn 0.103475 -0.994497 0.016389
vn 0.103473 0.994497 0.016388
vn 0.103473 0.994497 0.016388
vn 0.103473 0.994497 0.016388
vn 0.103473 0.994497 0.016388
vn 0.074078 0.994497 -0.074078
vn 0.074078 0.994497 -0.074078
vn 0.074078 0.994497 -0.074078
vn 0.074078 0.994497 -0.074078
vn 0.074080 -0.994497 -0.074080
vn 0.074080 -0.994497 -0.074080
vn 0.074080 -0.994497 -0.074080
vn 0.074080 -0.994497 -0.074080
vn 0.103475 -0.994497 -0.016389
vn 0.103475 -0.994497 -0.016389
vn 0.103475 -0.994497 -0.016389
vn 0.103475 -0.994497 -0.016389
vn 0.103472 0.994497 -0.016388
vn 0.103472 0.994497 -0.016388
vn 0.103472 0.994497 -0.016388
vn 0.103472 0.994497 -0.016388
vn 0.093344 0.994497 -0.047560
vn 0.093344 0.994497 -0.047560
vn 0.093344 0.994497 -0.047560
vn 0.093344 0.994497 -0.047560
vn 0.093346 -0.994497 -0.047562
vn 0.093346 -0.994497 -0.047562
vn 0.093346 -0.994497 -0.047562
vn 0.093346 -0.994497 -0.047562
vn 0.891006 0.000000 -0.453991
vn 0.891006 0.000000 -0.453991
vn 0.891006 0.000000 -0.453991
vn 0.891006 0.000000 -0.453991
vn 0.987689 0.000000 -0.156432
vn 0.987689 0.000000 -0.156432
vn 0.987689 0.000000 -0.156432
vn 0.987689 0.000000 -0.156432
vn 0.707107 0.000000 -0.707107
vn 0.707107 0.000000 -0.707107
vn 0.707107 0.000000 -0.707107
vn 0.707107 0.000000 -0.707107
vn 0.987688 0.000000 0.156435
vn 0.987688 0.000000 0.156435
vn 0.987688 0.000000 0.156435
vn 0.987688 0.000000 0.156435
vn 0.453990 0.000000 -0.891007
vn 0.453990 0.000000 -0.891007
vn 0.453990 0.000000 -0.891007
vn 0.453990 0.000000 -0.891007
vn 0.891007 0.000000 0.453990
vn 0.891007 0.000000 0.453990
vn 0.891007 0.000000 0.453990
vn 0.891007 0.000000 0.453990
vn 0.156434 0.000000 -0.987688
vn 0.156434 0.000000 -0.987688
vn 0.156434 0.000000 -0.987688
vn 0.156434 0.000000 -0.987688
vn 0.707107 0.000000 0.707107
vn 0.707107 0.000000 0.707107
vn 0.707107 0.000000 0.707107
vn 0.707107 0.000000 0.707107
vn -0.156435 0.000000 -0.987688
vn -0.156435 0.000000 -0.987688
vn -0.156435 0.000000 -0.987688
vn -0.156435 0.000000 -0.987688
vn 0.453991 0.000000 0.891006
vn 0.453991 0.000000 0.891006
vn 0.453991 0.000000 0.891006
vn 0.453991 0.000000 0.891006
vn -0.453991 0.000000 -0.891006
vn -0.453991 0.000000 -0.891006
vn -0.453991 0.000000 -0.891006
vn -0.453991 0.000000 -0.891006
vn 0.156435 0.000000 0.987688
vn 0.156435 0.000000 0.987688
vn 0.156435 0.000000 0.987688
vn 0.156435 0.000000 0.987688
vn -0.707107 0.000000 -0.707107
vn -0.707107 0.000000 -0.707107
vn -0.707107 0.000000 -0.707107
vn -0.707107 0.000000 -0.707107
vn -0.156434 0.000000 0.987688
vn -0.156434 0.000000 0.987688
vn -0.156434 0.000000 0.987688
vn -0.156434 0.000000 0.987688
vn -0.891006 0.000000 -0.453991
vn -0.891006 0.000000 -0.453991
vn -0.891006 0.000000 -0.453991
vn -0.891006 0.000000 -0.453991
vn -0.453991 0.000000 0.891006
vn -0.453991 0.000000 0.891006
vn -0.453991 0.000000 0.891006
vn -0.453991 0.000000 0.891006
vn -0.987688 0.000000 -0.156434
vn -0.987688 0.000000 -0.156434
vn -0.987688 0.000000 -0.156434
vn -0.987688 0.000000 -0.156434
vn -0.707107 0.000000 0.707107
vn -0.707107 0.000000 0.707107
vn -0.707107 0.000000 0.707107
vn -0.707107 0.000000 0.707107
vn -0.987688 0.000000 0.156434
vn -0.987688 0.000000 0.156434
vn -0.987688 0.000000 0.156434
vn -0.987688 0.000000 0.156434
vn -0.891006 0.000000 0.453991
vn -0.891006 0.000000 0.453991
vn -0.891006 0.000000 0.453991
vn -0.891006 0.000000 0.453991
vn 0.076039 0.996352 -0.038744
vn 0.076039 0.996352 -0.038744
vn 0.076039 0.996352 -0.038744
vn 0.076039 0.996352 -0.038744
vn -0.183587 -0.978543 0.093542
vn -0.183587 -0.978543 0.093542
vn -0.183587 -0.978543 0.093542
vn -0.183587 -0.978543 0.093542
vn 0.084289 0.996352 -0.013350
vn 0.084289 0.996352 -0.013350
vn 0.084289 0.996352 -0.013350
vn 0.084289 0.996352 -0.013350
vn -0.203507 -0.978543 0.032232
vn -0.203507 -0.978543 0.032232
vn -0.203507 -0.978543 0.032232
vn -0.203507 -0.978543 0.032232
vn 0.060345 0.996352 -0.060345
vn 0.060345 0.996352 -0.060345
vn 0.060345 0.996352 -0.060345
vn 0.060345 0.996352 -0.060345
vn -0.145695 -0.978543 0.145695
vn -0.145695 -0.978543 0.145695
vn -0.145695 -0.978543 0.145695
vn -0.145695 -0.978543 0.145695
vn 0.084290 0.996352 0.013350
vn 0.084290 0.996352 0.013350
vn 0.084290 0.996352 0.013350
vn 0.084290 0.996352 0.013350
vn -0.203508 -0.978543 -0.032232
vn -0.203508 -0.978543 -0.032232
vn -0.203508 -0.978543 -0.032232
vn -0.203508 -0.978543 -0.032232
vn 0.038744 0.996352 -0.076039
vn 0.038744 0.996352 -0.076039
vn 0.038744 0.996352 -0.076039
vn 0.038744 0.996352 -0.076039
vn -0.093542 -0.978543 0.183587
vn -0.093542 -0.978543 0.183587
vn -0.093542 -0.978543 0.183587
vn -0.093542 -0.978543 0.183587
vn 0.076039 0.996352 0.038744
vn 0.076039 0.996352 0.038744
vn 0.076039 0.996352 0.038744
vn 0.076039 0.996352 0.038744
vn -0.183587 -0.978543 -0.093542
vn -0.183587 -0.978543 -0.093542
vn -0.183587 -0.978543 -0.093542
vn -0.183587 -0.978543 -0.093542
vn 0.013350 0.996352 -0.084289
vn 0.013350 0.996352 -0.084289
vn 0.013350 0.996352 -0.084289
vn 0.013350 0.996352 -0.084289
vn -0.032232 -0.978543 0.203507
vn -0.032232 -0.978543 0.203507
vn -0.032232 -0.978543 0.203507
vn -0.032232 -0.978543 0.203507
vn 0.060345 0.996352 0.060345
vn 0.060345 0.996352 0.060345
vn 0.060345 0.996352 0.060345
vn 0.060345 0.996352 0.060345
vn -0.145695 -0.978543 -0.145695
vn -0.145695 -0.978543 -0.145695
vn -0.145695 -0.978543 -0.145695
vn -0.145695 -0.978543 -0.145695
vn -0.013350 0.996352 -0.084289
vn -0.013350 0.996352 -0.084289
vn -0.013350 0.996352 -0.084289
vn -0.013350 0.996352 -0.084289
vn 0.032232 -0.978543 0.203507
vn 0.032232 -0.978543 0.203507
vn 0.032232 -0.978543 0.203507
vn 0.032232 -0.978543 0.203507
vn 0.038744 0.996352 0.076039
vn 0.038744 0.996352 0.076039
vn 0.038744 0.996352 0.076039
vn 0.038744 0.996352 0.076039
vn -0.093542 -0.978543 -0.183587
vn -0.093542 -0.978543 -0.183587
vn -0.093542 -0.978543 -0.183587
vn -0.093542 -0.978543 -0.183587
vn -0.038744 0.996352 -0.076039
vn -0.038744 0.996352 -0.076039
vn -0.038744 0.996352 -0.076039
vn -0.038744 0.996352 -0.076039
vn 0.093542 -0.978543 0.183587
vn 0.093542 -0.978543 0.183587
vn 0.093542 -0.978543 0.183587
vn 0.093542 -0.978543 0.183587
vn 0.013350 0.996352 0.084289
vn 0.013350 0.996352 0.084289
vn 0.013350 0.996352 0.084289
vn 0.013350 0.996352 0.084289
vn -0.032232 -0.978543 -0.203507
vn -0.032232 -0.978543 -0.203507
vn -0.032232 -0.978543 -0.203507
vn -0.032232 -0.978543 -0.203507
vn -0.060345 0.996352 -0.060345
vn -0.060345 0.996352 -0.060345
vn -0.060345 0.996352 -0.060345
vn -0.060345 0.996352 -0.060345
vn 0.145695 -0.978543 0.145695
vn 0.145695 -0.978543 0.145695
vn 0.145695 -0.978543 0.145695
vn 0.145695 -0.978543 0.145695
vn -0.013350 0.996352 0.084289
vn -0.013350 0.996352 0.084289
vn -0.013350 0.996352 0.084289
vn -0.013350 0.996352 0.084289
vn 0.032232 -0.978543 -0.203507
vn 0.032232 -0.978543 -0.203507
vn 0.032232 -0.978543 -0.203507
vn 0.032232 -0.978543 -0.203507
vn -0.076039 0.996352 -0.038744
vn -0.076039 0.996352 -0.038744
vn -0.076039 0.996352 -0.038744
vn -0.076039 0.996352 -0.038744
vn 0.183587 -0.978543 0.093542
vn 0.183587 -0.978543 0.093542
vn 0.183587 -0.978543 0.093542
vn 0.183587 -0.978543 0.093542
vn -0.038744 0.996352 0.076039
vn -0.038744 0.996352 0.076039
vn -0.038744 0.996352 0.076039
vn -0.038744 0.996352 0.076039
vn 0.093542 -0.978543 -0.183587
vn 0.093542 -0.978543 -0.183587
vn 0.093542 -0.978543 -0.183587
vn 0.093542 -0.978543 -0.183587
vn -0.084290 0.996352 -0.013350
vn -0.084290 0.996352 -0.013350
vn -0.084290 0.996352 -0.013350
vn -0.084290 0.996352 -0.013350
vn 0.203508 -0.978543 0.032232
vn 0.203508 -0.978543 0.032232
vn 0.203508 -0.978543 0.032232
vn 0.203508 -0.978543 0.032232
vn -0.060345 0.996352 0.060345
vn -0.060345 0.996352 0.060345
vn -0.060345 0.996352 0.060345
vn -0.060345 0.996352 0.060345
vn 0.145695 -0.978543 -0.145695
vn 0.145695 -0.978543 -0.145695
vn 0.145695 -0.978543 -0.145695
vn 0.145695 -0.978543 -0.145695
vn -0.084290 0.996352 0.013350
vn -0.084289 0.996352 0.013350
vn -0.084289 0.996352 0.013350
vn -0.084289 0.996352 0.013350
vn 0.203508 -0.978543 -0.032232
vn 0.203508 -0.978543 -0.032232
vn 0.203508 -0.978543 -0.032232
vn 0.203508 -0.978543 -0.032232
vn -0.076039 0.996352 0.038744
vn -0.076039 0.996352 0.038744
vn -0.076039 0.996352 0.038744
vn -0.076039 0.996352 0.038744
vn 0.183587 -0.978543 -0.093542
vn 0.183587 -0.978543 -0.093542
vn 0.183587 -0.978543 -0.093542
vn 0.183587 -0.978543 -0.093542
s 1
g Alterspace
usemtl aiStandardSurface2SG
f 644/511/383 645/512/384 646/513/385 647/514/386
f 644/511/383 647/514/386 648/515/387 649/516/388
f 645/512/384 650/517/389 651/518/390 646/513/385
s 2
f 385/519/391 392/926/392 391/927/393 386/522/394
s 1
f 649/516/388 648/515/387 652/523/395 653/524/396
s 2
f 386/522/394 391/927/393 395/925/397 388/526/398
s 1
f 650/517/389 654/527/399 655/528/400 651/518/390
s 2
f 385/519/391 390/529/401 398/924/402 392/926/392
s 1
f 653/524/396 652/523/395 656/531/403 657/532/404
s 2
f 388/526/398 395/925/397 401/923/405 394/534/406
s 1
f 654/527/399 658/535/407 659/536/408 655/528/400
s 2
f 390/529/401 397/537/409 404/922/410 398/924/402
s 1
f 657/532/404 656/531/403 660/539/411 661/540/412
s 2
f 394/534/406 401/923/405 407/921/413 400/542/414
s 1
f 658/535/407 662/543/415 663/544/416 659/536/408
s 2
f 397/537/409 403/545/417 410/920/418 404/922/410
s 1
f 661/540/412 660/539/411 664/547/419 665/548/420
s 2
f 400/542/414 407/921/413 413/919/421 406/550/422
s 1
f 662/543/415 666/551/423 667/552/424 663/544/416
s 2
f 403/545/417 409/553/425 416/918/426 410/920/418
s 1
f 665/548/420 664/547/419 668/555/427 669/556/428
s 2
f 406/550/422 413/919/421 419/917/429 412/558/430
s 1
f 666/551/423 670/559/431 671/560/432 667/552/424
s 2
f 409/553/425 415/561/433 422/916/434 416/918/426
s 1
f 669/556/428 668/555/427 672/563/435 673/564/436
s 2
f 412/558/430 419/917/429 425/915/437 418/566/438
s 1
f 670/559/431 674/567/439 675/568/440 671/560/432
s 2
f 415/561/433 421/569/441 428/1036/442 422/916/434
s 1
f 673/564/436 672/563/435 676/571/443 677/572/444
s 2
f 418/566/438 425/915/437 431/913/445 424/574/446
s 1
f 674/567/439 678/1012/447 679/1013/448 675/568/440
s 2
f 421/1035/441 427/577/449 434/912/450 428/914/442
s 1
f 677/572/444 676/571/443 680/579/451 681/580/452
s 2
f 424/574/446 431/913/445 437/911/453 430/582/454
s 1
f 678/575/447 682/583/455 683/584/456 679/576/448
s 2
f 427/577/449 433/585/457 440/910/458 434/912/450
s 1
f 681/580/452 680/579/451 683/584/456 682/583/455
s 2
f 430/582/454 437/911/453 441/908/459 436/588/460
f 433/585/457 439/589/461 442/909/462 440/910/458
f 436/588/460 441/908/459 442/909/462 439/589/461
s 3
f 391/521/463 392/520/464 443/946/465 444/947/466
f 391/521/463 444/947/466 445/945/467 395/525/468
f 392/520/464 398/530/469 447/944/470 443/946/465
f 395/525/468 445/945/467 448/943/471 401/533/472
f 398/530/469 404/538/473 449/942/474 447/944/470
f 401/533/472 448/943/471 450/941/475 407/541/476
f 404/538/473 410/546/477 451/940/478 449/942/474
f 407/541/476 450/941/475 452/939/479 413/549/480
f 410/546/477 416/554/481 453/938/482 451/940/478
f 413/549/480 452/939/479 454/937/483 419/557/484
f 416/554/481 422/562/485 455/936/486 453/938/482
f 419/557/484 454/937/483 456/935/487 425/565/488
f 422/562/485 428/570/489 457/934/490 455/936/486
f 425/949/488 456/948/487 458/933/491 431/573/492
f 428/570/489 434/578/493 459/932/494 457/934/490
f 431/573/492 458/933/491 460/931/495 437/581/496
f 434/578/493 440/586/497 461/930/498 459/932/494
f 437/581/496 460/931/495 462/928/499 441/587/500
f 440/586/497 442/590/501 463/929/502 461/930/498
f 441/587/500 462/928/499 463/929/502 442/590/501
s 4
f 684/969/503 685/612/504 686/968/505
f 684/969/503 687/967/506 685/612/504
f 686/968/505 685/612/504 688/966/507
f 687/967/506 689/965/508 685/612/504
f 685/612/504 690/964/509 688/966/507
f 685/612/504 689/965/508 691/963/510
f 685/612/504 692/962/511 690/964/509
f 685/612/504 691/963/510 693/961/512
f 685/612/504 694/960/513 692/962/511
f 685/612/504 693/961/512 695/959/514
f 685/612/504 696/958/515 694/960/513
f 685/612/504 695/959/514 697/957/516
f 685/612/504 698/1030/517 696/958/515
f 685/612/504 697/957/516 699/955/518
f 685/612/504 700/954/519 698/956/517
f 685/612/504 699/955/518 701/953/520
f 685/612/504 702/952/521 700/954/519
f 685/612/504 701/953/520 703/951/522
f 685/612/504 704/950/523 702/952/521
f 685/612/504 703/951/522 704/950/523
s 5
f 443/591/524 446/632/525 444/592/526
f 444/592/526 446/632/525 445/593/527
f 443/591/524 447/594/528 446/632/525
f 445/593/527 446/632/525 448/595/529
f 446/632/525 447/594/528 449/596/530
f 446/632/525 450/597/531 448/595/529
f 446/632/525 449/596/530 451/598/532
f 446/632/525 452/599/533 450/597/531
f 446/632/525 451/598/532 453/600/534
f 446/632/525 454/601/535 452/599/533
f 446/632/525 453/600/534 455/602/536
f 446/632/525 456/603/537 454/601/535
f 446/632/525 455/602/536 457/604/538
f 446/632/525 458/605/539 456/603/537
f 446/632/525 457/604/538 459/606/540
f 446/632/525 460/607/541 458/605/539
f 446/632/525 459/606/540 461/608/542
f 446/632/525 462/609/543 460/607/541
f 446/632/525 461/608/542 463/610/544
f 446/632/525 463/610/544 462/609/543
s 6
f 565/633/545 564/634/546 566/635/547 567/636/548
f 568/637/549 565/633/545 567/636/548 569/638/550
f 570/639/551 568/637/549 569/638/550 571/640/552
f 572/641/553 570/639/551 571/640/552 573/642/554
f 574/643/555 572/641/553 573/642/554 575/644/556
f 576/645/557 574/643/555 575/644/556 577/646/558
f 578/647/559 576/645/557 577/646/558 579/648/560
f 580/649/561 578/647/559 579/648/560 581/650/562
f 582/651/563 580/649/561 581/650/562 583/652/564
f 584/653/565 582/651/563 583/652/564 585/654/566
f 586/655/567 584/653/565 585/654/566 587/656/568
f 588/657/569 586/655/567 587/656/568 589/658/570
f 590/659/571 588/657/569 589/658/570 591/660/572
f 592/1033/573 590/659/571 591/660/572 593/1034/574
f 594/663/575 592/661/573 593/662/574 595/664/576
f 596/665/577 594/663/575 595/664/576 597/666/578
f 598/667/579 596/665/577 597/666/578 599/668/580
f 600/669/581 598/667/579 599/668/580 601/670/582
f 602/671/583 600/669/581 601/670/582 603/672/584
f 564/634/546 602/671/583 603/672/584 566/635/547
s 7
f 605/673/585 604/971/586 606/675/587 607/889/588
f 608/677/589 605/673/585 607/889/588 609/888/590
f 610/679/591 608/677/589 609/888/590 611/887/592
f 612/681/593 610/679/591 611/887/592 613/886/594
f 614/683/595 612/681/593 613/886/594 615/885/596
f 616/685/597 614/683/595 615/885/596 617/884/598
f 618/991/599 616/685/597 617/884/598 619/883/600
f 620/689/601 618/687/599 619/990/600 621/882/602
f 622/691/603 620/689/601 621/882/602 623/881/604
f 624/693/605 622/691/603 623/881/604 625/880/606
f 626/695/607 624/693/605 625/880/606 627/879/608
f 628/697/609 626/695/607 627/879/608 629/878/610
f 630/699/611 628/697/609 629/878/610 631/877/612
f 632/701/613 630/699/611 631/877/612 633/876/614
f 634/703/615 632/701/613 633/876/614 635/875/616
f 636/705/617 634/703/615 635/875/616 637/874/618
f 638/707/619 636/705/617 637/874/618 639/873/620
f 640/709/621 638/707/619 639/873/620 641/872/622
f 642/711/623 640/709/621 641/872/622 643/870/624
f 604/971/586 642/711/623 643/870/624 606/675/587
s 8
f 525/674/625 524/713/626 526/714/627 527/715/628
f 528/716/629 525/674/625 527/715/628 529/717/630
f 530/718/631 528/716/629 529/717/630 531/719/632
f 532/720/633 530/718/631 531/719/632 533/721/634
f 534/722/635 532/720/633 533/721/634 535/723/636
f 536/724/637 534/722/635 535/723/636 537/725/638
f 538/726/639 536/724/637 537/725/638 539/727/640
f 540/728/641 538/726/639 539/727/640 541/729/642
f 542/730/643 540/728/641 541/729/642 543/731/644
f 544/732/645 542/730/643 543/731/644 545/733/646
f 546/734/647 544/732/645 545/733/646 547/1029/648
f 548/737/649 546/735/647 547/736/648 549/738/650
f 550/739/651 548/737/649 549/738/650 551/740/652
f 552/741/653 550/739/651 551/740/652 553/742/654
f 554/743/655 552/741/653 553/742/654 555/744/656
f 556/745/657 554/743/655 555/744/656 557/746/658
f 558/747/659 556/745/657 557/746/658 559/748/660
f 560/749/661 558/747/659 559/748/660 561/752/662
f 562/753/663 560/749/661 561/752/662 563/755/664
f 524/713/626 562/753/663 563/755/664 526/714/627
s off
f 505/757/665 504/759/666 524/713/667 525/674/668
f 484/761/669 485/763/670 527/715/671 526/714/672
f 506/765/673 505/757/674 525/674/675 528/716/676
f 485/763/677 486/767/678 529/717/679 527/715/680
f 507/769/681 506/765/682 528/716/683 530/718/684
f 486/767/685 487/771/686 531/719/687 529/717/688
f 508/773/689 507/769/690 530/718/691 532/720/692
f 487/771/693 488/775/694 533/721/695 531/719/696
f 509/777/697 508/773/698 532/720/699 534/722/700
f 488/775/701 489/779/702 535/723/703 533/721/704
f 510/781/705 509/777/706 534/722/707 536/724/708
f 489/779/709 490/783/710 537/725/711 535/723/712
f 511/785/713 510/781/714 536/724/715 538/726/716
f 490/783/717 491/787/718 539/727/719 537/725/720
f 512/789/721 511/785/722 538/726/723 540/728/724
f 491/787/725 492/890/726 541/729/727 539/727/728
f 513/891/729 512/789/730 540/728/731 542/730/732
f 492/890/733 493/892/734 543/731/735 541/729/736
f 514/893/737 513/891/738 542/730/739 544/732/740
f 493/892/741 494/894/742 545/733/743 543/731/744
f 515/1026/745 514/893/746 544/732/747 546/734/748
f 494/894/749 495/896/750 547/1029/751 545/733/752
f 516/897/753 515/895/754 546/735/755 548/737/756
f 495/1028/757 496/898/758 549/738/759 547/736/760
f 517/899/761 516/897/762 548/737/763 550/739/764
f 496/898/765 497/900/766 551/740/767 549/738/768
f 518/901/769 517/899/770 550/739/771 552/741/772
f 497/900/773 498/902/774 553/742/775 551/740/776
f 519/903/777 518/901/778 552/741/779 554/743/780
f 498/902/781 499/904/782 555/744/783 553/742/784
f 520/905/785 519/903/786 554/743/787 556/745/788
f 499/904/789 500/906/790 557/746/791 555/744/792
f 521/907/793 520/905/794 556/745/795 558/747/796
f 500/906/797 501/970/798 559/748/799 557/746/800
f 522/972/801 521/907/802 558/747/803 560/749/804
f 501/970/805 502/973/806 561/752/807 559/748/808
f 523/974/809 522/972/810 560/749/811 562/753/812
f 502/973/813 503/975/814 563/755/815 561/752/816
f 504/759/817 523/974/818 562/753/819 524/713/820
f 503/975/821 484/761/822 526/714/823 563/755/824
f 465/790/825 464/791/826 564/634/827 565/633/828
f 385/519/829 386/522/830 567/636/831 566/635/832
f 466/792/833 465/790/834 565/633/835 568/637/836
f 386/522/837 388/526/838 569/638/839 567/636/840
f 467/793/841 466/792/842 568/637/843 570/639/844
f 388/526/845 394/534/846 571/640/847 569/638/848
f 468/794/849 467/793/850 570/639/851 572/641/852
f 394/534/853 400/542/854 573/642/855 571/640/856
f 469/795/857 468/794/858 572/641/859 574/643/860
f 400/542/861 406/550/862 575/644/863 573/642/864
f 470/796/865 469/795/866 574/643/867 576/645/868
f 406/550/869 412/558/870 577/646/871 575/644/872
f 471/797/873 470/796/874 576/645/875 578/647/876
f 412/558/877 418/566/878 579/648/879 577/646/880
f 472/798/881 471/797/882 578/647/883 580/649/884
f 418/566/885 424/574/886 581/650/887 579/648/888
f 473/799/889 472/798/890 580/649/891 582/651/892
f 424/574/893 430/582/894 583/652/895 581/650/896
f 474/800/897 473/799/898 582/651/899 584/653/900
f 430/582/901 436/588/902 585/654/903 583/652/904
f 475/801/905 474/800/906 584/653/907 586/655/908
f 436/588/909 439/589/910 587/656/911 585/654/912
f 476/802/913 475/801/914 586/655/915 588/657/916
f 439/589/917 433/585/918 589/658/919 587/656/920
f 477/803/921 476/802/922 588/657/923 590/659/924
f 433/585/925 427/577/926 591/660/927 589/658/928
f 478/1032/929 477/803/930 590/659/931 592/1033/932
f 427/577/933 421/1035/934 593/1034/935 591/660/936
f 479/805/937 478/804/938 592/661/939 594/663/940
f 421/569/941 415/561/942 595/664/943 593/662/944
f 480/806/945 479/805/946 594/663/947 596/665/948
f 415/561/949 409/553/950 597/666/951 595/664/952
f 481/807/953 480/806/954 596/665/955 598/667/956
f 409/553/957 403/545/958 599/668/959 597/666/960
f 482/808/961 481/807/962 598/667/963 600/669/964
f 403/545/965 397/537/966 601/670/967 599/668/968
f 483/809/969 482/808/970 600/669/971 602/671/972
f 397/537/973 390/529/974 603/672/975 601/670/976
f 464/791/977 483/809/978 602/671/979 564/634/980
f 390/529/981 385/519/982 566/635/983 603/672/984
f 485/763/985 484/761/986 604/976/987 605/977/988
f 464/791/989 465/790/990 607/676/991 606/871/992
f 486/767/993 485/763/994 605/977/995 608/978/996
f 465/790/997 466/792/998 609/678/999 607/676/1000
f 487/771/1001 486/767/1002 608/978/1003 610/979/1004
f 466/792/1005 467/793/1006 611/680/1007 609/678/1008
f 488/775/1009 487/771/1010 610/979/1011 612/980/1012
f 467/793/1013 468/794/1014 613/682/1015 611/680/1016
f 489/779/1017 488/775/1018 612/980/1019 614/981/1020
f 468/794/1021 469/795/1022 615/684/1023 613/682/1024
f 490/783/1025 489/779/1026 614/981/1027 616/982/1028
f 469/795/1029 470/796/1030 617/686/1031 615/684/1032
f 491/787/1033 490/783/1034 616/982/1035 618/983/1036
f 470/796/1037 471/797/1038 619/688/1039 617/686/1040
f 492/890/1041 491/787/1042 618/983/1043 620/984/1044
f 471/797/1045 472/798/1046 621/690/1047 619/688/1048
f 493/892/1049 492/890/1050 620/984/1051 622/985/1052
f 472/798/1053 473/799/1054 623/692/1055 621/690/1056
f 494/894/1057 493/892/1058 622/985/1059 624/986/1060
f 473/799/1061 474/800/1062 625/694/1063 623/692/1064
f 495/896/1065 494/894/1066 624/986/1067 626/987/1068
f 474/800/1069 475/801/1070 627/696/1071 625/694/1072
f 496/898/1073 495/1028/1074 626/1027/1075 628/988/1076
f 475/801/1077 476/802/1078 629/698/1079 627/696/1080
f 497/900/1081 496/898/1082 628/988/1083 630/989/1084
f 476/802/1085 477/803/1086 631/700/1087 629/698/1088
f 498/902/1089 497/900/1090 630/989/1091 632/1016/1092
f 477/803/1093 478/1032/1094 633/1031/1095 631/700/1096
f 499/904/1097 498/902/1098 632/1016/1099 634/1021/1100
f 478/804/1101 479/805/1102 635/704/1103 633/702/1104
f 500/906/1105 499/904/1106 634/1021/1107 636/1022/1108
f 479/805/1109 480/806/1110 637/706/1111 635/704/1112
f 501/970/1113 500/906/1114 636/1022/1115 638/1023/1116
f 480/806/1117 481/807/1118 639/708/1119 637/706/1120
f 502/973/1121 501/970/1122 638/1023/1123 640/1024/1124
f 481/807/1125 482/808/1126 641/710/1127 639/708/1128
f 503/975/1129 502/973/1130 640/1024/1131 642/1025/1132
f 482/808/1133 483/809/1134 643/712/1135 641/710/1136
f 484/761/1137 503/975/1138 642/1025/1139 604/976/1140
f 483/809/1141 464/791/1142 606/871/1143 643/712/1144
f 383/1011/1145 384/1010/1146 645/512/1147 644/511/1148
f 504/751/1149 505/750/1150 647/514/1151 646/513/1152
f 505/750/1153 506/754/1154 648/515/1155 647/514/1156
f 387/1009/1157 383/1011/1158 644/511/1159 649/516/1160
f 384/1010/1161 389/1008/1162 650/517/1163 645/512/1164
f 523/788/1165 504/751/1166 646/513/1167 651/518/1168
f 506/754/1169 507/756/1170 652/523/1171 648/515/1172
f 393/1007/1173 387/1009/1174 649/516/1175 653/524/1176
f 389/1008/1177 396/1006/1178 654/527/1179 650/517/1180
f 522/786/1181 523/788/1182 651/518/1183 655/528/1184
f 507/756/1185 508/758/1186 656/531/1187 652/523/1188
f 399/1005/1189 393/1007/1190 653/524/1191 657/532/1192
f 396/1006/1193 402/1004/1194 658/535/1195 654/527/1196
f 521/784/1197 522/786/1198 655/528/1199 659/536/1200
f 508/758/1201 509/760/1202 660/539/1203 656/531/1204
f 405/1003/1205 399/1005/1206 657/532/1207 661/540/1208
f 402/1004/1209 408/1002/1210 662/543/1211 658/535/1212
f 520/782/1213 521/784/1214 659/536/1215 663/544/1216
f 509/760/1217 510/762/1218 664/547/1219 660/539/1220
f 411/1001/1221 405/1003/1222 661/540/1223 665/548/1224
f 408/1002/1225 414/1000/1226 666/551/1227 662/543/1228
f 519/780/1229 520/782/1230 663/544/1231 667/552/1232
f 510/762/1233 511/764/1234 668/555/1235 664/547/1236
f 417/999/1237 411/1001/1238 665/548/1239 669/556/1240
f 414/1000/1241 420/998/1242 670/559/1243 666/551/1244
f 518/778/1245 519/780/1246 667/552/1247 671/560/1248
f 511/764/1249 512/766/1250 672/563/1251 668/555/1252
f 423/997/1253 417/999/1254 669/556/1255 673/564/1256
f 420/998/1257 426/996/1258 674/567/1259 670/559/1260
f 517/776/1261 518/778/1262 671/560/1263 675/568/1264
f 512/766/1265 513/768/1266 676/571/1267 672/563/1268
f 429/995/1269 423/997/1270 673/564/1271 677/572/1272
f 426/996/1273 432/994/1274 678/1012/1275 674/567/1276
f 516/774/1277 517/776/1278 675/568/1279 679/1013/1280
f 513/768/1281 514/770/1282 680/579/1283 676/571/1284
f 435/993/1285 429/995/1286 677/572/1287 681/580/1288
f 432/1015/1289 438/992/1290 682/583/1291 678/575/1292
f 515/772/1293 516/1014/1294 679/576/1295 683/584/1296
f 514/770/1297 515/772/1298 683/584/1299 680/579/1300
f 438/992/1301 435/993/1302 681/580/1303 682/583/1304
f 706/830/1305 705/831/1306 707/832/1307 708/833/1308
f 705/831/1309 709/834/1310 710/835/1311 707/832/1312
f 711/836/1313 706/830/1314 708/833/1315 712/837/1316
f 709/834/1317 713/838/1318 714/839/1319 710/835/1320
f 715/840/1321 711/836/1322 712/837/1323 716/841/1324
f 713/838/1325 717/842/1326 718/843/1327 714/839/1328
f 719/844/1329 715/840/1330 716/841/1331 720/845/1332
f 717/842/1333 721/846/1334 722/847/1335 718/843/1336
f 723/848/1337 719/844/1338 720/845/1339 724/849/1340
f 721/846/1341 725/850/1342 726/851/1343 722/847/1344
f 727/852/1345 723/848/1346 724/849/1347 728/853/1348
f 725/850/1349 729/854/1350 730/855/1351 726/851/1352
f 731/856/1353 727/852/1354 728/853/1355 732/857/1356
f 729/854/1357 733/858/1358 734/859/1359 730/855/1360
f 735/860/1361 731/856/1362 732/857/1363 736/861/1364
f 733/858/1365 737/862/1366 738/863/1367 734/859/1368
f 739/1017/1369 735/860/1370 736/861/1371 740/1018/1372
f 737/862/1373 741/866/1374 742/867/1375 738/863/1376
f 743/868/1377 739/864/1378 740/865/1379 744/869/1380
f 741/866/1381 743/868/1382 744/869/1383 742/867/1384
f 384/811/1385 383/810/1386 705/831/1387 706/830/1388
f 684/611/1389 686/613/1390 708/833/1391 707/832/1392
f 383/810/1393 387/812/1394 709/834/1395 705/831/1396
f 687/614/1397 684/611/1398 707/832/1399 710/835/1400
f 389/813/1401 384/811/1402 706/830/1403 711/836/1404
f 686/613/1405 688/615/1406 712/837/1407 708/833/1408
f 387/812/1409 393/814/1410 713/838/1411 709/834/1412
f 689/616/1413 687/614/1414 710/835/1415 714/839/1416
f 396/815/1417 389/813/1418 711/836/1419 715/840/1420
f 688/615/1421 690/617/1422 716/841/1423 712/837/1424
f 393/814/1425 399/816/1426 717/842/1427 713/838/1428
f 691/618/1429 689/616/1430 714/839/1431 718/843/1432
f 402/817/1433 396/815/1434 715/840/1435 719/844/1436
f 690/617/1437 692/619/1438 720/845/1439 716/841/1440
f 399/816/1441 405/818/1442 721/846/1443 717/842/1444
f 693/620/1445 691/618/1446 718/843/1447 722/847/1448
f 408/819/1449 402/817/1450 719/844/1451 723/848/1452
f 692/619/1453 694/621/1454 724/849/1455 720/845/1456
f 405/818/1457 411/820/1458 725/850/1459 721/846/1460
f 695/622/1461 693/620/1462 722/847/1463 726/851/1464
f 414/821/1465 408/819/1466 723/848/1467 727/852/1468
f 694/621/1469 696/623/1470 728/853/1471 724/849/1472
f 411/820/1473 417/822/1474 729/854/1475 725/850/1476
f 697/624/1477 695/622/1478 726/851/1479 730/855/1480
f 420/823/1481 414/821/1482 727/852/1483 731/856/1484
f 696/623/1485 698/625/1486 732/857/1487 728/853/1488
f 417/822/1489 423/824/1490 733/858/1491 729/854/1492
f 699/626/1493 697/624/1494 730/855/1495 734/859/1496
f 426/825/1497 420/823/1498 731/856/1499 735/860/1500
f 698/625/1501 700/627/1502 736/861/1503 732/857/1504
f 423/824/1505 429/826/1506 737/862/1507 733/858/1508
f 701/628/1509 699/626/1510 734/859/1511 738/863/1512
f 432/827/1513 426/825/1514 735/860/1515 739/1017/1516
f 700/627/1517 702/1019/1518 740/1018/1519 736/861/1520
f 429/826/1521 435/828/1522 741/866/1523 737/862/1524
f 703/630/1525 701/628/1526 738/863/1527 742/867/1528
f 438/829/1529 432/1020/1530 739/864/1531 743/868/1532
f 702/629/1533 704/631/1534 744/869/1535 740/865/1536
f 435/828/1537 438/829/1538 743/868/1539 741/866/1540
f 704/631/1541 703/630/1542 742/867/1543 744/869/1544
g default
v -0.010871 0.103742 -0.001384
v -0.011505 0.103874 -0.002632
v -0.012491 0.104079 -0.003623
v -0.013734 0.104337 -0.004259
v -0.015111 0.104622 -0.004478
v -0.016489 0.104908 -0.004259
v -0.017732 0.105166 -0.003623
v -0.018718 0.105371 -0.002632
v -0.019351 0.105502 -0.001384
v -0.019570 0.105548 -0.000000
v -0.019351 0.105502 0.001384
v -0.018718 0.105371 0.002632
v -0.017732 0.105166 0.003623
v -0.016489 0.104908 0.004259
v -0.015111 0.104622 0.004478
v -0.013734 0.104337 0.004259
v -0.012491 0.104079 0.003623
v -0.011505 0.103874 0.002632
v -0.010871 0.103742 0.001384
v -0.010653 0.103697 -0.000000
v -0.006548 0.103199 -0.002772
v -0.007817 0.103462 -0.005272
v -0.009792 0.103872 -0.007257
v -0.012282 0.104388 -0.008531
v -0.015041 0.104961 -0.008970
v -0.017801 0.105534 -0.008531
v -0.020290 0.106051 -0.007257
v -0.022266 0.106461 -0.005272
v -0.023534 0.106724 -0.002772
v -0.023971 0.106815 -0.000000
v -0.023534 0.106724 0.002772
v -0.022266 0.106461 0.005272
v -0.020290 0.106051 0.007257
v -0.017801 0.105534 0.008531
v -0.015041 0.104961 0.008970
v -0.012282 0.104388 0.008531
v -0.009792 0.103872 0.007257
v -0.007817 0.103462 0.005272
v -0.006548 0.103199 0.002772
v -0.006111 0.103108 -0.000000
v -0.001248 0.103716 -0.005082
v -0.003260 0.104133 -0.009667
v -0.006393 0.104784 -0.013305
v -0.010342 0.105603 -0.015641
v -0.014719 0.106512 -0.016446
v -0.019097 0.107420 -0.015641
v -0.023045 0.108240 -0.013305
v -0.026179 0.108890 -0.009667
v -0.028191 0.109308 -0.005082
v -0.028884 0.109452 -0.000000
v -0.028191 0.109308 0.005082
v -0.026179 0.108890 0.009667
v -0.023045 0.108240 0.013305
v -0.019097 0.107420 0.015641
v -0.014719 0.106512 0.016446
v -0.010342 0.105603 0.015641
v -0.006393 0.104784 0.013305
v -0.003260 0.104133 0.009667
v -0.001248 0.103716 0.005082
v -0.000554 0.103572 -0.000000
v 0.005045 0.104670 -0.006304
v 0.002161 0.105268 -0.011990
v -0.002332 0.106201 -0.016503
v -0.007994 0.107376 -0.019401
v -0.014270 0.108678 -0.020399
v -0.020545 0.109981 -0.019401
v -0.026207 0.111156 -0.016503
v -0.030700 0.112088 -0.011990
v -0.033585 0.112687 -0.006304
v -0.034579 0.112893 -0.000000
v -0.033585 0.112687 0.006304
v -0.030700 0.112088 0.011990
v -0.026207 0.111156 0.016503
v -0.020545 0.109981 0.019401
v -0.014270 0.108678 0.020399
v -0.007994 0.107376 0.019401
v -0.002332 0.106201 0.016503
v 0.002161 0.105268 0.011990
v 0.005045 0.104670 0.006304
v 0.006039 0.104463 -0.000000
v 0.016174 0.108959 -0.009507
v 0.011823 0.109862 -0.018084
v 0.005047 0.111269 -0.024890
v -0.003492 0.113041 -0.029260
v -0.012957 0.115005 -0.030766
v -0.022422 0.116969 -0.029260
v -0.030960 0.118742 -0.024890
v -0.037736 0.120148 -0.018084
v -0.042087 0.121051 -0.009507
v -0.043586 0.121362 -0.000000
v -0.042087 0.121051 0.009507
v -0.037736 0.120148 0.018084
v -0.030960 0.118742 0.024890
v -0.022422 0.116969 0.029260
v -0.012957 0.115005 0.030766
v -0.003492 0.113041 0.029260
v 0.005047 0.111269 0.024890
v 0.011823 0.109862 0.018084
v 0.016174 0.108959 0.009507
v 0.017673 0.108648 -0.000000
v 0.025362 0.117087 -0.011854
v 0.019938 0.118213 -0.022548
v 0.011489 0.119967 -0.031035
v 0.000842 0.122176 -0.036484
v -0.010960 0.124626 -0.038362
v -0.022762 0.127075 -0.036484
v -0.033408 0.129285 -0.031035
v -0.041858 0.131038 -0.022548
v -0.047282 0.132164 -0.011854
v -0.049151 0.132552 -0.000000
v -0.047282 0.132164 0.011854
v -0.041858 0.131038 0.022548
v -0.033408 0.129285 0.031035
v -0.022762 0.127075 0.036484
v -0.010960 0.124626 0.038362
v 0.000842 0.122176 0.036484
v 0.011489 0.119967 0.031035
v 0.019938 0.118213 0.022548
v 0.025362 0.117087 0.011854
v 0.027232 0.116699 -0.000000
v 0.034077 0.126531 -0.013968
v 0.027685 0.127857 -0.026568
v 0.017730 0.129924 -0.036568
v 0.005185 0.132527 -0.042989
v -0.008721 0.135413 -0.045201
v -0.022627 0.138299 -0.042989
v -0.035172 0.140903 -0.036568
v -0.045127 0.142969 -0.026568
v -0.051519 0.144296 -0.013968
v -0.053722 0.144753 -0.000000
v -0.051519 0.144296 0.013968
v -0.045127 0.142969 0.026568
v -0.035172 0.140903 0.036568
v -0.022627 0.138299 0.042988
v -0.008721 0.135413 0.045201
v 0.005185 0.132527 0.042988
v 0.017730 0.129924 0.036568
v 0.027685 0.127857 0.026568
v 0.034077 0.126531 0.013968
v 0.036279 0.126074 -0.000000
v 0.041321 0.137220 -0.015540
v 0.034210 0.138696 -0.029559
v 0.023133 0.140994 -0.040685
v 0.009176 0.143891 -0.047828
v -0.006295 0.147102 -0.050290
v -0.021767 0.150313 -0.047828
v -0.035724 0.153210 -0.040685
v -0.046800 0.155508 -0.029559
v -0.053911 0.156984 -0.015540
v -0.056362 0.157493 -0.000000
v -0.053911 0.156984 0.015540
v -0.046800 0.155508 0.029559
v -0.035724 0.153210 0.040685
v -0.021767 0.150313 0.047828
v -0.006295 0.147102 0.050289
v 0.009176 0.143891 0.047828
v 0.023133 0.140994 0.040685
v 0.034210 0.138696 0.029559
v 0.041321 0.137220 0.015540
v 0.043772 0.136711 -0.000000
v 0.044899 0.149309 -0.015875
v 0.037634 0.150817 -0.030195
v 0.026320 0.153165 -0.041560
v 0.012062 0.156124 -0.048857
v -0.003742 0.159404 -0.051371
v -0.019546 0.162684 -0.048857
v -0.033803 0.165643 -0.041560
v -0.045118 0.167992 -0.030195
v -0.052382 0.169499 -0.015875
v -0.054885 0.170019 -0.000000
v -0.052382 0.169499 0.015875
v -0.045118 0.167992 0.030195
v -0.033803 0.165643 0.041560
v -0.019546 0.162684 0.048857
v -0.003742 0.159404 0.051371
v 0.012062 0.156124 0.048857
v 0.026320 0.153165 0.041560
v 0.037634 0.150817 0.030195
v 0.044899 0.149309 0.015875
v 0.047402 0.148790 -0.000000
v 0.046511 0.167114 -0.015302
v 0.039396 0.167847 -0.029107
v 0.028316 0.168987 -0.040062
v 0.014353 0.170424 -0.047096
v -0.001124 0.172017 -0.049519
v -0.016602 0.173610 -0.047096
v -0.030564 0.175047 -0.040062
v -0.041645 0.176188 -0.029107
v -0.048759 0.176920 -0.015302
v -0.051210 0.177172 -0.000000
v -0.048759 0.176920 0.015302
v -0.041645 0.176188 0.029107
v -0.030564 0.175047 0.040062
v -0.016602 0.173610 0.047096
v -0.001124 0.172017 0.049519
v 0.014353 0.170424 0.047096
v 0.028316 0.168987 0.040062
v 0.039396 0.167847 0.029107
v 0.046510 0.167114 0.015302
v 0.048962 0.166862 -0.000000
v 0.044031 0.185523 -0.013426
v 0.037762 0.185795 -0.025538
v 0.027998 0.186218 -0.035149
v 0.015695 0.186751 -0.041321
v 0.002056 0.187342 -0.043447
v -0.011582 0.187933 -0.041321
v -0.023885 0.188467 -0.035149
v -0.033649 0.188890 -0.025538
v -0.039918 0.189161 -0.013426
v -0.042078 0.189255 -0.000000
v -0.039918 0.189161 0.013426
v -0.033649 0.188890 0.025537
v -0.023885 0.188467 0.035149
v -0.011582 0.187933 0.041321
v 0.002056 0.187342 0.043447
v 0.015695 0.186751 0.041321
v 0.027998 0.186218 0.035149
v 0.037762 0.185795 0.025537
v 0.044031 0.185523 0.013426
v 0.046191 0.185430 -0.000000
v 0.038937 0.202256 -0.011480
v 0.034394 0.202314 -0.021837
v 0.027318 0.202405 -0.030055
v 0.018401 0.202520 -0.035332
v 0.008517 0.202647 -0.037151
v -0.001367 0.202774 -0.035332
v -0.010283 0.202889 -0.030055
v -0.017360 0.202980 -0.021837
v -0.021903 0.203039 -0.011480
v -0.023468 0.203059 -0.000000
v -0.021903 0.203039 0.011480
v -0.017360 0.202980 0.021837
v -0.010283 0.202889 0.030055
v -0.001367 0.202774 0.035332
v 0.008517 0.202647 0.037151
v 0.018401 0.202520 0.035332
v 0.027318 0.202405 0.030055
v 0.034394 0.202314 0.021837
v 0.038937 0.202256 0.011480
v 0.040503 0.202236 -0.000000
v 0.032514 0.212779 -0.009202
v 0.028875 0.212633 -0.017503
v 0.023207 0.212404 -0.024091
v 0.016065 0.212117 -0.028320
v 0.008149 0.211798 -0.029778
v 0.000232 0.211479 -0.028320
v -0.005190 0.210834 -0.024091
v -0.010857 0.210606 -0.017503
v -0.014496 0.210459 -0.009202
v -0.015750 0.210409 -0.000000
v -0.014496 0.210459 0.009202
v -0.010857 0.210606 0.017503
v -0.005190 0.210834 0.024090
v 0.000232 0.211479 0.028320
v 0.008149 0.211798 0.029778
v 0.016065 0.212117 0.028320
v 0.023207 0.212404 0.024091
v 0.028875 0.212633 0.017503
v 0.032514 0.212779 0.009202
v 0.033768 0.212830 -0.000000
v 0.024641 0.223703 -0.006475
v 0.022108 0.223318 -0.012316
v 0.018162 0.222719 -0.016952
v 0.013189 0.221965 -0.019928
v 0.007677 0.221128 -0.020953
v 0.002165 0.220291 -0.019928
v -0.002807 0.219536 -0.016952
v -0.006754 0.218937 -0.012316
v -0.009287 0.218553 -0.006475
v -0.010160 0.218420 -0.000000
v -0.009287 0.218553 0.006475
v -0.006754 0.218937 0.012316
v -0.002807 0.219536 0.016952
v 0.002165 0.220291 0.019928
v 0.007677 0.221128 0.020953
v 0.013189 0.221965 0.019928
v 0.018162 0.222719 0.016952
v 0.022108 0.223318 0.012316
v 0.024641 0.223703 0.006475
v 0.025515 0.223836 -0.000000
v 0.021660 0.228367 -0.005014
v 0.019677 0.228287 -0.009538
v 0.016589 0.228162 -0.013128
v 0.012697 0.228006 -0.015433
v 0.008383 0.227832 -0.016227
v 0.004068 0.227658 -0.015433
v 0.000177 0.227501 -0.013128
v -0.002912 0.227377 -0.009538
v -0.004895 0.227297 -0.005014
v -0.005578 0.227270 -0.000000
v -0.004895 0.227297 0.005014
v -0.002912 0.227377 0.009538
v 0.000177 0.227501 0.013128
v 0.004068 0.227658 0.015433
v 0.008383 0.227832 0.016227
v 0.012697 0.228006 0.015433
v 0.016589 0.228162 0.013128
v 0.019677 0.228287 0.009538
v 0.021660 0.228367 0.005014
v 0.022343 0.228394 -0.000000
v 0.018281 0.234191 -0.003902
v 0.016738 0.234129 -0.007422
v 0.014335 0.234032 -0.010215
v 0.011306 0.233910 -0.012009
v 0.007949 0.233775 -0.012627
v 0.004592 0.233640 -0.012009
v 0.001564 0.233518 -0.010215
v -0.000839 0.233421 -0.007422
v -0.002382 0.233359 -0.003902
v -0.002914 0.233338 -0.000000
v -0.002382 0.233359 0.003902
v -0.000839 0.233421 0.007422
v 0.001564 0.233518 0.010215
v 0.004592 0.233640 0.012009
v 0.007949 0.233775 0.012627
v 0.011306 0.233910 0.012009
v 0.014335 0.234032 0.010215
v 0.016738 0.234129 0.007422
v 0.018281 0.234191 0.003902
v 0.018813 0.234213 -0.000000
v 0.015547 0.238877 -0.002942
v 0.014383 0.238830 -0.005596
v 0.012571 0.238757 -0.007702
v 0.010288 0.238665 -0.009055
v 0.007757 0.238563 -0.009521
v 0.005225 0.238461 -0.009055
v 0.002942 0.238369 -0.007702
v 0.001130 0.238296 -0.005596
v -0.000034 0.238249 -0.002942
v -0.000434 0.238233 -0.000000
v -0.000034 0.238249 0.002942
v 0.001130 0.238296 0.005596
v 0.002942 0.238369 0.007702
v 0.005225 0.238461 0.009055
v 0.007757 0.238563 0.009521
v 0.010288 0.238665 0.009055
v 0.012571 0.238757 0.007702
v 0.014383 0.238830 0.005596
v 0.015547 0.238877 0.002942
v 0.015948 0.238893 -0.000000
v 0.012264 0.244046 -0.002192
v 0.011406 0.243915 -0.004169
v 0.010071 0.243710 -0.005738
v 0.008388 0.243451 -0.006746
v 0.006523 0.243165 -0.007093
v 0.004657 0.242879 -0.006746
v 0.002974 0.242620 -0.005738
v 0.001639 0.242415 -0.004169
v 0.000781 0.242284 -0.002192
v 0.000486 0.242238 -0.000000
v 0.000781 0.242284 0.002192
v 0.001639 0.242415 0.004169
v 0.002974 0.242620 0.005738
v 0.004657 0.242879 0.006746
v 0.006523 0.243165 0.007093
v 0.008388 0.243451 0.006746
v 0.010071 0.243710 0.005738
v 0.011406 0.243915 0.004169
v 0.012264 0.244046 0.002192
v 0.012559 0.244092 -0.000000
v 0.005472 0.253208 -0.001557
v 0.005154 0.252653 -0.002961
v 0.004659 0.251790 -0.004075
v 0.004036 0.250701 -0.004791
v 0.003344 0.249495 -0.005037
v 0.002653 0.248289 -0.004791
v 0.002029 0.247201 -0.004075
v 0.001534 0.246337 -0.002961
v 0.001216 0.245783 -0.001557
v 0.001107 0.245592 -0.000000
v 0.001216 0.245783 0.001557
v 0.001534 0.246337 0.002961
v 0.002029 0.247201 0.004075
v 0.002653 0.248289 0.004791
v 0.003344 0.249495 0.005037
v 0.004036 0.250701 0.004791
v 0.004659 0.251790 0.004075
v 0.005154 0.252653 0.002961
v 0.005472 0.253208 0.001557
v 0.005582 0.253399 -0.000000
v -0.014911 0.105590 0.000000
v 0.000524 0.258585 -0.000000
vt 0.853287 0.411165
vt 0.851609 0.418623
vt 0.828174 0.417952
vt 0.830081 0.403612
vt 0.852185 0.426223
vt 0.830278 0.431871
vt 0.854818 0.433329
vt 0.835871 0.444468
vt 0.859214 0.439364
vt 0.844365 0.455006
vt 0.865054 0.443810
vt 0.855176 0.462897
vt 0.871752 0.446254
vt 0.854782 0.595971
vt 0.874150 0.574553
vt 0.870607 0.601081
vt 0.884724 0.573669
vt 0.887561 0.601919
vt 0.893369 0.571092
vt 0.929457 0.320827
vt 0.918563 0.345049
vt 0.914946 0.321744
vt 0.911613 0.347003
vt 0.902031 0.326564
vt 0.905624 0.350778
vt 0.891377 0.334441
vt 0.901035 0.355966
vt 0.883415 0.344532
vt 0.898073 0.362112
vt 0.231894 0.861080
vt 0.218613 0.878976
vt 0.219582 0.858389
vt 0.211754 0.879730
vt 0.206716 0.859012
vt 0.205182 0.882563
vt 0.194088 0.863139
vt 0.199503 0.887320
vt 0.182645 0.870905
vt 0.195327 0.893742
vt 0.836396 0.389930
vt 0.797722 0.423891
vt 0.800145 0.399656
vt 0.800808 0.445809
vt 0.808701 0.464718
vt 0.820877 0.480108
vt 0.836959 0.491499
vt 0.832929 0.627769
vt 0.857946 0.634210
vt 0.885708 0.635610
vt 0.930052 0.290486
vt 0.904629 0.294846
vt 0.883511 0.303869
vt 0.866941 0.316180
vt 0.854983 0.330904
vt 0.243074 0.831115
vt 0.225167 0.827364
vt 0.206135 0.828504
vt 0.186412 0.834858
vt 0.166766 0.846863
vt 0.809104 0.374167
vt 0.770012 0.421806
vt 0.768478 0.391837
vt 0.777666 0.449035
vt 0.790460 0.473173
vt 0.807802 0.493875
vt 0.829321 0.510593
vt 0.827432 0.653524
vt 0.855971 0.664462
vt 0.888061 0.670667
vt 0.925644 0.254795
vt 0.896384 0.265005
vt 0.872592 0.280175
vt 0.853997 0.298755
vt 0.840277 0.319692
vt 0.248277 0.814694
vt 0.224624 0.808777
vt 0.199448 0.807768
vt 0.173417 0.812176
vt 0.147226 0.822838
vt 0.774461 0.359791
vt 0.717485 0.432013
vt 0.709993 0.390710
vt 0.731266 0.468361
vt 0.750207 0.500468
vt 0.773967 0.528725
vt 0.802820 0.553044
vt 0.801579 0.699740
vt 0.837441 0.716588
vt 0.878094 0.730258
vt 0.908446 0.194779
vt 0.869567 0.216741
vt 0.839913 0.242507
vt 0.817425 0.270449
vt 0.800750 0.300001
vt 0.264226 0.773636
vt 0.231634 0.764769
vt 0.197508 0.761250
vt 0.161464 0.763572
vt 0.123267 0.773087
vt 0.711045 0.343650
vt 0.668983 0.447178
vt 0.653799 0.398519
vt 0.688884 0.489393
vt 0.712835 0.526905
vt 0.740994 0.560868
vt 0.774226 0.591802
vt 0.779718 0.739012
vt 0.816216 0.760302
vt 0.859089 0.782611
vt 0.877868 0.139508
vt 0.835817 0.175229
vt 0.804689 0.211216
vt 0.781209 0.246947
vt 0.763400 0.282766
vt 0.277464 0.734282
vt 0.239318 0.723711
vt 0.199100 0.717628
vt 0.155915 0.716521
vt 0.108516 0.721760
vt 0.645225 0.341141
vt 0.622317 0.467183
vt 0.598569 0.414536
vt 0.648103 0.512672
vt 0.676128 0.553646
vt 0.707188 0.591903
vt 0.742718 0.628675
vt 0.758012 0.770843
vt 0.791000 0.796916
vt 0.831065 0.828712
vt 0.835400 0.089136
vt 0.795206 0.139359
vt 0.766162 0.184643
vt 0.743918 0.226696
vt 0.726278 0.267255
vt 0.290667 0.695732
vt 0.248206 0.683498
vt 0.203755 0.674693
vt 0.155729 0.669294
vt 0.101766 0.668139
vt 0.577631 0.350647
vt 0.579998 0.490563
vt 0.548203 0.437578
vt 0.610676 0.536851
vt 0.641565 0.579419
vt 0.674009 0.620371
vt 0.709671 0.661645
vt 0.736999 0.793489
vt 0.763117 0.824365
vt 0.795736 0.864917
vt 0.783148 0.049067
vt 0.750828 0.112090
vt 0.726951 0.164137
vt 0.707540 0.210309
vt 0.690872 0.253760
vt 0.303289 0.658595
vt 0.257684 0.645534
vt 0.210873 0.634376
vt 0.160475 0.624627
vt 0.103377 0.616156
vt 0.513619 0.372782
vt 0.542261 0.516392
vt 0.504170 0.466192
vt 0.576522 0.561559
vt 0.609112 0.604165
vt 0.641654 0.646257
vt 0.675568 0.690150
vt 0.716210 0.807871
vt 0.733417 0.843188
vt 0.755443 0.890020
vt 0.724092 0.024892
vt 0.705003 0.094328
vt 0.688243 0.149389
vt 0.672473 0.197294
vt 0.657261 0.241791
vt 0.313926 0.622525
vt 0.267285 0.609656
vt 0.219922 0.596718
vt 0.169323 0.583099
vt 0.112523 0.567744
vt 0.458541 0.407741
vt 0.494653 0.557594
vt 0.449364 0.516550
vt 0.534667 0.596098
vt 0.571646 0.633673
vt 0.607212 0.671963
vt 0.642466 0.713151
vt 0.697676 0.813306
vt 0.710273 0.851895
vt 0.726405 0.900568
vt 0.682198 0.019585
vt 0.673831 0.087720
vt 0.660035 0.142092
vt 0.643908 0.188909
vt 0.626314 0.231758
vt 0.323699 0.584703
vt 0.279398 0.567974
vt 0.235051 0.549218
vt 0.188426 0.527862
vt 0.137320 0.502521
vt 0.395345 0.471248
vt 0.448301 0.608835
vt 0.402038 0.579038
vt 0.489009 0.639235
vt 0.525887 0.670925
vt 0.560060 0.704912
vt 0.591957 0.742656
vt 0.657584 0.817390
vt 0.664458 0.859897
vt 0.669024 0.908341
vt 0.609251 0.028072
vt 0.614801 0.084705
vt 0.608852 0.134140
vt 0.596386 0.177857
vt 0.579915 0.217837
vt 0.334493 0.534787
vt 0.295623 0.517153
vt 0.256871 0.495880
vt 0.217331 0.470594
vt 0.175982 0.440013
vt 0.347613 0.549542
vt 0.412010 0.664662
vt 0.369742 0.646823
vt 0.447383 0.684080
vt 0.477192 0.705186
vt 0.502628 0.728995
vt 0.524255 0.757137
vt 0.589298 0.803812
vt 0.589972 0.843693
vt 0.583717 0.886495
vt 0.516392 0.063822
vt 0.529886 0.106948
vt 0.533315 0.147615
vt 0.529159 0.184463
vt 0.519142 0.217231
vt 0.337759 0.480132
vt 0.309947 0.465159
vt 0.282562 0.445709
vt 0.254462 0.420843
vt 0.225140 0.389279
vt 0.319204 0.631134
vt 0.390687 0.709382
vt 0.353593 0.699249
vt 0.422571 0.722664
vt 0.449665 0.738790
vt 0.472393 0.758107
vt 0.490854 0.781321
vt 0.547325 0.810003
vt 0.549258 0.842841
vt 0.544076 0.876646
vt 0.478971 0.084772
vt 0.491054 0.115561
vt 0.494819 0.147314
vt 0.491836 0.177321
vt 0.485601 0.200130
vt 0.354641 0.445747
vt 0.331207 0.431223
vt 0.308925 0.412097
vt 0.287348 0.387899
vt 0.266627 0.358036
vt 0.311055 0.693539
vt 0.370918 0.763933
vt 0.342813 0.760302
vt 0.396235 0.770606
vt 0.418468 0.780232
vt 0.437503 0.792912
vt 0.453060 0.808785
vt 0.506992 0.827888
vt 0.510781 0.849444
vt 0.509171 0.871161
vt 0.450218 0.100486
vt 0.456826 0.119968
vt 0.458498 0.140971
vt 0.455424 0.161551
vt 0.448061 0.180393
vt 0.376008 0.404705
vt 0.359226 0.391276
vt 0.343981 0.374077
vt 0.330211 0.353243
vt 0.318099 0.328972
vt 0.312447 0.760109
vt 0.360073 0.788985
vt 0.338123 0.786172
vt 0.379963 0.794809
vt 0.397326 0.803292
vt 0.411986 0.814191
vt 0.423923 0.827277
vt 0.475433 0.835597
vt 0.478469 0.850906
vt 0.478514 0.866102
vt 0.423276 0.110412
vt 0.426386 0.124679
vt 0.426892 0.139924
vt 0.424642 0.155185
vt 0.419622 0.169625
vt 0.388704 0.375903
vt 0.374287 0.365423
vt 0.361186 0.351984
vt 0.349639 0.335574
vt 0.340081 0.316444
vt 0.314882 0.786880
vt 0.352905 0.818559
vt 0.335985 0.816993
vt 0.368426 0.822458
vt 0.382164 0.828469
vt 0.393935 0.836431
vt 0.403804 0.846170
vt 0.454727 0.844418
vt 0.458075 0.855494
vt 0.459447 0.866343
vt 0.406319 0.114183
vt 0.407260 0.124832
vt 0.406460 0.136007
vt 0.403827 0.147198
vt 0.399299 0.157898
vt 0.404551 0.352353
vt 0.393251 0.343675
vt 0.383206 0.332729
vt 0.374540 0.319580
vt 0.367540 0.304502
vt 0.318289 0.817961
vt 0.347404 0.842414
vt 0.334647 0.841532
vt 0.359256 0.845067
vt 0.369914 0.849369
vt 0.379264 0.855177
vt 0.387317 0.862337
vt 0.438735 0.853448
vt 0.442484 0.861137
vt 0.444916 0.868586
vt 0.392772 0.115940
vt 0.392328 0.123362
vt 0.390552 0.131353
vt 0.387511 0.139458
vt 0.383209 0.147248
vt 0.417467 0.332361
vt 0.408912 0.325413
vt 0.401299 0.316799
vt 0.394817 0.306591
vt 0.389623 0.295034
vt 0.321391 0.842502
vt 0.345020 0.868931
vt 0.335574 0.868874
vt 0.353956 0.870202
vt 0.362239 0.872602
vt 0.369847 0.876015
vt 0.376858 0.880315
vt 0.428470 0.864923
vt 0.432813 0.868913
vt 0.436096 0.872906
vt 0.384183 0.115179
vt 0.382591 0.119698
vt 0.380051 0.124634
vt 0.376641 0.129577
vt 0.372466 0.134180
vt 0.434417 0.316622
vt 0.428532 0.310404
vt 0.423332 0.303267
vt 0.418895 0.295152
vt 0.415384 0.286185
vt 0.325905 0.870081
vt 0.348907 0.915108
vt 0.342865 0.917750
vt 0.354421 0.912126
vt 0.359557 0.909125
vt 0.364681 0.906507
vt 0.370137 0.904769
vt 0.422109 0.876849
vt 0.425834 0.876596
vt 0.433278 0.878646
vt 0.379228 0.110405
vt 0.376736 0.112938
vt 0.373208 0.115881
vt 0.368424 0.117412
vt 0.363922 0.117691
vt 0.463468 0.300758
vt 0.463895 0.294409
vt 0.464693 0.288017
vt 0.465297 0.281375
vt 0.465340 0.274444
vt 0.336355 0.919795
vt 0.876887 0.420559
vt 0.497817 0.263245
vt 0.464619 0.267356
vt 0.353215 0.086944
vt 0.423343 0.903250
vt 0.354162 0.949122
vt 0.360016 0.116440
vt 0.436383 0.879868
vt 0.376056 0.904397
vt 0.877844 0.545542
vt 0.921324 0.369552
vt 0.218523 0.900845
vt 0.857043 0.404643
vt 0.225261 0.880207
vt 0.925951 0.345272
vt 0.865692 0.571992
vt 0.412886 0.276576
vt 0.367560 0.138172
vt 0.438199 0.876523
vt 0.383345 0.885275
vt 0.385928 0.282506
vt 0.377560 0.154400
vt 0.445815 0.875342
vt 0.394121 0.870575
vt 0.362562 0.288025
vt 0.392806 0.167773
vt 0.458973 0.876489
vt 0.411918 0.857533
vt 0.333211 0.295113
vt 0.411930 0.182676
vt 0.475873 0.880009
vt 0.433227 0.842173
vt 0.308205 0.301621
vt 0.436779 0.196546
vt 0.502454 0.890950
vt 0.464739 0.827538
vt 0.247850 0.321797
vt 0.471772 0.224095
vt 0.530307 0.909256
vt 0.501075 0.804684
vt 0.194676 0.349534
vt 0.504266 0.246905
vt 0.567680 0.932626
vt 0.541556 0.791342
vt 0.131743 0.401956
vt 0.560793 0.255656
vt 0.663705 0.966807
vt 0.620753 0.786227
vt 0.078984 0.470788
vt 0.607426 0.272858
vt 0.740870 0.966920
vt 0.678045 0.760725
vt 0.045288 0.548531
vt 0.642215 0.285247
vt 0.784435 0.954182
vt 0.712973 0.739075
vt 0.034396 0.609393
vt 0.676044 0.296847
vt 0.841090 0.917824
vt 0.751373 0.705444
vt 0.038528 0.673494
vt 0.712198 0.307796
vt 0.884684 0.865551
vt 0.785011 0.664627
vt 0.055603 0.735984
vt 0.750172 0.319239
vt 0.912945 0.803885
vt 0.813903 0.619514
vt 0.083065 0.792217
vt 0.789143 0.331254
vt 0.926471 0.738555
vt 0.837518 0.572745
vt 0.121979 0.840794
vt 0.831360 0.342150
vt 0.923779 0.670519
vt 0.854571 0.522593
vt 0.148470 0.865070
vt 0.847609 0.347516
vt 0.915977 0.631037
vt 0.856693 0.498193
vt 0.173488 0.882199
vt 0.878402 0.356059
vt 0.904677 0.598016
vt 0.867691 0.467483
vt 0.354506 0.948625
vt 0.353097 0.948575
vt 0.350474 0.948599
vt 0.348070 0.949076
vt 0.346424 0.949751
vt 0.345311 0.950603
vt 0.876258 0.420813
vt 0.875602 0.421506
vt 0.875131 0.422424
vt 0.874946 0.423284
vt 0.875208 0.423840
vt 0.875621 0.423969
vt 0.865274 0.443898
vt 0.859482 0.439713
vt 0.854962 0.433846
vt 0.852235 0.426760
vt 0.851558 0.419075
vt 0.853140 0.411460
vt 0.497786 0.264529
vt 0.498323 0.266187
vt 0.499430 0.268212
vt 0.501209 0.269951
vt 0.218146 0.901251
vt 0.217801 0.902078
vt 0.217617 0.903027
vt 0.217705 0.903791
vt 0.199366 0.887644
vt 0.205020 0.882876
vt 0.211603 0.879980
vt 0.218533 0.879079
vt 0.354162 0.087604
vt 0.355167 0.088290
vt 0.356473 0.088624
vt 0.358309 0.089656
vt 0.920978 0.369249
vt 0.920332 0.368895
vt 0.919563 0.368781
vt 0.918944 0.368889
vt 0.364429 0.117187
vt 0.369404 0.116803
vt 0.373437 0.114738
vt 0.376642 0.112769
vt 0.420780 0.904210
vt 0.419167 0.904529
vt 0.879037 0.544726
vt 0.879874 0.544117
vn -0.190938 -0.981593 -0.004243
vn -0.192902 -0.981186 -0.007970
vn -0.026445 -0.992855 -0.116357
vn 0.012301 -0.997913 -0.063386
vn -0.195835 -0.980577 -0.010800
vn -0.080080 -0.984974 -0.153013
vn -0.199376 -0.979843 -0.012537
vn -0.139476 -0.974945 -0.173289
vn -0.203195 -0.979050 -0.013118
vn -0.199907 -0.963208 -0.179630
vn -0.207014 -0.978258 -0.012536
vn -0.260017 -0.949927 -0.173289
vn -0.210555 -0.977522 -0.010800
vn -0.318499 -0.935492 -0.153013
vn -0.213488 -0.976913 -0.007970
vn -0.370840 -0.921379 -0.116357
vn -0.215452 -0.976505 -0.004243
vn -0.408399 -0.910600 -0.063386
vn -0.216145 -0.976361 -0.000000
vn -0.422161 -0.906521 -0.000000
vn -0.215452 -0.976505 0.004243
vn -0.408399 -0.910600 0.063386
vn -0.213488 -0.976913 0.007970
vn -0.370840 -0.921379 0.116357
vn -0.210555 -0.977522 0.010801
vn -0.318499 -0.935492 0.153013
vn -0.207014 -0.978258 0.012536
vn -0.260018 -0.949927 0.173289
vn -0.203195 -0.979050 0.013118
vn -0.199907 -0.963208 0.179630
vn -0.199376 -0.979843 0.012536
vn -0.139476 -0.974945 0.173289
vn -0.195835 -0.980577 0.010800
vn -0.080080 -0.984974 0.153013
vn -0.192901 -0.981186 0.007970
vn -0.026445 -0.992855 0.116357
vn -0.190938 -0.981593 0.004243
vn 0.012301 -0.997913 0.063386
vn -0.190245 -0.981737 -0.000000
vn 0.026549 -0.999647 -0.000000
vn 0.071074 -0.979015 -0.190991
vn 0.106988 -0.989503 -0.097151
vn 0.007998 -0.961541 -0.274546
vn -0.082102 -0.938793 -0.334556
vn -0.189857 -0.914783 -0.356548
vn -0.298266 -0.893929 -0.334556
vn -0.389978 -0.878944 -0.274546
vn -0.454798 -0.869874 -0.190991
vn -0.491919 -0.865203 -0.097151
vn -0.503909 -0.863757 -0.000000
vn -0.491919 -0.865203 0.097151
vn -0.454798 -0.869874 0.190992
vn -0.389978 -0.878944 0.274545
vn -0.298267 -0.893929 0.334556
vn -0.189857 -0.914783 0.356547
vn -0.082102 -0.938792 0.334556
vn 0.007999 -0.961541 0.274546
vn 0.071074 -0.979015 0.190991
vn 0.106988 -0.989502 0.097151
vn 0.118564 -0.992946 -0.000000
vn 0.212813 -0.933227 -0.289478
vn 0.271406 -0.950802 -0.149378
vn 0.115159 -0.905481 -0.408464
vn -0.017697 -0.871034 -0.490905
vn -0.173470 -0.835830 -0.520862
vn -0.330387 -0.806137 -0.490905
vn -0.465980 -0.784869 -0.408464
vn -0.566609 -0.771464 -0.289478
vn -0.627357 -0.764271 -0.149379
vn -0.647551 -0.762022 -0.000000
vn -0.627357 -0.764271 0.149379
vn -0.566609 -0.771464 0.289477
vn -0.465979 -0.784870 0.408463
vn -0.330387 -0.806137 0.490904
vn -0.173470 -0.835830 0.520861
vn -0.017697 -0.871034 0.490904
vn 0.115159 -0.905481 0.408464
vn 0.212812 -0.933228 0.289477
vn 0.271407 -0.950802 0.149378
vn 0.290828 -0.956775 0.000001
vn 0.402803 -0.816268 -0.414074
vn 0.500308 -0.837906 -0.218188
vn 0.252019 -0.783254 -0.568331
vn 0.063323 -0.742709 -0.666614
vn -0.145059 -0.698935 -0.700320
vn -0.353650 -0.656169 -0.666614
vn -0.542896 -0.618275 -0.568331
vn -0.694364 -0.588559 -0.414074
vn -0.792428 -0.569607 -0.218188
vn -0.826392 -0.563096 0.000000
vn -0.792427 -0.569607 0.218188
vn -0.694364 -0.588559 0.414073
vn -0.542896 -0.618275 0.568331
vn -0.353650 -0.656169 0.666614
vn -0.145059 -0.698935 0.700320
vn 0.063324 -0.742709 0.666613
vn 0.252019 -0.783253 0.568332
vn 0.402803 -0.816268 0.414073
vn 0.500308 -0.837906 0.218187
vn 0.534058 -0.845448 0.000001
vn 0.533362 -0.689912 -0.489434
vn 0.649133 -0.715564 -0.258059
vn 0.354714 -0.650847 -0.671249
vn 0.131624 -0.602953 -0.786843
vn -0.114415 -0.551285 -0.826435
vn -0.360695 -0.500776 -0.786843
vn -0.584420 -0.455937 -0.671249
vn -0.763859 -0.420683 -0.489433
vn -0.880276 -0.398146 -0.258059
vn -0.920649 -0.390390 -0.000000
vn -0.880276 -0.398146 0.258059
vn -0.763859 -0.420683 0.489433
vn -0.584419 -0.455936 0.671250
vn -0.360695 -0.500776 0.786844
vn -0.114415 -0.551284 0.826435
vn 0.131625 -0.602953 0.786843
vn 0.354714 -0.650847 0.671250
vn 0.533363 -0.689913 0.489433
vn 0.649134 -0.715564 0.258058
vn 0.689259 -0.724515 0.000001
vn 0.607453 -0.593128 -0.528393
vn 0.732861 -0.620670 -0.278718
vn 0.414226 -0.551172 -0.724311
vn 0.173296 -0.499686 -0.848695
vn -0.092155 -0.444030 -0.891260
vn -0.357830 -0.389454 -0.848695
vn -0.599351 -0.340811 -0.724311
vn -0.793315 -0.302408 -0.528394
vn -0.919326 -0.277771 -0.278718
vn -0.963063 -0.269276 -0.000000
vn -0.919326 -0.277770 0.278718
vn -0.793315 -0.302408 0.528394
vn -0.599351 -0.340810 0.724311
vn -0.357831 -0.389454 0.848695
vn -0.092155 -0.444030 0.891260
vn 0.173297 -0.499685 0.848695
vn 0.414226 -0.551171 0.724312
vn 0.607454 -0.593127 0.528394
vn 0.732861 -0.620670 0.278718
vn 0.776367 -0.630282 0.000001
vn 0.716691 -0.391776 -0.576945
vn 0.854302 -0.421253 -0.304489
vn 0.505085 -0.346740 -0.790355
vn 0.241788 -0.291199 -0.925603
vn -0.047888 -0.230739 -0.971836
vn -0.337700 -0.170931 -0.925603
vn -0.601353 -0.117107 -0.790354
vn -0.813404 -0.074216 -0.576945
vn -0.951380 -0.046496 -0.304489
vn -0.999319 -0.036899 -0.000000
vn -0.951380 -0.046496 0.304489
vn -0.813404 -0.074216 0.576946
vn -0.601353 -0.117106 0.790355
vn -0.337700 -0.170930 0.925603
vn -0.047888 -0.230739 0.971836
vn 0.241789 -0.291199 0.925603
vn 0.505085 -0.346739 0.790355
vn 0.716690 -0.391776 0.576946
vn 0.854302 -0.421253 0.304490
vn 0.902101 -0.431526 0.000000
vn 0.794592 -0.132740 -0.592455
vn 0.936220 -0.160633 -0.312552
vn 0.576725 -0.089226 -0.812051
vn 0.305561 -0.033900 -0.951569
vn 0.007282 0.028713 -0.999561
vn -0.290846 0.093460 -0.952194
vn -0.561512 0.154421 -0.812932
vn -0.778545 0.204990 -0.593166
vn -0.919313 0.238653 -0.312902
vn -0.968120 0.250489 -0.000000
vn -0.919313 0.238653 0.312902
vn -0.778545 0.204989 0.593167
vn -0.561511 0.154421 0.812933
vn -0.290846 0.093460 0.952194
vn 0.007282 0.028713 0.999561
vn 0.305561 -0.033901 0.951569
vn 0.576724 -0.089227 0.812052
vn 0.794592 -0.132739 0.592456
vn 0.936220 -0.160632 0.312553
vn 0.985400 -0.170252 0.000000
vn 0.808185 0.069012 -0.584871
vn 0.950220 0.038020 -0.309251
vn 0.590596 0.118459 -0.798225
vn 0.322067 0.183291 -0.928804
vn 0.031316 0.259260 -0.965300
vn -0.251540 0.340486 -0.905979
vn -0.497951 0.419008 -0.759261
vn -0.685142 0.485203 -0.543285
vn -0.799956 0.529569 -0.282182
vn -0.838312 0.545191 0.000000
vn -0.799956 0.529569 0.282182
vn -0.685141 0.485204 0.543285
vn -0.497950 0.419008 0.759261
vn -0.251540 0.340485 0.905979
vn 0.031316 0.259259 0.965300
vn 0.322067 0.183290 0.928805
vn 0.590597 0.118459 0.798225
vn 0.808185 0.069013 0.584871
vn 0.950220 0.038020 0.309253
vn 0.999623 0.027457 0.000001
vn 0.798872 0.227049 -0.557003
vn 0.930682 0.221768 -0.290947
vn 0.587412 0.247032 -0.770664
vn 0.315012 0.294712 -0.902171
vn 0.016780 0.376073 -0.926438
vn -0.259023 0.479260 -0.838581
vn -0.471274 0.578971 -0.665352
vn -0.607242 0.654813 -0.449975
vn -0.678191 0.699788 -0.224397
vn -0.699691 0.714446 0.000000
vn -0.678191 0.699788 0.224398
vn -0.607241 0.654813 0.449975
vn -0.471274 0.578971 0.665352
vn -0.259023 0.479259 0.838581
vn 0.016780 0.376072 0.926438
vn 0.315012 0.294711 0.902171
vn 0.587412 0.247030 0.770664
vn 0.798872 0.227048 0.557003
vn 0.930682 0.221767 0.290948
vn 0.975236 0.221169 0.000001
vn 0.771869 0.383149 -0.507360
vn 0.882559 0.391361 -0.260627
vn 0.583345 0.382066 -0.716753
vn 0.326268 0.403245 -0.854952
vn 0.032323 0.457836 -0.888449
vn -0.248424 0.546202 -0.799968
vn -0.453297 0.649229 -0.610756
vn -0.558683 0.726713 -0.399701
vn -0.609895 0.768343 -0.194104
vn -0.623786 0.781595 0.000000
vn -0.609895 0.768343 0.194105
vn -0.558683 0.726713 0.399702
vn -0.453298 0.649230 0.610755
vn -0.248425 0.546203 0.799967
vn 0.032324 0.457837 0.888448
vn 0.326267 0.403246 0.854952
vn 0.583345 0.382065 0.716753
vn 0.771869 0.383149 0.507360
vn 0.882559 0.391361 0.260627
vn 0.918501 0.395419 0.000001
vn 0.679702 0.588666 -0.437581
vn 0.788672 0.571784 -0.225964
vn 0.497519 0.612313 -0.614449
vn 0.252817 0.635809 -0.729267
vn -0.023870 0.651852 -0.757970
vn -0.307431 0.660126 -0.685361
vn -0.518251 0.661703 -0.541816
vn -0.633303 0.668928 -0.389182
vn -0.717807 0.667561 -0.197776
vn -0.745089 0.666965 -0.000000
vn -0.717807 0.667561 0.197776
vn -0.633303 0.668927 0.389183
vn -0.518252 0.661702 0.541817
vn -0.307432 0.660125 0.685361
vn -0.023871 0.651852 0.757971
vn 0.252816 0.635808 0.729268
vn 0.497519 0.612313 0.614449
vn 0.679703 0.588666 0.437580
vn 0.788672 0.571784 0.225965
vn 0.824583 0.565741 0.000001
vn 0.656022 0.614236 -0.438578
vn 0.767427 0.599782 -0.226533
vn 0.469720 0.633173 -0.615188
vn 0.220260 0.649159 -0.728064
vn -0.059165 0.655117 -0.753207
vn -0.344722 0.635323 -0.691036
vn -0.580195 0.584812 -0.566893
vn -0.724105 0.553629 -0.411299
vn -0.818785 0.534097 -0.210552
vn -0.849688 0.527285 0.000000
vn -0.818785 0.534097 0.210551
vn -0.724104 0.553630 0.411299
vn -0.580195 0.584813 0.566893
vn -0.344724 0.635323 0.691035
vn -0.059166 0.655117 0.753207
vn 0.220259 0.649160 0.728064
vn 0.469720 0.633173 0.615187
vn 0.656022 0.614235 0.438577
vn 0.767428 0.599781 0.226534
vn 0.804119 0.594469 0.000001
vn 0.695019 0.556857 -0.454817
vn 0.802973 0.548597 -0.232969
vn 0.510944 0.565669 -0.647267
vn 0.256518 0.567860 -0.782134
vn -0.041375 0.556785 -0.829626
vn -0.336173 0.531757 -0.777317
vn -0.583390 0.499632 -0.640332
vn -0.760078 0.469932 -0.448827
vn -0.863105 0.449766 -0.229696
vn -0.896665 0.442710 -0.000000
vn -0.863105 0.449767 0.229696
vn -0.760076 0.469933 0.448829
vn -0.583390 0.499631 0.640332
vn -0.336174 0.531758 0.777316
vn -0.041374 0.556786 0.829625
vn 0.256516 0.567862 0.782133
vn 0.510944 0.565670 0.647266
vn 0.695019 0.556857 0.454818
vn 0.802972 0.548599 0.232970
vn 0.838193 0.545374 0.000000
vn 0.713697 0.529116 -0.458990
vn 0.819656 0.522557 -0.234729
vn 0.532092 0.535942 -0.655472
vn 0.278432 0.536983 -0.796320
vn -0.022873 0.526370 -0.849948
vn -0.325249 0.503208 -0.800621
vn -0.581263 0.473478 -0.661780
vn -0.765044 0.445910 -0.464620
vn -0.872313 0.427158 -0.237920
vn -0.907249 0.420594 -0.000000
vn -0.872313 0.427158 0.237921
vn -0.765044 0.445908 0.464623
vn -0.581265 0.473475 0.661780
vn -0.325248 0.503207 0.800623
vn -0.022871 0.526369 0.849949
vn 0.278429 0.536982 0.796321
vn 0.532092 0.535942 0.655472
vn 0.713697 0.529117 0.458989
vn 0.819655 0.522559 0.234729
vn 0.854178 0.519981 0.000004
vn 0.709312 0.537210 -0.456379
vn 0.812471 0.534433 -0.232964
vn 0.531710 0.538136 -0.653983
vn 0.281550 0.531745 -0.798735
vn -0.019335 0.512693 -0.858355
vn -0.325744 0.480477 -0.814268
vn -0.588599 0.441864 -0.676984
vn -0.778968 0.406870 -0.477143
vn -0.890594 0.383268 -0.244844
vn -0.927013 0.375029 -0.000002
vn -0.890594 0.383268 0.244843
vn -0.778968 0.406868 0.477144
vn -0.588601 0.441863 0.676983
vn -0.325741 0.480477 0.814269
vn -0.019332 0.512691 0.858356
vn 0.281549 0.531743 0.798736
vn 0.531710 0.538134 0.653984
vn 0.709315 0.537208 0.456377
vn 0.812472 0.534431 0.232965
vn 0.846018 0.533154 0.000005
vn 0.690932 0.548831 -0.470529
vn 0.786360 0.570412 -0.237209
vn 0.518464 0.509101 -0.687031
vn 0.260198 0.447856 -0.855407
vn -0.066540 0.368263 -0.927338
vn -0.402129 0.287497 -0.869274
vn -0.676086 0.229159 -0.700281
vn -0.856494 0.202898 -0.474606
vn -0.951243 0.198773 -0.235852
vn -0.979792 0.200017 -0.000001
vn -0.951243 0.198774 0.235851
vn -0.856493 0.202900 0.474606
vn -0.676085 0.229161 0.700281
vn -0.402129 0.287498 0.869274
vn -0.066539 0.368262 0.927338
vn 0.260199 0.447854 0.855408
vn 0.518465 0.509100 0.687031
vn 0.690932 0.548830 0.470529
vn 0.786360 0.570411 0.237210
vn 0.816604 0.577198 0.000002
vn 0.645273 0.583984 -0.492529
vn 0.750307 0.613824 -0.245476
vn 0.445828 0.522112 -0.727074
vn 0.137094 0.416017 -0.898963
vn -0.239516 0.275470 -0.930993
vn -0.577671 0.146612 -0.802995
vn -0.804855 0.069400 -0.589400
vn -0.928256 0.042520 -0.369505
vn -0.983763 0.041644 -0.174574
vn -0.999023 0.044194 -0.000000
vn -0.983763 0.041644 0.174573
vn -0.928256 0.042520 0.369503
vn -0.804854 0.069400 0.589401
vn -0.577671 0.146613 0.802995
vn -0.239519 0.275469 0.930993
vn 0.137094 0.416021 0.898962
vn 0.445827 0.522111 0.727076
vn 0.645274 0.583984 0.492529
vn 0.750308 0.613824 0.245476
vn 0.782578 0.622552 -0.000000
vn -0.203212 -0.979135 -0.000000
vn -0.722737 0.691123 -0.000000
s 1
g FlameSpirit1
usemtl aiStandardSurface1SG
f 745/1518/1545 746/1038/1546 766/1039/1547 765/1040/1548
f 746/1517/1546 747/1041/1549 767/1042/1550 766/1039/1547
f 747/1516/1549 748/1043/1551 768/1044/1552 767/1042/1550
f 748/1515/1551 749/1045/1553 769/1046/1554 768/1044/1552
f 749/1514/1553 750/1047/1555 770/1048/1556 769/1046/1554
f 750/1513/1555 751/1049/1557 771/1500/1558 770/1048/1556
f 751/1432/1557 752/1051/1559 772/1052/1560 771/1050/1558
f 752/1051/1559 753/1053/1561 773/1054/1562 772/1052/1560
f 753/1053/1561 754/1055/1563 774/1499/1564 773/1054/1562
f 754/1431/1563 755/1057/1565 775/1058/1566 774/1056/1564
f 755/1057/1565 756/1059/1567 776/1060/1568 775/1058/1566
f 756/1059/1567 757/1061/1569 777/1062/1570 776/1060/1568
f 757/1061/1569 758/1063/1571 778/1064/1572 777/1062/1570
f 758/1063/1571 759/1065/1573 779/1498/1574 778/1064/1572
f 759/1430/1573 760/1067/1575 780/1068/1576 779/1066/1574
f 760/1530/1575 761/1069/1577 781/1070/1578 780/1068/1576
f 761/1529/1577 762/1071/1579 782/1072/1580 781/1070/1578
f 762/1528/1579 763/1073/1581 783/1074/1582 782/1072/1580
f 763/1527/1581 764/1075/1583 784/1497/1584 783/1074/1582
f 764/1429/1583 745/1037/1545 765/1040/1548 784/1076/1584
f 765/1040/1548 766/1039/1547 786/1077/1585 785/1078/1586
f 766/1039/1547 767/1042/1550 787/1079/1587 786/1077/1585
f 767/1042/1550 768/1044/1552 788/1080/1588 787/1079/1587
f 768/1044/1552 769/1046/1554 789/1081/1589 788/1080/1588
f 769/1046/1554 770/1048/1556 790/1082/1590 789/1081/1589
f 770/1048/1556 771/1500/1558 791/1496/1591 790/1082/1590
f 771/1050/1558 772/1052/1560 792/1084/1592 791/1083/1591
f 772/1052/1560 773/1054/1562 793/1085/1593 792/1084/1592
f 773/1054/1562 774/1499/1564 794/1495/1594 793/1085/1593
f 774/1056/1564 775/1058/1566 795/1087/1595 794/1086/1594
f 775/1058/1566 776/1060/1568 796/1088/1596 795/1087/1595
f 776/1060/1568 777/1062/1570 797/1089/1597 796/1088/1596
f 777/1062/1570 778/1064/1572 798/1090/1598 797/1089/1597
f 778/1064/1572 779/1498/1574 799/1494/1599 798/1090/1598
f 779/1066/1574 780/1068/1576 800/1092/1600 799/1091/1599
f 780/1068/1576 781/1070/1578 801/1093/1601 800/1092/1600
f 781/1070/1578 782/1072/1580 802/1094/1602 801/1093/1601
f 782/1072/1580 783/1074/1582 803/1095/1603 802/1094/1602
f 783/1074/1582 784/1497/1584 804/1493/1604 803/1095/1603
f 784/1076/1584 765/1040/1548 785/1078/1586 804/1096/1604
f 785/1078/1586 786/1077/1585 806/1097/1605 805/1098/1606
f 786/1077/1585 787/1079/1587 807/1099/1607 806/1097/1605
f 787/1079/1587 788/1080/1588 808/1100/1608 807/1099/1607
f 788/1080/1588 789/1081/1589 809/1101/1609 808/1100/1608
f 789/1081/1589 790/1082/1590 810/1102/1610 809/1101/1609
f 790/1082/1590 791/1496/1591 811/1492/1611 810/1102/1610
f 791/1083/1591 792/1084/1592 812/1104/1612 811/1103/1611
f 792/1084/1592 793/1085/1593 813/1105/1613 812/1104/1612
f 793/1085/1593 794/1495/1594 814/1491/1614 813/1105/1613
f 794/1086/1594 795/1087/1595 815/1107/1615 814/1106/1614
f 795/1087/1595 796/1088/1596 816/1108/1616 815/1107/1615
f 796/1088/1596 797/1089/1597 817/1109/1617 816/1108/1616
f 797/1089/1597 798/1090/1598 818/1110/1618 817/1109/1617
f 798/1090/1598 799/1494/1599 819/1490/1619 818/1110/1618
f 799/1091/1599 800/1092/1600 820/1112/1620 819/1111/1619
f 800/1092/1600 801/1093/1601 821/1113/1621 820/1112/1620
f 801/1093/1601 802/1094/1602 822/1114/1622 821/1113/1621
f 802/1094/1602 803/1095/1603 823/1115/1623 822/1114/1622
f 803/1095/1603 804/1493/1604 824/1489/1624 823/1115/1623
f 804/1096/1604 785/1078/1586 805/1098/1606 824/1116/1624
f 805/1098/1606 806/1097/1605 826/1117/1625 825/1118/1626
f 806/1097/1605 807/1099/1607 827/1119/1627 826/1117/1625
f 807/1099/1607 808/1100/1608 828/1120/1628 827/1119/1627
f 808/1100/1608 809/1101/1609 829/1121/1629 828/1120/1628
f 809/1101/1609 810/1102/1610 830/1122/1630 829/1121/1629
f 810/1102/1610 811/1492/1611 831/1488/1631 830/1122/1630
f 811/1103/1611 812/1104/1612 832/1124/1632 831/1123/1631
f 812/1104/1612 813/1105/1613 833/1125/1633 832/1124/1632
f 813/1105/1613 814/1491/1614 834/1487/1634 833/1125/1633
f 814/1106/1614 815/1107/1615 835/1127/1635 834/1126/1634
f 815/1107/1615 816/1108/1616 836/1128/1636 835/1127/1635
f 816/1108/1616 817/1109/1617 837/1129/1637 836/1128/1636
f 817/1109/1617 818/1110/1618 838/1130/1638 837/1129/1637
f 818/1110/1618 819/1490/1619 839/1486/1639 838/1130/1638
f 819/1111/1619 820/1112/1620 840/1132/1640 839/1131/1639
f 820/1112/1620 821/1113/1621 841/1133/1641 840/1132/1640
f 821/1113/1621 822/1114/1622 842/1134/1642 841/1133/1641
f 822/1114/1622 823/1115/1623 843/1135/1643 842/1134/1642
f 823/1115/1623 824/1489/1624 844/1485/1644 843/1135/1643
f 824/1116/1624 805/1098/1606 825/1118/1626 844/1136/1644
f 825/1118/1626 826/1117/1625 846/1137/1645 845/1138/1646
f 826/1117/1625 827/1119/1627 847/1139/1647 846/1137/1645
f 827/1119/1627 828/1120/1628 848/1140/1648 847/1139/1647
f 828/1120/1628 829/1121/1629 849/1141/1649 848/1140/1648
f 829/1121/1629 830/1122/1630 850/1142/1650 849/1141/1649
f 830/1122/1630 831/1488/1631 851/1484/1651 850/1142/1650
f 831/1123/1631 832/1124/1632 852/1144/1652 851/1143/1651
f 832/1124/1632 833/1125/1633 853/1145/1653 852/1144/1652
f 833/1125/1633 834/1487/1634 854/1483/1654 853/1145/1653
f 834/1126/1634 835/1127/1635 855/1147/1655 854/1146/1654
f 835/1127/1635 836/1128/1636 856/1148/1656 855/1147/1655
f 836/1128/1636 837/1129/1637 857/1149/1657 856/1148/1656
f 837/1129/1637 838/1130/1638 858/1150/1658 857/1149/1657
f 838/1130/1638 839/1486/1639 859/1482/1659 858/1150/1658
f 839/1131/1639 840/1132/1640 860/1152/1660 859/1151/1659
f 840/1132/1640 841/1133/1641 861/1153/1661 860/1152/1660
f 841/1133/1641 842/1134/1642 862/1154/1662 861/1153/1661
f 842/1134/1642 843/1135/1643 863/1155/1663 862/1154/1662
f 843/1135/1643 844/1485/1644 864/1481/1664 863/1155/1663
f 844/1136/1644 825/1118/1626 845/1138/1646 864/1156/1664
f 845/1138/1646 846/1137/1645 866/1157/1665 865/1158/1666
f 846/1137/1645 847/1139/1647 867/1159/1667 866/1157/1665
f 847/1139/1647 848/1140/1648 868/1160/1668 867/1159/1667
f 848/1140/1648 849/1141/1649 869/1161/1669 868/1160/1668
f 849/1141/1649 850/1142/1650 870/1162/1670 869/1161/1669
f 850/1142/1650 851/1484/1651 871/1480/1671 870/1162/1670
f 851/1143/1651 852/1144/1652 872/1164/1672 871/1163/1671
f 852/1144/1652 853/1145/1653 873/1165/1673 872/1164/1672
f 853/1145/1653 854/1483/1654 874/1479/1674 873/1165/1673
f 854/1146/1654 855/1147/1655 875/1167/1675 874/1166/1674
f 855/1147/1655 856/1148/1656 876/1168/1676 875/1167/1675
f 856/1148/1656 857/1149/1657 877/1169/1677 876/1168/1676
f 857/1149/1657 858/1150/1658 878/1170/1678 877/1169/1677
f 858/1150/1658 859/1482/1659 879/1478/1679 878/1170/1678
f 859/1151/1659 860/1152/1660 880/1172/1680 879/1171/1679
f 860/1152/1660 861/1153/1661 881/1173/1681 880/1172/1680
f 861/1153/1661 862/1154/1662 882/1174/1682 881/1173/1681
f 862/1154/1662 863/1155/1663 883/1175/1683 882/1174/1682
f 863/1155/1663 864/1481/1664 884/1477/1684 883/1175/1683
f 864/1156/1664 845/1138/1646 865/1158/1666 884/1176/1684
f 865/1158/1666 866/1157/1665 886/1177/1685 885/1178/1686
f 866/1157/1665 867/1159/1667 887/1179/1687 886/1177/1685
f 867/1159/1667 868/1160/1668 888/1180/1688 887/1179/1687
f 868/1160/1668 869/1161/1669 889/1181/1689 888/1180/1688
f 869/1161/1669 870/1162/1670 890/1182/1690 889/1181/1689
f 870/1162/1670 871/1480/1671 891/1476/1691 890/1182/1690
f 871/1163/1671 872/1164/1672 892/1184/1692 891/1183/1691
f 872/1164/1672 873/1165/1673 893/1185/1693 892/1184/1692
f 873/1165/1673 874/1479/1674 894/1475/1694 893/1185/1693
f 874/1166/1674 875/1167/1675 895/1187/1695 894/1186/1694
f 875/1167/1675 876/1168/1676 896/1188/1696 895/1187/1695
f 876/1168/1676 877/1169/1677 897/1189/1697 896/1188/1696
f 877/1169/1677 878/1170/1678 898/1190/1698 897/1189/1697
f 878/1170/1678 879/1478/1679 899/1474/1699 898/1190/1698
f 879/1171/1679 880/1172/1680 900/1192/1700 899/1191/1699
f 880/1172/1680 881/1173/1681 901/1193/1701 900/1192/1700
f 881/1173/1681 882/1174/1682 902/1194/1702 901/1193/1701
f 882/1174/1682 883/1175/1683 903/1195/1703 902/1194/1702
f 883/1175/1683 884/1477/1684 904/1473/1704 903/1195/1703
f 884/1176/1684 865/1158/1666 885/1178/1686 904/1196/1704
f 885/1178/1686 886/1177/1685 906/1197/1705 905/1198/1706
f 886/1177/1685 887/1179/1687 907/1199/1707 906/1197/1705
f 887/1179/1687 888/1180/1688 908/1200/1708 907/1199/1707
f 888/1180/1688 889/1181/1689 909/1201/1709 908/1200/1708
f 889/1181/1689 890/1182/1690 910/1202/1710 909/1201/1709
f 890/1182/1690 891/1476/1691 911/1472/1711 910/1202/1710
f 891/1183/1691 892/1184/1692 912/1204/1712 911/1203/1711
f 892/1184/1692 893/1185/1693 913/1205/1713 912/1204/1712
f 893/1185/1693 894/1475/1694 914/1471/1714 913/1205/1713
f 894/1186/1694 895/1187/1695 915/1207/1715 914/1206/1714
f 895/1187/1695 896/1188/1696 916/1208/1716 915/1207/1715
f 896/1188/1696 897/1189/1697 917/1209/1717 916/1208/1716
f 897/1189/1697 898/1190/1698 918/1210/1718 917/1209/1717
f 898/1190/1698 899/1474/1699 919/1470/1719 918/1210/1718
f 899/1191/1699 900/1192/1700 920/1212/1720 919/1211/1719
f 900/1192/1700 901/1193/1701 921/1213/1721 920/1212/1720
f 901/1193/1701 902/1194/1702 922/1214/1722 921/1213/1721
f 902/1194/1702 903/1195/1703 923/1215/1723 922/1214/1722
f 903/1195/1703 904/1473/1704 924/1469/1724 923/1215/1723
f 904/1196/1704 885/1178/1686 905/1198/1706 924/1216/1724
f 905/1198/1706 906/1197/1705 926/1217/1725 925/1218/1726
f 906/1197/1705 907/1199/1707 927/1219/1727 926/1217/1725
f 907/1199/1707 908/1200/1708 928/1220/1728 927/1219/1727
f 908/1200/1708 909/1201/1709 929/1221/1729 928/1220/1728
f 909/1201/1709 910/1202/1710 930/1222/1730 929/1221/1729
f 910/1202/1710 911/1472/1711 931/1468/1731 930/1222/1730
f 911/1203/1711 912/1204/1712 932/1224/1732 931/1223/1731
f 912/1204/1712 913/1205/1713 933/1225/1733 932/1224/1732
f 913/1205/1713 914/1471/1714 934/1467/1734 933/1225/1733
f 914/1206/1714 915/1207/1715 935/1227/1735 934/1226/1734
f 915/1207/1715 916/1208/1716 936/1228/1736 935/1227/1735
f 916/1208/1716 917/1209/1717 937/1229/1737 936/1228/1736
f 917/1209/1717 918/1210/1718 938/1230/1738 937/1229/1737
f 918/1210/1718 919/1470/1719 939/1466/1739 938/1230/1738
f 919/1211/1719 920/1212/1720 940/1232/1740 939/1231/1739
f 920/1212/1720 921/1213/1721 941/1233/1741 940/1232/1740
f 921/1213/1721 922/1214/1722 942/1234/1742 941/1233/1741
f 922/1214/1722 923/1215/1723 943/1235/1743 942/1234/1742
f 923/1215/1723 924/1469/1724 944/1465/1744 943/1235/1743
f 924/1216/1724 905/1198/1706 925/1218/1726 944/1236/1744
f 925/1218/1726 926/1217/1725 946/1237/1745 945/1238/1746
f 926/1217/1725 927/1219/1727 947/1239/1747 946/1237/1745
f 927/1219/1727 928/1220/1728 948/1240/1748 947/1239/1747
f 928/1220/1728 929/1221/1729 949/1241/1749 948/1240/1748
f 929/1221/1729 930/1222/1730 950/1242/1750 949/1241/1749
f 930/1222/1730 931/1468/1731 951/1464/1751 950/1242/1750
f 931/1223/1731 932/1224/1732 952/1244/1752 951/1243/1751
f 932/1224/1732 933/1225/1733 953/1245/1753 952/1244/1752
f 933/1225/1733 934/1467/1734 954/1463/1754 953/1245/1753
f 934/1226/1734 935/1227/1735 955/1247/1755 954/1246/1754
f 935/1227/1735 936/1228/1736 956/1248/1756 955/1247/1755
f 936/1228/1736 937/1229/1737 957/1249/1757 956/1248/1756
f 937/1229/1737 938/1230/1738 958/1250/1758 957/1249/1757
f 938/1230/1738 939/1466/1739 959/1462/1759 958/1250/1758
f 939/1231/1739 940/1232/1740 960/1252/1760 959/1251/1759
f 940/1232/1740 941/1233/1741 961/1253/1761 960/1252/1760
f 941/1233/1741 942/1234/1742 962/1254/1762 961/1253/1761
f 942/1234/1742 943/1235/1743 963/1255/1763 962/1254/1762
f 943/1235/1743 944/1465/1744 964/1461/1764 963/1255/1763
f 944/1236/1744 925/1218/1726 945/1238/1746 964/1256/1764
f 945/1238/1746 946/1237/1745 966/1257/1765 965/1258/1766
f 946/1237/1745 947/1239/1747 967/1259/1767 966/1257/1765
f 947/1239/1747 948/1240/1748 968/1260/1768 967/1259/1767
f 948/1240/1748 949/1241/1749 969/1261/1769 968/1260/1768
f 949/1241/1749 950/1242/1750 970/1262/1770 969/1261/1769
f 950/1242/1750 951/1464/1751 971/1460/1771 970/1262/1770
f 951/1243/1751 952/1244/1752 972/1264/1772 971/1263/1771
f 952/1244/1752 953/1245/1753 973/1265/1773 972/1264/1772
f 953/1245/1753 954/1463/1754 974/1459/1774 973/1265/1773
f 954/1246/1754 955/1247/1755 975/1267/1775 974/1266/1774
f 955/1247/1755 956/1248/1756 976/1268/1776 975/1267/1775
f 956/1248/1756 957/1249/1757 977/1269/1777 976/1268/1776
f 957/1249/1757 958/1250/1758 978/1270/1778 977/1269/1777
f 958/1250/1758 959/1462/1759 979/1458/1779 978/1270/1778
f 959/1251/1759 960/1252/1760 980/1272/1780 979/1271/1779
f 960/1252/1760 961/1253/1761 981/1273/1781 980/1272/1780
f 961/1253/1761 962/1254/1762 982/1274/1782 981/1273/1781
f 962/1254/1762 963/1255/1763 983/1275/1783 982/1274/1782
f 963/1255/1763 964/1461/1764 984/1457/1784 983/1275/1783
f 964/1256/1764 945/1238/1746 965/1258/1766 984/1276/1784
f 965/1258/1766 966/1257/1765 986/1277/1785 985/1278/1786
f 966/1257/1765 967/1259/1767 987/1279/1787 986/1277/1785
f 967/1259/1767 968/1260/1768 988/1280/1788 987/1279/1787
f 968/1260/1768 969/1261/1769 989/1281/1789 988/1280/1788
f 969/1261/1769 970/1262/1770 990/1282/1790 989/1281/1789
f 970/1262/1770 971/1460/1771 991/1456/1791 990/1282/1790
f 971/1263/1771 972/1264/1772 992/1284/1792 991/1283/1791
f 972/1264/1772 973/1265/1773 993/1285/1793 992/1284/1792
f 973/1265/1773 974/1459/1774 994/1455/1794 993/1285/1793
f 974/1266/1774 975/1267/1775 995/1287/1795 994/1286/1794
f 975/1267/1775 976/1268/1776 996/1288/1796 995/1287/1795
f 976/1268/1776 977/1269/1777 997/1289/1797 996/1288/1796
f 977/1269/1777 978/1270/1778 998/1290/1798 997/1289/1797
f 978/1270/1778 979/1458/1779 999/1454/1799 998/1290/1798
f 979/1271/1779 980/1272/1780 1000/1292/1800 999/1291/1799
f 980/1272/1780 981/1273/1781 1001/1293/1801 1000/1292/1800
f 981/1273/1781 982/1274/1782 1002/1294/1802 1001/1293/1801
f 982/1274/1782 983/1275/1783 1003/1295/1803 1002/1294/1802
f 983/1275/1783 984/1457/1784 1004/1453/1804 1003/1295/1803
f 984/1276/1784 965/1258/1766 985/1278/1786 1004/1296/1804
f 985/1278/1786 986/1277/1785 1006/1297/1805 1005/1298/1806
f 986/1277/1785 987/1279/1787 1007/1299/1807 1006/1297/1805
f 987/1279/1787 988/1280/1788 1008/1300/1808 1007/1299/1807
f 988/1280/1788 989/1281/1789 1009/1301/1809 1008/1300/1808
f 989/1281/1789 990/1282/1790 1010/1302/1810 1009/1301/1809
f 990/1282/1790 991/1456/1791 1011/1452/1811 1010/1302/1810
f 991/1283/1791 992/1284/1792 1012/1304/1812 1011/1303/1811
f 992/1284/1792 993/1285/1793 1013/1305/1813 1012/1304/1812
f 993/1285/1793 994/1455/1794 1014/1451/1814 1013/1305/1813
f 994/1286/1794 995/1287/1795 1015/1307/1815 1014/1306/1814
f 995/1287/1795 996/1288/1796 1016/1308/1816 1015/1307/1815
f 996/1288/1796 997/1289/1797 1017/1309/1817 1016/1308/1816
f 997/1289/1797 998/1290/1798 1018/1310/1818 1017/1309/1817
f 998/1290/1798 999/1454/1799 1019/1450/1819 1018/1310/1818
f 999/1291/1799 1000/1292/1800 1020/1312/1820 1019/1311/1819
f 1000/1292/1800 1001/1293/1801 1021/1313/1821 1020/1312/1820
f 1001/1293/1801 1002/1294/1802 1022/1314/1822 1021/1313/1821
f 1002/1294/1802 1003/1295/1803 1023/1315/1823 1022/1314/1822
f 1003/1295/1803 1004/1453/1804 1024/1449/1824 1023/1315/1823
f 1004/1296/1804 985/1278/1786 1005/1298/1806 1024/1316/1824
f 1005/1298/1806 1006/1297/1805 1026/1317/1825 1025/1318/1826
f 1006/1297/1805 1007/1299/1807 1027/1319/1827 1026/1317/1825
f 1007/1299/1807 1008/1300/1808 1028/1320/1828 1027/1319/1827
f 1008/1300/1808 1009/1301/1809 1029/1321/1829 1028/1320/1828
f 1009/1301/1809 1010/1302/1810 1030/1322/1830 1029/1321/1829
f 1010/1302/1810 1011/1452/1811 1031/1448/1831 1030/1322/1830
f 1011/1303/1811 1012/1304/1812 1032/1324/1832 1031/1323/1831
f 1012/1304/1812 1013/1305/1813 1033/1325/1833 1032/1324/1832
f 1013/1305/1813 1014/1451/1814 1034/1447/1834 1033/1325/1833
f 1014/1306/1814 1015/1307/1815 1035/1327/1835 1034/1326/1834
f 1015/1307/1815 1016/1308/1816 1036/1328/1836 1035/1327/1835
f 1016/1308/1816 1017/1309/1817 1037/1329/1837 1036/1328/1836
f 1017/1309/1817 1018/1310/1818 1038/1330/1838 1037/1329/1837
f 1018/1310/1818 1019/1450/1819 1039/1446/1839 1038/1330/1838
f 1019/1311/1819 1020/1312/1820 1040/1332/1840 1039/1331/1839
f 1020/1312/1820 1021/1313/1821 1041/1333/1841 1040/1332/1840
f 1021/1313/1821 1022/1314/1822 1042/1334/1842 1041/1333/1841
f 1022/1314/1822 1023/1315/1823 1043/1335/1843 1042/1334/1842
f 1023/1315/1823 1024/1449/1824 1044/1445/1844 1043/1335/1843
f 1024/1316/1824 1005/1298/1806 1025/1318/1826 1044/1336/1844
f 1025/1318/1826 1026/1317/1825 1046/1337/1845 1045/1338/1846
f 1026/1317/1825 1027/1319/1827 1047/1339/1847 1046/1337/1845
f 1027/1319/1827 1028/1320/1828 1048/1340/1848 1047/1339/1847
f 1028/1320/1828 1029/1321/1829 1049/1341/1849 1048/1340/1848
f 1029/1321/1829 1030/1322/1830 1050/1342/1850 1049/1341/1849
f 1030/1322/1830 1031/1448/1831 1051/1444/1851 1050/1342/1850
f 1031/1323/1831 1032/1324/1832 1052/1344/1852 1051/1343/1851
f 1032/1324/1832 1033/1325/1833 1053/1345/1853 1052/1344/1852
f 1033/1325/1833 1034/1447/1834 1054/1443/1854 1053/1345/1853
f 1034/1326/1834 1035/1327/1835 1055/1347/1855 1054/1346/1854
f 1035/1327/1835 1036/1328/1836 1056/1348/1856 1055/1347/1855
f 1036/1328/1836 1037/1329/1837 1057/1349/1857 1056/1348/1856
f 1037/1329/1837 1038/1330/1838 1058/1350/1858 1057/1349/1857
f 1038/1330/1838 1039/1446/1839 1059/1442/1859 1058/1350/1858
f 1039/1331/1839 1040/1332/1840 1060/1352/1860 1059/1351/1859
f 1040/1332/1840 1041/1333/1841 1061/1353/1861 1060/1352/1860
f 1041/1333/1841 1042/1334/1842 1062/1354/1862 1061/1353/1861
f 1042/1334/1842 1043/1335/1843 1063/1355/1863 1062/1354/1862
f 1043/1335/1843 1044/1445/1844 1064/1441/1864 1063/1355/1863
f 1044/1336/1844 1025/1318/1826 1045/1338/1846 1064/1356/1864
f 1045/1338/1846 1046/1337/1845 1066/1357/1865 1065/1358/1866
f 1046/1337/1845 1047/1339/1847 1067/1359/1867 1066/1357/1865
f 1047/1339/1847 1048/1340/1848 1068/1360/1868 1067/1359/1867
f 1048/1340/1848 1049/1341/1849 1069/1361/1869 1068/1360/1868
f 1049/1341/1849 1050/1342/1850 1070/1362/1870 1069/1361/1869
f 1050/1342/1850 1051/1444/1851 1071/1440/1871 1070/1362/1870
f 1051/1343/1851 1052/1344/1852 1072/1364/1872 1071/1363/1871
f 1052/1344/1852 1053/1345/1853 1073/1365/1873 1072/1364/1872
f 1053/1345/1853 1054/1443/1854 1074/1439/1874 1073/1365/1873
f 1054/1346/1854 1055/1347/1855 1075/1367/1875 1074/1366/1874
f 1055/1347/1855 1056/1348/1856 1076/1368/1876 1075/1367/1875
f 1056/1348/1856 1057/1349/1857 1077/1369/1877 1076/1368/1876
f 1057/1349/1857 1058/1350/1858 1078/1370/1878 1077/1369/1877
f 1058/1350/1858 1059/1442/1859 1079/1438/1879 1078/1370/1878
f 1059/1351/1859 1060/1352/1860 1080/1372/1880 1079/1371/1879
f 1060/1352/1860 1061/1353/1861 1081/1373/1881 1080/1372/1880
f 1061/1353/1861 1062/1354/1862 1082/1374/1882 1081/1373/1881
f 1062/1354/1862 1063/1355/1863 1083/1375/1883 1082/1374/1882
f 1063/1355/1863 1064/1441/1864 1084/1437/1884 1083/1375/1883
f 1064/1356/1864 1045/1338/1846 1065/1358/1866 1084/1376/1884
f 1065/1358/1866 1066/1357/1865 1086/1377/1885 1085/1378/1886
f 1066/1357/1865 1067/1359/1867 1087/1379/1887 1086/1377/1885
f 1067/1359/1867 1068/1360/1868 1088/1380/1888 1087/1379/1887
f 1068/1360/1868 1069/1361/1869 1089/1381/1889 1088/1380/1888
f 1069/1361/1869 1070/1362/1870 1090/1382/1890 1089/1381/1889
f 1070/1362/1870 1071/1440/1871 1091/1436/1891 1090/1382/1890
f 1071/1363/1871 1072/1364/1872 1092/1384/1892 1091/1383/1891
f 1072/1364/1872 1073/1365/1873 1093/1385/1893 1092/1384/1892
f 1073/1365/1873 1074/1439/1874 1094/1435/1894 1093/1385/1893
f 1074/1366/1874 1075/1367/1875 1095/1387/1895 1094/1386/1894
f 1075/1367/1875 1076/1368/1876 1096/1388/1896 1095/1387/1895
f 1076/1368/1876 1077/1369/1877 1097/1389/1897 1096/1388/1896
f 1077/1369/1877 1078/1370/1878 1098/1390/1898 1097/1389/1897
f 1078/1370/1878 1079/1438/1879 1099/1434/1899 1098/1390/1898
f 1079/1371/1879 1080/1372/1880 1100/1392/1900 1099/1391/1899
f 1080/1372/1880 1081/1373/1881 1101/1393/1901 1100/1392/1900
f 1081/1373/1881 1082/1374/1882 1102/1394/1902 1101/1393/1901
f 1082/1374/1882 1083/1375/1883 1103/1395/1903 1102/1394/1902
f 1083/1375/1883 1084/1437/1884 1104/1433/1904 1103/1395/1903
f 1084/1376/1884 1065/1358/1866 1085/1378/1886 1104/1396/1904
f 1085/1378/1886 1086/1377/1885 1106/1397/1905 1105/1398/1906
f 1086/1377/1885 1087/1379/1887 1107/1399/1907 1106/1397/1905
f 1087/1379/1887 1088/1380/1888 1108/1400/1908 1107/1399/1907
f 1088/1380/1888 1089/1381/1889 1109/1401/1909 1108/1400/1908
f 1089/1381/1889 1090/1382/1890 1110/1402/1910 1109/1401/1909
f 1090/1382/1890 1091/1436/1891 1111/1425/1911 1110/1402/1910
f 1091/1383/1891 1092/1384/1892 1112/1404/1912 1111/1403/1911
f 1092/1384/1892 1093/1385/1893 1113/1405/1913 1112/1404/1912
f 1093/1385/1893 1094/1435/1894 1114/1424/1914 1113/1405/1913
f 1094/1386/1894 1095/1387/1895 1115/1542/1915 1114/1406/1914
f 1095/1387/1895 1096/1388/1896 1116/1541/1916 1115/1407/1915
f 1096/1388/1896 1097/1389/1897 1117/1540/1917 1116/1408/1916
f 1097/1389/1897 1098/1390/1898 1118/1539/1918 1117/1409/1917
f 1098/1390/1898 1099/1434/1899 1119/1423/1919 1118/1410/1918
f 1099/1391/1899 1100/1392/1900 1120/1412/1920 1119/1411/1919
f 1100/1392/1900 1101/1393/1901 1121/1413/1921 1120/1412/1920
f 1101/1393/1901 1102/1394/1902 1122/1414/1922 1121/1413/1921
f 1102/1394/1902 1103/1395/1903 1123/1415/1923 1122/1414/1922
f 1103/1395/1903 1104/1433/1904 1124/1419/1924 1123/1415/1923
f 1104/1396/1904 1085/1378/1886 1105/1398/1906 1124/1416/1924
f 746/1038/1546 745/1518/1545 1125/1507/1925
f 747/1041/1549 746/1517/1546 1125/1508/1925
f 748/1043/1551 747/1516/1549 1125/1509/1925
f 749/1045/1553 748/1515/1551 1125/1510/1925
f 750/1047/1555 749/1514/1553 1125/1511/1925
f 751/1049/1557 750/1513/1555 1125/1512/1925
f 752/1051/1559 751/1432/1557 1125/1426/1925
f 753/1053/1561 752/1051/1559 1125/1545/1925
f 754/1055/1563 753/1053/1561 1125/1546/1925
f 755/1057/1565 754/1431/1563 1125/1427/1925
f 756/1059/1567 755/1057/1565 1125/1535/1925
f 757/1061/1569 756/1059/1567 1125/1536/1925
f 758/1063/1571 757/1061/1569 1125/1537/1925
f 759/1065/1573 758/1063/1571 1125/1538/1925
f 760/1067/1575 759/1430/1573 1125/1428/1925
f 761/1069/1577 760/1530/1575 1125/1523/1925
f 762/1071/1579 761/1529/1577 1125/1524/1925
f 763/1073/1581 762/1528/1579 1125/1525/1925
f 764/1075/1583 763/1527/1581 1125/1526/1925
f 745/1037/1545 764/1429/1583 1125/1417/1925
f 1105/1398/1906 1106/1397/1905 1126/1505/1926
f 1106/1397/1905 1107/1399/1907 1126/1504/1926
f 1107/1399/1907 1108/1400/1908 1126/1503/1926
f 1108/1400/1908 1109/1401/1909 1126/1502/1926
f 1109/1401/1909 1110/1402/1910 1126/1501/1926
f 1110/1402/1910 1111/1425/1911 1126/1422/1926
f 1111/1403/1911 1112/1404/1912 1126/1544/1926
f 1112/1404/1912 1113/1405/1913 1126/1543/1926
f 1113/1405/1913 1114/1424/1914 1126/1421/1926
f 1114/1406/1914 1115/1542/1915 1126/1534/1926
f 1115/1407/1915 1116/1541/1916 1126/1533/1926
f 1116/1408/1916 1117/1540/1917 1126/1532/1926
f 1117/1409/1917 1118/1539/1918 1126/1531/1926
f 1118/1410/1918 1119/1423/1919 1126/1420/1926
f 1119/1411/1919 1120/1412/1920 1126/1522/1926
f 1120/1412/1920 1121/1413/1921 1126/1521/1926
f 1121/1413/1921 1122/1414/1922 1126/1520/1926
f 1122/1414/1922 1123/1415/1923 1126/1519/1926
f 1123/1415/1923 1124/1419/1924 1126/1418/1926
f 1124/1416/1924 1105/1398/1906 1126/1506/1926
g default
v -0.012558 0.178002 0.047164
v -0.012669 0.177962 0.046950
v -0.012842 0.177930 0.046780
v -0.013060 0.177909 0.046671
v -0.013302 0.177902 0.046633
v -0.013543 0.177909 0.046671
v -0.013761 0.177930 0.046780
v -0.013934 0.177962 0.046950
v -0.014046 0.178002 0.047164
v -0.014084 0.178046 0.047402
v -0.014046 0.178091 0.047639
v -0.013934 0.178131 0.047854
v -0.013761 0.178162 0.048024
v -0.013543 0.178183 0.048133
v -0.013302 0.178190 0.048171
v -0.013060 0.178183 0.048133
v -0.012842 0.178162 0.048024
v -0.012669 0.178131 0.047854
v -0.012558 0.178091 0.047639
v -0.012519 0.178046 0.047402
v -0.011832 0.178217 0.046884
v -0.012052 0.178138 0.046461
v -0.012393 0.178075 0.046125
v -0.012824 0.178035 0.045909
v -0.013302 0.178021 0.045834
v -0.013779 0.178035 0.045909
v -0.014210 0.178075 0.046125
v -0.014552 0.178138 0.046461
v -0.014771 0.178217 0.046884
v -0.014847 0.178305 0.047353
v -0.014771 0.178393 0.047823
v -0.014552 0.178472 0.048246
v -0.014210 0.178535 0.048582
v -0.013779 0.178575 0.048798
v -0.013302 0.178589 0.048872
v -0.012824 0.178575 0.048798
v -0.012393 0.178535 0.048582
v -0.012052 0.178472 0.048246
v -0.011832 0.178393 0.047823
v -0.011756 0.178305 0.047353
v -0.011143 0.178601 0.046584
v -0.011465 0.178485 0.045962
v -0.011967 0.178392 0.045469
v -0.012600 0.178333 0.045152
v -0.013302 0.178313 0.045042
v -0.014003 0.178333 0.045152
v -0.014636 0.178392 0.045469
v -0.015138 0.178485 0.045962
v -0.015461 0.178601 0.046584
v -0.015572 0.178730 0.047274
v -0.015461 0.178859 0.047963
v -0.015138 0.178975 0.048585
v -0.014636 0.179068 0.049079
v -0.014003 0.179127 0.049396
v -0.013302 0.179147 0.049505
v -0.012600 0.179127 0.049396
v -0.011967 0.179068 0.049079
v -0.011465 0.178975 0.048585
v -0.011143 0.178859 0.047963
v -0.011032 0.178730 0.047274
v -0.010506 0.179143 0.046273
v -0.010924 0.178992 0.045467
v -0.011574 0.178873 0.044828
v -0.012393 0.178796 0.044418
v -0.013302 0.178770 0.044276
v -0.014210 0.178796 0.044418
v -0.015029 0.178873 0.044828
v -0.015679 0.178992 0.045467
v -0.016097 0.179143 0.046273
v -0.016241 0.179310 0.047165
v -0.016097 0.179477 0.048058
v -0.015679 0.179628 0.048864
v -0.015029 0.179747 0.049503
v -0.014210 0.179824 0.049913
v -0.013302 0.179850 0.050054
v -0.012393 0.179824 0.049913
v -0.011574 0.179747 0.049503
v -0.010924 0.179628 0.048864
v -0.010506 0.179477 0.048058
v -0.010362 0.179310 0.047165
v -0.009939 0.179830 0.045957
v -0.010441 0.179649 0.044988
v -0.011223 0.179505 0.044219
v -0.012209 0.179413 0.043725
v -0.013302 0.179381 0.043555
v -0.014394 0.179413 0.043725
v -0.015380 0.179505 0.044219
v -0.016162 0.179649 0.044988
v -0.016664 0.179830 0.045957
v -0.016837 0.180031 0.047031
v -0.016664 0.180232 0.048105
v -0.016162 0.180413 0.049073
v -0.015380 0.180557 0.049842
v -0.014394 0.180649 0.050336
v -0.013302 0.180681 0.050506
v -0.012209 0.180649 0.050336
v -0.011223 0.180557 0.049842
v -0.010441 0.180413 0.049073
v -0.009939 0.180232 0.048105
v -0.009766 0.180031 0.047031
v -0.009454 0.180645 0.045644
v -0.010029 0.180438 0.044535
v -0.010924 0.180273 0.043656
v -0.012052 0.180168 0.043091
v -0.013302 0.180131 0.042896
v -0.014552 0.180168 0.043091
v -0.015679 0.180273 0.043656
v -0.016574 0.180438 0.044535
v -0.017149 0.180645 0.045644
v -0.017347 0.180875 0.046873
v -0.017149 0.181105 0.048101
v -0.016574 0.181312 0.049210
v -0.015679 0.181477 0.050090
v -0.014552 0.181582 0.050654
v -0.013302 0.181619 0.050849
v -0.012052 0.181582 0.050654
v -0.010924 0.181477 0.050090
v -0.010029 0.181312 0.049210
v -0.009454 0.181105 0.048101
v -0.009256 0.180875 0.046873
v -0.009064 0.181568 0.045342
v -0.009697 0.181340 0.044122
v -0.010683 0.181159 0.043153
v -0.011925 0.181042 0.042531
v -0.013302 0.181002 0.042316
v -0.014678 0.181042 0.042531
v -0.015920 0.181159 0.043153
v -0.016906 0.181340 0.044122
v -0.017539 0.181568 0.045342
v -0.017757 0.181821 0.046696
v -0.017539 0.182075 0.048049
v -0.016906 0.182303 0.049270
v -0.015920 0.182484 0.050239
v -0.014678 0.182600 0.050861
v -0.013302 0.182641 0.051075
v -0.011925 0.182600 0.050861
v -0.010683 0.182484 0.050239
v -0.009697 0.182303 0.049270
v -0.009064 0.182075 0.048049
v -0.008846 0.181821 0.046696
v -0.008779 0.182577 0.045059
v -0.009454 0.182333 0.043756
v -0.010506 0.182140 0.042722
v -0.011832 0.182015 0.042058
v -0.013302 0.181973 0.041829
v -0.014771 0.182015 0.042058
v -0.016097 0.182140 0.042722
v -0.017149 0.182333 0.043756
v -0.017824 0.182577 0.045059
v -0.018057 0.182847 0.046504
v -0.017824 0.183117 0.047948
v -0.017149 0.183361 0.049251
v -0.016097 0.183554 0.050286
v -0.014771 0.183678 0.050950
v -0.013302 0.183721 0.051178
v -0.011832 0.183678 0.050950
v -0.010506 0.183554 0.050286
v -0.009454 0.183361 0.049251
v -0.008779 0.183117 0.047948
v -0.008546 0.182847 0.046504
v -0.008605 0.183646 0.044802
v -0.009306 0.183393 0.043449
v -0.010399 0.183192 0.042375
v -0.011775 0.183063 0.041685
v -0.013302 0.183018 0.041447
v -0.014828 0.183063 0.041685
v -0.016205 0.183192 0.042375
v -0.017297 0.183393 0.043449
v -0.017999 0.183646 0.044802
v -0.018240 0.183926 0.046302
v -0.017999 0.184207 0.047802
v -0.017297 0.184460 0.049155
v -0.016205 0.184661 0.050229
v -0.014828 0.184790 0.050919
v -0.013302 0.184834 0.051157
v -0.011775 0.184790 0.050919
v -0.010399 0.184661 0.050229
v -0.009306 0.184460 0.049155
v -0.008605 0.184207 0.047802
v -0.008363 0.183926 0.046302
v -0.008546 0.184749 0.044576
v -0.009256 0.184493 0.043206
v -0.010362 0.184289 0.042119
v -0.011756 0.184159 0.041420
v -0.013302 0.184114 0.041180
v -0.014847 0.184159 0.041420
v -0.016241 0.184289 0.042119
v -0.017347 0.184493 0.043206
v -0.018057 0.184749 0.044576
v -0.018302 0.185033 0.046095
v -0.018057 0.185317 0.047614
v -0.017347 0.185573 0.048984
v -0.016241 0.185777 0.050071
v -0.014847 0.185907 0.050770
v -0.013302 0.185952 0.051010
v -0.011756 0.185907 0.050770
v -0.010362 0.185777 0.050071
v -0.009256 0.185573 0.048984
v -0.008546 0.185317 0.047614
v -0.008301 0.185033 0.046095
v -0.008605 0.185859 0.044388
v -0.009306 0.185606 0.043035
v -0.010399 0.185405 0.041961
v -0.011775 0.185276 0.041271
v -0.013302 0.185232 0.041033
v -0.014828 0.185276 0.041271
v -0.016205 0.185405 0.041961
v -0.017297 0.185606 0.043035
v -0.017999 0.185859 0.044388
v -0.018240 0.186140 0.045888
v -0.017999 0.186420 0.047388
v -0.017297 0.186673 0.048742
v -0.016205 0.186874 0.049815
v -0.014828 0.187003 0.050505
v -0.013302 0.187047 0.050743
v -0.011775 0.187003 0.050505
v -0.010399 0.186874 0.049815
v -0.009306 0.186673 0.048742
v -0.008605 0.186420 0.047388
v -0.008363 0.186140 0.045888
v -0.008779 0.186949 0.044242
v -0.009454 0.186705 0.042939
v -0.010506 0.186512 0.041904
v -0.011832 0.186387 0.041240
v -0.013302 0.186345 0.041012
v -0.014771 0.186387 0.041240
v -0.016097 0.186512 0.041904
v -0.017149 0.186705 0.042939
v -0.017824 0.186949 0.044242
v -0.018057 0.187219 0.045686
v -0.017824 0.187489 0.047131
v -0.017149 0.187733 0.048434
v -0.016097 0.187926 0.049468
v -0.014771 0.188050 0.050132
v -0.013302 0.188093 0.050361
v -0.011832 0.188050 0.050132
v -0.010506 0.187926 0.049468
v -0.009454 0.187733 0.048434
v -0.008779 0.187489 0.047131
v -0.008546 0.187219 0.045686
v -0.009064 0.187991 0.044141
v -0.009697 0.187763 0.042920
v -0.010683 0.187582 0.041951
v -0.011925 0.187465 0.041329
v -0.013302 0.187425 0.041115
v -0.014678 0.187465 0.041329
v -0.015920 0.187582 0.041951
v -0.016906 0.187763 0.042920
v -0.017539 0.187991 0.044141
v -0.017757 0.188244 0.045494
v -0.017539 0.188498 0.046848
v -0.016906 0.188726 0.048069
v -0.015920 0.188907 0.049037
v -0.014678 0.189023 0.049659
v -0.013302 0.189063 0.049874
v -0.011925 0.189023 0.049659
v -0.010683 0.188907 0.049037
v -0.009697 0.188726 0.048069
v -0.009064 0.188498 0.046848
v -0.008846 0.188244 0.045494
v -0.009454 0.188961 0.044089
v -0.010029 0.188754 0.042980
v -0.010924 0.188589 0.042100
v -0.012052 0.188484 0.041536
v -0.013302 0.188447 0.041341
v -0.014552 0.188484 0.041536
v -0.015679 0.188589 0.042100
v -0.016574 0.188754 0.042980
v -0.017149 0.188961 0.044089
v -0.017347 0.189191 0.045317
v -0.017149 0.189421 0.046546
v -0.016574 0.189628 0.047655
v -0.015679 0.189793 0.048534
v -0.014552 0.189898 0.049099
v -0.013302 0.189935 0.049294
v -0.012052 0.189898 0.049099
v -0.010924 0.189793 0.048534
v -0.010029 0.189628 0.047655
v -0.009454 0.189421 0.046546
v -0.009256 0.189191 0.045317
v -0.009939 0.189834 0.044086
v -0.010441 0.189653 0.043117
v -0.011223 0.189509 0.042348
v -0.012209 0.189417 0.041854
v -0.013302 0.189385 0.041684
v -0.014394 0.189417 0.041854
v -0.015380 0.189509 0.042348
v -0.016162 0.189653 0.043117
v -0.016664 0.189834 0.044086
v -0.016837 0.190035 0.045159
v -0.016664 0.190236 0.046233
v -0.016162 0.190417 0.047202
v -0.015380 0.190561 0.047971
v -0.014394 0.190653 0.048465
v -0.013302 0.190685 0.048635
v -0.012209 0.190653 0.048465
v -0.011223 0.190561 0.047971
v -0.010441 0.190417 0.047202
v -0.009939 0.190236 0.046233
v -0.009766 0.190035 0.045159
v -0.010506 0.190589 0.044132
v -0.010924 0.190438 0.043327
v -0.011574 0.190319 0.042687
v -0.012393 0.190242 0.042277
v -0.013302 0.190215 0.042136
v -0.014210 0.190242 0.042277
v -0.015029 0.190319 0.042687
v -0.015679 0.190438 0.043327
v -0.016097 0.190589 0.044132
v -0.016241 0.190756 0.045025
v -0.016097 0.190923 0.045917
v -0.015679 0.191073 0.046723
v -0.015029 0.191193 0.047362
v -0.014210 0.191270 0.047772
v -0.013302 0.191296 0.047914
v -0.012393 0.191270 0.047772
v -0.011574 0.191193 0.047362
v -0.010924 0.191073 0.046723
v -0.010506 0.190923 0.045917
v -0.010362 0.190756 0.045025
v -0.011143 0.191207 0.044227
v -0.011465 0.191090 0.043605
v -0.011967 0.190998 0.043111
v -0.012600 0.190939 0.042794
v -0.013302 0.190918 0.042685
v -0.014003 0.190939 0.042794
v -0.014636 0.190998 0.043111
v -0.015138 0.191090 0.043605
v -0.015461 0.191207 0.044227
v -0.015572 0.191336 0.044916
v -0.015461 0.191465 0.045606
v -0.015138 0.191581 0.046228
v -0.014636 0.191673 0.046721
v -0.014003 0.191733 0.047038
v -0.013302 0.191753 0.047148
v -0.012600 0.191733 0.047038
v -0.011967 0.191673 0.046721
v -0.011465 0.191581 0.046228
v -0.011143 0.191465 0.045606
v -0.011032 0.191336 0.044916
v -0.011832 0.191673 0.044367
v -0.012052 0.191594 0.043944
v -0.012393 0.191531 0.043608
v -0.012824 0.191490 0.043392
v -0.013302 0.191477 0.043318
v -0.013779 0.191490 0.043392
v -0.014210 0.191531 0.043608
v -0.014552 0.191594 0.043944
v -0.014771 0.191673 0.044367
v -0.014847 0.191761 0.044837
v -0.014771 0.191848 0.045306
v -0.014552 0.191928 0.045729
v -0.014210 0.191990 0.046066
v -0.013779 0.192031 0.046281
v -0.013302 0.192045 0.046356
v -0.012824 0.192031 0.046281
v -0.012393 0.191990 0.046066
v -0.012052 0.191928 0.045729
v -0.011832 0.191848 0.045306
v -0.011756 0.191761 0.044837
v -0.012558 0.191975 0.044551
v -0.012669 0.191935 0.044336
v -0.012842 0.191903 0.044166
v -0.013060 0.191883 0.044057
v -0.013302 0.191876 0.044019
v -0.013543 0.191883 0.044057
v -0.013761 0.191903 0.044166
v -0.013934 0.191935 0.044336
v -0.014046 0.191975 0.044551
v -0.014084 0.192020 0.044788
v -0.014046 0.192064 0.045026
v -0.013934 0.192104 0.045240
v -0.013761 0.192136 0.045410
v -0.013543 0.192156 0.045520
v -0.013302 0.192164 0.045557
v -0.013060 0.192156 0.045520
v -0.012842 0.192136 0.045410
v -0.012669 0.192104 0.045240
v -0.012558 0.192064 0.045026
v -0.012519 0.192020 0.044788
v -0.013302 0.177959 0.047418
v -0.013302 0.192107 0.044772
vt 0.867096 0.615580
vt 0.928024 0.615580
vt 0.936683 0.651142
vt 0.871648 0.651142
vt 0.860881 0.582760
vt 0.916203 0.582760
vt 0.976378 0.615580
vt 0.988295 0.651142
vt 0.941964 0.688571
vt 0.874424 0.688571
vt 0.799555 0.615580
vt 0.799555 0.651142
vt 0.853156 0.553491
vt 0.901509 0.553491
vt 0.960107 0.582760
vt 0.799555 0.582760
vt 0.995565 0.688571
vt 0.943740 0.726945
vt 0.875358 0.726945
vt 0.799555 0.688571
vt 0.732015 0.615580
vt 0.727463 0.651142
vt 0.844111 0.528492
vt 0.884305 0.528492
vt 0.939883 0.553491
vt 0.799555 0.553491
vt 0.738230 0.582760
vt 0.998008 0.726945
vt 0.941964 0.765318
vt 0.874424 0.765318
vt 0.799555 0.726945
vt 0.724687 0.688571
vt 0.671086 0.615580
vt 0.662428 0.651142
vt 0.799555 0.528492
vt 0.745955 0.553491
vt 0.682908 0.582760
vt 0.995565 0.765318
vt 0.936683 0.802747
vt 0.871648 0.802747
vt 0.799555 0.765318
vt 0.723753 0.726945
vt 0.657146 0.688571
vt 0.622733 0.615580
vt 0.610816 0.651142
vt 0.799555 0.508380
vt 0.833969 0.508380
vt 0.755000 0.528492
vt 0.697602 0.553491
vt 0.639004 0.582760
vt 0.988295 0.802747
vt 0.928024 0.838309
vt 0.867096 0.838309
vt 0.799555 0.802747
vt 0.724687 0.765318
vt 0.655371 0.726945
vt 0.603546 0.688571
vt 0.765142 0.508380
vt 0.714806 0.528492
vt 0.659228 0.553491
vt 0.976378 0.838309
vt 0.916203 0.871129
vt 0.860881 0.871129
vt 0.799555 0.838309
vt 0.727463 0.802747
vt 0.657146 0.765318
vt 0.601103 0.726945
vt 0.960107 0.871129
vt 0.901509 0.900398
vt 0.853156 0.900398
vt 0.799555 0.871129
vt 0.732015 0.838309
vt 0.662428 0.802747
vt 0.603546 0.765318
vt 0.939883 0.900398
vt 0.884305 0.925397
vt 0.844111 0.925397
vt 0.799555 0.900398
vt 0.738230 0.871129
vt 0.671086 0.838309
vt 0.610816 0.802747
vt 0.799555 0.925397
vt 0.745955 0.900398
vt 0.682908 0.871129
vt 0.622733 0.838309
vt 0.833969 0.945509
vt 0.799555 0.945509
vt 0.755000 0.925397
vt 0.697602 0.900398
vt 0.639004 0.871129
vt 0.765142 0.945509
vt 0.714806 0.925397
vt 0.659228 0.900398
vt 0.649060 0.174460
vt 0.709989 0.174460
vt 0.705437 0.210022
vt 0.640402 0.210022
vt 0.660882 0.141640
vt 0.716204 0.141640
vt 0.777529 0.174460
vt 0.777529 0.210022
vt 0.702661 0.247450
vt 0.635120 0.247450
vt 0.600707 0.174460
vt 0.588790 0.210022
vt 0.675576 0.112370
vt 0.723929 0.112370
vt 0.777529 0.141640
vt 0.616978 0.141640
vt 0.845070 0.174460
vt 0.849622 0.210022
vt 0.777529 0.247450
vt 0.701727 0.285824
vt 0.633345 0.285824
vt 0.581520 0.247450
vt 0.692780 0.087371
vt 0.732974 0.087371
vt 0.777529 0.112370
vt 0.637202 0.112370
vt 0.838855 0.141640
vt 0.905998 0.174460
vt 0.914657 0.210022
vt 0.852398 0.247450
vt 0.777529 0.285824
vt 0.702661 0.324197
vt 0.635120 0.324197
vt 0.579077 0.285824
vt 0.777529 0.087371
vt 0.831130 0.112370
vt 0.894177 0.141640
vt 0.954352 0.174460
vt 0.966269 0.210022
vt 0.919938 0.247450
vt 0.853332 0.285824
vt 0.777529 0.324197
vt 0.705437 0.361626
vt 0.640402 0.361626
vt 0.581520 0.324197
vt 0.743116 0.067259
vt 0.777529 0.067259
vt 0.822085 0.087371
vt 0.879483 0.112370
vt 0.938081 0.141640
vt 0.973539 0.247450
vt 0.921714 0.285824
vt 0.852398 0.324197
vt 0.777529 0.361626
vt 0.709989 0.397188
vt 0.649060 0.397188
vt 0.588790 0.361626
vt 0.811943 0.067259
vt 0.862279 0.087371
vt 0.917857 0.112370
vt 0.975982 0.285824
vt 0.919938 0.324197
vt 0.849622 0.361626
vt 0.777529 0.397188
vt 0.716204 0.430008
vt 0.660882 0.430008
vt 0.600707 0.397188
vt 0.973539 0.324197
vt 0.914657 0.361626
vt 0.845070 0.397188
vt 0.777529 0.430008
vt 0.723929 0.459278
vt 0.675576 0.459278
vt 0.616978 0.430008
vt 0.966269 0.361626
vt 0.905998 0.397188
vt 0.838855 0.430008
vt 0.777529 0.459278
vt 0.732974 0.484276
vt 0.692780 0.484276
vt 0.637202 0.459278
vt 0.954352 0.397188
vt 0.894177 0.430008
vt 0.831130 0.459278
vt 0.777529 0.484276
vt 0.938081 0.430008
vt 0.879483 0.459278
vt 0.822085 0.484276
vt 0.777529 0.504389
vt 0.743116 0.504389
vt 0.917857 0.459278
vt 0.862279 0.484276
vt 0.811943 0.504389
vt 0.178815 0.273966
vt 0.173364 0.263269
vt 0.203644 0.241269
vt 0.214411 0.262400
vt 0.142319 0.285824
vt 0.164875 0.254779
vt 0.186875 0.224499
vt 0.232415 0.220366
vt 0.248233 0.251411
vt 0.180693 0.285824
vt 0.218121 0.285824
vt 0.154177 0.249329
vt 0.165743 0.213732
vt 0.207777 0.195728
vt 0.258967 0.201075
vt 0.279447 0.241269
vt 0.253683 0.285824
vt 0.178815 0.297682
vt 0.214411 0.309248
vt 0.142319 0.247451
vt 0.142319 0.210022
vt 0.176733 0.179910
vt 0.227069 0.169177
vt 0.248233 0.320238
vt 0.173364 0.308379
vt 0.203644 0.330379
vt 0.130461 0.249329
vt 0.118895 0.213732
vt 0.142319 0.174460
vt 0.186875 0.148697
vt 0.244273 0.145497
vt 0.282646 0.183870
vt 0.232415 0.351282
vt 0.164875 0.316869
vt 0.186875 0.347149
vt 0.119764 0.254779
vt 0.097764 0.224499
vt 0.107906 0.179910
vt 0.142319 0.141640
vt 0.195919 0.120860
vt 0.279447 0.330379
vt 0.258967 0.370573
vt 0.207777 0.375920
vt 0.154177 0.322319
vt 0.165743 0.357916
vt 0.111274 0.263269
vt 0.080994 0.241269
vt 0.076861 0.195728
vt 0.097764 0.148697
vt 0.142319 0.112370
vt 0.203644 0.097084
vt 0.258967 0.125273
vt 0.227069 0.402472
vt 0.176733 0.391738
vt 0.142319 0.324198
vt 0.142319 0.361626
vt 0.105824 0.273966
vt 0.070227 0.262400
vt 0.052224 0.220366
vt 0.057570 0.169177
vt 0.088719 0.120860
vt 0.142319 0.087371
vt 0.209859 0.077957
vt 0.270788 0.109001
vt 0.282646 0.387778
vt 0.244273 0.426151
vt 0.186875 0.422951
vt 0.142319 0.397188
vt 0.130461 0.322319
vt 0.118895 0.357916
vt 0.103946 0.285824
vt 0.066517 0.285824
vt 0.036405 0.251411
vt 0.025672 0.201075
vt 0.040366 0.145497
vt 0.080994 0.097084
vt 0.142319 0.067259
vt 0.195919 0.450788
vt 0.142319 0.430008
vt 0.107906 0.391738
vt 0.119764 0.316869
vt 0.097764 0.347149
vt 0.105824 0.297682
vt 0.070227 0.309248
vt 0.030955 0.285824
vt 0.005192 0.241269
vt 0.001992 0.183870
vt 0.025672 0.125273
vt 0.074779 0.077957
vt 0.258967 0.446376
vt 0.203644 0.474564
vt 0.142319 0.459278
vt 0.097764 0.422951
vt 0.076861 0.375920
vt 0.111274 0.308379
vt 0.080994 0.330379
vt 0.036405 0.320238
vt 0.013850 0.109002
vt 0.270788 0.462647
vt 0.209859 0.493691
vt 0.142319 0.484277
vt 0.088719 0.450788
vt 0.057570 0.402472
vt 0.052224 0.351282
vt 0.142319 0.504389
vt 0.080994 0.474564
vt 0.040366 0.426151
vt 0.025672 0.370573
vt 0.005192 0.330379
vt 0.074779 0.493691
vt 0.025672 0.446376
vt 0.001992 0.387778
vt 0.013850 0.462647
vt 0.571286 0.387778
vt 0.532913 0.426151
vt 0.515708 0.402472
vt 0.547607 0.370573
vt 0.484559 0.450788
vt 0.475514 0.422951
vt 0.496417 0.375920
vt 0.521055 0.351282
vt 0.547607 0.446376
vt 0.492284 0.474564
vt 0.430959 0.459278
vt 0.430959 0.430008
vt 0.465373 0.391738
vt 0.475514 0.347149
vt 0.492284 0.330379
vt 0.568086 0.330379
vt 0.536873 0.320237
vt 0.559428 0.462647
vt 0.498499 0.493691
vt 0.430959 0.484277
vt 0.377359 0.450788
vt 0.386404 0.422951
vt 0.430959 0.397188
vt 0.454383 0.357916
vt 0.453514 0.316869
vt 0.462004 0.308379
vt 0.503051 0.309248
vt 0.430959 0.504389
vt 0.369634 0.474564
vt 0.329005 0.426151
vt 0.346210 0.402471
vt 0.396546 0.391738
vt 0.430959 0.361626
vt 0.442817 0.322319
vt 0.430959 0.285824
vt 0.467454 0.297682
vt 0.542323 0.285824
vt 0.506761 0.285824
vt 0.363419 0.493691
vt 0.314312 0.446376
vt 0.290632 0.387778
vt 0.314312 0.370573
vt 0.365501 0.375920
vt 0.407535 0.357916
vt 0.430959 0.324198
vt 0.469333 0.285824
vt 0.536873 0.251411
vt 0.503051 0.262400
vt 0.302490 0.462647
vt 0.340863 0.351282
vt 0.386404 0.347149
vt 0.419101 0.322319
vt 0.467454 0.273966
vt 0.521055 0.220366
vt 0.492284 0.241269
vt 0.293832 0.330379
vt 0.325045 0.320237
vt 0.369634 0.330379
vt 0.408404 0.316869
vt 0.462004 0.263269
vt 0.547606 0.201075
vt 0.568086 0.241269
vt 0.496417 0.195728
vt 0.475514 0.224499
vt 0.358867 0.309248
vt 0.399914 0.308379
vt 0.453514 0.254779
vt 0.515708 0.169177
vt 0.465373 0.179910
vt 0.454383 0.213732
vt 0.319595 0.285824
vt 0.355157 0.285824
vt 0.394464 0.297682
vt 0.442817 0.249329
vt 0.532913 0.145497
vt 0.571286 0.183870
vt 0.475514 0.148697
vt 0.430959 0.174460
vt 0.430959 0.210022
vt 0.325045 0.251411
vt 0.358867 0.262400
vt 0.392586 0.285824
vt 0.430959 0.247450
vt 0.484559 0.120860
vt 0.430959 0.141640
vt 0.396546 0.179910
vt 0.407535 0.213732
vt 0.340863 0.220366
vt 0.369634 0.241269
vt 0.394464 0.273966
vt 0.419101 0.249329
vt 0.492284 0.097084
vt 0.547606 0.125273
vt 0.430959 0.112370
vt 0.386404 0.148697
vt 0.365501 0.195728
vt 0.386404 0.224499
vt 0.293832 0.241269
vt 0.314312 0.201075
vt 0.399914 0.263269
vt 0.408404 0.254779
vt 0.498499 0.077957
vt 0.559428 0.109001
vt 0.430959 0.087371
vt 0.377359 0.120860
vt 0.346210 0.169176
vt 0.430959 0.067259
vt 0.369634 0.097084
vt 0.329005 0.145497
vt 0.290632 0.183870
vt 0.363419 0.077957
vt 0.314312 0.125273
vt 0.302490 0.109001
vt 0.594968 0.524095
vt 0.594968 0.585024
vt 0.559405 0.580472
vt 0.559405 0.515437
vt 0.594968 0.652564
vt 0.559405 0.652564
vt 0.521977 0.577695
vt 0.521977 0.510155
vt 0.594968 0.720105
vt 0.559405 0.724657
vt 0.521977 0.652564
vt 0.483603 0.576762
vt 0.483603 0.508380
vt 0.594968 0.781033
vt 0.559405 0.789692
vt 0.521977 0.727433
vt 0.483603 0.652564
vt 0.445230 0.577695
vt 0.445230 0.510155
vt 0.521977 0.794973
vt 0.483603 0.728367
vt 0.445230 0.652564
vt 0.407801 0.580472
vt 0.407801 0.515437
vt 0.483603 0.796749
vt 0.445230 0.727433
vt 0.407801 0.652564
vt 0.372239 0.585024
vt 0.372239 0.524095
vt 0.445230 0.794973
vt 0.407801 0.724657
vt 0.372239 0.652564
vt 0.407801 0.789692
vt 0.372239 0.720105
vt 0.372239 0.781033
vt 0.143375 0.781033
vt 0.143375 0.720104
vt 0.178937 0.724656
vt 0.178937 0.789692
vt 0.143375 0.652564
vt 0.178937 0.652564
vt 0.216366 0.727433
vt 0.216366 0.794973
vt 0.143375 0.585024
vt 0.178937 0.580472
vt 0.216366 0.652564
vt 0.254740 0.728366
vt 0.254740 0.796748
vt 0.143375 0.524095
vt 0.178937 0.515437
vt 0.216366 0.577695
vt 0.254740 0.652564
vt 0.293113 0.727433
vt 0.293113 0.794973
vt 0.216366 0.510155
vt 0.254740 0.576762
vt 0.293113 0.652564
vt 0.330542 0.724656
vt 0.330542 0.789692
vt 0.254740 0.508380
vt 0.293113 0.577695
vt 0.330542 0.652564
vt 0.366104 0.720104
vt 0.366104 0.781033
vt 0.293113 0.510155
vt 0.330542 0.580472
vt 0.366104 0.652564
vt 0.330542 0.515437
vt 0.366104 0.585024
vt 0.366104 0.524095
vn 0.268535 -0.959000 0.090598
vn 0.228430 -0.973471 0.013229
vn 0.367133 -0.924952 -0.098367
vn 0.431592 -0.901695 0.025982
vn 0.165964 -0.984955 -0.048172
vn 0.266738 -0.943410 -0.197051
vn 0.087252 -0.992328 -0.087594
vn 0.140232 -0.955260 -0.260410
vn -0.000000 -0.994868 -0.101178
vn -0.000000 -0.959343 -0.282243
vn -0.087252 -0.992328 -0.087594
vn -0.140233 -0.955260 -0.260411
vn -0.165964 -0.984954 -0.048173
vn -0.266738 -0.943409 -0.197052
vn -0.228430 -0.973471 0.013228
vn -0.367134 -0.924952 -0.098367
vn -0.268535 -0.959000 0.090598
vn -0.431591 -0.901695 0.025982
vn -0.282355 -0.942959 0.176364
vn -0.453802 -0.875914 0.163824
vn -0.268535 -0.926918 0.262130
vn -0.431592 -0.850133 0.301667
vn -0.228430 -0.912448 0.339499
vn -0.367134 -0.826876 0.426016
vn -0.165964 -0.900964 0.400900
vn -0.266738 -0.808418 0.524700
vn -0.087252 -0.893590 0.440322
vn -0.140233 -0.796568 0.588059
vn 0.000000 -0.891050 0.453905
vn 0.000000 -0.792485 0.609892
vn 0.087252 -0.893590 0.440322
vn 0.140233 -0.796568 0.588059
vn 0.165964 -0.900963 0.400900
vn 0.266738 -0.808418 0.524700
vn 0.228430 -0.912447 0.339499
vn 0.367134 -0.826875 0.426016
vn 0.268535 -0.926918 0.262130
vn 0.431592 -0.850133 0.301667
vn 0.282355 -0.942959 0.176365
vn 0.453802 -0.875914 0.163825
vn 0.492739 -0.845422 -0.206082
vn 0.579250 -0.814208 -0.039190
vn 0.357996 -0.870194 -0.338529
vn 0.188209 -0.886098 -0.423565
vn -0.000000 -0.891578 -0.452866
vn -0.188210 -0.886098 -0.423565
vn -0.357996 -0.870194 -0.338529
vn -0.492739 -0.845422 -0.206082
vn -0.579250 -0.814208 -0.039190
vn -0.609059 -0.779606 0.145812
vn -0.579250 -0.745005 0.330813
vn -0.492739 -0.713791 0.497706
vn -0.357996 -0.689019 0.630152
vn -0.188210 -0.673114 0.715188
vn 0.000000 -0.667634 0.744490
vn 0.188210 -0.673114 0.715188
vn 0.357996 -0.689019 0.630152
vn 0.492739 -0.713791 0.497706
vn 0.579250 -0.745005 0.330813
vn 0.609059 -0.779606 0.145812
vn 0.593235 -0.747578 -0.298663
vn 0.697390 -0.709997 -0.097732
vn 0.431010 -0.777402 -0.458123
vn 0.226596 -0.796550 -0.560502
vn -0.000000 -0.803148 -0.595780
vn -0.226596 -0.796550 -0.560502
vn -0.431011 -0.777402 -0.458123
vn -0.593235 -0.747578 -0.298663
vn -0.697390 -0.709997 -0.097732
vn -0.733279 -0.668339 0.125001
vn -0.697390 -0.626680 0.347735
vn -0.593235 -0.589100 0.548665
vn -0.431011 -0.559276 0.708125
vn -0.226596 -0.540127 0.810504
vn 0.000000 -0.533529 0.845782
vn 0.226596 -0.540127 0.810504
vn 0.431011 -0.559275 0.708125
vn 0.593235 -0.589100 0.548665
vn 0.697390 -0.626680 0.347734
vn 0.733279 -0.668338 0.125002
vn 0.669384 -0.641445 -0.374798
vn 0.786908 -0.599041 -0.148075
vn 0.486336 -0.675098 -0.554726
vn 0.255682 -0.696704 -0.670247
vn -0.000000 -0.704149 -0.710053
vn -0.255682 -0.696704 -0.670247
vn -0.486336 -0.675097 -0.554726
vn -0.669384 -0.641445 -0.374798
vn -0.786908 -0.599041 -0.148075
vn -0.827404 -0.552035 0.103248
vn -0.786908 -0.505029 0.354572
vn -0.669384 -0.462625 0.581295
vn -0.486336 -0.428972 0.761223
vn -0.255682 -0.407366 0.876744
vn -0.000000 -0.399921 0.916549
vn 0.255682 -0.407366 0.876744
vn 0.486336 -0.428972 0.761223
vn 0.669384 -0.462625 0.581295
vn 0.786908 -0.505029 0.354572
vn 0.827404 -0.552035 0.103249
vn 0.724986 -0.533059 -0.436168
vn 0.852273 -0.487132 -0.190612
vn 0.526733 -0.569507 -0.631042
vn 0.276920 -0.592908 -0.756158
vn -0.000000 -0.600971 -0.799271
vn -0.276920 -0.592908 -0.756158
vn -0.526734 -0.569507 -0.631041
vn -0.724987 -0.533059 -0.436168
vn -0.852273 -0.487132 -0.190612
vn -0.896133 -0.436222 0.081588
vn -0.852273 -0.385312 0.353788
vn -0.724986 -0.339385 0.599343
vn -0.526733 -0.302937 0.794217
vn -0.276920 -0.279536 0.919334
vn 0.000000 -0.271473 0.962446
vn 0.276920 -0.279536 0.919334
vn 0.526734 -0.302937 0.794217
vn 0.724987 -0.339385 0.599343
vn 0.852273 -0.385312 0.353788
vn 0.896133 -0.436222 0.081589
vn 0.764032 -0.425258 -0.485191
vn 0.898174 -0.376858 -0.226409
vn 0.555102 -0.463669 -0.690560
vn 0.291834 -0.488330 -0.822415
vn -0.000000 -0.496828 -0.867849
vn -0.291835 -0.488330 -0.822415
vn -0.555102 -0.463669 -0.690560
vn -0.764032 -0.425258 -0.485190
vn -0.898174 -0.376858 -0.226410
vn -0.944396 -0.323206 0.060450
vn -0.898174 -0.269554 0.347310
vn -0.764032 -0.221153 0.606091
vn -0.555102 -0.182743 0.811460
vn -0.291834 -0.158081 0.943315
vn 0.000000 -0.149584 0.988749
vn 0.291835 -0.158081 0.943315
vn 0.555102 -0.182743 0.811460
vn 0.764032 -0.221153 0.606090
vn 0.898174 -0.269554 0.347310
vn 0.944396 -0.323206 0.060451
vn 0.789730 -0.318838 -0.524089
vn 0.928383 -0.268810 -0.256604
vn 0.573772 -0.358541 -0.736365
vn 0.301650 -0.384032 -0.872655
vn -0.000000 -0.392815 -0.919617
vn -0.301650 -0.384032 -0.872655
vn -0.573773 -0.358541 -0.736365
vn -0.789730 -0.318838 -0.524088
vn -0.928383 -0.268810 -0.256604
vn -0.976160 -0.213354 0.039904
vn -0.928383 -0.157897 0.336413
vn -0.789730 -0.107868 0.603897
vn -0.573772 -0.068166 0.816173
vn -0.301650 -0.042675 0.952463
vn 0.000000 -0.033892 0.999425
vn 0.301650 -0.042675 0.952463
vn 0.573772 -0.068166 0.816173
vn 0.789730 -0.107869 0.603897
vn 0.928383 -0.157897 0.336412
vn 0.976160 -0.213353 0.039905
vn 0.804299 -0.213434 -0.554571
vn 0.945510 -0.162483 -0.282152
vn 0.584357 -0.253869 -0.770764
vn 0.307215 -0.279830 -0.909568
vn 0.000000 -0.288775 -0.957397
vn -0.307215 -0.279830 -0.909568
vn -0.584358 -0.253869 -0.770764
vn -0.804299 -0.213434 -0.554571
vn -0.945510 -0.162483 -0.282152
vn -0.994168 -0.106003 0.019826
vn -0.945510 -0.049523 0.321804
vn -0.804299 0.001428 0.594223
vn -0.584357 0.041863 0.810416
vn -0.307215 0.067824 0.949220
vn 0.000000 0.076769 0.997049
vn 0.307215 0.067824 0.949220
vn 0.584357 0.041863 0.810416
vn 0.804299 0.001428 0.594223
vn 0.945510 -0.049523 0.321804
vn 0.994168 -0.106003 0.019827
vn 0.809017 -0.108061 -0.577767
vn 0.951057 -0.056811 -0.303749
vn 0.587785 -0.148733 -0.795228
vn 0.309017 -0.174847 -0.934846
vn 0.000000 -0.183845 -0.982955
vn -0.309017 -0.174847 -0.934846
vn -0.587785 -0.148733 -0.795227
vn -0.809017 -0.108061 -0.577767
vn -0.951057 -0.056811 -0.303750
vn -1.000000 -0.000000 0.000000
vn -0.951056 0.056811 0.303750
vn -0.809017 0.108061 0.577767
vn -0.587785 0.148733 0.795228
vn -0.309017 0.174847 0.934846
vn 0.000000 0.183845 0.982955
vn 0.309017 0.174847 0.934846
vn 0.587785 0.148733 0.795228
vn 0.809017 0.108061 0.577767
vn 0.951057 0.056811 0.303750
vn 1.000000 0.000000 0.000001
vn 0.804299 -0.001428 -0.594223
vn 0.945510 0.049524 -0.321804
vn 0.584357 -0.041863 -0.810416
vn 0.307215 -0.067824 -0.949220
vn 0.000000 -0.076769 -0.997049
vn -0.307215 -0.067824 -0.949220
vn -0.584358 -0.041863 -0.810416
vn -0.804299 -0.001428 -0.594223
vn -0.945510 0.049523 -0.321804
vn -0.994168 0.106003 -0.019826
vn -0.945510 0.162483 0.282153
vn -0.804299 0.213434 0.554571
vn -0.584357 0.253869 0.770764
vn -0.307215 0.279830 0.909568
vn 0.000000 0.288776 0.957397
vn 0.307215 0.279830 0.909568
vn 0.584357 0.253869 0.770764
vn 0.804299 0.213434 0.554571
vn 0.945510 0.162483 0.282152
vn 0.994168 0.106003 -0.019825
vn 0.789730 0.107869 -0.603897
vn 0.928383 0.157897 -0.336412
vn 0.573772 0.068166 -0.816173
vn 0.301650 0.042675 -0.952463
vn -0.000000 0.033892 -0.999425
vn -0.301650 0.042675 -0.952463
vn -0.573772 0.068166 -0.816173
vn -0.789730 0.107869 -0.603896
vn -0.928383 0.157897 -0.336412
vn -0.976160 0.213353 -0.039904
vn -0.928383 0.268810 0.256604
vn -0.789730 0.318838 0.524089
vn -0.573772 0.358541 0.736365
vn -0.301650 0.384032 0.872655
vn 0.000000 0.392815 0.919617
vn 0.301650 0.384032 0.872655
vn 0.573772 0.358541 0.736365
vn 0.789730 0.318838 0.524089
vn 0.928383 0.268810 0.256604
vn 0.976160 0.213354 -0.039903
vn 0.764032 0.221153 -0.606091
vn 0.898174 0.269554 -0.347309
vn 0.555102 0.182743 -0.811460
vn 0.291834 0.158082 -0.943315
vn -0.000000 0.149584 -0.988749
vn -0.291835 0.158082 -0.943315
vn -0.555102 0.182743 -0.811460
vn -0.764033 0.221153 -0.606090
vn -0.898174 0.269554 -0.347310
vn -0.944396 0.323206 -0.060450
vn -0.898174 0.376858 0.226410
vn -0.764032 0.425258 0.485191
vn -0.555102 0.463669 0.690560
vn -0.291834 0.488330 0.822415
vn 0.000000 0.496828 0.867849
vn 0.291835 0.488330 0.822415
vn 0.555102 0.463669 0.690560
vn 0.764032 0.425258 0.485190
vn 0.898174 0.376858 0.226410
vn 0.944396 0.323206 -0.060449
vn 0.724986 0.339385 -0.599343
vn 0.852273 0.385312 -0.353787
vn 0.526733 0.302938 -0.794217
vn 0.276920 0.279536 -0.919334
vn -0.000000 0.271473 -0.962446
vn -0.276920 0.279537 -0.919334
vn -0.526734 0.302938 -0.794217
vn -0.724987 0.339385 -0.599343
vn -0.852273 0.385312 -0.353788
vn -0.896133 0.436222 -0.081588
vn -0.852273 0.487132 0.190612
vn -0.724986 0.533059 0.436168
vn -0.526733 0.569507 0.631042
vn -0.276920 0.592908 0.756158
vn 0.000000 0.600971 0.799271
vn 0.276920 0.592908 0.756158
vn 0.526734 0.569507 0.631042
vn 0.724986 0.533059 0.436168
vn 0.852273 0.487132 0.190612
vn 0.896133 0.436222 -0.081587
vn 0.669384 0.462625 -0.581295
vn 0.786908 0.505029 -0.354571
vn 0.486336 0.428972 -0.761223
vn 0.255682 0.407366 -0.876744
vn -0.000000 0.399921 -0.916549
vn -0.255682 0.407366 -0.876744
vn -0.486336 0.428972 -0.761223
vn -0.669384 0.462625 -0.581295
vn -0.786908 0.505029 -0.354572
vn -0.827404 0.552035 -0.103248
vn -0.786908 0.599041 0.148075
vn -0.669384 0.641445 0.374798
vn -0.486336 0.675097 0.554726
vn -0.255682 0.696703 0.670247
vn -0.000000 0.704148 0.710053
vn 0.255682 0.696704 0.670247
vn 0.486336 0.675097 0.554726
vn 0.669384 0.641445 0.374798
vn 0.786908 0.599041 0.148075
vn 0.827404 0.552035 -0.103248
vn 0.593235 0.589100 -0.548665
vn 0.697390 0.626681 -0.347734
vn 0.431010 0.559276 -0.708125
vn 0.226596 0.540128 -0.810504
vn -0.000000 0.533529 -0.845782
vn -0.226596 0.540127 -0.810504
vn -0.431011 0.559276 -0.708125
vn -0.593235 0.589100 -0.548665
vn -0.697390 0.626680 -0.347734
vn -0.733279 0.668339 -0.125001
vn -0.697390 0.709997 0.097733
vn -0.593235 0.747578 0.298663
vn -0.431011 0.777402 0.458123
vn -0.226596 0.796550 0.560502
vn 0.000000 0.803148 0.595780
vn 0.226596 0.796550 0.560502
vn 0.431011 0.777402 0.458123
vn 0.593235 0.747577 0.298663
vn 0.697390 0.709997 0.097733
vn 0.733279 0.668339 -0.125000
vn 0.492739 0.713791 -0.497706
vn 0.579250 0.745005 -0.330813
vn 0.357996 0.689019 -0.630152
vn 0.188209 0.673115 -0.715188
vn -0.000000 0.667634 -0.744489
vn -0.188210 0.673115 -0.715188
vn -0.357996 0.689019 -0.630152
vn -0.492739 0.713791 -0.497706
vn -0.579250 0.745005 -0.330813
vn -0.609059 0.779606 -0.145812
vn -0.579250 0.814208 0.039190
vn -0.492739 0.845422 0.206082
vn -0.357996 0.870194 0.338529
vn -0.188210 0.886098 0.423565
vn 0.000000 0.891578 0.452866
vn 0.188210 0.886098 0.423565
vn 0.357996 0.870194 0.338529
vn 0.492739 0.845422 0.206082
vn 0.579250 0.814208 0.039190
vn 0.609059 0.779606 -0.145811
vn 0.367133 0.826876 -0.426016
vn 0.431592 0.850133 -0.301666
vn 0.266738 0.808418 -0.524701
vn 0.140232 0.796568 -0.588059
vn -0.000000 0.792485 -0.609891
vn -0.140233 0.796568 -0.588059
vn -0.266738 0.808418 -0.524700
vn -0.367134 0.826876 -0.426016
vn -0.431592 0.850133 -0.301667
vn -0.453802 0.875914 -0.163824
vn -0.431591 0.901695 -0.025982
vn -0.367134 0.924952 0.098367
vn -0.266738 0.943409 0.197052
vn -0.140233 0.955260 0.260411
vn 0.000000 0.959343 0.282243
vn 0.140233 0.955260 0.260411
vn 0.266738 0.943409 0.197052
vn 0.367134 0.924952 0.098368
vn 0.431592 0.901695 -0.025982
vn 0.453802 0.875914 -0.163824
vn 0.228430 0.912448 -0.339499
vn 0.268535 0.926918 -0.262129
vn 0.165964 0.900963 -0.400900
vn 0.087252 0.893590 -0.440322
vn -0.000000 0.891050 -0.453906
vn -0.087252 0.893590 -0.440322
vn -0.165964 0.900964 -0.400900
vn -0.228430 0.912448 -0.339498
vn -0.268535 0.926918 -0.262129
vn -0.282355 0.942959 -0.176364
vn -0.268535 0.959000 -0.090598
vn -0.228430 0.973471 -0.013229
vn -0.165964 0.984955 0.048173
vn -0.087252 0.992328 0.087594
vn 0.000000 0.994868 0.101177
vn 0.087252 0.992328 0.087594
vn 0.165964 0.984954 0.048172
vn 0.228430 0.973471 -0.013229
vn 0.268535 0.959000 -0.090599
vn 0.282355 0.942959 -0.176363
vn -0.000000 -0.982955 0.183844
vn -0.000000 0.982955 -0.183844
s 1
g SpiritEye_1
usemtl aiStandardSurface4SG
f 1127/1733/1927 1128/1734/1928 1148/1735/1929 1147/1736/1930
f 1128/1734/1928 1129/1738/1931 1149/1739/1932 1148/1735/1929
f 1129/1738/1931 1130/1744/1933 1150/1745/1934 1149/1739/1932
f 1130/1744/1933 1131/1752/1935 1151/1753/1936 1150/1745/1934
f 1131/1752/1935 1132/1759/1937 1152/1760/1938 1151/1753/1936
f 1132/1759/1937 1133/1768/1939 1153/1769/1940 1152/1760/1938
f 1133/1768/1939 1134/1778/1941 1154/1779/1942 1153/1769/1940
f 1134/1778/1941 1135/1789/1943 1155/1790/1944 1154/1779/1942
f 1135/1789/1943 1136/1803/1945 1156/1804/1946 1155/1790/1944
f 1136/1803/1945 1137/1815/1947 1157/1816/1948 1156/1804/1946
f 1137/1815/1947 1138/1827/1949 1158/1828/1950 1157/1816/1948
f 1138/1827/1949 1139/1813/1951 1159/1814/1952 1158/1828/1950
f 1139/1813/1951 1140/1801/1953 1160/1802/1954 1159/1814/1952
f 1140/1801/1953 1141/1787/1955 1161/1788/1956 1160/1802/1954
f 1141/1787/1955 1142/1776/1957 1162/1777/1958 1161/1788/1956
f 1142/1776/1957 1143/1766/1959 1163/1767/1960 1162/1777/1958
f 1143/1766/1959 1144/1757/1961 1164/1758/1962 1163/1767/1960
f 1144/1757/1961 1145/1750/1963 1165/1751/1964 1164/1758/1962
f 1145/1750/1963 1146/1742/1965 1166/1743/1966 1165/1751/1964
f 1146/1742/1965 1127/1733/1927 1147/1736/1930 1166/1743/1966
f 1147/1736/1930 1148/1735/1929 1168/1740/1967 1167/1741/1968
f 1148/1735/1929 1149/1739/1932 1169/1746/1969 1168/1740/1967
f 1149/1739/1932 1150/1745/1934 1170/1754/1970 1169/1746/1969
f 1150/1745/1934 1151/1753/1936 1171/1761/1971 1170/1754/1970
f 1151/1753/1936 1152/1760/1938 1172/1770/1972 1171/1761/1971
f 1152/1760/1938 1153/1769/1940 1173/1780/1973 1172/1770/1972
f 1153/1769/1940 1154/1779/1942 1174/1791/1974 1173/1780/1973
f 1154/1779/1942 1155/1790/1944 1175/1805/1975 1174/1791/1974
f 1155/1790/1944 1156/1804/1946 1176/1817/1976 1175/1805/1975
f 1156/1804/1946 1157/1816/1948 1177/1829/1977 1176/1817/1976
f 1157/1816/1948 1158/1828/1950 1178/1836/1978 1177/1829/1977
f 1158/1828/1950 1159/1814/1952 1179/1826/1979 1178/1836/1978
f 1159/1814/1952 1160/1802/1954 1180/1812/1980 1179/1826/1979
f 1160/1802/1954 1161/1788/1956 1181/1800/1981 1180/1812/1980
f 1161/1788/1956 1162/1777/1958 1182/1786/1982 1181/1800/1981
f 1162/1777/1958 1163/1767/1960 1183/1775/1983 1182/1786/1982
f 1163/1767/1960 1164/1758/1962 1184/1765/1984 1183/1775/1983
f 1164/1758/1962 1165/1751/1964 1185/1756/1985 1184/1765/1984
f 1165/1751/1964 1166/1743/1966 1186/1749/1986 1185/1756/1985
f 1166/1743/1966 1147/1736/1930 1167/1741/1968 1186/1749/1986
f 1167/1741/1968 1168/1740/1967 1188/1747/1987 1187/1748/1988
f 1168/1740/1967 1169/1746/1969 1189/1755/1989 1188/1747/1987
f 1169/1746/1969 1170/1754/1970 1190/1762/1990 1189/1755/1989
f 1170/1754/1970 1171/1761/1971 1191/1771/1991 1190/1762/1990
f 1171/1761/1971 1172/1770/1972 1192/1781/1992 1191/1771/1991
f 1172/1770/1972 1173/1780/1973 1193/1792/1993 1192/1781/1992
f 1173/1780/1973 1174/1791/1974 1194/1806/1994 1193/1792/1993
f 1174/1791/1974 1175/1805/1975 1195/1818/1995 1194/1806/1994
f 1175/1685/1975 1176/1686/1976 1196/1674/1996 1195/1663/1995
f 1176/1686/1976 1177/1697/1977 1197/1687/1997 1196/1674/1996
f 1177/1829/1977 1178/1836/1978 1198/1840/1998 1197/1841/1997
f 1178/1836/1978 1179/1826/1979 1199/1835/1999 1198/1840/1998
f 1179/1826/1979 1180/1812/1980 1200/1825/2000 1199/1835/1999
f 1180/1812/1980 1181/1800/1981 1201/1811/2001 1200/1825/2000
f 1181/1800/1981 1182/1786/1982 1202/1799/2002 1201/1811/2001
f 1182/1786/1982 1183/1775/1983 1203/1785/2003 1202/1799/2002
f 1183/1775/1983 1184/1765/1984 1204/1774/2004 1203/1785/2003
f 1184/1765/1984 1185/1756/1985 1205/1773/2005 1204/1774/2004
f 1185/1604/1985 1186/1592/1986 1206/1581/2006 1205/1594/2005
f 1186/1592/1986 1167/1593/1968 1187/1569/1988 1206/1581/2006
f 1187/1569/1988 1188/1570/1987 1208/1560/2007 1207/1559/2008
f 1188/1747/1987 1189/1755/1989 1209/1763/2009 1208/1764/2007
f 1189/1755/1989 1190/1762/1990 1210/1772/2010 1209/1763/2009
f 1190/1762/1990 1191/1771/1991 1211/1782/2011 1210/1772/2010
f 1191/1771/1991 1192/1781/1992 1212/1793/2012 1211/1782/2011
f 1192/1781/1992 1193/1792/1993 1213/1807/2013 1212/1793/2012
f 1193/1792/1993 1194/1806/1994 1214/1819/2014 1213/1807/2013
f 1194/1662/1994 1195/1663/1995 1215/1653/2015 1214/1652/2014
f 1195/1663/1995 1196/1674/1996 1216/1664/2016 1215/1653/2015
f 1196/1674/1996 1197/1687/1997 1217/1675/2017 1216/1664/2016
f 1197/1687/1997 1198/1698/1998 1218/1688/2018 1217/1675/2017
f 1198/1840/1998 1199/1835/1999 1219/1839/2019 1218/1844/2018
f 1199/1835/1999 1200/1825/2000 1220/1834/2020 1219/1839/2019
f 1200/1825/2000 1201/1811/2001 1221/1824/2021 1220/1834/2020
f 1201/1811/2001 1202/1799/2002 1222/1810/2022 1221/1824/2021
f 1202/1799/2002 1203/1785/2003 1223/1798/2023 1222/1810/2022
f 1203/1785/2003 1204/1774/2004 1224/1797/2024 1223/1798/2023
f 1204/1605/2004 1205/1594/2005 1225/1582/2025 1224/1595/2024
f 1205/1594/2005 1206/1581/2006 1226/1572/2026 1225/1582/2025
f 1206/1581/2006 1187/1569/1988 1207/1559/2008 1226/1572/2026
f 1207/1559/2008 1208/1560/2007 1228/1552/2027 1227/1551/2028
f 1208/1560/2007 1209/1571/2009 1229/1561/2029 1228/1552/2027
f 1209/1763/2009 1210/1772/2010 1230/1783/2030 1229/1784/2029
f 1210/1772/2010 1211/1782/2011 1231/1794/2031 1230/1783/2030
f 1211/1782/2011 1212/1793/2012 1232/1808/2032 1231/1794/2031
f 1212/1793/2012 1213/1807/2013 1233/1820/2033 1232/1808/2032
f 1213/1665/2013 1214/1652/2014 1234/1644/2034 1233/1655/2033
f 1214/1652/2014 1215/1653/2015 1235/1645/2035 1234/1644/2034
f 1215/1653/2015 1216/1664/2016 1236/1654/2036 1235/1645/2035
f 1216/1664/2016 1217/1675/2017 1237/1666/2037 1236/1654/2036
f 1217/1675/2017 1218/1688/2018 1238/1676/2038 1237/1666/2037
f 1218/1688/2018 1219/1699/2019 1239/1689/2039 1238/1676/2038
f 1219/1839/2019 1220/1834/2020 1240/1838/2040 1239/1843/2039
f 1220/1834/2020 1221/1824/2021 1241/1833/2041 1240/1838/2040
f 1221/1824/2021 1222/1810/2022 1242/1823/2042 1241/1833/2041
f 1222/1810/2022 1223/1798/2023 1243/1822/2043 1242/1823/2042
f 1223/1606/2023 1224/1595/2024 1244/1583/2044 1243/1596/2043
f 1224/1595/2024 1225/1582/2025 1245/1573/2045 1244/1583/2044
f 1225/1582/2025 1226/1572/2026 1246/1562/2046 1245/1573/2045
f 1226/1572/2026 1207/1559/2008 1227/1551/2028 1246/1562/2046
f 1227/1551/2028 1228/1552/2027 1248/1548/2047 1247/1547/2048
f 1228/1552/2027 1229/1561/2029 1249/1553/2049 1248/1548/2047
f 1229/1784/2029 1230/1783/2030 1250/1795/2050 1249/1796/2049
f 1230/1783/2030 1231/1794/2031 1251/1809/2051 1250/1795/2050
f 1231/1794/2031 1232/1808/2032 1252/1821/2052 1251/1809/2051
f 1232/1808/2032 1233/1820/2033 1253/1830/2053 1252/1821/2052
f 1233/1655/2033 1234/1644/2034 1254/1640/2054 1253/1650/2053
f 1234/1644/2034 1235/1645/2035 1255/1641/2055 1254/1640/2054
f 1235/1645/2035 1236/1654/2036 1256/1646/2056 1255/1641/2055
f 1236/1654/2036 1237/1666/2037 1257/1656/2057 1256/1646/2056
f 1237/1666/2037 1238/1676/2038 1258/1667/2058 1257/1656/2057
f 1238/1676/2038 1239/1689/2039 1259/1677/2059 1258/1667/2058
f 1239/1843/2039 1240/1838/2040 1260/1842/2060 1259/1845/2059
f 1240/1838/2040 1241/1833/2041 1261/1837/2061 1260/1842/2060
f 1241/1833/2041 1242/1823/2042 1262/1832/2062 1261/1837/2061
f 1242/1823/2042 1243/1822/2043 1263/1831/2063 1262/1832/2062
f 1243/1596/2043 1244/1583/2044 1264/1579/2064 1263/1590/2063
f 1244/1583/2044 1245/1573/2045 1265/1567/2065 1264/1579/2064
f 1245/1573/2045 1246/1562/2046 1266/1557/2066 1265/1567/2065
f 1246/1562/2046 1227/1551/2028 1247/1547/2048 1266/1557/2066
f 1247/1547/2048 1248/1548/2047 1268/1549/2067 1267/1550/2068
f 1248/1548/2047 1249/1553/2049 1269/1554/2069 1268/1549/2067
f 1249/1959/2049 1250/1960/2050 1270/1961/2070 1269/1962/2069
f 1250/1960/2050 1251/1963/2051 1271/1964/2071 1270/1961/2070
f 1251/1963/2051 1252/1967/2052 1272/1968/2072 1271/1964/2071
f 1252/1967/2052 1253/1972/2053 1273/1973/2073 1272/1968/2072
f 1253/1650/2053 1254/1640/2054 1274/1643/2074 1273/1651/2073
f 1254/1640/2054 1255/1641/2055 1275/1642/2075 1274/1643/2074
f 1255/1641/2055 1256/1646/2056 1276/1647/2076 1275/1642/2075
f 1256/1646/2056 1257/1656/2057 1277/1657/2077 1276/1647/2076
f 1257/1656/2057 1258/1667/2058 1278/1668/2078 1277/1657/2077
f 1258/1667/2058 1259/1677/2059 1279/1678/2079 1278/1668/2078
f 1259/1994/2059 1260/1995/2060 1280/1996/2080 1279/1997/2079
f 1260/1995/2060 1261/1998/2061 1281/1999/2081 1280/1996/2080
f 1261/1998/2061 1262/2002/2062 1282/2003/2082 1281/1999/2081
f 1262/2002/2062 1263/2007/2063 1283/2008/2083 1282/2003/2082
f 1263/1590/2063 1264/1579/2064 1284/1580/2084 1283/1591/2083
f 1264/1579/2064 1265/1567/2065 1285/1568/2085 1284/1580/2084
f 1265/1567/2065 1266/1557/2066 1286/1558/2086 1285/1568/2085
f 1266/1557/2066 1247/1547/2048 1267/1550/2068 1286/1558/2086
f 1267/1550/2068 1268/1549/2067 1288/1555/2087 1287/1556/2088
f 1268/1549/2067 1269/1554/2069 1289/1563/2089 1288/1555/2087
f 1269/1962/2069 1270/1961/2070 1290/1965/2090 1289/1966/2089
f 1270/1961/2070 1271/1964/2071 1291/1969/2091 1290/1965/2090
f 1271/1964/2071 1272/1968/2072 1292/1974/2092 1291/1969/2091
f 1272/1968/2072 1273/1973/2073 1293/1978/2093 1292/1974/2092
f 1273/1651/2073 1274/1643/2074 1294/1649/2094 1293/1661/2093
f 1274/1643/2074 1275/1642/2075 1295/1648/2095 1294/1649/2094
f 1275/1642/2075 1276/1647/2076 1296/1658/2096 1295/1648/2095
f 1276/1647/2076 1277/1657/2077 1297/1669/2097 1296/1658/2096
f 1277/1657/2077 1278/1668/2078 1298/1679/2098 1297/1669/2097
f 1278/1668/2078 1279/1678/2079 1299/1690/2099 1298/1679/2098
f 1279/1997/2079 1280/1996/2080 1300/2000/2100 1299/2001/2099
f 1280/1996/2080 1281/1999/2081 1301/2004/2101 1300/2000/2100
f 1281/1999/2081 1282/2003/2082 1302/2009/2102 1301/2004/2101
f 1282/2003/2082 1283/2008/2083 1303/2013/2103 1302/2009/2102
f 1283/1591/2083 1284/1580/2084 1304/1589/2104 1303/1603/2103
f 1284/1580/2084 1285/1568/2085 1305/1578/2105 1304/1589/2104
f 1285/1568/2085 1286/1558/2086 1306/1566/2106 1305/1578/2105
f 1286/1558/2086 1267/1550/2068 1287/1556/2088 1306/1566/2106
f 1287/1556/2088 1288/1555/2087 1308/1564/2107 1307/1565/2108
f 1288/1555/2087 1289/1563/2089 1309/1574/2109 1308/1564/2107
f 1289/1966/2089 1290/1965/2090 1310/1970/2110 1309/1971/2109
f 1290/1965/2090 1291/1969/2091 1311/1975/2111 1310/1970/2110
f 1291/1969/2091 1292/1974/2092 1312/1979/2112 1311/1975/2111
f 1292/1974/2092 1293/1978/2093 1313/1983/2113 1312/1979/2112
f 1293/1661/2093 1294/1649/2094 1314/1660/2114 1313/1673/2113
f 1294/1649/2094 1295/1648/2095 1315/1659/2115 1314/1660/2114
f 1295/1648/2095 1296/1658/2096 1316/1670/2116 1315/1659/2115
f 1296/1658/2096 1297/1669/2097 1317/1680/2117 1316/1670/2116
f 1297/1669/2097 1298/1679/2098 1318/1691/2118 1317/1680/2117
f 1298/1679/2098 1299/1690/2099 1319/1700/2119 1318/1691/2118
f 1299/2001/2099 1300/2000/2100 1320/2005/2120 1319/2006/2119
f 1300/2000/2100 1301/2004/2101 1321/2010/2121 1320/2005/2120
f 1301/2004/2101 1302/2009/2102 1322/2014/2122 1321/2010/2121
f 1302/2009/2102 1303/2013/2103 1323/2018/2123 1322/2014/2122
f 1303/1603/2103 1304/1589/2104 1324/1602/2124 1323/1613/2123
f 1304/1589/2104 1305/1578/2105 1325/1588/2125 1324/1602/2124
f 1305/1578/2105 1306/1566/2106 1326/1577/2126 1325/1588/2125
f 1306/1566/2106 1287/1556/2088 1307/1565/2108 1326/1577/2126
f 1307/1565/2108 1308/1564/2107 1328/1575/2127 1327/1576/2128
f 1308/1564/2107 1309/1574/2109 1329/1584/2129 1328/1575/2127
f 1309/1971/2109 1310/1970/2110 1330/1976/2130 1329/1977/2129
f 1310/1970/2110 1311/1975/2111 1331/1980/2131 1330/1976/2130
f 1311/1975/2111 1312/1979/2112 1332/1984/2132 1331/1980/2131
f 1312/1979/2112 1313/1983/2113 1333/1988/2133 1332/1984/2132
f 1313/1673/2113 1314/1660/2114 1334/1672/2134 1333/1684/2133
f 1314/1660/2114 1315/1659/2115 1335/1671/2135 1334/1672/2134
f 1315/1659/2115 1316/1670/2116 1336/1681/2136 1335/1671/2135
f 1316/1670/2116 1317/1680/2117 1337/1692/2137 1336/1681/2136
f 1317/1680/2117 1318/1691/2118 1338/1701/2138 1337/1692/2137
f 1318/1691/2118 1319/1700/2119 1339/1707/2139 1338/1701/2138
f 1319/2006/2119 1320/2005/2120 1340/2011/2140 1339/2012/2139
f 1320/2005/2120 1321/2010/2121 1341/2015/2141 1340/2011/2140
f 1321/2010/2121 1322/2014/2122 1342/2019/2142 1341/2015/2141
f 1322/2014/2122 1323/2018/2123 1343/2023/2143 1342/2019/2142
f 1323/1613/2123 1324/1602/2124 1344/1612/2144 1343/1620/2143
f 1324/1602/2124 1325/1588/2125 1345/1601/2145 1344/1612/2144
f 1325/1588/2125 1326/1577/2126 1346/1587/2146 1345/1601/2145
f 1326/1577/2126 1307/1565/2108 1327/1576/2128 1346/1587/2146
f 1327/1576/2128 1328/1575/2127 1348/1585/2147 1347/1586/2148
f 1328/1575/2127 1329/1584/2129 1349/1597/2149 1348/1585/2147
f 1329/1977/2129 1330/1976/2130 1350/1981/2150 1349/1982/2149
f 1330/1976/2130 1331/1980/2131 1351/1985/2151 1350/1981/2150
f 1331/1980/2131 1332/1984/2132 1352/1989/2152 1351/1985/2151
f 1332/1984/2132 1333/1988/2133 1353/1991/2153 1352/1989/2152
f 1333/1684/2133 1334/1672/2134 1354/1683/2154 1353/1696/2153
f 1334/1672/2134 1335/1671/2135 1355/1682/2155 1354/1683/2154
f 1335/1671/2135 1336/1681/2136 1356/1693/2156 1355/1682/2155
f 1336/1681/2136 1337/1692/2137 1357/1702/2157 1356/1693/2156
f 1337/1692/2137 1338/1701/2138 1358/1708/2158 1357/1702/2157
f 1338/1701/2138 1339/1707/2139 1359/1714/2159 1358/1708/2158
f 1339/2012/2139 1340/2011/2140 1360/2016/2160 1359/2017/2159
f 1340/2011/2140 1341/2015/2141 1361/2020/2161 1360/2016/2160
f 1341/2015/2141 1342/2019/2142 1362/2024/2162 1361/2020/2161
f 1342/2019/2142 1343/2023/2143 1363/2026/2163 1362/2024/2162
f 1343/1620/2143 1344/1612/2144 1364/1619/2164 1363/1627/2163
f 1344/1612/2144 1345/1601/2145 1365/1611/2165 1364/1619/2164
f 1345/1601/2145 1346/1587/2146 1366/1600/2166 1365/1611/2165
f 1346/1587/2146 1327/1576/2128 1347/1586/2148 1366/1600/2166
f 1347/1586/2148 1348/1585/2147 1368/1598/2167 1367/1599/2168
f 1348/1585/2147 1349/1597/2149 1369/1607/2169 1368/1598/2167
f 1349/1982/2149 1350/1981/2150 1370/1986/2170 1369/1987/2169
f 1350/1981/2150 1351/1985/2151 1371/1990/2171 1370/1986/2170
f 1351/1985/2151 1352/1989/2152 1372/1992/2172 1371/1990/2171
f 1352/1989/2152 1353/1991/2153 1373/1993/2173 1372/1992/2172
f 1353/1696/2153 1354/1683/2154 1374/1695/2174 1373/1706/2173
f 1354/1683/2154 1355/1682/2155 1375/1694/2175 1374/1695/2174
f 1355/1682/2155 1356/1693/2156 1376/1703/2176 1375/1694/2175
f 1356/1693/2156 1357/1702/2157 1377/1709/2177 1376/1703/2176
f 1357/1702/2157 1358/1708/2158 1378/1715/2178 1377/1709/2177
f 1358/1708/2158 1359/1714/2159 1379/1721/2179 1378/1715/2178
f 1359/2017/2159 1360/2016/2160 1380/2021/2180 1379/2022/2179
f 1360/2016/2160 1361/2020/2161 1381/2025/2181 1380/2021/2180
f 1361/2020/2161 1362/2024/2162 1382/2027/2182 1381/2025/2181
f 1362/2024/2162 1363/2026/2163 1383/2028/2183 1382/2027/2182
f 1363/1627/2163 1364/1619/2164 1384/1626/2184 1383/1631/2183
f 1364/1619/2164 1365/1611/2165 1385/1618/2185 1384/1626/2184
f 1365/1611/2165 1366/1600/2166 1386/1610/2186 1385/1618/2185
f 1366/1600/2166 1347/1586/2148 1367/1599/2168 1386/1610/2186
f 1367/1599/2168 1368/1598/2167 1388/1608/2187 1387/1609/2188
f 1368/1598/2167 1369/1607/2169 1389/1614/2189 1388/1608/2187
f 1369/1863/2169 1370/1864/2170 1390/1855/2190 1389/1854/2189
f 1370/1864/2170 1371/1873/2171 1391/1865/2191 1390/1855/2190
f 1371/1873/2171 1372/1884/2172 1392/1874/2192 1391/1865/2191
f 1372/1884/2172 1373/1894/2173 1393/1885/2193 1392/1874/2192
f 1373/1706/2173 1374/1695/2174 1394/1705/2194 1393/1713/2193
f 1374/1695/2174 1375/1694/2175 1395/1704/2195 1394/1705/2194
f 1375/1694/2175 1376/1703/2176 1396/1710/2196 1395/1704/2195
f 1376/1703/2176 1377/1709/2177 1397/1716/2197 1396/1710/2196
f 1377/1709/2177 1378/1715/2178 1398/1722/2198 1397/1716/2197
f 1378/1715/2178 1379/1721/2179 1399/1725/2199 1398/1722/2198
f 1379/1958/2179 1380/1956/2180 1400/1953/2200 1399/1957/2199
f 1380/1956/2180 1381/1952/2181 1401/1949/2201 1400/1953/2200
f 1381/1952/2181 1382/1947/2182 1402/1937/2202 1401/1949/2201
f 1382/1947/2182 1383/1948/2183 1403/1938/2203 1402/1937/2202
f 1383/1631/2183 1384/1626/2184 1404/1630/2204 1403/1636/2203
f 1384/1626/2184 1385/1618/2185 1405/1625/2205 1404/1630/2204
f 1385/1618/2185 1386/1610/2186 1406/1617/2206 1405/1625/2205
f 1386/1610/2186 1367/1599/2168 1387/1609/2188 1406/1617/2206
f 1387/1609/2188 1388/1608/2187 1408/1615/2207 1407/1616/2208
f 1388/1608/2187 1389/1614/2189 1409/1621/2209 1408/1615/2207
f 1389/1854/2189 1390/1855/2190 1410/1850/2210 1409/1847/2209
f 1390/1855/2190 1391/1865/2191 1411/1856/2211 1410/1850/2210
f 1391/1865/2191 1392/1874/2192 1412/1866/2212 1411/1856/2211
f 1392/1874/2192 1393/1885/2193 1413/1875/2213 1412/1866/2212
f 1393/1713/2193 1394/1705/2194 1414/1712/2214 1413/1720/2213
f 1394/1705/2194 1395/1704/2195 1415/1711/2215 1414/1712/2214
f 1395/1704/2195 1396/1710/2196 1416/1717/2216 1415/1711/2215
f 1396/1710/2196 1397/1716/2197 1417/1723/2217 1416/1717/2216
f 1397/1716/2197 1398/1722/2198 1418/1726/2218 1417/1723/2217
f 1398/1722/2198 1399/1725/2199 1419/1730/2219 1418/1726/2218
f 1399/1957/2199 1400/1953/2200 1420/1950/2220 1419/1954/2219
f 1400/1953/2200 1401/1949/2201 1421/1939/2221 1420/1950/2220
f 1401/1949/2201 1402/1937/2202 1422/1929/2222 1421/1939/2221
f 1402/1937/2202 1403/1938/2203 1423/1920/2223 1422/1929/2222
f 1403/1636/2203 1404/1630/2204 1424/1635/2224 1423/1639/2223
f 1404/1630/2204 1405/1625/2205 1425/1629/2225 1424/1635/2224
f 1405/1625/2205 1406/1617/2206 1426/1624/2226 1425/1629/2225
f 1406/1617/2206 1387/1609/2188 1407/1616/2208 1426/1624/2226
f 1407/1616/2208 1408/1615/2207 1428/1622/2227 1427/1623/2228
f 1408/1846/2207 1409/1847/2209 1429/1848/2229 1428/1849/2227
f 1409/1847/2209 1410/1850/2210 1430/1851/2230 1429/1848/2229
f 1410/1850/2210 1411/1856/2211 1431/1857/2231 1430/1851/2230
f 1411/1856/2211 1412/1866/2212 1432/1867/2232 1431/1857/2231
f 1412/1866/2212 1413/1875/2213 1433/1876/2233 1432/1867/2232
f 1413/1875/2213 1414/1886/2214 1434/1887/2234 1433/1876/2233
f 1414/1712/2214 1415/1711/2215 1435/1718/2235 1434/1719/2234
f 1415/1711/2215 1416/1717/2216 1436/1724/2236 1435/1718/2235
f 1416/1717/2216 1417/1723/2217 1437/1727/2237 1436/1724/2236
f 1417/1723/2217 1418/1726/2218 1438/1731/2238 1437/1727/2237
f 1418/1955/2218 1419/1954/2219 1439/1951/2239 1438/1944/2238
f 1419/1954/2219 1420/1950/2220 1440/1940/2240 1439/1951/2239
f 1420/1950/2220 1421/1939/2221 1441/1930/2241 1440/1940/2240
f 1421/1939/2221 1422/1929/2222 1442/1922/2242 1441/1930/2241
f 1422/1929/2222 1423/1920/2223 1443/1913/2243 1442/1922/2242
f 1423/1920/2223 1424/1921/2224 1444/1906/2244 1443/1913/2243
f 1424/1635/2224 1425/1629/2225 1445/1634/2245 1444/1638/2244
f 1425/1629/2225 1426/1624/2226 1446/1628/2246 1445/1634/2245
f 1426/1624/2226 1407/1616/2208 1427/1623/2228 1446/1628/2246
f 1427/1861/2228 1428/1849/2227 1448/1853/2247 1447/1862/2248
f 1428/1849/2227 1429/1848/2229 1449/1852/2249 1448/1853/2247
f 1429/1848/2229 1430/1851/2230 1450/1858/2250 1449/1852/2249
f 1430/1851/2230 1431/1857/2231 1451/1868/2251 1450/1858/2250
f 1431/1857/2231 1432/1867/2232 1452/1877/2252 1451/1868/2251
f 1432/1867/2232 1433/1876/2233 1453/1888/2253 1452/1877/2252
f 1433/1876/2233 1434/1887/2234 1454/1895/2254 1453/1888/2253
f 1434/1887/2234 1435/1901/2235 1455/1902/2255 1454/1895/2254
f 1435/1718/2235 1436/1724/2236 1456/1728/2256 1455/1729/2255
f 1436/1724/2236 1437/1727/2237 1457/1732/2257 1456/1728/2256
f 1437/1943/2237 1438/1944/2238 1458/1933/2258 1457/1925/2257
f 1438/1944/2238 1439/1951/2239 1459/1941/2259 1458/1933/2258
f 1439/1951/2239 1440/1940/2240 1460/1931/2260 1459/1941/2259
f 1440/1940/2240 1441/1930/2241 1461/1923/2261 1460/1931/2260
f 1441/1930/2241 1442/1922/2242 1462/1914/2262 1461/1923/2261
f 1442/1922/2242 1443/1913/2243 1463/1908/2263 1462/1914/2262
f 1443/1913/2243 1444/1906/2244 1464/1899/2264 1463/1908/2263
f 1444/1906/2244 1445/1907/2245 1465/1892/2265 1464/1899/2264
f 1445/1634/2245 1446/1628/2246 1466/1633/2266 1465/1637/2265
f 1446/1628/2246 1427/1623/2228 1447/1632/2248 1466/1633/2266
f 1447/1862/2248 1448/1853/2247 1468/1860/2267 1467/1872/2268
f 1448/1853/2247 1449/1852/2249 1469/1859/2269 1468/1860/2267
f 1449/1852/2249 1450/1858/2250 1470/1869/2270 1469/1859/2269
f 1450/1858/2250 1451/1868/2251 1471/1878/2271 1470/1869/2270
f 1451/1868/2251 1452/1877/2252 1472/1889/2272 1471/1878/2271
f 1452/1877/2252 1453/1888/2253 1473/1896/2273 1472/1889/2272
f 1453/1888/2253 1454/1895/2254 1474/1903/2274 1473/1896/2273
f 1454/1895/2254 1455/1902/2255 1475/1910/2275 1474/1903/2274
f 1455/1902/2255 1456/1916/2256 1476/1917/2276 1475/1910/2275
f 1456/1916/2256 1457/1925/2257 1477/1926/2277 1476/1917/2276
f 1457/1925/2257 1458/1933/2258 1478/1934/2278 1477/1926/2277
f 1458/1933/2258 1459/1941/2259 1479/1942/2279 1478/1934/2278
f 1459/1941/2259 1460/1931/2260 1480/1932/2280 1479/1942/2279
f 1460/1931/2260 1461/1923/2261 1481/1924/2281 1480/1932/2280
f 1461/1923/2261 1462/1914/2262 1482/1915/2282 1481/1924/2281
f 1462/1914/2262 1463/1908/2263 1483/1909/2283 1482/1915/2282
f 1463/1908/2263 1464/1899/2264 1484/1900/2284 1483/1909/2283
f 1464/1899/2264 1465/1892/2265 1485/1893/2285 1484/1900/2284
f 1465/1892/2265 1466/1882/2266 1486/1883/2286 1485/1893/2285
f 1466/1882/2266 1447/1862/2248 1467/1872/2268 1486/1883/2286
f 1467/1872/2268 1468/1860/2267 1488/1871/2287 1487/1881/2288
f 1468/1860/2267 1469/1859/2269 1489/1870/2289 1488/1871/2287
f 1469/1859/2269 1470/1869/2270 1490/1879/2290 1489/1870/2289
f 1470/1869/2270 1471/1878/2271 1491/1890/2291 1490/1879/2290
f 1471/1878/2271 1472/1889/2272 1492/1897/2292 1491/1890/2291
f 1472/1889/2272 1473/1896/2273 1493/1904/2293 1492/1897/2292
f 1473/1896/2273 1474/1903/2274 1494/1911/2294 1493/1904/2293
f 1474/1903/2274 1475/1910/2275 1495/1918/2295 1494/1911/2294
f 1475/1910/2275 1476/1917/2276 1496/1927/2296 1495/1918/2295
f 1476/1917/2276 1477/1926/2277 1497/1935/2297 1496/1927/2296
f 1477/1926/2277 1478/1934/2278 1498/1945/2298 1497/1935/2297
f 1478/1934/2278 1479/1942/2279 1499/1946/2299 1498/1945/2298
f 1479/1942/2279 1480/1932/2280 1500/1936/2300 1499/1946/2299
f 1480/1932/2280 1481/1924/2281 1501/1928/2301 1500/1936/2300
f 1481/1924/2281 1482/1915/2282 1502/1919/2302 1501/1928/2301
f 1482/1915/2282 1483/1909/2283 1503/1912/2303 1502/1919/2302
f 1483/1909/2283 1484/1900/2284 1504/1905/2304 1503/1912/2303
f 1484/1900/2284 1485/1893/2285 1505/1898/2305 1504/1905/2304
f 1485/1893/2285 1486/1883/2286 1506/1891/2306 1505/1898/2305
f 1486/1883/2286 1467/1872/2268 1487/1881/2288 1506/1891/2306
f 1128/1734/1928 1127/1733/1927 1507/1737/2307
f 1129/1738/1931 1128/1734/1928 1507/1737/2307
f 1130/1744/1933 1129/1738/1931 1507/1737/2307
f 1131/1752/1935 1130/1744/1933 1507/1737/2307
f 1132/1759/1937 1131/1752/1935 1507/1737/2307
f 1133/1768/1939 1132/1759/1937 1507/1737/2307
f 1134/1778/1941 1133/1768/1939 1507/1737/2307
f 1135/1789/1943 1134/1778/1941 1507/1737/2307
f 1136/1803/1945 1135/1789/1943 1507/1737/2307
f 1137/1815/1947 1136/1803/1945 1507/1737/2307
f 1138/1827/1949 1137/1815/1947 1507/1737/2307
f 1139/1813/1951 1138/1827/1949 1507/1737/2307
f 1140/1801/1953 1139/1813/1951 1507/1737/2307
f 1141/1787/1955 1140/1801/1953 1507/1737/2307
f 1142/1776/1957 1141/1787/1955 1507/1737/2307
f 1143/1766/1959 1142/1776/1957 1507/1737/2307
f 1144/1757/1961 1143/1766/1959 1507/1737/2307
f 1145/1750/1963 1144/1757/1961 1507/1737/2307
f 1146/1742/1965 1145/1750/1963 1507/1737/2307
f 1127/1733/1927 1146/1742/1965 1507/1737/2307
f 1487/1881/2288 1488/1871/2287 1508/1880/2308
f 1488/1871/2287 1489/1870/2289 1508/1880/2308
f 1489/1870/2289 1490/1879/2290 1508/1880/2308
f 1490/1879/2290 1491/1890/2291 1508/1880/2308
f 1491/1890/2291 1492/1897/2292 1508/1880/2308
f 1492/1897/2292 1493/1904/2293 1508/1880/2308
f 1493/1904/2293 1494/1911/2294 1508/1880/2308
f 1494/1911/2294 1495/1918/2295 1508/1880/2308
f 1495/1918/2295 1496/1927/2296 1508/1880/2308
f 1496/1927/2296 1497/1935/2297 1508/1880/2308
f 1497/1935/2297 1498/1945/2298 1508/1880/2308
f 1498/1945/2298 1499/1946/2299 1508/1880/2308
f 1499/1946/2299 1500/1936/2300 1508/1880/2308
f 1500/1936/2300 1501/1928/2301 1508/1880/2308
f 1501/1928/2301 1502/1919/2302 1508/1880/2308
f 1502/1919/2302 1503/1912/2303 1508/1880/2308
f 1503/1912/2303 1504/1905/2304 1508/1880/2308
f 1504/1905/2304 1505/1898/2305 1508/1880/2308
f 1505/1898/2305 1506/1891/2306 1508/1880/2308
f 1506/1891/2306 1487/1881/2288 1508/1880/2308
g default
v 0.022855 0.178002 0.046200
v 0.022744 0.177962 0.045986
v 0.022571 0.177930 0.045816
v 0.022353 0.177909 0.045707
v 0.022111 0.177902 0.045669
v 0.021870 0.177909 0.045707
v 0.021651 0.177930 0.045816
v 0.021478 0.177962 0.045986
v 0.021367 0.178002 0.046200
v 0.021329 0.178046 0.046438
v 0.021367 0.178091 0.046676
v 0.021478 0.178131 0.046890
v 0.021651 0.178162 0.047060
v 0.021870 0.178183 0.047169
v 0.022111 0.178190 0.047207
v 0.022353 0.178183 0.047169
v 0.022571 0.178162 0.047060
v 0.022744 0.178131 0.046890
v 0.022855 0.178091 0.046676
v 0.022893 0.178046 0.046438
v 0.023581 0.178217 0.045920
v 0.023361 0.178138 0.045497
v 0.023019 0.178075 0.045161
v 0.022589 0.178035 0.044945
v 0.022111 0.178021 0.044871
v 0.021634 0.178035 0.044945
v 0.021203 0.178075 0.045161
v 0.020861 0.178138 0.045497
v 0.020642 0.178217 0.045920
v 0.020566 0.178305 0.046390
v 0.020642 0.178393 0.046859
v 0.020861 0.178472 0.047282
v 0.021203 0.178535 0.047618
v 0.021634 0.178575 0.047834
v 0.022111 0.178589 0.047908
v 0.022589 0.178575 0.047834
v 0.023019 0.178535 0.047618
v 0.023361 0.178472 0.047282
v 0.023581 0.178393 0.046859
v 0.023656 0.178305 0.046390
v 0.024270 0.178601 0.045621
v 0.023948 0.178485 0.044999
v 0.023446 0.178392 0.044505
v 0.022813 0.178333 0.044188
v 0.022111 0.178313 0.044079
v 0.021410 0.178333 0.044188
v 0.020777 0.178392 0.044505
v 0.020275 0.178485 0.044999
v 0.019952 0.178601 0.045621
v 0.019841 0.178730 0.046310
v 0.019952 0.178859 0.047000
v 0.020275 0.178975 0.047622
v 0.020777 0.179068 0.048115
v 0.021410 0.179127 0.048432
v 0.022111 0.179147 0.048542
v 0.022813 0.179127 0.048432
v 0.023446 0.179068 0.048115
v 0.023948 0.178975 0.047622
v 0.024270 0.178859 0.047000
v 0.024381 0.178730 0.046310
v 0.024906 0.179143 0.045309
v 0.024489 0.178992 0.044504
v 0.023839 0.178873 0.043864
v 0.023019 0.178796 0.043454
v 0.022111 0.178770 0.043313
v 0.021203 0.178796 0.043454
v 0.020384 0.178873 0.043864
v 0.019733 0.178992 0.044504
v 0.019316 0.179143 0.045309
v 0.019172 0.179310 0.046202
v 0.019316 0.179477 0.047094
v 0.019733 0.179628 0.047900
v 0.020384 0.179747 0.048539
v 0.021203 0.179824 0.048949
v 0.022111 0.179850 0.049091
v 0.023019 0.179824 0.048949
v 0.023839 0.179747 0.048539
v 0.024489 0.179628 0.047900
v 0.024906 0.179477 0.047094
v 0.025050 0.179310 0.046202
v 0.025474 0.179830 0.044993
v 0.024972 0.179649 0.044024
v 0.024189 0.179505 0.043255
v 0.023204 0.179413 0.042761
v 0.022111 0.179381 0.042591
v 0.021019 0.179413 0.042761
v 0.020033 0.179505 0.043255
v 0.019251 0.179649 0.044024
v 0.018749 0.179830 0.044993
v 0.018575 0.180031 0.046067
v 0.018749 0.180232 0.047141
v 0.019251 0.180413 0.048110
v 0.020033 0.180557 0.048879
v 0.021019 0.180649 0.049372
v 0.022111 0.180681 0.049542
v 0.023204 0.180649 0.049372
v 0.024189 0.180557 0.048879
v 0.024972 0.180413 0.048110
v 0.025474 0.180232 0.047141
v 0.025647 0.180031 0.046067
v 0.025959 0.180645 0.044680
v 0.025384 0.180438 0.043572
v 0.024489 0.180273 0.042692
v 0.023361 0.180168 0.042127
v 0.022111 0.180131 0.041933
v 0.020861 0.180168 0.042127
v 0.019733 0.180273 0.042692
v 0.018838 0.180438 0.043572
v 0.018264 0.180645 0.044680
v 0.018066 0.180875 0.045909
v 0.018264 0.181105 0.047138
v 0.018838 0.181312 0.048246
v 0.019733 0.181477 0.049126
v 0.020861 0.181582 0.049691
v 0.022111 0.181619 0.049885
v 0.023361 0.181582 0.049691
v 0.024489 0.181477 0.049126
v 0.025384 0.181312 0.048246
v 0.025959 0.181105 0.047138
v 0.026157 0.180875 0.045909
v 0.026348 0.181568 0.044379
v 0.025716 0.181340 0.043158
v 0.024730 0.181159 0.042189
v 0.023488 0.181042 0.041567
v 0.022111 0.181002 0.041353
v 0.020734 0.181042 0.041567
v 0.019492 0.181159 0.042189
v 0.018507 0.181340 0.043158
v 0.017874 0.181568 0.044379
v 0.017656 0.181821 0.045732
v 0.017874 0.182075 0.047085
v 0.018507 0.182303 0.048306
v 0.019492 0.182484 0.049275
v 0.020734 0.182600 0.049897
v 0.022111 0.182641 0.050111
v 0.023488 0.182600 0.049897
v 0.024730 0.182484 0.049275
v 0.025716 0.182303 0.048306
v 0.026348 0.182075 0.047085
v 0.026567 0.181821 0.045732
v 0.026634 0.182577 0.044096
v 0.025959 0.182333 0.042793
v 0.024906 0.182140 0.041758
v 0.023581 0.182015 0.041094
v 0.022111 0.181973 0.040866
v 0.020642 0.182015 0.041094
v 0.019316 0.182140 0.041758
v 0.018264 0.182333 0.042793
v 0.017588 0.182577 0.044096
v 0.017356 0.182847 0.045540
v 0.017588 0.183117 0.046985
v 0.018264 0.183361 0.048288
v 0.019316 0.183554 0.049322
v 0.020642 0.183678 0.049986
v 0.022111 0.183721 0.050215
v 0.023581 0.183678 0.049986
v 0.024906 0.183554 0.049322
v 0.025959 0.183361 0.048288
v 0.026634 0.183117 0.046985
v 0.026867 0.182847 0.045540
v 0.026808 0.183646 0.043838
v 0.026107 0.183393 0.042485
v 0.025014 0.183192 0.041411
v 0.023637 0.183063 0.040721
v 0.022111 0.183018 0.040484
v 0.020585 0.183063 0.040721
v 0.019208 0.183192 0.041411
v 0.018116 0.183393 0.042485
v 0.017414 0.183646 0.043838
v 0.017172 0.183926 0.045338
v 0.017414 0.184207 0.046838
v 0.018116 0.184460 0.048192
v 0.019208 0.184661 0.049266
v 0.020585 0.184790 0.049955
v 0.022111 0.184834 0.050193
v 0.023637 0.184790 0.049955
v 0.025014 0.184661 0.049266
v 0.026107 0.184460 0.048192
v 0.026808 0.184207 0.046838
v 0.027050 0.183926 0.045338
v 0.026867 0.184749 0.043612
v 0.026157 0.184493 0.042242
v 0.025050 0.184289 0.041155
v 0.023656 0.184159 0.040457
v 0.022111 0.184114 0.040216
v 0.020566 0.184159 0.040457
v 0.019172 0.184289 0.041155
v 0.018066 0.184493 0.042242
v 0.017356 0.184749 0.043612
v 0.017111 0.185033 0.045131
v 0.017356 0.185317 0.046650
v 0.018066 0.185573 0.048020
v 0.019172 0.185777 0.049108
v 0.020566 0.185907 0.049806
v 0.022111 0.185952 0.050046
v 0.023656 0.185907 0.049806
v 0.025050 0.185777 0.049108
v 0.026157 0.185573 0.048020
v 0.026867 0.185317 0.046650
v 0.027112 0.185033 0.045131
v 0.026808 0.185859 0.043424
v 0.026107 0.185606 0.042071
v 0.025014 0.185405 0.040997
v 0.023637 0.185276 0.040307
v 0.022111 0.185232 0.040070
v 0.020585 0.185276 0.040307
v 0.019208 0.185405 0.040997
v 0.018116 0.185606 0.042071
v 0.017414 0.185859 0.043424
v 0.017172 0.186140 0.044924
v 0.017414 0.186420 0.046425
v 0.018116 0.186673 0.047778
v 0.019208 0.186874 0.048852
v 0.020585 0.187003 0.049541
v 0.022111 0.187047 0.049779
v 0.023637 0.187003 0.049541
v 0.025014 0.186874 0.048852
v 0.026107 0.186673 0.047778
v 0.026808 0.186420 0.046425
v 0.027050 0.186140 0.044924
v 0.026634 0.186949 0.043278
v 0.025959 0.186705 0.041975
v 0.024906 0.186512 0.040941
v 0.023581 0.186387 0.040277
v 0.022111 0.186345 0.040048
v 0.020642 0.186387 0.040277
v 0.019316 0.186512 0.040941
v 0.018264 0.186705 0.041975
v 0.017588 0.186949 0.043278
v 0.017356 0.187219 0.044722
v 0.017588 0.187489 0.046167
v 0.018264 0.187733 0.047470
v 0.019316 0.187926 0.048504
v 0.020642 0.188050 0.049168
v 0.022111 0.188093 0.049397
v 0.023581 0.188050 0.049168
v 0.024906 0.187926 0.048504
v 0.025959 0.187733 0.047470
v 0.026634 0.187489 0.046167
v 0.026867 0.187219 0.044722
v 0.026348 0.187991 0.043177
v 0.025716 0.187763 0.041957
v 0.024730 0.187582 0.040988
v 0.023488 0.187465 0.040366
v 0.022111 0.187425 0.040151
v 0.020734 0.187465 0.040366
v 0.019492 0.187582 0.040988
v 0.018507 0.187763 0.041957
v 0.017874 0.187991 0.043177
v 0.017656 0.188244 0.044531
v 0.017874 0.188498 0.045884
v 0.018507 0.188726 0.047105
v 0.019492 0.188907 0.048074
v 0.020734 0.189023 0.048696
v 0.022111 0.189063 0.048910
v 0.023488 0.189023 0.048696
v 0.024730 0.188907 0.048074
v 0.025716 0.188726 0.047105
v 0.026348 0.188498 0.045884
v 0.026567 0.188244 0.044531
v 0.025959 0.188961 0.043125
v 0.025384 0.188754 0.042016
v 0.024489 0.188589 0.041137
v 0.023361 0.188484 0.040572
v 0.022111 0.188447 0.040377
v 0.020861 0.188484 0.040572
v 0.019733 0.188589 0.041137
v 0.018838 0.188754 0.042016
v 0.018264 0.188961 0.043125
v 0.018066 0.189191 0.044354
v 0.018264 0.189421 0.045582
v 0.018838 0.189628 0.046691
v 0.019733 0.189793 0.047571
v 0.020861 0.189898 0.048135
v 0.022111 0.189935 0.048330
v 0.023361 0.189898 0.048135
v 0.024489 0.189793 0.047571
v 0.025384 0.189628 0.046691
v 0.025959 0.189421 0.045582
v 0.026157 0.189191 0.044354
v 0.025474 0.189834 0.043122
v 0.024972 0.189653 0.042153
v 0.024189 0.189509 0.041384
v 0.023204 0.189417 0.040890
v 0.022111 0.189385 0.040720
v 0.021019 0.189417 0.040890
v 0.020033 0.189509 0.041384
v 0.019251 0.189653 0.042153
v 0.018749 0.189834 0.043122
v 0.018575 0.190035 0.044196
v 0.018749 0.190236 0.045270
v 0.019251 0.190417 0.046239
v 0.020033 0.190561 0.047008
v 0.021019 0.190653 0.047501
v 0.022111 0.190685 0.047671
v 0.023204 0.190653 0.047501
v 0.024189 0.190561 0.047008
v 0.024972 0.190417 0.046239
v 0.025474 0.190236 0.045270
v 0.025647 0.190035 0.044196
v 0.024906 0.190589 0.043168
v 0.024489 0.190438 0.042363
v 0.023839 0.190319 0.041724
v 0.023019 0.190242 0.041313
v 0.022111 0.190215 0.041172
v 0.021203 0.190242 0.041313
v 0.020384 0.190319 0.041724
v 0.019733 0.190438 0.042363
v 0.019316 0.190589 0.043168
v 0.019172 0.190756 0.044061
v 0.019316 0.190923 0.044954
v 0.019733 0.191073 0.045759
v 0.020384 0.191193 0.046398
v 0.021203 0.191270 0.046809
v 0.022111 0.191296 0.046950
v 0.023019 0.191270 0.046809
v 0.023839 0.191193 0.046398
v 0.024489 0.191073 0.045759
v 0.024906 0.190923 0.044954
v 0.025050 0.190756 0.044061
v 0.024270 0.191207 0.043263
v 0.023948 0.191090 0.042641
v 0.023446 0.190998 0.042147
v 0.022813 0.190939 0.041830
v 0.022111 0.190918 0.041721
v 0.021410 0.190939 0.041830
v 0.020777 0.190998 0.042147
v 0.020275 0.191090 0.042641
v 0.019952 0.191207 0.043263
v 0.019841 0.191336 0.043952
v 0.019952 0.191465 0.044642
v 0.020275 0.191581 0.045264
v 0.020777 0.191673 0.045758
v 0.021410 0.191733 0.046075
v 0.022111 0.191753 0.046184
v 0.022813 0.191733 0.046075
v 0.023446 0.191673 0.045758
v 0.023948 0.191581 0.045264
v 0.024270 0.191465 0.044642
v 0.024381 0.191336 0.043952
v 0.023581 0.191673 0.043404
v 0.023361 0.191594 0.042980
v 0.023019 0.191531 0.042644
v 0.022589 0.191490 0.042429
v 0.022111 0.191477 0.042354
v 0.021634 0.191490 0.042429
v 0.021203 0.191531 0.042644
v 0.020861 0.191594 0.042980
v 0.020642 0.191673 0.043404
v 0.020566 0.191761 0.043873
v 0.020642 0.191848 0.044342
v 0.020861 0.191928 0.044766
v 0.021203 0.191990 0.045102
v 0.021634 0.192031 0.045318
v 0.022111 0.192045 0.045392
v 0.022589 0.192031 0.045318
v 0.023019 0.191990 0.045102
v 0.023361 0.191928 0.044766
v 0.023581 0.191848 0.044342
v 0.023656 0.191761 0.043873
v 0.022855 0.191975 0.043587
v 0.022744 0.191935 0.043373
v 0.022571 0.191903 0.043203
v 0.022353 0.191883 0.043093
v 0.022111 0.191876 0.043056
v 0.021870 0.191883 0.043093
v 0.021651 0.191903 0.043203
v 0.021478 0.191935 0.043373
v 0.021367 0.191975 0.043587
v 0.021329 0.192020 0.043825
v 0.021367 0.192064 0.044062
v 0.021478 0.192104 0.044277
v 0.021651 0.192136 0.044447
v 0.021870 0.192156 0.044556
v 0.022111 0.192164 0.044593
v 0.022353 0.192156 0.044556
v 0.022571 0.192136 0.044447
v 0.022744 0.192104 0.044277
v 0.022855 0.192064 0.044062
v 0.022893 0.192020 0.043825
v 0.022111 0.177959 0.046454
v 0.022111 0.192107 0.043808
vt 0.867096 0.615580
vt 0.928024 0.615580
vt 0.936683 0.651142
vt 0.871648 0.651142
vt 0.860881 0.582760
vt 0.916203 0.582760
vt 0.976378 0.615580
vt 0.988295 0.651142
vt 0.941964 0.688571
vt 0.874424 0.688571
vt 0.799555 0.615580
vt 0.799555 0.651142
vt 0.853156 0.553491
vt 0.901509 0.553491
vt 0.960107 0.582760
vt 0.799555 0.582760
vt 0.995565 0.688571
vt 0.943740 0.726945
vt 0.875358 0.726945
vt 0.799555 0.688571
vt 0.732015 0.615580
vt 0.727463 0.651142
vt 0.844111 0.528492
vt 0.884305 0.528492
vt 0.939883 0.553491
vt 0.799555 0.553491
vt 0.738230 0.582760
vt 0.998008 0.726945
vt 0.941964 0.765318
vt 0.874424 0.765318
vt 0.799555 0.726945
vt 0.724687 0.688571
vt 0.671086 0.615580
vt 0.662428 0.651142
vt 0.799555 0.528492
vt 0.745955 0.553491
vt 0.682908 0.582760
vt 0.995565 0.765318
vt 0.936683 0.802747
vt 0.871648 0.802747
vt 0.799555 0.765318
vt 0.723753 0.726945
vt 0.657146 0.688571
vt 0.622733 0.615580
vt 0.610816 0.651142
vt 0.799555 0.508380
vt 0.833969 0.508380
vt 0.755000 0.528492
vt 0.697602 0.553491
vt 0.639004 0.582760
vt 0.988295 0.802747
vt 0.928024 0.838309
vt 0.867096 0.838309
vt 0.799555 0.802747
vt 0.724687 0.765318
vt 0.655371 0.726945
vt 0.603546 0.688571
vt 0.765142 0.508380
vt 0.714806 0.528492
vt 0.659228 0.553491
vt 0.976378 0.838309
vt 0.916203 0.871129
vt 0.860881 0.871129
vt 0.799555 0.838309
vt 0.727463 0.802747
vt 0.657146 0.765318
vt 0.601103 0.726945
vt 0.960107 0.871129
vt 0.901509 0.900398
vt 0.853156 0.900398
vt 0.799555 0.871129
vt 0.732015 0.838309
vt 0.662428 0.802747
vt 0.603546 0.765318
vt 0.939883 0.900398
vt 0.884305 0.925397
vt 0.844111 0.925397
vt 0.799555 0.900398
vt 0.738230 0.871129
vt 0.671086 0.838309
vt 0.610816 0.802747
vt 0.799555 0.925397
vt 0.745955 0.900398
vt 0.682908 0.871129
vt 0.622733 0.838309
vt 0.833969 0.945509
vt 0.799555 0.945509
vt 0.755000 0.925397
vt 0.697602 0.900398
vt 0.639004 0.871129
vt 0.765142 0.945509
vt 0.714806 0.925397
vt 0.659228 0.900398
vt 0.649060 0.174460
vt 0.709989 0.174460
vt 0.705437 0.210022
vt 0.640402 0.210022
vt 0.660882 0.141640
vt 0.716204 0.141640
vt 0.777529 0.174460
vt 0.777529 0.210022
vt 0.702661 0.247450
vt 0.635120 0.247450
vt 0.600707 0.174460
vt 0.588790 0.210022
vt 0.675576 0.112370
vt 0.723929 0.112370
vt 0.777529 0.141640
vt 0.616978 0.141640
vt 0.845070 0.174460
vt 0.849622 0.210022
vt 0.777529 0.247450
vt 0.701727 0.285824
vt 0.633345 0.285824
vt 0.581520 0.247450
vt 0.692780 0.087371
vt 0.732974 0.087371
vt 0.777529 0.112370
vt 0.637202 0.112370
vt 0.838855 0.141640
vt 0.905998 0.174460
vt 0.914657 0.210022
vt 0.852398 0.247450
vt 0.777529 0.285824
vt 0.702661 0.324197
vt 0.635120 0.324197
vt 0.579077 0.285824
vt 0.777529 0.087371
vt 0.831130 0.112370
vt 0.894177 0.141640
vt 0.954352 0.174460
vt 0.966269 0.210022
vt 0.919938 0.247450
vt 0.853332 0.285824
vt 0.777529 0.324197
vt 0.705437 0.361626
vt 0.640402 0.361626
vt 0.581520 0.324197
vt 0.743116 0.067259
vt 0.777529 0.067259
vt 0.822085 0.087371
vt 0.879483 0.112370
vt 0.938081 0.141640
vt 0.973539 0.247450
vt 0.921714 0.285824
vt 0.852398 0.324197
vt 0.777529 0.361626
vt 0.709989 0.397188
vt 0.649060 0.397188
vt 0.588790 0.361626
vt 0.811943 0.067259
vt 0.862279 0.087371
vt 0.917857 0.112370
vt 0.975982 0.285824
vt 0.919938 0.324197
vt 0.849622 0.361626
vt 0.777529 0.397188
vt 0.716204 0.430008
vt 0.660882 0.430008
vt 0.600707 0.397188
vt 0.973539 0.324197
vt 0.914657 0.361626
vt 0.845070 0.397188
vt 0.777529 0.430008
vt 0.723929 0.459278
vt 0.675576 0.459278
vt 0.616978 0.430008
vt 0.966269 0.361626
vt 0.905998 0.397188
vt 0.838855 0.430008
vt 0.777529 0.459278
vt 0.732974 0.484276
vt 0.692780 0.484276
vt 0.637202 0.459278
vt 0.954352 0.397188
vt 0.894177 0.430008
vt 0.831130 0.459278
vt 0.777529 0.484276
vt 0.938081 0.430008
vt 0.879483 0.459278
vt 0.822085 0.484276
vt 0.777529 0.504389
vt 0.743116 0.504389
vt 0.917857 0.459278
vt 0.862279 0.484276
vt 0.811943 0.504389
vt 0.178815 0.273966
vt 0.173364 0.263269
vt 0.203644 0.241269
vt 0.214411 0.262400
vt 0.142319 0.285824
vt 0.164875 0.254779
vt 0.186875 0.224499
vt 0.232415 0.220366
vt 0.248233 0.251411
vt 0.180693 0.285824
vt 0.218121 0.285824
vt 0.154177 0.249329
vt 0.165743 0.213732
vt 0.207777 0.195728
vt 0.258967 0.201075
vt 0.279447 0.241269
vt 0.253683 0.285824
vt 0.178815 0.297682
vt 0.214411 0.309248
vt 0.142319 0.247451
vt 0.142319 0.210022
vt 0.176733 0.179910
vt 0.227069 0.169177
vt 0.248233 0.320238
vt 0.173364 0.308379
vt 0.203644 0.330379
vt 0.130461 0.249329
vt 0.118895 0.213732
vt 0.142319 0.174460
vt 0.186875 0.148697
vt 0.244273 0.145497
vt 0.282646 0.183870
vt 0.232415 0.351282
vt 0.164875 0.316869
vt 0.186875 0.347149
vt 0.119764 0.254779
vt 0.097764 0.224499
vt 0.107906 0.179910
vt 0.142319 0.141640
vt 0.195919 0.120860
vt 0.279447 0.330379
vt 0.258967 0.370573
vt 0.207777 0.375920
vt 0.154177 0.322319
vt 0.165743 0.357916
vt 0.111274 0.263269
vt 0.080994 0.241269
vt 0.076861 0.195728
vt 0.097764 0.148697
vt 0.142319 0.112370
vt 0.203644 0.097084
vt 0.258967 0.125273
vt 0.227069 0.402472
vt 0.176733 0.391738
vt 0.142319 0.324198
vt 0.142319 0.361626
vt 0.105824 0.273966
vt 0.070227 0.262400
vt 0.052224 0.220366
vt 0.057570 0.169177
vt 0.088719 0.120860
vt 0.142319 0.087371
vt 0.209859 0.077957
vt 0.270788 0.109001
vt 0.282646 0.387778
vt 0.244273 0.426151
vt 0.186875 0.422951
vt 0.142319 0.397188
vt 0.130461 0.322319
vt 0.118895 0.357916
vt 0.103946 0.285824
vt 0.066517 0.285824
vt 0.036405 0.251411
vt 0.025672 0.201075
vt 0.040366 0.145497
vt 0.080994 0.097084
vt 0.142319 0.067259
vt 0.195919 0.450788
vt 0.142319 0.430008
vt 0.107906 0.391738
vt 0.119764 0.316869
vt 0.097764 0.347149
vt 0.105824 0.297682
vt 0.070227 0.309248
vt 0.030955 0.285824
vt 0.005192 0.241269
vt 0.001992 0.183870
vt 0.025672 0.125273
vt 0.074779 0.077957
vt 0.258967 0.446376
vt 0.203644 0.474564
vt 0.142319 0.459278
vt 0.097764 0.422951
vt 0.076861 0.375920
vt 0.111274 0.308379
vt 0.080994 0.330379
vt 0.036405 0.320238
vt 0.013850 0.109002
vt 0.270788 0.462647
vt 0.209859 0.493691
vt 0.142319 0.484277
vt 0.088719 0.450788
vt 0.057570 0.402472
vt 0.052224 0.351282
vt 0.142319 0.504389
vt 0.080994 0.474564
vt 0.040366 0.426151
vt 0.025672 0.370573
vt 0.005192 0.330379
vt 0.074779 0.493691
vt 0.025672 0.446376
vt 0.001992 0.387778
vt 0.013850 0.462647
vt 0.571286 0.387778
vt 0.532913 0.426151
vt 0.515708 0.402472
vt 0.547607 0.370573
vt 0.484559 0.450788
vt 0.475514 0.422951
vt 0.496417 0.375920
vt 0.521055 0.351282
vt 0.547607 0.446376
vt 0.492284 0.474564
vt 0.430959 0.459278
vt 0.430959 0.430008
vt 0.465373 0.391738
vt 0.475514 0.347149
vt 0.492284 0.330379
vt 0.568086 0.330379
vt 0.536873 0.320237
vt 0.559428 0.462647
vt 0.498499 0.493691
vt 0.430959 0.484277
vt 0.377359 0.450788
vt 0.386404 0.422951
vt 0.430959 0.397188
vt 0.454383 0.357916
vt 0.453514 0.316869
vt 0.462004 0.308379
vt 0.503051 0.309248
vt 0.430959 0.504389
vt 0.369634 0.474564
vt 0.329005 0.426151
vt 0.346210 0.402471
vt 0.396546 0.391738
vt 0.430959 0.361626
vt 0.442817 0.322319
vt 0.430959 0.285824
vt 0.467454 0.297682
vt 0.542323 0.285824
vt 0.506761 0.285824
vt 0.363419 0.493691
vt 0.314312 0.446376
vt 0.290632 0.387778
vt 0.314312 0.370573
vt 0.365501 0.375920
vt 0.407535 0.357916
vt 0.430959 0.324198
vt 0.469333 0.285824
vt 0.536873 0.251411
vt 0.503051 0.262400
vt 0.302490 0.462647
vt 0.340863 0.351282
vt 0.386404 0.347149
vt 0.419101 0.322319
vt 0.467454 0.273966
vt 0.521055 0.220366
vt 0.492284 0.241269
vt 0.293832 0.330379
vt 0.325045 0.320237
vt 0.369634 0.330379
vt 0.408404 0.316869
vt 0.462004 0.263269
vt 0.547606 0.201075
vt 0.568086 0.241269
vt 0.496417 0.195728
vt 0.475514 0.224499
vt 0.358867 0.309248
vt 0.399914 0.308379
vt 0.453514 0.254779
vt 0.515708 0.169177
vt 0.465373 0.179910
vt 0.454383 0.213732
vt 0.319595 0.285824
vt 0.355157 0.285824
vt 0.394464 0.297682
vt 0.442817 0.249329
vt 0.532913 0.145497
vt 0.571286 0.183870
vt 0.475514 0.148697
vt 0.430959 0.174460
vt 0.430959 0.210022
vt 0.325045 0.251411
vt 0.358867 0.262400
vt 0.392586 0.285824
vt 0.430959 0.247450
vt 0.484559 0.120860
vt 0.430959 0.141640
vt 0.396546 0.179910
vt 0.407535 0.213732
vt 0.340863 0.220366
vt 0.369634 0.241269
vt 0.394464 0.273966
vt 0.419101 0.249329
vt 0.492284 0.097084
vt 0.547606 0.125273
vt 0.430959 0.112370
vt 0.386404 0.148697
vt 0.365501 0.195728
vt 0.386404 0.224499
vt 0.293832 0.241269
vt 0.314312 0.201075
vt 0.399914 0.263269
vt 0.408404 0.254779
vt 0.498499 0.077957
vt 0.559428 0.109001
vt 0.430959 0.087371
vt 0.377359 0.120860
vt 0.346210 0.169176
vt 0.430959 0.067259
vt 0.369634 0.097084
vt 0.329005 0.145497
vt 0.290632 0.183870
vt 0.363419 0.077957
vt 0.314312 0.125273
vt 0.302490 0.109001
vt 0.594968 0.524095
vt 0.594968 0.585024
vt 0.559405 0.580472
vt 0.559405 0.515437
vt 0.594968 0.652564
vt 0.559405 0.652564
vt 0.521977 0.577695
vt 0.521977 0.510155
vt 0.594968 0.720105
vt 0.559405 0.724657
vt 0.521977 0.652564
vt 0.483603 0.576762
vt 0.483603 0.508380
vt 0.594968 0.781033
vt 0.559405 0.789692
vt 0.521977 0.727433
vt 0.483603 0.652564
vt 0.445230 0.577695
vt 0.445230 0.510155
vt 0.521977 0.794973
vt 0.483603 0.728367
vt 0.445230 0.652564
vt 0.407801 0.580472
vt 0.407801 0.515437
vt 0.483603 0.796749
vt 0.445230 0.727433
vt 0.407801 0.652564
vt 0.372239 0.585024
vt 0.372239 0.524095
vt 0.445230 0.794973
vt 0.407801 0.724657
vt 0.372239 0.652564
vt 0.407801 0.789692
vt 0.372239 0.720105
vt 0.372239 0.781033
vt 0.143375 0.781033
vt 0.143375 0.720104
vt 0.178937 0.724656
vt 0.178937 0.789692
vt 0.143375 0.652564
vt 0.178937 0.652564
vt 0.216366 0.727433
vt 0.216366 0.794973
vt 0.143375 0.585024
vt 0.178937 0.580472
vt 0.216366 0.652564
vt 0.254740 0.728366
vt 0.254740 0.796748
vt 0.143375 0.524095
vt 0.178937 0.515437
vt 0.216366 0.577695
vt 0.254740 0.652564
vt 0.293113 0.727433
vt 0.293113 0.794973
vt 0.216366 0.510155
vt 0.254740 0.576762
vt 0.293113 0.652564
vt 0.330542 0.724656
vt 0.330542 0.789692
vt 0.254740 0.508380
vt 0.293113 0.577695
vt 0.330542 0.652564
vt 0.366104 0.720104
vt 0.366104 0.781033
vt 0.293113 0.510155
vt 0.330542 0.580472
vt 0.366104 0.652564
vt 0.330542 0.515437
vt 0.366104 0.585024
vt 0.366104 0.524095
vn 0.268535 -0.959000 0.090598
vn 0.228430 -0.973471 0.013229
vn 0.367133 -0.924952 -0.098367
vn 0.431592 -0.901695 0.025982
vn 0.165964 -0.984955 -0.048172
vn 0.266738 -0.943410 -0.197051
vn 0.087252 -0.992328 -0.087594
vn 0.140232 -0.955260 -0.260410
vn -0.000000 -0.994868 -0.101178
vn -0.000000 -0.959343 -0.282243
vn -0.087252 -0.992328 -0.087594
vn -0.140233 -0.955260 -0.260411
vn -0.165964 -0.984954 -0.048173
vn -0.266738 -0.943409 -0.197052
vn -0.228430 -0.973471 0.013228
vn -0.367134 -0.924952 -0.098367
vn -0.268535 -0.959000 0.090598
vn -0.431591 -0.901695 0.025982
vn -0.282355 -0.942959 0.176364
vn -0.453802 -0.875914 0.163824
vn -0.268535 -0.926918 0.262130
vn -0.431592 -0.850133 0.301667
vn -0.228430 -0.912448 0.339499
vn -0.367134 -0.826876 0.426016
vn -0.165964 -0.900964 0.400900
vn -0.266738 -0.808418 0.524700
vn -0.087252 -0.893590 0.440322
vn -0.140233 -0.796568 0.588059
vn 0.000000 -0.891050 0.453905
vn 0.000000 -0.792485 0.609892
vn 0.087252 -0.893590 0.440322
vn 0.140233 -0.796568 0.588059
vn 0.165964 -0.900963 0.400900
vn 0.266738 -0.808418 0.524700
vn 0.228430 -0.912447 0.339499
vn 0.367134 -0.826875 0.426016
vn 0.268535 -0.926918 0.262130
vn 0.431592 -0.850133 0.301667
vn 0.282355 -0.942959 0.176365
vn 0.453802 -0.875914 0.163825
vn 0.492739 -0.845422 -0.206082
vn 0.579250 -0.814208 -0.039190
vn 0.357996 -0.870194 -0.338529
vn 0.188209 -0.886098 -0.423565
vn -0.000000 -0.891578 -0.452866
vn -0.188210 -0.886098 -0.423565
vn -0.357996 -0.870194 -0.338529
vn -0.492739 -0.845422 -0.206082
vn -0.579250 -0.814208 -0.039190
vn -0.609059 -0.779606 0.145812
vn -0.579250 -0.745005 0.330813
vn -0.492739 -0.713791 0.497706
vn -0.357996 -0.689019 0.630152
vn -0.188210 -0.673114 0.715188
vn 0.000000 -0.667634 0.744490
vn 0.188210 -0.673114 0.715188
vn 0.357996 -0.689019 0.630152
vn 0.492739 -0.713791 0.497706
vn 0.579250 -0.745005 0.330813
vn 0.609059 -0.779606 0.145812
vn 0.593235 -0.747578 -0.298663
vn 0.697390 -0.709997 -0.097732
vn 0.431010 -0.777402 -0.458123
vn 0.226596 -0.796550 -0.560502
vn -0.000000 -0.803148 -0.595780
vn -0.226596 -0.796550 -0.560502
vn -0.431011 -0.777402 -0.458123
vn -0.593235 -0.747578 -0.298663
vn -0.697390 -0.709997 -0.097732
vn -0.733279 -0.668339 0.125001
vn -0.697390 -0.626680 0.347735
vn -0.593235 -0.589100 0.548665
vn -0.431011 -0.559276 0.708125
vn -0.226596 -0.540127 0.810504
vn 0.000000 -0.533529 0.845782
vn 0.226596 -0.540127 0.810504
vn 0.431011 -0.559275 0.708125
vn 0.593235 -0.589100 0.548665
vn 0.697390 -0.626680 0.347734
vn 0.733279 -0.668338 0.125002
vn 0.669384 -0.641445 -0.374798
vn 0.786908 -0.599041 -0.148075
vn 0.486336 -0.675098 -0.554726
vn 0.255682 -0.696704 -0.670247
vn -0.000000 -0.704149 -0.710053
vn -0.255682 -0.696704 -0.670247
vn -0.486336 -0.675097 -0.554726
vn -0.669384 -0.641445 -0.374798
vn -0.786908 -0.599041 -0.148075
vn -0.827404 -0.552035 0.103248
vn -0.786908 -0.505029 0.354572
vn -0.669384 -0.462625 0.581295
vn -0.486336 -0.428972 0.761223
vn -0.255682 -0.407366 0.876744
vn -0.000000 -0.399921 0.916549
vn 0.255682 -0.407366 0.876744
vn 0.486336 -0.428972 0.761223
vn 0.669384 -0.462625 0.581295
vn 0.786908 -0.505029 0.354572
vn 0.827404 -0.552035 0.103249
vn 0.724986 -0.533059 -0.436168
vn 0.852273 -0.487132 -0.190612
vn 0.526733 -0.569507 -0.631042
vn 0.276920 -0.592908 -0.756158
vn -0.000000 -0.600971 -0.799271
vn -0.276920 -0.592908 -0.756158
vn -0.526734 -0.569507 -0.631041
vn -0.724987 -0.533059 -0.436168
vn -0.852273 -0.487132 -0.190612
vn -0.896133 -0.436222 0.081588
vn -0.852273 -0.385312 0.353788
vn -0.724986 -0.339385 0.599343
vn -0.526733 -0.302937 0.794217
vn -0.276920 -0.279536 0.919334
vn 0.000000 -0.271473 0.962446
vn 0.276920 -0.279536 0.919334
vn 0.526734 -0.302937 0.794217
vn 0.724987 -0.339385 0.599343
vn 0.852273 -0.385312 0.353788
vn 0.896133 -0.436222 0.081589
vn 0.764032 -0.425258 -0.485191
vn 0.898174 -0.376858 -0.226409
vn 0.555102 -0.463669 -0.690560
vn 0.291834 -0.488330 -0.822415
vn -0.000000 -0.496828 -0.867849
vn -0.291835 -0.488330 -0.822415
vn -0.555102 -0.463669 -0.690560
vn -0.764032 -0.425258 -0.485190
vn -0.898174 -0.376858 -0.226410
vn -0.944396 -0.323206 0.060450
vn -0.898174 -0.269554 0.347310
vn -0.764032 -0.221153 0.606091
vn -0.555102 -0.182743 0.811460
vn -0.291834 -0.158081 0.943315
vn 0.000000 -0.149584 0.988749
vn 0.291835 -0.158081 0.943315
vn 0.555102 -0.182743 0.811460
vn 0.764032 -0.221153 0.606090
vn 0.898174 -0.269554 0.347310
vn 0.944396 -0.323206 0.060451
vn 0.789730 -0.318838 -0.524089
vn 0.928383 -0.268810 -0.256604
vn 0.573772 -0.358541 -0.736365
vn 0.301650 -0.384032 -0.872655
vn -0.000000 -0.392815 -0.919617
vn -0.301650 -0.384032 -0.872655
vn -0.573773 -0.358541 -0.736365
vn -0.789730 -0.318838 -0.524088
vn -0.928383 -0.268810 -0.256604
vn -0.976160 -0.213354 0.039904
vn -0.928383 -0.157897 0.336413
vn -0.789730 -0.107868 0.603897
vn -0.573772 -0.068166 0.816173
vn -0.301650 -0.042675 0.952463
vn 0.000000 -0.033892 0.999425
vn 0.301650 -0.042675 0.952463
vn 0.573772 -0.068166 0.816173
vn 0.789730 -0.107869 0.603897
vn 0.928383 -0.157897 0.336412
vn 0.976160 -0.213353 0.039905
vn 0.804299 -0.213434 -0.554571
vn 0.945510 -0.162483 -0.282152
vn 0.584357 -0.253869 -0.770764
vn 0.307215 -0.279830 -0.909568
vn 0.000000 -0.288775 -0.957397
vn -0.307215 -0.279830 -0.909568
vn -0.584358 -0.253869 -0.770764
vn -0.804299 -0.213434 -0.554571
vn -0.945510 -0.162483 -0.282152
vn -0.994168 -0.106003 0.019826
vn -0.945510 -0.049523 0.321804
vn -0.804299 0.001428 0.594223
vn -0.584357 0.041863 0.810416
vn -0.307215 0.067824 0.949220
vn 0.000000 0.076769 0.997049
vn 0.307215 0.067824 0.949220
vn 0.584357 0.041863 0.810416
vn 0.804299 0.001428 0.594223
vn 0.945510 -0.049523 0.321804
vn 0.994168 -0.106003 0.019827
vn 0.809017 -0.108061 -0.577767
vn 0.951057 -0.056811 -0.303749
vn 0.587785 -0.148733 -0.795228
vn 0.309017 -0.174847 -0.934846
vn 0.000000 -0.183845 -0.982955
vn -0.309017 -0.174847 -0.934846
vn -0.587785 -0.148733 -0.795227
vn -0.809017 -0.108061 -0.577767
vn -0.951057 -0.056811 -0.303750
vn -1.000000 -0.000000 0.000000
vn -0.951056 0.056811 0.303750
vn -0.809017 0.108061 0.577767
vn -0.587785 0.148733 0.795228
vn -0.309017 0.174847 0.934846
vn -0.000000 0.183845 0.982955
vn 0.309017 0.174847 0.934846
vn 0.587785 0.148733 0.795228
vn 0.809017 0.108061 0.577767
vn 0.951057 0.056811 0.303750
vn 1.000000 0.000000 0.000001
vn 0.804299 -0.001428 -0.594223
vn 0.945510 0.049524 -0.321804
vn 0.584357 -0.041863 -0.810416
vn 0.307215 -0.067824 -0.949220
vn 0.000000 -0.076769 -0.997049
vn -0.307215 -0.067824 -0.949220
vn -0.584358 -0.041863 -0.810416
vn -0.804299 -0.001428 -0.594223
vn -0.945510 0.049523 -0.321804
vn -0.994168 0.106003 -0.019826
vn -0.945510 0.162483 0.282153
vn -0.804299 0.213434 0.554571
vn -0.584357 0.253869 0.770764
vn -0.307215 0.279830 0.909568
vn 0.000000 0.288776 0.957397
vn 0.307215 0.279830 0.909568
vn 0.584357 0.253869 0.770764
vn 0.804299 0.213434 0.554571
vn 0.945510 0.162483 0.282152
vn 0.994168 0.106003 -0.019825
vn 0.789730 0.107869 -0.603897
vn 0.928383 0.157897 -0.336412
vn 0.573772 0.068166 -0.816173
vn 0.301650 0.042675 -0.952463
vn -0.000000 0.033892 -0.999425
vn -0.301650 0.042675 -0.952463
vn -0.573772 0.068166 -0.816173
vn -0.789730 0.107869 -0.603896
vn -0.928383 0.157897 -0.336412
vn -0.976160 0.213353 -0.039904
vn -0.928383 0.268810 0.256604
vn -0.789730 0.318838 0.524089
vn -0.573772 0.358541 0.736365
vn -0.301650 0.384032 0.872655
vn 0.000000 0.392815 0.919617
vn 0.301650 0.384032 0.872655
vn 0.573772 0.358541 0.736365
vn 0.789730 0.318838 0.524089
vn 0.928383 0.268810 0.256604
vn 0.976160 0.213354 -0.039903
vn 0.764032 0.221153 -0.606091
vn 0.898174 0.269554 -0.347309
vn 0.555102 0.182743 -0.811460
vn 0.291834 0.158082 -0.943315
vn -0.000000 0.149584 -0.988749
vn -0.291835 0.158082 -0.943315
vn -0.555102 0.182743 -0.811460
vn -0.764033 0.221153 -0.606090
vn -0.898174 0.269554 -0.347310
vn -0.944396 0.323206 -0.060450
vn -0.898174 0.376858 0.226410
vn -0.764032 0.425258 0.485191
vn -0.555102 0.463669 0.690560
vn -0.291834 0.488330 0.822415
vn 0.000000 0.496828 0.867849
vn 0.291835 0.488330 0.822415
vn 0.555102 0.463669 0.690560
vn 0.764032 0.425258 0.485190
vn 0.898174 0.376858 0.226410
vn 0.944396 0.323206 -0.060449
vn 0.724986 0.339385 -0.599343
vn 0.852273 0.385312 -0.353787
vn 0.526733 0.302938 -0.794217
vn 0.276920 0.279536 -0.919334
vn -0.000000 0.271473 -0.962446
vn -0.276920 0.279537 -0.919334
vn -0.526734 0.302938 -0.794217
vn -0.724987 0.339385 -0.599343
vn -0.852273 0.385312 -0.353788
vn -0.896133 0.436222 -0.081588
vn -0.852273 0.487132 0.190612
vn -0.724986 0.533059 0.436168
vn -0.526733 0.569507 0.631042
vn -0.276920 0.592908 0.756158
vn 0.000000 0.600971 0.799271
vn 0.276920 0.592908 0.756158
vn 0.526734 0.569507 0.631042
vn 0.724986 0.533059 0.436168
vn 0.852273 0.487132 0.190612
vn 0.896133 0.436222 -0.081587
vn 0.669384 0.462625 -0.581295
vn 0.786908 0.505029 -0.354571
vn 0.486336 0.428972 -0.761223
vn 0.255682 0.407366 -0.876744
vn -0.000000 0.399921 -0.916549
vn -0.255682 0.407366 -0.876744
vn -0.486336 0.428972 -0.761223
vn -0.669384 0.462625 -0.581295
vn -0.786908 0.505029 -0.354572
vn -0.827404 0.552035 -0.103248
vn -0.786908 0.599041 0.148075
vn -0.669384 0.641445 0.374798
vn -0.486336 0.675097 0.554726
vn -0.255682 0.696703 0.670247
vn -0.000000 0.704148 0.710053
vn 0.255682 0.696704 0.670247
vn 0.486336 0.675097 0.554726
vn 0.669384 0.641445 0.374798
vn 0.786908 0.599041 0.148075
vn 0.827404 0.552035 -0.103248
vn 0.593235 0.589100 -0.548665
vn 0.697390 0.626681 -0.347734
vn 0.431010 0.559276 -0.708125
vn 0.226596 0.540128 -0.810504
vn -0.000000 0.533529 -0.845782
vn -0.226596 0.540127 -0.810504
vn -0.431011 0.559276 -0.708125
vn -0.593235 0.589100 -0.548665
vn -0.697390 0.626680 -0.347734
vn -0.733279 0.668339 -0.125001
vn -0.697390 0.709997 0.097733
vn -0.593235 0.747578 0.298663
vn -0.431011 0.777402 0.458123
vn -0.226596 0.796550 0.560502
vn -0.000000 0.803148 0.595780
vn 0.226596 0.796550 0.560502
vn 0.431011 0.777402 0.458123
vn 0.593235 0.747577 0.298663
vn 0.697390 0.709997 0.097733
vn 0.733279 0.668339 -0.125000
vn 0.492739 0.713791 -0.497706
vn 0.579250 0.745005 -0.330813
vn 0.357996 0.689019 -0.630152
vn 0.188209 0.673115 -0.715188
vn -0.000000 0.667634 -0.744489
vn -0.188210 0.673115 -0.715188
vn -0.357996 0.689019 -0.630152
vn -0.492739 0.713791 -0.497706
vn -0.579250 0.745005 -0.330813
vn -0.609059 0.779606 -0.145812
vn -0.579250 0.814208 0.039190
vn -0.492739 0.845422 0.206082
vn -0.357996 0.870194 0.338529
vn -0.188210 0.886098 0.423565
vn 0.000000 0.891578 0.452866
vn 0.188210 0.886098 0.423565
vn 0.357996 0.870194 0.338529
vn 0.492739 0.845422 0.206082
vn 0.579250 0.814208 0.039190
vn 0.609059 0.779606 -0.145811
vn 0.367133 0.826876 -0.426016
vn 0.431592 0.850133 -0.301666
vn 0.266738 0.808418 -0.524701
vn 0.140232 0.796568 -0.588059
vn -0.000000 0.792485 -0.609891
vn -0.140233 0.796568 -0.588059
vn -0.266738 0.808418 -0.524700
vn -0.367134 0.826876 -0.426016
vn -0.431592 0.850133 -0.301667
vn -0.453802 0.875914 -0.163824
vn -0.431591 0.901695 -0.025982
vn -0.367134 0.924952 0.098367
vn -0.266738 0.943409 0.197052
vn -0.140233 0.955260 0.260411
vn 0.000000 0.959343 0.282243
vn 0.140233 0.955260 0.260411
vn 0.266738 0.943409 0.197052
vn 0.367134 0.924952 0.098368
vn 0.431592 0.901695 -0.025982
vn 0.453802 0.875914 -0.163824
vn 0.228430 0.912448 -0.339499
vn 0.268535 0.926918 -0.262129
vn 0.165964 0.900963 -0.400900
vn 0.087252 0.893590 -0.440322
vn -0.000000 0.891050 -0.453906
vn -0.087252 0.893590 -0.440322
vn -0.165964 0.900964 -0.400900
vn -0.228430 0.912448 -0.339498
vn -0.268535 0.926918 -0.262129
vn -0.282355 0.942959 -0.176364
vn -0.268535 0.959000 -0.090598
vn -0.228430 0.973471 -0.013229
vn -0.165964 0.984955 0.048173
vn -0.087252 0.992328 0.087594
vn 0.000000 0.994868 0.101177
vn 0.087252 0.992328 0.087594
vn 0.165964 0.984954 0.048172
vn 0.228430 0.973471 -0.013229
vn 0.268535 0.959000 -0.090599
vn 0.282355 0.942959 -0.176363
vn -0.000000 -0.982955 0.183844
vn -0.000000 0.982955 -0.183844
s 1
g SpiritEye_2
usemtl aiStandardSurface4SG
f 1509/2215/2309 1510/2216/2310 1530/2217/2311 1529/2218/2312
f 1510/2216/2310 1511/2220/2313 1531/2221/2314 1530/2217/2311
f 1511/2220/2313 1512/2226/2315 1532/2227/2316 1531/2221/2314
f 1512/2226/2315 1513/2234/2317 1533/2235/2318 1532/2227/2316
f 1513/2234/2317 1514/2241/2319 1534/2242/2320 1533/2235/2318
f 1514/2241/2319 1515/2250/2321 1535/2251/2322 1534/2242/2320
f 1515/2250/2321 1516/2260/2323 1536/2261/2324 1535/2251/2322
f 1516/2260/2323 1517/2271/2325 1537/2272/2326 1536/2261/2324
f 1517/2271/2325 1518/2285/2327 1538/2286/2328 1537/2272/2326
f 1518/2285/2327 1519/2297/2329 1539/2298/2330 1538/2286/2328
f 1519/2297/2329 1520/2309/2331 1540/2310/2332 1539/2298/2330
f 1520/2309/2331 1521/2295/2333 1541/2296/2334 1540/2310/2332
f 1521/2295/2333 1522/2283/2335 1542/2284/2336 1541/2296/2334
f 1522/2283/2335 1523/2269/2337 1543/2270/2338 1542/2284/2336
f 1523/2269/2337 1524/2258/2339 1544/2259/2340 1543/2270/2338
f 1524/2258/2339 1525/2248/2341 1545/2249/2342 1544/2259/2340
f 1525/2248/2341 1526/2239/2343 1546/2240/2344 1545/2249/2342
f 1526/2239/2343 1527/2232/2345 1547/2233/2346 1546/2240/2344
f 1527/2232/2345 1528/2224/2347 1548/2225/2348 1547/2233/2346
f 1528/2224/2347 1509/2215/2309 1529/2218/2312 1548/2225/2348
f 1529/2218/2312 1530/2217/2311 1550/2222/2349 1549/2223/2350
f 1530/2217/2311 1531/2221/2314 1551/2228/2351 1550/2222/2349
f 1531/2221/2314 1532/2227/2316 1552/2236/2352 1551/2228/2351
f 1532/2227/2316 1533/2235/2318 1553/2243/2353 1552/2236/2352
f 1533/2235/2318 1534/2242/2320 1554/2252/2354 1553/2243/2353
f 1534/2242/2320 1535/2251/2322 1555/2262/2355 1554/2252/2354
f 1535/2251/2322 1536/2261/2324 1556/2273/2356 1555/2262/2355
f 1536/2261/2324 1537/2272/2326 1557/2287/2357 1556/2273/2356
f 1537/2272/2326 1538/2286/2328 1558/2299/2358 1557/2287/2357
f 1538/2286/2328 1539/2298/2330 1559/2311/2359 1558/2299/2358
f 1539/2298/2330 1540/2310/2332 1560/2318/2360 1559/2311/2359
f 1540/2310/2332 1541/2296/2334 1561/2308/2361 1560/2318/2360
f 1541/2296/2334 1542/2284/2336 1562/2294/2362 1561/2308/2361
f 1542/2284/2336 1543/2270/2338 1563/2282/2363 1562/2294/2362
f 1543/2270/2338 1544/2259/2340 1564/2268/2364 1563/2282/2363
f 1544/2259/2340 1545/2249/2342 1565/2257/2365 1564/2268/2364
f 1545/2249/2342 1546/2240/2344 1566/2247/2366 1565/2257/2365
f 1546/2240/2344 1547/2233/2346 1567/2238/2367 1566/2247/2366
f 1547/2233/2346 1548/2225/2348 1568/2231/2368 1567/2238/2367
f 1548/2225/2348 1529/2218/2312 1549/2223/2350 1568/2231/2368
f 1549/2223/2350 1550/2222/2349 1570/2229/2369 1569/2230/2370
f 1550/2222/2349 1551/2228/2351 1571/2237/2371 1570/2229/2369
f 1551/2228/2351 1552/2236/2352 1572/2244/2372 1571/2237/2371
f 1552/2236/2352 1553/2243/2353 1573/2253/2373 1572/2244/2372
f 1553/2243/2353 1554/2252/2354 1574/2263/2374 1573/2253/2373
f 1554/2252/2354 1555/2262/2355 1575/2274/2375 1574/2263/2374
f 1555/2262/2355 1556/2273/2356 1576/2288/2376 1575/2274/2375
f 1556/2273/2356 1557/2287/2357 1577/2300/2377 1576/2288/2376
f 1557/2167/2357 1558/2168/2358 1578/2156/2378 1577/2145/2377
f 1558/2168/2358 1559/2179/2359 1579/2169/2379 1578/2156/2378
f 1559/2311/2359 1560/2318/2360 1580/2322/2380 1579/2323/2379
f 1560/2318/2360 1561/2308/2361 1581/2317/2381 1580/2322/2380
f 1561/2308/2361 1562/2294/2362 1582/2307/2382 1581/2317/2381
f 1562/2294/2362 1563/2282/2363 1583/2293/2383 1582/2307/2382
f 1563/2282/2363 1564/2268/2364 1584/2281/2384 1583/2293/2383
f 1564/2268/2364 1565/2257/2365 1585/2267/2385 1584/2281/2384
f 1565/2257/2365 1566/2247/2366 1586/2256/2386 1585/2267/2385
f 1566/2247/2366 1567/2238/2367 1587/2255/2387 1586/2256/2386
f 1567/2086/2367 1568/2074/2368 1588/2063/2388 1587/2076/2387
f 1568/2074/2368 1549/2075/2350 1569/2051/2370 1588/2063/2388
f 1569/2051/2370 1570/2052/2369 1590/2042/2389 1589/2041/2390
f 1570/2229/2369 1571/2237/2371 1591/2245/2391 1590/2246/2389
f 1571/2237/2371 1572/2244/2372 1592/2254/2392 1591/2245/2391
f 1572/2244/2372 1573/2253/2373 1593/2264/2393 1592/2254/2392
f 1573/2253/2373 1574/2263/2374 1594/2275/2394 1593/2264/2393
f 1574/2263/2374 1575/2274/2375 1595/2289/2395 1594/2275/2394
f 1575/2274/2375 1576/2288/2376 1596/2301/2396 1595/2289/2395
f 1576/2144/2376 1577/2145/2377 1597/2135/2397 1596/2134/2396
f 1577/2145/2377 1578/2156/2378 1598/2146/2398 1597/2135/2397
f 1578/2156/2378 1579/2169/2379 1599/2157/2399 1598/2146/2398
f 1579/2169/2379 1580/2180/2380 1600/2170/2400 1599/2157/2399
f 1580/2322/2380 1581/2317/2381 1601/2321/2401 1600/2326/2400
f 1581/2317/2381 1582/2307/2382 1602/2316/2402 1601/2321/2401
f 1582/2307/2382 1583/2293/2383 1603/2306/2403 1602/2316/2402
f 1583/2293/2383 1584/2281/2384 1604/2292/2404 1603/2306/2403
f 1584/2281/2384 1585/2267/2385 1605/2280/2405 1604/2292/2404
f 1585/2267/2385 1586/2256/2386 1606/2279/2406 1605/2280/2405
f 1586/2087/2386 1587/2076/2387 1607/2064/2407 1606/2077/2406
f 1587/2076/2387 1588/2063/2388 1608/2054/2408 1607/2064/2407
f 1588/2063/2388 1569/2051/2370 1589/2041/2390 1608/2054/2408
f 1589/2041/2390 1590/2042/2389 1610/2034/2409 1609/2033/2410
f 1590/2042/2389 1591/2053/2391 1611/2043/2411 1610/2034/2409
f 1591/2245/2391 1592/2254/2392 1612/2265/2412 1611/2266/2411
f 1592/2254/2392 1593/2264/2393 1613/2276/2413 1612/2265/2412
f 1593/2264/2393 1594/2275/2394 1614/2290/2414 1613/2276/2413
f 1594/2275/2394 1595/2289/2395 1615/2302/2415 1614/2290/2414
f 1595/2147/2395 1596/2134/2396 1616/2126/2416 1615/2137/2415
f 1596/2134/2396 1597/2135/2397 1617/2127/2417 1616/2126/2416
f 1597/2135/2397 1598/2146/2398 1618/2136/2418 1617/2127/2417
f 1598/2146/2398 1599/2157/2399 1619/2148/2419 1618/2136/2418
f 1599/2157/2399 1600/2170/2400 1620/2158/2420 1619/2148/2419
f 1600/2170/2400 1601/2181/2401 1621/2171/2421 1620/2158/2420
f 1601/2321/2401 1602/2316/2402 1622/2320/2422 1621/2325/2421
f 1602/2316/2402 1603/2306/2403 1623/2315/2423 1622/2320/2422
f 1603/2306/2403 1604/2292/2404 1624/2305/2424 1623/2315/2423
f 1604/2292/2404 1605/2280/2405 1625/2304/2425 1624/2305/2424
f 1605/2088/2405 1606/2077/2406 1626/2065/2426 1625/2078/2425
f 1606/2077/2406 1607/2064/2407 1627/2055/2427 1626/2065/2426
f 1607/2064/2407 1608/2054/2408 1628/2044/2428 1627/2055/2427
f 1608/2054/2408 1589/2041/2390 1609/2033/2410 1628/2044/2428
f 1609/2033/2410 1610/2034/2409 1630/2030/2429 1629/2029/2430
f 1610/2034/2409 1611/2043/2411 1631/2035/2431 1630/2030/2429
f 1611/2266/2411 1612/2265/2412 1632/2277/2432 1631/2278/2431
f 1612/2265/2412 1613/2276/2413 1633/2291/2433 1632/2277/2432
f 1613/2276/2413 1614/2290/2414 1634/2303/2434 1633/2291/2433
f 1614/2290/2414 1615/2302/2415 1635/2312/2435 1634/2303/2434
f 1615/2137/2415 1616/2126/2416 1636/2122/2436 1635/2132/2435
f 1616/2126/2416 1617/2127/2417 1637/2123/2437 1636/2122/2436
f 1617/2127/2417 1618/2136/2418 1638/2128/2438 1637/2123/2437
f 1618/2136/2418 1619/2148/2419 1639/2138/2439 1638/2128/2438
f 1619/2148/2419 1620/2158/2420 1640/2149/2440 1639/2138/2439
f 1620/2158/2420 1621/2171/2421 1641/2159/2441 1640/2149/2440
f 1621/2325/2421 1622/2320/2422 1642/2324/2442 1641/2327/2441
f 1622/2320/2422 1623/2315/2423 1643/2319/2443 1642/2324/2442
f 1623/2315/2423 1624/2305/2424 1644/2314/2444 1643/2319/2443
f 1624/2305/2424 1625/2304/2425 1645/2313/2445 1644/2314/2444
f 1625/2078/2425 1626/2065/2426 1646/2061/2446 1645/2072/2445
f 1626/2065/2426 1627/2055/2427 1647/2049/2447 1646/2061/2446
f 1627/2055/2427 1628/2044/2428 1648/2039/2448 1647/2049/2447
f 1628/2044/2428 1609/2033/2410 1629/2029/2430 1648/2039/2448
f 1629/2029/2430 1630/2030/2429 1650/2031/2449 1649/2032/2450
f 1630/2030/2429 1631/2035/2431 1651/2036/2451 1650/2031/2449
f 1631/2441/2431 1632/2442/2432 1652/2443/2452 1651/2444/2451
f 1632/2442/2432 1633/2445/2433 1653/2446/2453 1652/2443/2452
f 1633/2445/2433 1634/2449/2434 1654/2450/2454 1653/2446/2453
f 1634/2449/2434 1635/2454/2435 1655/2455/2455 1654/2450/2454
f 1635/2132/2435 1636/2122/2436 1656/2125/2456 1655/2133/2455
f 1636/2122/2436 1637/2123/2437 1657/2124/2457 1656/2125/2456
f 1637/2123/2437 1638/2128/2438 1658/2129/2458 1657/2124/2457
f 1638/2128/2438 1639/2138/2439 1659/2139/2459 1658/2129/2458
f 1639/2138/2439 1640/2149/2440 1660/2150/2460 1659/2139/2459
f 1640/2149/2440 1641/2159/2441 1661/2160/2461 1660/2150/2460
f 1641/2476/2441 1642/2477/2442 1662/2478/2462 1661/2479/2461
f 1642/2477/2442 1643/2480/2443 1663/2481/2463 1662/2478/2462
f 1643/2480/2443 1644/2484/2444 1664/2485/2464 1663/2481/2463
f 1644/2484/2444 1645/2489/2445 1665/2490/2465 1664/2485/2464
f 1645/2072/2445 1646/2061/2446 1666/2062/2466 1665/2073/2465
f 1646/2061/2446 1647/2049/2447 1667/2050/2467 1666/2062/2466
f 1647/2049/2447 1648/2039/2448 1668/2040/2468 1667/2050/2467
f 1648/2039/2448 1629/2029/2430 1649/2032/2450 1668/2040/2468
f 1649/2032/2450 1650/2031/2449 1670/2037/2469 1669/2038/2470
f 1650/2031/2449 1651/2036/2451 1671/2045/2471 1670/2037/2469
f 1651/2444/2451 1652/2443/2452 1672/2447/2472 1671/2448/2471
f 1652/2443/2452 1653/2446/2453 1673/2451/2473 1672/2447/2472
f 1653/2446/2453 1654/2450/2454 1674/2456/2474 1673/2451/2473
f 1654/2450/2454 1655/2455/2455 1675/2460/2475 1674/2456/2474
f 1655/2133/2455 1656/2125/2456 1676/2131/2476 1675/2143/2475
f 1656/2125/2456 1657/2124/2457 1677/2130/2477 1676/2131/2476
f 1657/2124/2457 1658/2129/2458 1678/2140/2478 1677/2130/2477
f 1658/2129/2458 1659/2139/2459 1679/2151/2479 1678/2140/2478
f 1659/2139/2459 1660/2150/2460 1680/2161/2480 1679/2151/2479
f 1660/2150/2460 1661/2160/2461 1681/2172/2481 1680/2161/2480
f 1661/2479/2461 1662/2478/2462 1682/2482/2482 1681/2483/2481
f 1662/2478/2462 1663/2481/2463 1683/2486/2483 1682/2482/2482
f 1663/2481/2463 1664/2485/2464 1684/2491/2484 1683/2486/2483
f 1664/2485/2464 1665/2490/2465 1685/2495/2485 1684/2491/2484
f 1665/2073/2465 1666/2062/2466 1686/2071/2486 1685/2085/2485
f 1666/2062/2466 1667/2050/2467 1687/2060/2487 1686/2071/2486
f 1667/2050/2467 1668/2040/2468 1688/2048/2488 1687/2060/2487
f 1668/2040/2468 1649/2032/2450 1669/2038/2470 1688/2048/2488
f 1669/2038/2470 1670/2037/2469 1690/2046/2489 1689/2047/2490
f 1670/2037/2469 1671/2045/2471 1691/2056/2491 1690/2046/2489
f 1671/2448/2471 1672/2447/2472 1692/2452/2492 1691/2453/2491
f 1672/2447/2472 1673/2451/2473 1693/2457/2493 1692/2452/2492
f 1673/2451/2473 1674/2456/2474 1694/2461/2494 1693/2457/2493
f 1674/2456/2474 1675/2460/2475 1695/2465/2495 1694/2461/2494
f 1675/2143/2475 1676/2131/2476 1696/2142/2496 1695/2155/2495
f 1676/2131/2476 1677/2130/2477 1697/2141/2497 1696/2142/2496
f 1677/2130/2477 1678/2140/2478 1698/2152/2498 1697/2141/2497
f 1678/2140/2478 1679/2151/2479 1699/2162/2499 1698/2152/2498
f 1679/2151/2479 1680/2161/2480 1700/2173/2500 1699/2162/2499
f 1680/2161/2480 1681/2172/2481 1701/2182/2501 1700/2173/2500
f 1681/2483/2481 1682/2482/2482 1702/2487/2502 1701/2488/2501
f 1682/2482/2482 1683/2486/2483 1703/2492/2503 1702/2487/2502
f 1683/2486/2483 1684/2491/2484 1704/2496/2504 1703/2492/2503
f 1684/2491/2484 1685/2495/2485 1705/2500/2505 1704/2496/2504
f 1685/2085/2485 1686/2071/2486 1706/2084/2506 1705/2095/2505
f 1686/2071/2486 1687/2060/2487 1707/2070/2507 1706/2084/2506
f 1687/2060/2487 1688/2048/2488 1708/2059/2508 1707/2070/2507
f 1688/2048/2488 1669/2038/2470 1689/2047/2490 1708/2059/2508
f 1689/2047/2490 1690/2046/2489 1710/2057/2509 1709/2058/2510
f 1690/2046/2489 1691/2056/2491 1711/2066/2511 1710/2057/2509
f 1691/2453/2491 1692/2452/2492 1712/2458/2512 1711/2459/2511
f 1692/2452/2492 1693/2457/2493 1713/2462/2513 1712/2458/2512
f 1693/2457/2493 1694/2461/2494 1714/2466/2514 1713/2462/2513
f 1694/2461/2494 1695/2465/2495 1715/2470/2515 1714/2466/2514
f 1695/2155/2495 1696/2142/2496 1716/2154/2516 1715/2166/2515
f 1696/2142/2496 1697/2141/2497 1717/2153/2517 1716/2154/2516
f 1697/2141/2497 1698/2152/2498 1718/2163/2518 1717/2153/2517
f 1698/2152/2498 1699/2162/2499 1719/2174/2519 1718/2163/2518
f 1699/2162/2499 1700/2173/2500 1720/2183/2520 1719/2174/2519
f 1700/2173/2500 1701/2182/2501 1721/2189/2521 1720/2183/2520
f 1701/2488/2501 1702/2487/2502 1722/2493/2522 1721/2494/2521
f 1702/2487/2502 1703/2492/2503 1723/2497/2523 1722/2493/2522
f 1703/2492/2503 1704/2496/2504 1724/2501/2524 1723/2497/2523
f 1704/2496/2504 1705/2500/2505 1725/2505/2525 1724/2501/2524
f 1705/2095/2505 1706/2084/2506 1726/2094/2526 1725/2102/2525
f 1706/2084/2506 1707/2070/2507 1727/2083/2527 1726/2094/2526
f 1707/2070/2507 1708/2059/2508 1728/2069/2528 1727/2083/2527
f 1708/2059/2508 1689/2047/2490 1709/2058/2510 1728/2069/2528
f 1709/2058/2510 1710/2057/2509 1730/2067/2529 1729/2068/2530
f 1710/2057/2509 1711/2066/2511 1731/2079/2531 1730/2067/2529
f 1711/2459/2511 1712/2458/2512 1732/2463/2532 1731/2464/2531
f 1712/2458/2512 1713/2462/2513 1733/2467/2533 1732/2463/2532
f 1713/2462/2513 1714/2466/2514 1734/2471/2534 1733/2467/2533
f 1714/2466/2514 1715/2470/2515 1735/2473/2535 1734/2471/2534
f 1715/2166/2515 1716/2154/2516 1736/2165/2536 1735/2178/2535
f 1716/2154/2516 1717/2153/2517 1737/2164/2537 1736/2165/2536
f 1717/2153/2517 1718/2163/2518 1738/2175/2538 1737/2164/2537
f 1718/2163/2518 1719/2174/2519 1739/2184/2539 1738/2175/2538
f 1719/2174/2519 1720/2183/2520 1740/2190/2540 1739/2184/2539
f 1720/2183/2520 1721/2189/2521 1741/2196/2541 1740/2190/2540
f 1721/2494/2521 1722/2493/2522 1742/2498/2542 1741/2499/2541
f 1722/2493/2522 1723/2497/2523 1743/2502/2543 1742/2498/2542
f 1723/2497/2523 1724/2501/2524 1744/2506/2544 1743/2502/2543
f 1724/2501/2524 1725/2505/2525 1745/2508/2545 1744/2506/2544
f 1725/2102/2525 1726/2094/2526 1746/2101/2546 1745/2109/2545
f 1726/2094/2526 1727/2083/2527 1747/2093/2547 1746/2101/2546
f 1727/2083/2527 1728/2069/2528 1748/2082/2548 1747/2093/2547
f 1728/2069/2528 1709/2058/2510 1729/2068/2530 1748/2082/2548
f 1729/2068/2530 1730/2067/2529 1750/2080/2549 1749/2081/2550
f 1730/2067/2529 1731/2079/2531 1751/2089/2551 1750/2080/2549
f 1731/2464/2531 1732/2463/2532 1752/2468/2552 1751/2469/2551
f 1732/2463/2532 1733/2467/2533 1753/2472/2553 1752/2468/2552
f 1733/2467/2533 1734/2471/2534 1754/2474/2554 1753/2472/2553
f 1734/2471/2534 1735/2473/2535 1755/2475/2555 1754/2474/2554
f 1735/2178/2535 1736/2165/2536 1756/2177/2556 1755/2188/2555
f 1736/2165/2536 1737/2164/2537 1757/2176/2557 1756/2177/2556
f 1737/2164/2537 1738/2175/2538 1758/2185/2558 1757/2176/2557
f 1738/2175/2538 1739/2184/2539 1759/2191/2559 1758/2185/2558
f 1739/2184/2539 1740/2190/2540 1760/2197/2560 1759/2191/2559
f 1740/2190/2540 1741/2196/2541 1761/2203/2561 1760/2197/2560
f 1741/2499/2541 1742/2498/2542 1762/2503/2562 1761/2504/2561
f 1742/2498/2542 1743/2502/2543 1763/2507/2563 1762/2503/2562
f 1743/2502/2543 1744/2506/2544 1764/2509/2564 1763/2507/2563
f 1744/2506/2544 1745/2508/2545 1765/2510/2565 1764/2509/2564
f 1745/2109/2545 1746/2101/2546 1766/2108/2566 1765/2113/2565
f 1746/2101/2546 1747/2093/2547 1767/2100/2567 1766/2108/2566
f 1747/2093/2547 1748/2082/2548 1768/2092/2568 1767/2100/2567
f 1748/2082/2548 1729/2068/2530 1749/2081/2550 1768/2092/2568
f 1749/2081/2550 1750/2080/2549 1770/2090/2569 1769/2091/2570
f 1750/2080/2549 1751/2089/2551 1771/2096/2571 1770/2090/2569
f 1751/2345/2551 1752/2346/2552 1772/2337/2572 1771/2336/2571
f 1752/2346/2552 1753/2355/2553 1773/2347/2573 1772/2337/2572
f 1753/2355/2553 1754/2366/2554 1774/2356/2574 1773/2347/2573
f 1754/2366/2554 1755/2376/2555 1775/2367/2575 1774/2356/2574
f 1755/2188/2555 1756/2177/2556 1776/2187/2576 1775/2195/2575
f 1756/2177/2556 1757/2176/2557 1777/2186/2577 1776/2187/2576
f 1757/2176/2557 1758/2185/2558 1778/2192/2578 1777/2186/2577
f 1758/2185/2558 1759/2191/2559 1779/2198/2579 1778/2192/2578
f 1759/2191/2559 1760/2197/2560 1780/2204/2580 1779/2198/2579
f 1760/2197/2560 1761/2203/2561 1781/2207/2581 1780/2204/2580
f 1761/2440/2561 1762/2438/2562 1782/2435/2582 1781/2439/2581
f 1762/2438/2562 1763/2434/2563 1783/2431/2583 1782/2435/2582
f 1763/2434/2563 1764/2429/2564 1784/2419/2584 1783/2431/2583
f 1764/2429/2564 1765/2430/2565 1785/2420/2585 1784/2419/2584
f 1765/2113/2565 1766/2108/2566 1786/2112/2586 1785/2118/2585
f 1766/2108/2566 1767/2100/2567 1787/2107/2587 1786/2112/2586
f 1767/2100/2567 1768/2092/2568 1788/2099/2588 1787/2107/2587
f 1768/2092/2568 1749/2081/2550 1769/2091/2570 1788/2099/2588
f 1769/2091/2570 1770/2090/2569 1790/2097/2589 1789/2098/2590
f 1770/2090/2569 1771/2096/2571 1791/2103/2591 1790/2097/2589
f 1771/2336/2571 1772/2337/2572 1792/2332/2592 1791/2329/2591
f 1772/2337/2572 1773/2347/2573 1793/2338/2593 1792/2332/2592
f 1773/2347/2573 1774/2356/2574 1794/2348/2594 1793/2338/2593
f 1774/2356/2574 1775/2367/2575 1795/2357/2595 1794/2348/2594
f 1775/2195/2575 1776/2187/2576 1796/2194/2596 1795/2202/2595
f 1776/2187/2576 1777/2186/2577 1797/2193/2597 1796/2194/2596
f 1777/2186/2577 1778/2192/2578 1798/2199/2598 1797/2193/2597
f 1778/2192/2578 1779/2198/2579 1799/2205/2599 1798/2199/2598
f 1779/2198/2579 1780/2204/2580 1800/2208/2600 1799/2205/2599
f 1780/2204/2580 1781/2207/2581 1801/2212/2601 1800/2208/2600
f 1781/2439/2581 1782/2435/2582 1802/2432/2602 1801/2436/2601
f 1782/2435/2582 1783/2431/2583 1803/2421/2603 1802/2432/2602
f 1783/2431/2583 1784/2419/2584 1804/2411/2604 1803/2421/2603
f 1784/2419/2584 1785/2420/2585 1805/2402/2605 1804/2411/2604
f 1785/2118/2585 1786/2112/2586 1806/2117/2606 1805/2121/2605
f 1786/2112/2586 1787/2107/2587 1807/2111/2607 1806/2117/2606
f 1787/2107/2587 1788/2099/2588 1808/2106/2608 1807/2111/2607
f 1788/2099/2588 1769/2091/2570 1789/2098/2590 1808/2106/2608
f 1789/2098/2590 1790/2097/2589 1810/2104/2609 1809/2105/2610
f 1790/2328/2589 1791/2329/2591 1811/2330/2611 1810/2331/2609
f 1791/2329/2591 1792/2332/2592 1812/2333/2612 1811/2330/2611
f 1792/2332/2592 1793/2338/2593 1813/2339/2613 1812/2333/2612
f 1793/2338/2593 1794/2348/2594 1814/2349/2614 1813/2339/2613
f 1794/2348/2594 1795/2357/2595 1815/2358/2615 1814/2349/2614
f 1795/2357/2595 1796/2368/2596 1816/2369/2616 1815/2358/2615
f 1796/2194/2596 1797/2193/2597 1817/2200/2617 1816/2201/2616
f 1797/2193/2597 1798/2199/2598 1818/2206/2618 1817/2200/2617
f 1798/2199/2598 1799/2205/2599 1819/2209/2619 1818/2206/2618
f 1799/2205/2599 1800/2208/2600 1820/2213/2620 1819/2209/2619
f 1800/2437/2600 1801/2436/2601 1821/2433/2621 1820/2426/2620
f 1801/2436/2601 1802/2432/2602 1822/2422/2622 1821/2433/2621
f 1802/2432/2602 1803/2421/2603 1823/2412/2623 1822/2422/2622
f 1803/2421/2603 1804/2411/2604 1824/2404/2624 1823/2412/2623
f 1804/2411/2604 1805/2402/2605 1825/2395/2625 1824/2404/2624
f 1805/2402/2605 1806/2403/2606 1826/2388/2626 1825/2395/2625
f 1806/2117/2606 1807/2111/2607 1827/2116/2627 1826/2120/2626
f 1807/2111/2607 1808/2106/2608 1828/2110/2628 1827/2116/2627
f 1808/2106/2608 1789/2098/2590 1809/2105/2610 1828/2110/2628
f 1809/2343/2610 1810/2331/2609 1830/2335/2629 1829/2344/2630
f 1810/2331/2609 1811/2330/2611 1831/2334/2631 1830/2335/2629
f 1811/2330/2611 1812/2333/2612 1832/2340/2632 1831/2334/2631
f 1812/2333/2612 1813/2339/2613 1833/2350/2633 1832/2340/2632
f 1813/2339/2613 1814/2349/2614 1834/2359/2634 1833/2350/2633
f 1814/2349/2614 1815/2358/2615 1835/2370/2635 1834/2359/2634
f 1815/2358/2615 1816/2369/2616 1836/2377/2636 1835/2370/2635
f 1816/2369/2616 1817/2383/2617 1837/2384/2637 1836/2377/2636
f 1817/2200/2617 1818/2206/2618 1838/2210/2638 1837/2211/2637
f 1818/2206/2618 1819/2209/2619 1839/2214/2639 1838/2210/2638
f 1819/2425/2619 1820/2426/2620 1840/2415/2640 1839/2407/2639
f 1820/2426/2620 1821/2433/2621 1841/2423/2641 1840/2415/2640
f 1821/2433/2621 1822/2422/2622 1842/2413/2642 1841/2423/2641
f 1822/2422/2622 1823/2412/2623 1843/2405/2643 1842/2413/2642
f 1823/2412/2623 1824/2404/2624 1844/2396/2644 1843/2405/2643
f 1824/2404/2624 1825/2395/2625 1845/2390/2645 1844/2396/2644
f 1825/2395/2625 1826/2388/2626 1846/2381/2646 1845/2390/2645
f 1826/2388/2626 1827/2389/2627 1847/2374/2647 1846/2381/2646
f 1827/2116/2627 1828/2110/2628 1848/2115/2648 1847/2119/2647
f 1828/2110/2628 1809/2105/2610 1829/2114/2630 1848/2115/2648
f 1829/2344/2630 1830/2335/2629 1850/2342/2649 1849/2354/2650
f 1830/2335/2629 1831/2334/2631 1851/2341/2651 1850/2342/2649
f 1831/2334/2631 1832/2340/2632 1852/2351/2652 1851/2341/2651
f 1832/2340/2632 1833/2350/2633 1853/2360/2653 1852/2351/2652
f 1833/2350/2633 1834/2359/2634 1854/2371/2654 1853/2360/2653
f 1834/2359/2634 1835/2370/2635 1855/2378/2655 1854/2371/2654
f 1835/2370/2635 1836/2377/2636 1856/2385/2656 1855/2378/2655
f 1836/2377/2636 1837/2384/2637 1857/2392/2657 1856/2385/2656
f 1837/2384/2637 1838/2398/2638 1858/2399/2658 1857/2392/2657
f 1838/2398/2638 1839/2407/2639 1859/2408/2659 1858/2399/2658
f 1839/2407/2639 1840/2415/2640 1860/2416/2660 1859/2408/2659
f 1840/2415/2640 1841/2423/2641 1861/2424/2661 1860/2416/2660
f 1841/2423/2641 1842/2413/2642 1862/2414/2662 1861/2424/2661
f 1842/2413/2642 1843/2405/2643 1863/2406/2663 1862/2414/2662
f 1843/2405/2643 1844/2396/2644 1864/2397/2664 1863/2406/2663
f 1844/2396/2644 1845/2390/2645 1865/2391/2665 1864/2397/2664
f 1845/2390/2645 1846/2381/2646 1866/2382/2666 1865/2391/2665
f 1846/2381/2646 1847/2374/2647 1867/2375/2667 1866/2382/2666
f 1847/2374/2647 1848/2364/2648 1868/2365/2668 1867/2375/2667
f 1848/2364/2648 1829/2344/2630 1849/2354/2650 1868/2365/2668
f 1849/2354/2650 1850/2342/2649 1870/2353/2669 1869/2363/2670
f 1850/2342/2649 1851/2341/2651 1871/2352/2671 1870/2353/2669
f 1851/2341/2651 1852/2351/2652 1872/2361/2672 1871/2352/2671
f 1852/2351/2652 1853/2360/2653 1873/2372/2673 1872/2361/2672
f 1853/2360/2653 1854/2371/2654 1874/2379/2674 1873/2372/2673
f 1854/2371/2654 1855/2378/2655 1875/2386/2675 1874/2379/2674
f 1855/2378/2655 1856/2385/2656 1876/2393/2676 1875/2386/2675
f 1856/2385/2656 1857/2392/2657 1877/2400/2677 1876/2393/2676
f 1857/2392/2657 1858/2399/2658 1878/2409/2678 1877/2400/2677
f 1858/2399/2658 1859/2408/2659 1879/2417/2679 1878/2409/2678
f 1859/2408/2659 1860/2416/2660 1880/2427/2680 1879/2417/2679
f 1860/2416/2660 1861/2424/2661 1881/2428/2681 1880/2427/2680
f 1861/2424/2661 1862/2414/2662 1882/2418/2682 1881/2428/2681
f 1862/2414/2662 1863/2406/2663 1883/2410/2683 1882/2418/2682
f 1863/2406/2663 1864/2397/2664 1884/2401/2684 1883/2410/2683
f 1864/2397/2664 1865/2391/2665 1885/2394/2685 1884/2401/2684
f 1865/2391/2665 1866/2382/2666 1886/2387/2686 1885/2394/2685
f 1866/2382/2666 1867/2375/2667 1887/2380/2687 1886/2387/2686
f 1867/2375/2667 1868/2365/2668 1888/2373/2688 1887/2380/2687
f 1868/2365/2668 1849/2354/2650 1869/2363/2670 1888/2373/2688
f 1510/2216/2310 1509/2215/2309 1889/2219/2689
f 1511/2220/2313 1510/2216/2310 1889/2219/2689
f 1512/2226/2315 1511/2220/2313 1889/2219/2689
f 1513/2234/2317 1512/2226/2315 1889/2219/2689
f 1514/2241/2319 1513/2234/2317 1889/2219/2689
f 1515/2250/2321 1514/2241/2319 1889/2219/2689
f 1516/2260/2323 1515/2250/2321 1889/2219/2689
f 1517/2271/2325 1516/2260/2323 1889/2219/2689
f 1518/2285/2327 1517/2271/2325 1889/2219/2689
f 1519/2297/2329 1518/2285/2327 1889/2219/2689
f 1520/2309/2331 1519/2297/2329 1889/2219/2689
f 1521/2295/2333 1520/2309/2331 1889/2219/2689
f 1522/2283/2335 1521/2295/2333 1889/2219/2689
f 1523/2269/2337 1522/2283/2335 1889/2219/2689
f 1524/2258/2339 1523/2269/2337 1889/2219/2689
f 1525/2248/2341 1524/2258/2339 1889/2219/2689
f 1526/2239/2343 1525/2248/2341 1889/2219/2689
f 1527/2232/2345 1526/2239/2343 1889/2219/2689
f 1528/2224/2347 1527/2232/2345 1889/2219/2689
f 1509/2215/2309 1528/2224/2347 1889/2219/2689
f 1869/2363/2670 1870/2353/2669 1890/2362/2690
f 1870/2353/2669 1871/2352/2671 1890/2362/2690
f 1871/2352/2671 1872/2361/2672 1890/2362/2690
f 1872/2361/2672 1873/2372/2673 1890/2362/2690
f 1873/2372/2673 1874/2379/2674 1890/2362/2690
f 1874/2379/2674 1875/2386/2675 1890/2362/2690
f 1875/2386/2675 1876/2393/2676 1890/2362/2690
f 1876/2393/2676 1877/2400/2677 1890/2362/2690
f 1877/2400/2677 1878/2409/2678 1890/2362/2690
f 1878/2409/2678 1879/2417/2679 1890/2362/2690
f 1879/2417/2679 1880/2427/2680 1890/2362/2690
f 1880/2427/2680 1881/2428/2681 1890/2362/2690
f 1881/2428/2681 1882/2418/2682 1890/2362/2690
f 1882/2418/2682 1883/2410/2683 1890/2362/2690
f 1883/2410/2683 1884/2401/2684 1890/2362/2690
f 1884/2401/2684 1885/2394/2685 1890/2362/2690
f 1885/2394/2685 1886/2387/2686 1890/2362/2690
f 1886/2387/2686 1887/2380/2687 1890/2362/2690
f 1887/2380/2687 1888/2373/2688 1890/2362/2690
f 1888/2373/2688 1869/2363/2670 1890/2362/2690
