# This file uses centimeters as units for non-parametric coordinates.

mtllib leavesnew.mtl
g default
v -0.500000 0.000000 0.500000
v -0.371415 0.000000 0.552228
v -0.280437 -0.000000 0.619419
v -0.191965 -0.000000 0.563282
v -0.107689 0.000000 0.460056
v 0.000000 0.000000 0.500000
v 0.100000 0.000000 0.500000
v 0.200000 0.000000 0.500000
v 0.293961 0.000000 0.462181
v 0.399665 0.000000 0.478674
v 0.458366 0.000000 0.449006
v -0.500000 0.000000 0.400000
v -0.400000 0.000000 0.400000
v -0.300000 0.000000 0.400000
v -0.200000 0.006096 0.400000
v -0.100000 0.017807 0.400000
v 0.000000 0.023291 0.400000
v 0.100000 0.017807 0.400000
v 0.200000 0.006096 0.400000
v 0.300000 0.000000 0.400000
v 0.400000 0.000000 0.400000
v 0.500000 0.000000 0.400000
v -0.500000 0.000000 0.300000
v -0.400000 0.000000 0.300000
v -0.300000 0.013140 0.300000
v -0.200000 0.045087 0.300000
v -0.100000 0.075874 0.300000
v 0.000000 0.088365 0.300000
v 0.100000 0.075874 0.300000
v 0.200000 0.045087 0.300000
v 0.300000 0.013140 0.300000
v 0.400000 0.000000 0.300000
v 0.500000 0.000000 0.300000
v -0.465314 0.000000 0.170588
v -0.400000 0.006096 0.200000
v -0.300000 0.045087 0.200000
v -0.200000 0.102059 0.200000
v -0.100000 0.150913 0.200000
v 0.000000 0.169984 0.200000
v 0.159879 0.193041 0.228653
v 0.200000 0.102059 0.200000
v 0.300000 0.045087 0.200000
v 0.400000 0.006096 0.200000
v 0.500000 0.000000 0.200000
v -0.500000 0.000000 0.100000
v -0.400000 0.017807 0.100000
v -0.300000 0.075874 0.100000
v -0.200000 0.150913 0.100000
v -0.100000 0.212676 0.100000
v 0.000000 0.236427 0.100000
v 0.100000 0.212676 0.100000
v 0.200000 0.150913 0.100000
v 0.300000 0.075874 0.100000
v 0.400000 0.017807 0.100000
v 0.500000 0.000000 0.100000
v -0.500000 0.000000 0.000000
v -0.400000 0.023291 0.000000
v -0.300000 0.088365 0.000000
v -0.200000 0.205206 0.000000
v -0.100000 0.236427 0.000000
v 0.000000 0.261871 0.000000
v 0.100000 0.236427 0.000000
v 0.200000 0.169984 0.000000
v 0.300000 0.088365 0.000000
v 0.400000 0.023291 0.000000
v 0.519996 0.000000 0.023300
v -0.500000 0.000000 -0.100000
v -0.400000 0.017807 -0.100000
v -0.300000 0.075874 -0.100000
v -0.200000 0.150913 -0.100000
v -0.100000 0.212676 -0.100000
v 0.000000 0.268108 -0.100000
v 0.100000 0.212676 -0.100000
v 0.200000 0.150913 -0.100000
v 0.300000 0.075874 -0.100000
v 0.400000 0.017807 -0.100000
v 0.562736 -0.000000 -0.018464
v -0.468678 0.000000 -0.157084
v -0.400000 0.006096 -0.200000
v -0.324019 0.113243 -0.231360
v -0.200000 0.102059 -0.200000
v -0.100000 0.150913 -0.200000
v 0.000000 0.169984 -0.200000
v 0.100000 0.150913 -0.200000
v 0.189276 0.105414 -0.231760
v 0.300000 0.045087 -0.200000
v 0.400000 0.006096 -0.200000
v 0.500000 0.002333 -0.200000
v -0.500000 0.000000 -0.300000
v -0.400000 0.000000 -0.300000
v -0.300000 0.013140 -0.300000
v -0.200000 0.045087 -0.300000
v -0.100000 0.075874 -0.300000
v 0.000000 0.088365 -0.300000
v 0.100000 0.075874 -0.300000
v 0.200000 0.045087 -0.300000
v 0.300000 0.013140 -0.300000
v 0.400000 0.000000 -0.300000
v 0.547584 0.002333 -0.348820
v -0.500000 0.000000 -0.400000
v -0.400000 0.000000 -0.400000
v -0.300000 0.000000 -0.400000
v -0.200000 0.006096 -0.400000
v -0.100000 0.017807 -0.400000
v 0.000000 0.023291 -0.400000
v 0.100000 0.017807 -0.400000
v 0.200000 0.006096 -0.400000
v 0.300000 0.000000 -0.400000
v 0.400000 0.000000 -0.400000
v 0.528099 0.000000 -0.441141
v -0.446156 0.000000 -0.471216
v -0.357257 -0.000000 -0.529992
v -0.300000 0.000000 -0.500000
v -0.170163 0.000000 -0.456647
v -0.100000 0.000000 -0.500000
v 0.000000 0.000000 -0.500000
v 0.100000 0.000000 -0.500000
v 0.231970 0.000000 -0.526844
v 0.300000 0.000000 -0.500000
v 0.414367 -0.000000 -0.529767
v 0.526317 -0.000000 -0.569187
v 0.044102 0.000000 0.578788
v 0.108234 0.000000 0.636833
v 0.182106 0.000000 0.567621
v 0.543096 0.000000 0.352462
v 0.561765 -0.000000 0.292412
v 0.641696 0.000000 0.200000
v 0.625723 0.004488 0.142023
v 0.636441 0.000000 -0.053631
v 0.609531 0.002333 -0.200032
v 0.588185 0.002333 -0.300000
v -0.041388 0.000000 -0.642438
v 0.022580 0.000000 -0.708575
v 0.121237 0.000000 -0.663100
v 0.185742 0.000000 -0.591079
v -0.513797 0.000000 -0.239246
v -0.617085 0.000000 -0.300000
v -0.566903 0.000000 -0.369447
v -0.594490 0.000000 0.050147
v -0.666485 0.000000 -0.006954
v -0.565701 0.000000 -0.076252
v -0.571664 0.000000 0.512806
v -0.472757 0.000000 0.547130
v -0.555598 0.000000 0.435521
v -0.532090 0.000000 0.350841
v -0.068461 0.014842 -0.512041
v -0.047743 0.019773 -0.511023
v -0.026850 0.023121 -0.509829
v -0.005762 0.024697 -0.508436
v 0.015501 0.024690 -0.506866
v -0.071741 0.012644 -0.528458
v -0.048787 0.017837 -0.527303
v -0.025659 0.021447 -0.525970
v -0.002335 0.023285 -0.524440
v 0.021163 0.023541 -0.522732
v -0.070017 0.011032 -0.544567
v -0.047330 0.016194 -0.543428
v -0.024468 0.019773 -0.542112
v -0.001410 0.021580 -0.540598
v 0.021823 0.021804 -0.538906
v -0.060093 0.010382 -0.560171
v -0.041772 0.015032 -0.559301
v -0.023276 0.018099 -0.558254
v -0.004585 0.019394 -0.557009
v 0.014282 0.019106 -0.555586
v -0.054636 0.010212 -0.567074
v -0.035747 0.006726 -0.600588
v -0.018637 0.007991 -0.614279
v -0.003485 0.010510 -0.598599
v 0.009812 0.017888 -0.562063
v -0.055727 0.010246 -0.565693
v -0.036997 0.008792 -0.592376
v -0.019610 0.010417 -0.603119
v -0.003750 0.012691 -0.590326
v 0.010706 0.018131 -0.560768
v -0.055688 0.017358 -0.498248
v -0.041827 0.021675 -0.497661
v -0.027798 0.024408 -0.496898
v -0.013531 0.024994 -0.495917
v 0.000918 0.023998 -0.494759
v -0.035959 0.019983 -0.492072
v -0.032139 0.023189 -0.492107
v -0.028150 0.024812 -0.491966
v -0.023907 0.024155 -0.491600
v -0.019484 0.021915 -0.491056
v -0.041392 0.022463 -0.462675
v -0.035935 0.025894 -0.462611
v -0.030317 0.027740 -0.462371
v -0.024439 0.027242 -0.461902
v -0.018372 0.025163 -0.461256
v -0.029882 0.023813 -0.461966
v -0.030187 0.026568 -0.462257
v -0.254869 0.101917 0.143980
v -0.232273 0.131062 0.128541
v -0.208193 0.157911 0.111853
v -0.182452 0.182192 0.093767
v -0.155227 0.204177 0.074433
v -0.278546 0.097830 0.123360
v -0.253297 0.129697 0.106069
v -0.226564 0.159269 0.087529
v -0.198170 0.186273 0.067592
v -0.168292 0.210981 0.046406
v -0.291658 0.107075 0.099144
v -0.267407 0.138539 0.080979
v -0.241234 0.167759 0.062267
v -0.212911 0.194467 0.042942
v -0.182666 0.218931 0.023070
v -0.304153 0.096400 0.056827
v -0.285425 0.122336 0.041480
v -0.264556 0.146162 0.026098
v -0.241292 0.167628 0.010677
v -0.215888 0.186984 -0.004779
v -0.303048 0.098303 0.040549
v -0.301706 0.095546 -0.031876
v -0.292442 0.107975 -0.070004
v -0.263419 0.134839 -0.058599
v -0.225408 0.177431 -0.011190
v -0.302908 0.097880 0.043766
v -0.298997 0.101443 -0.017196
v -0.287412 0.116151 -0.050775
v -0.259541 0.141936 -0.044735
v -0.223504 0.179342 -0.009908
v -0.223552 0.116872 0.151756
v -0.209230 0.137961 0.142143
v -0.193433 0.156746 0.131286
v -0.175650 0.172423 0.118705
v -0.156375 0.185814 0.104868
v -0.193925 0.140551 0.142350
v -0.191568 0.149515 0.141105
v -0.187733 0.156177 0.138617
v -0.181798 0.159541 0.134287
v -0.174374 0.160616 0.128704
v -0.163957 0.133781 0.189467
v -0.159680 0.144790 0.186892
v -0.153937 0.153486 0.183080
v -0.146038 0.158791 0.177370
v -0.136638 0.161818 0.170400
v -0.150297 0.147800 0.179933
v -0.152859 0.151790 0.182131
v -0.111528 0.087162 0.285407
v -0.092643 0.086600 0.295768
v -0.073499 0.084745 0.305191
v -0.054063 0.081441 0.313564
v -0.034368 0.076842 0.320998
v -0.109024 0.097396 0.271982
v -0.088085 0.096560 0.283291
v -0.066885 0.094430 0.293662
v -0.045396 0.090851 0.302982
v -0.023646 0.085977 0.311365
v -0.101922 0.107015 0.260678
v -0.081227 0.106212 0.271875
v -0.060272 0.104114 0.282133
v -0.039027 0.100568 0.291341
v -0.017521 0.095727 0.299610
v -0.087283 0.115626 0.252851
v -0.070601 0.115360 0.262197
v -0.053659 0.113799 0.270604
v -0.036426 0.110789 0.277961
v -0.018934 0.106485 0.284379
v -0.079804 0.119345 0.249792
v -0.050469 0.136732 0.230787
v -0.029814 0.144225 0.227731
v -0.020820 0.132766 0.244463
v -0.020931 0.110795 0.277882
v -0.081300 0.118601 0.250404
v -0.054562 0.132788 0.237308
v -0.034649 0.138470 0.236545
v -0.024008 0.128702 0.251402
v -0.020531 0.109933 0.279181
v -0.104174 0.077391 0.300167
v -0.091606 0.077815 0.307749
v -0.078785 0.076947 0.314390
v -0.065603 0.074338 0.319744
v -0.052154 0.070434 0.324163
v -0.087708 0.071782 0.312041
v -0.084373 0.073492 0.315411
v -0.080783 0.073908 0.317841
v -0.076808 0.072480 0.318901
v -0.072568 0.069757 0.319024
v -0.102799 0.054273 0.331657
v -0.097962 0.055806 0.335743
v -0.092879 0.056046 0.338886
v -0.087398 0.054393 0.340617
v -0.081644 0.051444 0.341415
v -0.092222 0.052858 0.336536
v -0.092680 0.055099 0.338180
v -0.249568 0.002795 0.485224
v -0.277317 0.009276 0.453744
v -0.305151 0.012568 0.422188
v -0.333080 0.012291 0.390545
v -0.361094 0.008824 0.358824
v -0.267926 0.002602 0.513398
v -0.298644 0.009244 0.478554
v -0.329448 0.012697 0.443631
v -0.360346 0.012580 0.408623
v -0.391330 0.009273 0.373537
v -0.292928 0.002769 0.534042
v -0.323294 0.009392 0.499597
v -0.353744 0.012825 0.465075
v -0.384290 0.012689 0.430467
v -0.414920 0.009363 0.395781
v -0.328825 0.003524 0.542339
v -0.353390 0.009833 0.514467
v -0.378041 0.012954 0.486519
v -0.402786 0.012504 0.458484
v -0.427617 0.008865 0.430372
v -0.346215 0.003935 0.544498
v -0.419978 0.001787 0.566234
v -0.463313 0.004846 0.561371
v -0.462831 0.004103 0.517665
v -0.430366 0.008560 0.445988
v -0.342737 0.003853 0.544066
v -0.406639 0.004211 0.555900
v -0.446237 0.007282 0.546420
v -0.450801 0.006598 0.505849
v -0.429817 0.008621 0.442865
v -0.248339 0.002815 0.447471
v -0.266982 0.009181 0.426277
v -0.285700 0.012358 0.405015
v -0.304567 0.011213 0.383679
v -0.323528 0.006880 0.362255
v -0.267610 0.003736 0.410726
v -0.272916 0.009515 0.404634
v -0.278300 0.012104 0.398474
v -0.283850 0.010106 0.392242
v -0.289493 0.004919 0.385925
v -0.218757 0.002855 0.376352
v -0.226237 0.008816 0.367790
v -0.233784 0.011587 0.359171
v -0.241507 0.009642 0.350484
v -0.249334 0.004508 0.341697
v -0.234045 0.003682 0.359025
v -0.233872 0.009229 0.359137
v 0.261396 0.009859 0.366499
v 0.225095 0.014640 0.388002
v 0.188721 0.016234 0.409352
v 0.152267 0.014261 0.430532
v 0.115741 0.009100 0.451559
v 0.285478 0.008193 0.389911
v 0.245299 0.012953 0.413678
v 0.205048 0.014527 0.437293
v 0.164715 0.012534 0.460738
v 0.124310 0.007353 0.484030
v 0.300882 0.006481 0.418390
v 0.261164 0.011244 0.441889
v 0.221374 0.012820 0.465234
v 0.181503 0.010829 0.488410
v 0.141559 0.005651 0.511433
v 0.302059 0.004695 0.455179
v 0.269915 0.009498 0.474253
v 0.237700 0.011113 0.493176
v 0.205403 0.009162 0.511927
v 0.173035 0.004023 0.530527
v 0.300803 0.003889 0.472644
v 0.307842 -0.003507 0.548892
v 0.294652 -0.003412 0.590569
v 0.251874 -0.003799 0.581576
v 0.187823 0.003415 0.536223
v 0.301054 0.004050 0.469151
v 0.300275 -0.000092 0.534003
v 0.283280 0.000307 0.571129
v 0.242599 -0.000392 0.567685
v 0.184865 0.003537 0.535084
v 0.224598 0.010241 0.357981
v 0.200153 0.015460 0.372558
v 0.175647 0.017492 0.386975
v 0.151065 0.015204 0.401224
v 0.126400 0.009729 0.415327
v 0.184809 0.010099 0.369783
v 0.177769 0.015542 0.374194
v 0.170665 0.017798 0.378447
v 0.163488 0.015468 0.382533
v 0.156229 0.009950 0.386473
v 0.160563 0.012846 0.315252
v 0.150676 0.018338 0.321325
v 0.140741 0.020644 0.327231
v 0.130734 0.018235 0.332971
v 0.120629 0.012638 0.338573
v 0.140596 0.012742 0.326912
v 0.140705 0.018286 0.327148
v 0.433416 0.009743 -0.137850
v 0.464184 0.012853 -0.102846
v 0.494872 0.012458 -0.068010
v 0.525471 0.008139 -0.033361
v 0.555990 0.000314 0.001120
v 0.453638 0.010764 -0.168808
v 0.487669 0.013623 -0.130104
v 0.521621 0.012977 -0.091567
v 0.555483 0.008407 -0.053218
v 0.589266 0.000331 -0.015037
v 0.481162 0.011223 -0.191486
v 0.514806 0.014112 -0.153221
v 0.548369 0.013496 -0.115125
v 0.581844 0.008955 -0.077216
v 0.615239 0.000909 -0.039475
v 0.520660 0.010761 -0.200589
v 0.547929 0.014141 -0.169552
v 0.575118 0.014014 -0.138682
v 0.602218 0.009964 -0.108000
v 0.629238 0.002409 -0.077486
v 0.539793 0.010440 -0.202954
v 0.620766 0.005805 -0.227095
v 0.668532 0.006425 -0.221590
v 0.667865 0.002182 -0.173696
v 0.632278 0.003160 -0.094648
v 0.535966 0.010504 -0.202481
v 0.606219 0.008368 -0.215543
v 0.649869 0.008838 -0.204965
v 0.654755 0.004634 -0.160514
v 0.631670 0.003010 -0.091216
v 0.431983 0.006847 -0.096426
v 0.452762 0.011138 -0.072700
v 0.473452 0.011924 -0.049153
v 0.494071 0.007960 -0.025866
v 0.514620 0.000490 -0.002735
v 0.453123 0.003908 -0.056070
v 0.459252 0.009471 -0.048939
v 0.465293 0.011529 -0.041984
v 0.471270 0.008547 -0.035314
v 0.477174 0.002058 -0.028802
v 0.399325 0.002873 -0.018345
v 0.407848 0.008323 -0.008492
v 0.416269 0.010269 0.001171
v 0.424630 0.007032 0.010535
v 0.432931 0.000288 0.019756
v 0.416128 0.001581 0.000706
v 0.416239 0.007678 0.001022
v 0.552208 0.017401 -0.091601
v 0.527893 0.021549 -0.061845
v 0.503405 0.022803 -0.032271
v 0.478721 0.020818 -0.002899
v 0.453863 0.015938 0.026291
v 0.580028 0.014943 -0.079072
v 0.553094 0.019052 -0.046178
v 0.525987 0.020267 -0.013464
v 0.498685 0.018243 0.019046
v 0.471208 0.013324 0.051376
v 0.601987 0.012397 -0.059519
v 0.575365 0.016511 -0.026998
v 0.548570 0.017731 0.005342
v 0.521579 0.015711 0.037480
v 0.494414 0.010797 0.069436
v 0.614341 0.009709 -0.028450
v 0.592834 0.013899 -0.002060
v 0.571152 0.015195 0.024149
v 0.549276 0.013251 0.050156
v 0.527225 0.008413 0.075981
v 0.618654 0.008491 -0.013138
v 0.648119 -0.000494 0.049746
v 0.649730 -0.001447 0.089492
v 0.610331 -0.001056 0.095045
v 0.541631 0.007529 0.076258
v 0.617791 0.008735 -0.016200
v 0.637107 0.003124 0.039431
v 0.634059 0.002620 0.076470
v 0.598164 0.002545 0.086114
v 0.538750 0.007706 0.076202
v 0.518089 0.018410 -0.087477
v 0.501786 0.023020 -0.067311
v 0.485317 0.024735 -0.047335
v 0.468643 0.022527 -0.027580
v 0.451787 0.017424 -0.007996
v 0.487688 0.018396 -0.065053
v 0.483139 0.023302 -0.058972
v 0.478422 0.025314 -0.053080
v 0.473497 0.023158 -0.047414
v 0.468391 0.018109 -0.041921
v 0.450122 0.022727 -0.104130
v 0.443651 0.027663 -0.095744
v 0.437024 0.029705 -0.087560
v 0.430187 0.027463 -0.079603
v 0.423158 0.022326 -0.071808
v 0.436640 0.022527 -0.087969
v 0.436919 0.027563 -0.087674
v -0.206426 0.077342 -0.262347
v -0.170237 0.098448 -0.255424
v -0.133271 0.116929 -0.246861
v -0.095434 0.132472 -0.236463
v -0.056818 0.145391 -0.224423
v -0.201680 0.060720 -0.291192
v -0.161509 0.083638 -0.283260
v -0.120559 0.103931 -0.273687
v -0.078738 0.121286 -0.262278
v -0.036139 0.136017 -0.249229
v -0.188021 0.048153 -0.317777
v -0.148323 0.070855 -0.309965
v -0.107846 0.090932 -0.300513
v -0.066499 0.108072 -0.289224
v -0.024375 0.122587 -0.276295
v -0.159748 0.042232 -0.340658
v -0.127830 0.061396 -0.334819
v -0.095134 0.077934 -0.327338
v -0.061568 0.091535 -0.318022
v -0.027223 0.102511 -0.307065
v -0.145296 0.040421 -0.350410
v -0.088346 0.022598 -0.398961
v -0.048550 0.025395 -0.416834
v -0.030860 0.048746 -0.384389
v -0.031138 0.093548 -0.319549
v -0.148186 0.040783 -0.348460
v -0.096441 0.031028 -0.386551
v -0.058066 0.036573 -0.399354
v -0.037200 0.057974 -0.371534
v -0.030355 0.095341 -0.317052
v -0.192005 0.098110 -0.234284
v -0.168097 0.113994 -0.230624
v -0.143423 0.127248 -0.225327
v -0.117678 0.136927 -0.217844
v -0.091142 0.143988 -0.208717
v -0.160003 0.117933 -0.216810
v -0.154008 0.125798 -0.217744
v -0.147246 0.131033 -0.217040
v -0.139340 0.132469 -0.214026
v -0.130648 0.131286 -0.209369
v -0.189026 0.138759 -0.168926
v -0.180125 0.148008 -0.169148
v -0.170472 0.154621 -0.167737
v -0.159642 0.157325 -0.163956
v -0.148008 0.157416 -0.158528
v -0.168517 0.148088 -0.163727
v -0.169884 0.152667 -0.166552
v -0.090551 0.120386 -0.242985
v -0.058859 0.135684 -0.219224
v -0.026767 0.147912 -0.194689
v 0.005773 0.156703 -0.169288
v 0.038714 0.162424 -0.143112
v -0.077017 0.114532 -0.273208
v -0.041884 0.130950 -0.246788
v -0.006350 0.144297 -0.219593
v 0.029632 0.154208 -0.191533
v 0.066015 0.161048 -0.162698
v -0.055781 0.111184 -0.297480
v -0.021057 0.127468 -0.271376
v 0.014068 0.140446 -0.244288
v 0.049640 0.150460 -0.216754
v 0.085614 0.157167 -0.188235
v -0.021919 0.110886 -0.311056
v 0.006083 0.122582 -0.288003
v 0.034485 0.132450 -0.265284
v 0.063335 0.141202 -0.243769
v 0.092586 0.148125 -0.222586
v -0.005220 0.109090 -0.313954
v 0.063965 0.086913 -0.330470
v 0.107026 0.088338 -0.329669
v 0.113634 0.103066 -0.292094
v 0.092812 0.141955 -0.235900
v -0.008560 0.109564 -0.313477
v 0.052286 0.094139 -0.321557
v 0.092415 0.094760 -0.314149
v 0.103472 0.110786 -0.282010
v 0.092767 0.143283 -0.233321
v -0.085704 0.129296 -0.206600
v -0.064598 0.141536 -0.191044
v -0.043101 0.150702 -0.174722
v -0.021034 0.155703 -0.157386
v 0.001444 0.157638 -0.139267
v -0.060966 0.139980 -0.175036
v -0.055328 0.147325 -0.171441
v -0.049298 0.151597 -0.167079
v -0.042654 0.151447 -0.161649
v -0.035602 0.148229 -0.155439
v -0.103362 0.144570 -0.133197
v -0.095209 0.152798 -0.127663
v -0.086678 0.157950 -0.121372
v -0.077511 0.158554 -0.113989
v -0.067922 0.156095 -0.105815
v -0.085642 0.150333 -0.119506
v -0.086360 0.155676 -0.120826
v 0.195368 0.068447 -0.199346
v 0.179915 0.077846 -0.158515
v 0.164991 0.083972 -0.117161
v 0.150661 0.086436 -0.075221
v 0.136860 0.085626 -0.032757
v 0.230206 0.074335 -0.197777
v 0.213195 0.084192 -0.152511
v 0.196714 0.090776 -0.106721
v 0.180826 0.093697 -0.060345
v 0.165467 0.093344 -0.013446
v 0.261558 0.081248 -0.186282
v 0.244732 0.091050 -0.141544
v 0.228437 0.097579 -0.096281
v 0.212734 0.100446 -0.050433
v 0.197560 0.100039 -0.004062
v 0.306815 0.094170 -0.167537
v 0.273412 0.098747 -0.122441
v 0.260159 0.104383 -0.085842
v 0.247499 0.106356 -0.048657
v 0.235368 0.105056 -0.010949
v 0.340835 0.098808 -0.157554
v 0.361567 0.086402 -0.080339
v 0.358220 0.090221 -0.034645
v 0.333007 0.114737 -0.025031
v 0.250933 0.106650 -0.016729
v 0.340365 0.098982 -0.161207
v 0.352362 0.093134 -0.094173
v 0.344494 0.098860 -0.052345
v 0.315770 0.113897 -0.029890
v 0.247820 0.106331 -0.015573
v 0.160622 0.064925 -0.180410
v 0.149849 0.073307 -0.153211
v 0.139610 0.078414 -0.125502
v 0.130131 0.079096 -0.097069
v 0.121178 0.076507 -0.068099
v 0.137066 0.066467 -0.143697
v 0.133254 0.072930 -0.136429
v 0.129975 0.076120 -0.128649
v 0.127518 0.074615 -0.120096
v 0.125586 0.069838 -0.111010
v 0.081290 0.052910 -0.169251
v 0.076320 0.059774 -0.158740
v 0.071890 0.063363 -0.147733
v 0.068310 0.062126 -0.135931
v 0.065249 0.057620 -0.123577
v 0.073270 0.055265 -0.146414
v 0.072315 0.060950 -0.147335
v 0.260912 0.137294 -0.095343
v 0.229582 0.147143 -0.070944
v 0.200007 0.156408 -0.046706
v 0.168229 0.159520 -0.022649
v 0.133406 0.155717 0.001247
v 0.282035 0.128307 -0.073971
v 0.247325 0.138668 -0.047000
v 0.216272 0.150950 -0.020190
v 0.182788 0.156780 0.006439
v 0.144497 0.153370 0.032906
v 0.297826 0.123405 -0.046843
v 0.263878 0.134180 -0.020177
v 0.233825 0.147190 0.006326
v 0.201461 0.153906 0.032650
v 0.163822 0.150766 0.058811
v 0.304182 0.124284 -0.010280
v 0.277869 0.135425 0.011362
v 0.253173 0.145797 0.032843
v 0.226786 0.150692 0.054143
v 0.196648 0.147742 0.075281
v 0.306720 0.126562 0.007225
v 0.331085 0.133421 0.082614
v 0.322327 0.135024 0.125223
v 0.278981 0.136400 0.119728
v 0.211813 0.146504 0.079756
v 0.306162 0.126041 0.003724
v 0.320896 0.135163 0.068405
v 0.309579 0.139347 0.106789
v 0.268757 0.140282 0.106652
v 0.208780 0.146752 0.078861
v 0.229057 0.146404 -0.100847
v 0.208130 0.155145 -0.084310
v 0.187053 0.160771 -0.067943
v 0.164731 0.160789 -0.051758
v 0.141117 0.156218 -0.035727
v 0.194153 0.152714 -0.085857
v 0.188179 0.159006 -0.080863
v 0.181947 0.162044 -0.076036
v 0.175341 0.160367 -0.071393
v 0.168415 0.155380 -0.066905
v 0.167175 0.158793 -0.138227
v 0.158038 0.164622 -0.131346
v 0.148714 0.167271 -0.124642
v 0.139115 0.165212 -0.118121
v 0.129281 0.159973 -0.111745
v 0.148228 0.159383 -0.124986
v 0.148577 0.164917 -0.124733
v -0.261133 0.062416 0.135815
v -0.276478 0.076197 0.098699
v -0.290926 0.087088 0.060568
v -0.304370 0.094746 0.021299
v -0.316918 0.099514 -0.018985
v -0.287358 0.048673 0.151760
v -0.304188 0.063442 0.110522
v -0.320122 0.075321 0.068269
v -0.335051 0.083966 0.024879
v -0.349085 0.089722 -0.019527
v -0.316907 0.037141 0.158481
v -0.333560 0.051792 0.117733
v -0.349317 0.063554 0.075970
v -0.364071 0.072082 0.033070
v -0.377927 0.077720 -0.010845
v -0.351905 0.029232 0.150081
v -0.365657 0.041954 0.117384
v -0.378513 0.051787 0.083672
v -0.390365 0.058385 0.048822
v -0.401321 0.062094 0.012957
v -0.368212 0.026155 0.144439
v -0.440698 0.004735 0.130116
v -0.478301 0.002846 0.107903
v -0.462133 0.018990 0.070635
v -0.409214 0.055417 0.024983
v -0.364951 0.026770 0.145567
v -0.425919 0.012917 0.127829
v -0.458572 0.013372 0.103317
v -0.448009 0.027607 0.066532
v -0.407635 0.056753 0.022578
v -0.246642 0.077086 0.104167
v -0.257531 0.088195 0.079769
v -0.267519 0.096412 0.054367
v -0.276331 0.100698 0.027600
v -0.284252 0.102097 -0.000196
v -0.250954 0.089098 0.064676
v -0.255206 0.095897 0.058816
v -0.258559 0.099804 0.051951
v -0.260676 0.099534 0.043639
v -0.261900 0.096377 0.034302
v -0.195170 0.108840 0.056468
v -0.200527 0.116424 0.047603
v -0.204978 0.121113 0.037748
v -0.208165 0.121504 0.026409
v -0.210464 0.119011 0.014027
v -0.202817 0.113926 0.035247
v -0.204346 0.118964 0.037006
v -0.324531 0.060482 0.066484
v -0.307347 0.067227 0.028246
v -0.289809 0.070800 -0.009978
v -0.271874 0.070824 -0.048184
v -0.253585 0.067675 -0.086376
v -0.357488 0.056775 0.060925
v -0.338415 0.063711 0.018616
v -0.318988 0.067476 -0.023677
v -0.299164 0.067691 -0.065954
v -0.278986 0.064734 -0.108215
v -0.386219 0.053496 0.046257
v -0.367370 0.060410 0.004433
v -0.348168 0.064152 -0.037377
v -0.328569 0.064344 -0.079169
v -0.308615 0.061364 -0.120947
v -0.408019 0.050920 0.016659
v -0.392860 0.057460 -0.017216
v -0.377347 0.060828 -0.051076
v -0.361438 0.060646 -0.084919
v -0.345174 0.057292 -0.118747
v -0.416885 0.049858 0.001575
v -0.465597 0.040530 -0.057231
v -0.478533 0.040683 -0.098987
v -0.438336 0.043293 -0.115967
v -0.360496 0.055599 -0.115019
v -0.415112 0.050070 0.004592
v -0.451140 0.044726 -0.049232
v -0.458387 0.045522 -0.089409
v -0.423047 0.047574 -0.109761
v -0.357431 0.055937 -0.115765
v -0.289554 0.063456 0.052536
v -0.278168 0.069991 0.026750
v -0.266433 0.073354 0.000991
v -0.254258 0.072416 -0.024765
v -0.241723 0.068306 -0.050519
v -0.263665 0.065709 0.020177
v -0.260765 0.071518 0.012660
v -0.257515 0.074154 0.005168
v -0.253809 0.072223 -0.002327
v -0.249745 0.067120 -0.009817
v -0.212920 0.071111 0.051237
v -0.208637 0.077125 0.040735
v -0.204012 0.079966 0.030274
v -0.198923 0.078110 0.019806
v -0.193469 0.073083 0.009328
v -0.203195 0.072097 0.030283
v -0.203780 0.077617 0.030271
v 0.063168 0.176918 -0.185816
v 0.084753 0.183522 -0.170007
v 0.105777 0.188432 -0.153148
v 0.126173 0.191445 -0.135112
v 0.146008 0.192765 -0.116026
v 0.071269 0.164367 -0.201727
v 0.095060 0.171393 -0.184060
v 0.118290 0.176725 -0.165343
v 0.140892 0.180160 -0.145449
v 0.162932 0.181901 -0.124505
v 0.084307 0.152760 -0.213480
v 0.107836 0.159736 -0.196034
v 0.130803 0.165018 -0.177538
v 0.153143 0.168403 -0.157865
v 0.174921 0.170094 -0.137141
v 0.105437 0.142701 -0.218416
v 0.124657 0.148853 -0.204599
v 0.143316 0.153311 -0.189732
v 0.161348 0.155872 -0.173689
v 0.178818 0.156738 -0.156595
v 0.115883 0.138404 -0.219766
v 0.158073 0.114373 -0.231398
v 0.185610 0.107786 -0.229598
v 0.189904 0.120462 -0.204582
v 0.178744 0.151331 -0.165353
v 0.113794 0.139263 -0.219496
v 0.151533 0.121702 -0.226307
v 0.177295 0.117324 -0.221894
v 0.184336 0.127977 -0.198672
v 0.178759 0.152413 -0.163601
v 0.066510 0.188400 -0.164416
v 0.081408 0.193922 -0.154404
v 0.095739 0.197748 -0.143348
v 0.109326 0.199263 -0.130885
v 0.122359 0.199084 -0.117365
v 0.082414 0.195495 -0.143867
v 0.087434 0.199197 -0.142237
v 0.091887 0.201203 -0.139560
v 0.095556 0.200750 -0.135395
v 0.098669 0.198604 -0.130174
v 0.056186 0.216110 -0.124108
v 0.062834 0.220157 -0.121134
v 0.068907 0.222507 -0.117120
v 0.074176 0.222326 -0.111578
v 0.078898 0.220455 -0.104974
v 0.067542 0.218282 -0.114541
v 0.068505 0.221242 -0.116356
v 0.006790 0.230998 0.117788
v 0.031704 0.230531 0.110940
v 0.056159 0.228204 0.103417
v 0.080099 0.223817 0.095139
v 0.103580 0.217627 0.086186
v -0.002997 0.239858 0.102000
v 0.024494 0.239101 0.094310
v 0.051526 0.236416 0.085946
v 0.078044 0.231609 0.076827
v 0.104102 0.224978 0.067033
v -0.007017 0.247979 0.084329
v 0.020168 0.247291 0.076739
v 0.046894 0.244638 0.068475
v 0.073105 0.239826 0.059456
v 0.098856 0.233212 0.049762
v -0.001582 0.254869 0.063571
v 0.020569 0.254803 0.057625
v 0.042261 0.252816 0.051004
v 0.063438 0.248714 0.043628
v 0.084156 0.242854 0.035578
v 0.002028 0.257764 0.053917
v 0.010305 0.262153 0.010074
v 0.023673 0.261842 -0.012928
v 0.047504 0.257038 -0.002045
v 0.076707 0.246808 0.030750
v 0.001306 0.257187 0.055848
v 0.013047 0.263099 0.020036
v 0.028059 0.262484 0.000239
v 0.051386 0.257798 0.007557
v 0.078197 0.246018 0.031715
v 0.026137 0.221910 0.126423
v 0.043229 0.222656 0.122239
v 0.059853 0.221609 0.117383
v 0.075848 0.218160 0.111589
v 0.091391 0.212931 0.105118
v 0.050609 0.216038 0.124086
v 0.056154 0.218410 0.123711
v 0.061234 0.219018 0.122663
v 0.065644 0.217105 0.120612
v 0.069601 0.213427 0.117885
v 0.055266 0.201674 0.157242
v 0.062712 0.203830 0.156265
v 0.069683 0.204225 0.154619
v 0.075964 0.202031 0.151938
v 0.081802 0.198073 0.148578
v 0.068534 0.199873 0.152910
v 0.069338 0.202931 0.154102
v 0.413651 0.009359 0.404106
v 0.436967 0.010190 0.390948
v 0.460050 0.009022 0.377733
v 0.482874 0.005617 0.364453
v 0.505465 0.000213 0.351116
v 0.398704 0.011525 0.389211
v 0.424464 0.012113 0.374642
v 0.449992 0.010702 0.360016
v 0.475260 0.007053 0.345325
v 0.500296 0.001406 0.330577
v 0.389227 0.013146 0.371158
v 0.414697 0.013763 0.356757
v 0.439934 0.012381 0.342299
v 0.464911 0.008761 0.327776
v 0.489656 0.003143 0.313195
v 0.388718 0.013874 0.347929
v 0.409413 0.014967 0.336284
v 0.429876 0.014060 0.324581
v 0.450078 0.010916 0.312814
v 0.470049 0.005773 0.300989
v 0.389614 0.014088 0.336910
v 0.385366 0.013696 0.288571
v 0.394046 0.014575 0.262412
v 0.420645 0.010181 0.268209
v 0.460816 0.006952 0.297322
v 0.389434 0.014045 0.339114
v 0.390234 0.014461 0.298128
v 0.401271 0.014982 0.274860
v 0.426591 0.010839 0.277145
v 0.462662 0.006716 0.298056
v 0.436585 0.005988 0.409620
v 0.452461 0.007798 0.400795
v 0.468096 0.007610 0.391917
v 0.483403 0.004716 0.382937
v 0.498485 -0.000178 0.373895
v 0.461553 0.002990 0.402339
v 0.466469 0.005976 0.399853
v 0.471146 0.006964 0.397314
v 0.475471 0.005079 0.394658
v 0.479569 0.001196 0.391942
v 0.476374 0.000013 0.436860
v 0.483090 0.002860 0.433342
v 0.489557 0.003710 0.429775
v 0.495660 0.001608 0.426087
v 0.501547 -0.002495 0.422331
v 0.488960 -0.001241 0.429596
v 0.489375 0.002234 0.429714
v 0.089837 0.050312 0.195014
v 0.105692 0.056738 0.233877
v 0.121960 0.059999 0.272685
v 0.138692 0.059719 0.311432
v 0.155837 0.056275 0.350126
v 0.115848 0.054074 0.174034
v 0.133460 0.060658 0.217027
v 0.151485 0.064078 0.259965
v 0.169974 0.063957 0.302843
v 0.188877 0.060671 0.345666
v 0.145791 0.058191 0.162297
v 0.163194 0.064756 0.204798
v 0.181011 0.068158 0.247245
v 0.199291 0.068017 0.289632
v 0.217984 0.064713 0.331964
v 0.182181 0.062891 0.165710
v 0.196151 0.069146 0.200145
v 0.210536 0.072237 0.234526
v 0.225383 0.071787 0.268845
v 0.240645 0.068172 0.303111
v 0.199234 0.065062 0.169130
v 0.275863 0.071424 0.171520
v 0.314992 0.078027 0.189857
v 0.301223 0.073715 0.231121
v 0.248065 0.069383 0.289147
v 0.195824 0.064628 0.168446
v 0.259815 0.071777 0.177259
v 0.293995 0.077677 0.198805
v 0.285949 0.074138 0.238680
v 0.246581 0.069141 0.291939
v 0.077100 0.047170 0.230435
v 0.087513 0.053480 0.256685
v 0.098334 0.056625 0.282868
v 0.109756 0.055489 0.308959
v 0.121597 0.051190 0.335009
v 0.083950 0.046877 0.271368
v 0.086451 0.052605 0.279087
v 0.089362 0.055169 0.286741
v 0.092922 0.053190 0.294294
v 0.096900 0.048047 0.301803
v 0.027333 0.038763 0.288621
v 0.031112 0.044671 0.299374
v 0.035293 0.047414 0.310046
v 0.040148 0.045487 0.320610
v 0.045428 0.040397 0.331147
v 0.036381 0.039580 0.309884
v 0.035630 0.045079 0.309992
v 0.244148 0.011927 -0.402230
v 0.221012 0.026473 -0.372087
v 0.197548 0.038058 -0.341250
v 0.173718 0.046330 -0.309638
v 0.149560 0.051641 -0.277332
v 0.274143 0.011360 -0.390472
v 0.248489 0.026963 -0.357003
v 0.222507 0.039606 -0.322841
v 0.196159 0.048935 -0.287903
v 0.169482 0.055304 -0.252271
v 0.298503 0.013159 -0.371271
v 0.273149 0.028637 -0.338198
v 0.247466 0.041154 -0.304431
v 0.221417 0.050357 -0.269888
v 0.195040 0.056600 -0.234653
v 0.313624 0.018837 -0.339871
v 0.293189 0.032250 -0.313293
v 0.272425 0.042701 -0.286021
v 0.251295 0.049840 -0.257974
v 0.229837 0.054017 -0.229234
v 0.319219 0.021858 -0.324325
v 0.354343 0.029491 -0.259967
v 0.358909 0.040176 -0.219723
v 0.317999 0.044751 -0.211975
v 0.244931 0.052279 -0.229520
v 0.318100 0.021254 -0.327434
v 0.342196 0.030799 -0.270809
v 0.341696 0.041437 -0.233160
v 0.304742 0.046525 -0.221352
v 0.241913 0.052627 -0.229463
v 0.208700 0.016362 -0.396412
v 0.193287 0.028022 -0.376531
v 0.177553 0.036718 -0.355967
v 0.161410 0.041406 -0.334439
v 0.144931 0.043137 -0.312207
v 0.178450 0.024936 -0.372061
v 0.174347 0.031973 -0.367139
v 0.169923 0.036047 -0.361532
v 0.165074 0.035867 -0.354894
v 0.159891 0.032728 -0.347554
v 0.136363 0.020171 -0.410571
v 0.130416 0.028044 -0.403225
v 0.124157 0.032950 -0.395206
v 0.117465 0.033481 -0.386124
v 0.110430 0.031059 -0.376328
v 0.123397 0.025615 -0.393450
v 0.123941 0.030763 -0.394675
v -0.254586 0.094114 -0.260739
v -0.229268 0.098615 -0.265429
v -0.203718 0.101359 -0.269269
v -0.177909 0.102138 -0.272159
v -0.151868 0.101161 -0.274199
v -0.261782 0.084899 -0.277822
v -0.233729 0.089587 -0.282871
v -0.205444 0.092519 -0.287070
v -0.176900 0.093486 -0.290318
v -0.148124 0.092696 -0.292716
v -0.262943 0.076324 -0.295416
v -0.235323 0.081197 -0.300177
v -0.207413 0.084184 -0.304250
v -0.179145 0.085051 -0.307539
v -0.150586 0.084032 -0.310139
v -0.254871 0.067016 -0.308446
v -0.232539 0.070905 -0.313374
v -0.209940 0.073302 -0.317054
v -0.187044 0.074027 -0.319336
v -0.163881 0.073258 -0.320369
v -0.249338 0.061673 -0.316014
v -0.231681 0.033627 -0.349842
v -0.213094 0.024165 -0.366846
v -0.192212 0.036334 -0.355014
v -0.170330 0.067914 -0.325386
v -0.250445 0.062742 -0.314500
v -0.231920 0.041464 -0.342867
v -0.212531 0.034374 -0.357207
v -0.191246 0.044254 -0.348197
v -0.169040 0.068983 -0.324382
v -0.236410 0.101854 -0.248475
v -0.219481 0.105994 -0.252157
v -0.202328 0.108377 -0.254988
v -0.184864 0.108369 -0.256693
v -0.167159 0.106605 -0.257549
v -0.211302 0.105964 -0.246146
v -0.206657 0.109337 -0.248251
v -0.201786 0.110954 -0.249505
v -0.196586 0.110028 -0.249571
v -0.191147 0.107347 -0.248787
v -0.212113 0.121660 -0.212897
v -0.205465 0.125208 -0.215280
v -0.198603 0.126998 -0.216811
v -0.191401 0.126173 -0.217123
v -0.183951 0.123592 -0.216588
v -0.198032 0.122626 -0.214743
v -0.198433 0.125690 -0.216202
v -0.468368 0.022110 -0.242659
v -0.448349 0.026422 -0.266375
v -0.428178 0.028385 -0.290025
v -0.407837 0.027719 -0.313602
v -0.387344 0.024703 -0.337112
v -0.490771 0.020368 -0.253190
v -0.468594 0.024749 -0.279420
v -0.446266 0.026781 -0.305585
v -0.423768 0.026183 -0.331677
v -0.401117 0.023236 -0.357702
v -0.508346 0.018780 -0.269348
v -0.486426 0.023153 -0.295280
v -0.464354 0.025176 -0.321146
v -0.442112 0.024571 -0.346938
v -0.419718 0.021616 -0.372664
v -0.518006 0.017445 -0.294732
v -0.500300 0.021683 -0.315752
v -0.482442 0.023572 -0.336706
v -0.464413 0.022831 -0.357586
v -0.446234 0.019741 -0.378401
v -0.521329 0.016881 -0.307220
v -0.544483 0.011290 -0.358750
v -0.545347 0.011653 -0.390995
v -0.513350 0.012286 -0.395043
v -0.457904 0.018976 -0.378811
v -0.520664 0.016993 -0.304723
v -0.535685 0.013969 -0.350167
v -0.532805 0.014637 -0.380154
v -0.503601 0.014995 -0.387568
v -0.455570 0.019129 -0.378729
v -0.440670 0.023182 -0.245591
v -0.427253 0.027561 -0.261614
v -0.413690 0.029590 -0.277564
v -0.399947 0.028435 -0.293446
v -0.386045 0.024930 -0.309270
v -0.415779 0.023936 -0.263419
v -0.412046 0.028103 -0.268154
v -0.408166 0.029921 -0.272817
v -0.404102 0.028357 -0.277414
v -0.399881 0.024445 -0.281952
v -0.385776 0.026472 -0.231218
v -0.380460 0.030738 -0.237798
v -0.375007 0.032654 -0.244297
v -0.369367 0.031093 -0.250730
v -0.363561 0.027183 -0.257114
v -0.374669 0.026828 -0.244166
v -0.374914 0.030915 -0.244264
v -0.026256 0.001871 0.631006
v -0.041888 0.003845 0.638641
v -0.057508 0.004504 0.646288
v -0.073116 0.003690 0.653945
v -0.088712 0.001560 0.661613
v -0.017050 0.002031 0.641375
v -0.034345 0.003998 0.649826
v -0.051629 0.004648 0.658287
v -0.068899 0.003826 0.666759
v -0.086159 0.001688 0.675241
v -0.011566 0.002174 0.653568
v -0.028664 0.004141 0.661921
v -0.045749 0.004793 0.670286
v -0.062822 0.003971 0.678661
v -0.079884 0.001834 0.687047
v -0.012183 0.002286 0.668750
v -0.026032 0.004269 0.675512
v -0.039870 0.004937 0.682285
v -0.053695 0.004132 0.689068
v -0.067508 0.002011 0.695862
v -0.013222 0.002332 0.675903
v -0.012567 0.001104 0.707594
v -0.019259 0.001911 0.724312
v -0.036565 0.000985 0.719355
v -0.061596 0.002084 0.698656
v -0.013014 0.002323 0.674472
v -0.015263 0.002074 0.701175
v -0.023384 0.002853 0.715904
v -0.039994 0.001951 0.713295
v -0.062778 0.002069 0.698097
v -0.041127 0.001350 0.626403
v -0.051680 0.003505 0.631538
v -0.062216 0.004344 0.636680
v -0.072728 0.003400 0.641853
v -0.083234 0.001141 0.647038
v -0.057841 0.001034 0.630068
v -0.060932 0.003280 0.631542
v -0.064007 0.004211 0.633024
v -0.067055 0.003250 0.634542
v -0.070095 0.000973 0.636073
v -0.066177 0.000612 0.606891
v -0.070490 0.002879 0.608961
v -0.074780 0.003831 0.611036
v -0.079041 0.002837 0.613152
v -0.083301 0.000527 0.615282
v -0.074739 0.000569 0.611087
v -0.074765 0.002858 0.611056
v 0.254467 0.001332 -0.585409
v 0.251504 0.004321 -0.561622
v 0.248557 0.005496 -0.537821
v 0.245627 0.004638 -0.514005
v 0.242714 0.001965 -0.490174
v 0.273390 0.001476 -0.588223
v 0.270114 0.004482 -0.561901
v 0.266853 0.005674 -0.535564
v 0.263611 0.004833 -0.509212
v 0.260384 0.002177 -0.482846
v 0.291612 0.001657 -0.585363
v 0.288373 0.004662 -0.559342
v 0.285150 0.005851 -0.533307
v 0.281944 0.005009 -0.507257
v 0.278755 0.002350 -0.481192
v 0.308686 0.001901 -0.573201
v 0.306058 0.004873 -0.552133
v 0.303446 0.006029 -0.531051
v 0.300852 0.005153 -0.509953
v 0.298274 0.002462 -0.488841
v 0.316165 0.002018 -0.566606
v 0.353264 0.000482 -0.543441
v 0.367531 0.001780 -0.523113
v 0.348748 0.000726 -0.506848
v 0.305961 0.002493 -0.493564
v 0.314669 0.001994 -0.567925
v 0.343819 0.001824 -0.545183
v 0.354710 0.003094 -0.524704
v 0.339165 0.002075 -0.507473
v 0.304424 0.002487 -0.492620
v 0.237932 0.000803 -0.571694
v 0.235912 0.003955 -0.555664
v 0.233908 0.005292 -0.539628
v 0.231951 0.004169 -0.523569
v 0.230008 0.001230 -0.507489
v 0.229558 0.000627 -0.549620
v 0.228936 0.003779 -0.544971
v 0.228332 0.005115 -0.540315
v 0.227784 0.003841 -0.535634
v 0.227251 0.000751 -0.530933
v 0.196494 0.000043 -0.557465
v 0.195641 0.003244 -0.550956
v 0.194805 0.004629 -0.544449
v 0.194031 0.003331 -0.537917
v 0.193272 0.000217 -0.531355
v 0.194883 0.000130 -0.544410
v 0.194836 0.003287 -0.544437
v -0.232357 0.004818 -0.546218
v -0.218498 0.006918 -0.559683
v -0.204633 0.007610 -0.573130
v -0.190758 0.006725 -0.586556
v -0.176876 0.004431 -0.599965
v -0.245637 0.004646 -0.554014
v -0.230302 0.006736 -0.568910
v -0.214958 0.007417 -0.583787
v -0.199607 0.006522 -0.598645
v -0.184247 0.004218 -0.613485
v -0.255612 0.004451 -0.565012
v -0.240452 0.006542 -0.579737
v -0.225284 0.007225 -0.594445
v -0.210108 0.006331 -0.609132
v -0.194925 0.004028 -0.623802
v -0.260167 0.004218 -0.581260
v -0.247892 0.006330 -0.593190
v -0.235610 0.007032 -0.605103
v -0.223319 0.006158 -0.616995
v -0.211021 0.003876 -0.628869
v -0.261523 0.004110 -0.589171
v -0.273057 0.002039 -0.622392
v -0.271733 0.002579 -0.642359
v -0.251739 0.001890 -0.643044
v -0.218225 0.003825 -0.629793
v -0.261251 0.004131 -0.587589
v -0.268026 0.003257 -0.616557
v -0.264511 0.003830 -0.634913
v -0.246057 0.003104 -0.637839
v -0.216784 0.003835 -0.629608
v -0.215063 0.004529 -0.546450
v -0.205715 0.006827 -0.555534
v -0.196364 0.007716 -0.564596
v -0.187018 0.006696 -0.573647
v -0.177658 0.004268 -0.582685
v -0.198660 0.004283 -0.556049
v -0.195940 0.006686 -0.558708
v -0.193216 0.007680 -0.561346
v -0.190501 0.006648 -0.563977
v -0.187774 0.004207 -0.566594
v -0.181902 0.004469 -0.534424
v -0.178097 0.006893 -0.538132
v -0.174293 0.007908 -0.541814
v -0.170501 0.006840 -0.545491
v -0.166691 0.004363 -0.549159
v -0.174296 0.004416 -0.541791
v -0.174299 0.006867 -0.541812
v -0.371415 -0.013020 0.552228
v -0.280439 -0.013020 0.619415
v -0.192294 -0.013006 0.563012
v -0.107439 -0.012791 0.458234
v 0.000577 -0.012805 0.498445
v 0.199877 -0.013011 0.499694
v 0.293838 -0.013011 0.461875
v 0.399665 -0.013020 0.478674
v 0.458366 -0.013020 0.449006
v 0.500000 -0.013020 0.400000
v -0.499787 -0.013016 0.300057
v -0.464006 -0.012901 0.170106
v -0.498905 -0.012904 0.099462
v 0.499116 -0.012899 0.099544
v 0.518360 -0.012872 0.022516
v 0.562267 -0.012985 -0.018944
v -0.498878 -0.012893 -0.099384
v -0.467556 -0.012893 -0.156468
v 0.550126 -0.011542 -0.347871
v 0.528099 -0.011542 -0.441141
v -0.500000 -0.013020 -0.400000
v -0.446156 -0.013020 -0.471216
v 0.526317 -0.013020 -0.569187
v -0.357257 -0.013020 -0.529992
v -0.300071 -0.013016 -0.499788
v -0.169538 -0.012880 -0.455309
v -0.099304 -0.012884 -0.498874
v 0.231888 -0.013016 -0.526636
v 0.299918 -0.013016 -0.499792
v 0.414367 -0.013020 -0.529767
v 0.044102 -0.013020 0.578788
v 0.108234 -0.013020 0.636833
v 0.182106 -0.013020 0.567621
v 0.543096 -0.013020 0.352462
v 0.561765 -0.013020 0.292412
v 0.641749 -0.012999 0.199483
v 0.626059 -0.008503 0.141355
v 0.636441 -0.011542 -0.053631
v 0.610529 -0.011542 -0.201808
v 0.591725 -0.011542 -0.300827
v -0.041388 -0.013020 -0.642438
v 0.022580 -0.013020 -0.708575
v 0.121237 -0.013020 -0.663100
v 0.185742 -0.013020 -0.591079
v -0.513797 -0.013020 -0.239246
v -0.617085 -0.013020 -0.300000
v -0.566903 -0.013020 -0.369447
v -0.594490 -0.013020 0.050147
v -0.666485 -0.013020 -0.006954
v -0.565701 -0.013020 -0.076252
v -0.472757 -0.013020 0.547130
v -0.571664 -0.013020 0.512806
v -0.555598 -0.013020 0.435521
v -0.532090 -0.013020 0.350841
vt 0.356264 0.457899
vt 0.412528 0.415946
vt 0.418273 0.494445
vt 0.369301 0.507048
vt 0.448462 0.371305
vt 0.467246 0.481842
vt 0.499145 0.387836
vt 0.515646 0.468887
vt 0.553738 0.428065
vt 0.563924 0.455498
vt 0.601421 0.394806
vt 0.613045 0.442400
vt 0.650454 0.382187
vt 0.662698 0.430078
vt 0.699487 0.369568
vt 0.712104 0.418328
vt 0.750317 0.376358
vt 0.761088 0.406220
vt 0.800060 0.354892
vt 0.810063 0.393616
vt 0.832538 0.362116
vt 0.859038 0.381012
vt 0.431221 0.543492
vt 0.382307 0.556080
vt 0.478675 0.530528
vt 0.525020 0.516735
vt 0.572889 0.502563
vt 0.623048 0.488886
vt 0.674330 0.476457
vt 0.724910 0.465293
vt 0.773986 0.454530
vt 0.822542 0.442785
vt 0.871459 0.430197
vt 0.443360 0.592424
vt 0.416033 0.614999
vt 0.488191 0.579598
vt 0.533129 0.566060
vt 0.581212 0.551905
vt 0.632994 0.537859
vt 0.713934 0.499690
vt 0.738372 0.513242
vt 0.787659 0.502531
vt 0.835333 0.491551
vt 0.883849 0.479263
vt 0.454851 0.641652
vt 0.408226 0.653791
vt 0.498102 0.630046
vt 0.542394 0.617992
vt 0.591031 0.604898
vt 0.644347 0.590945
vt 0.699418 0.577006
vt 0.752424 0.563943
vt 0.801673 0.551925
vt 0.848519 0.540345
vt 0.896210 0.528213
vt 0.467174 0.691014
vt 0.421139 0.702472
vt 0.510135 0.681090
vt 0.551643 0.672632
vt 0.603751 0.659863
vt 0.657777 0.646497
vt 0.713346 0.631660
vt 0.766365 0.616678
vt 0.815179 0.602591
vt 0.861389 0.589568
vt 0.915420 0.563169
vt 0.480751 0.739743
vt 0.434022 0.751037
vt 0.524622 0.730924
vt 0.569802 0.722704
vt 0.619188 0.712998
vt 0.671989 0.702273
vt 0.727288 0.685180
vt 0.779294 0.668795
vt 0.827445 0.652998
vt 0.873474 0.638683
vt 0.941387 0.578182
vt 0.494869 0.787532
vt 0.456599 0.774787
vt 0.526454 0.803860
vt 0.586610 0.770471
vt 0.635758 0.761399
vt 0.687799 0.749451
vt 0.740370 0.734480
vt 0.789620 0.735729
vt 0.838452 0.701706
vt 0.884972 0.687148
vt 0.933116 0.674363
vt 0.508259 0.835324
vt 0.459694 0.847821
vt 0.555847 0.824252
vt 0.603029 0.815025
vt 0.651703 0.805394
vt 0.701968 0.793659
vt 0.752395 0.779484
vt 0.801463 0.763964
vt 0.849041 0.748806
vt 0.896792 0.735345
vt 0.974424 0.740532
vt 0.520992 0.883558
vt 0.472485 0.896040
vt 0.569499 0.871076
vt 0.617730 0.859354
vt 0.666107 0.848240
vt 0.715020 0.836283
vt 0.763936 0.823067
vt 0.812318 0.809283
vt 0.860553 0.796183
vt 0.909064 0.783700
vt 0.976216 0.787578
vt 0.558200 0.940762
vt 0.507671 0.923595
vt 0.582145 0.919212
vt 0.639605 0.882163
vt 0.679046 0.894277
vt 0.727497 0.881810
vt 0.775949 0.869343
vt 0.843199 0.865813
vt 0.872854 0.844408
vt 0.931904 0.844487
vt 0.990915 0.849514
vt 0.613004 0.350368
vt 0.637091 0.313576
vt 0.682151 0.338453
vt 0.886041 0.398979
vt 0.902611 0.426149
vt 0.953080 0.461447
vt 0.952903 0.491650
vt 0.981605 0.586084
vt 0.986381 0.660673
vt 0.991440 0.713260
vt 0.764331 0.979127
vt 0.725194 0.955391
vt 0.806406 0.945061
vt 0.828730 0.902461
vt 0.402833 0.862452
vt 0.445203 0.820195
vt 0.436116 0.889673
vt 0.340902 0.726732
vt 0.368588 0.689933
vt 0.398973 0.747747
vt 0.319450 0.460641
vt 0.363474 0.431254
vt 0.337435 0.496613
vt 0.359993 0.535208
vt 0.036653 0.208109
vt 0.121160 0.214283
vt 0.106523 0.277602
vt 0.013551 0.270301
vt 0.204867 0.220550
vt 0.198582 0.285237
vt 0.288212 0.230521
vt 0.290382 0.295477
vt 0.372324 0.240735
vt 0.383017 0.306212
vt 0.101566 0.341657
vt 0.010021 0.334134
vt 0.192313 0.349784
vt 0.282911 0.359294
vt 0.374189 0.369532
vt 0.112637 0.407197
vt 0.038482 0.400887
vt 0.186077 0.414088
vt 0.259428 0.421493
vt 0.333399 0.429559
vt 0.051781 0.425104
vt 0.106778 0.541423
vt 0.105113 0.575195
vt 0.054351 0.431552
vt 0.168504 0.593667
vt 0.164040 0.638763
vt 0.239277 0.554460
vt 0.234201 0.587915
vt 0.316015 0.447512
vt 0.313141 0.453104
vt 0.094304 0.160716
vt 0.152481 0.165030
vt 0.209963 0.168109
vt 0.266961 0.176157
vt 0.324879 0.183128
vt 0.174820 0.142109
vt 0.194455 0.146394
vt 0.211910 0.148082
vt 0.229362 0.149787
vt 0.249454 0.149363
vt 0.175044 0.025007
vt 0.200374 0.027719
vt 0.223398 0.030093
vt 0.246392 0.032183
vt 0.271770 0.034400
vt 0.176526 0.019054
vt 0.221886 0.014468
vt 0.222958 0.025431
vt 0.267524 0.009867
vt 0.245778 0.023132
vt 0.635298 0.301216
vt 0.635124 0.232785
vt 0.687008 0.240717
vt 0.686789 0.316034
vt 0.635074 0.164992
vt 0.687551 0.166115
vt 0.638030 0.097265
vt 0.690208 0.091562
vt 0.641133 0.028906
vt 0.693212 0.016307
vt 0.738894 0.240808
vt 0.738410 0.314990
vt 0.739914 0.167233
vt 0.742056 0.093693
vt 0.744743 0.019562
vt 0.791001 0.227902
vt 0.790435 0.288005
vt 0.792079 0.168340
vt 0.793576 0.108817
vt 0.795568 0.048756
vt 0.809128 0.275820
vt 0.899453 0.224447
vt 0.926752 0.223732
vt 0.814164 0.273358
vt 0.937768 0.171557
vt 0.974357 0.172406
vt 0.901884 0.116949
vt 0.929136 0.119000
vt 0.811084 0.061663
vt 0.815763 0.063636
vt 0.593621 0.257674
vt 0.593552 0.210560
vt 0.592532 0.164081
vt 0.595543 0.117690
vt 0.597630 0.070622
vt 0.573734 0.193966
vt 0.575989 0.177892
vt 0.576285 0.163733
vt 0.576596 0.149574
vt 0.575031 0.133420
vt 0.479415 0.200916
vt 0.480056 0.180352
vt 0.480567 0.161666
vt 0.480850 0.143021
vt 0.481090 0.122449
vt 0.474531 0.200085
vt 0.468075 0.163835
vt 0.476839 0.162304
vt 0.461591 0.127362
vt 0.473598 0.144066
vt 0.036653 0.208109
vt 0.121160 0.214283
vt 0.106523 0.277602
vt 0.013551 0.270301
vt 0.204867 0.220550
vt 0.198582 0.285237
vt 0.288212 0.230521
vt 0.290382 0.295477
vt 0.372324 0.240735
vt 0.383017 0.306212
vt 0.101566 0.341657
vt 0.010021 0.334134
vt 0.192313 0.349784
vt 0.282911 0.359294
vt 0.374189 0.369532
vt 0.112637 0.407197
vt 0.038482 0.400887
vt 0.186077 0.414088
vt 0.259428 0.421493
vt 0.333399 0.429559
vt 0.051781 0.425104
vt 0.106778 0.541423
vt 0.105113 0.575195
vt 0.054351 0.431552
vt 0.168504 0.593667
vt 0.164040 0.638763
vt 0.239277 0.554460
vt 0.234201 0.587915
vt 0.316015 0.447512
vt 0.313141 0.453104
vt 0.094304 0.160716
vt 0.152481 0.165030
vt 0.209963 0.168109
vt 0.266961 0.176157
vt 0.324879 0.183128
vt 0.174820 0.142109
vt 0.194455 0.146394
vt 0.211910 0.148082
vt 0.229362 0.149787
vt 0.249454 0.149363
vt 0.175044 0.025007
vt 0.200374 0.027719
vt 0.223398 0.030093
vt 0.246392 0.032183
vt 0.271770 0.034400
vt 0.176526 0.019054
vt 0.221886 0.014468
vt 0.222958 0.025431
vt 0.267524 0.009867
vt 0.245778 0.023132
vt 0.036653 0.208109
vt 0.121160 0.214283
vt 0.106523 0.277602
vt 0.013551 0.270301
vt 0.204867 0.220550
vt 0.198582 0.285237
vt 0.288212 0.230521
vt 0.290382 0.295477
vt 0.372324 0.240735
vt 0.383017 0.306212
vt 0.101566 0.341657
vt 0.010021 0.334134
vt 0.192313 0.349784
vt 0.282911 0.359294
vt 0.374189 0.369532
vt 0.112637 0.407197
vt 0.038482 0.400887
vt 0.186077 0.414088
vt 0.259428 0.421493
vt 0.333399 0.429559
vt 0.051781 0.425104
vt 0.106778 0.541423
vt 0.105113 0.575195
vt 0.054351 0.431552
vt 0.168504 0.593667
vt 0.164040 0.638763
vt 0.239277 0.554460
vt 0.234201 0.587915
vt 0.316015 0.447512
vt 0.313141 0.453104
vt 0.094304 0.160716
vt 0.152481 0.165030
vt 0.209963 0.168109
vt 0.266961 0.176157
vt 0.324879 0.183128
vt 0.174820 0.142109
vt 0.194455 0.146394
vt 0.211910 0.148082
vt 0.229362 0.149787
vt 0.249454 0.149363
vt 0.175044 0.025007
vt 0.200374 0.027719
vt 0.223398 0.030093
vt 0.246392 0.032183
vt 0.271770 0.034400
vt 0.176526 0.019054
vt 0.221886 0.014468
vt 0.222958 0.025431
vt 0.267524 0.009867
vt 0.245778 0.023132
vt 0.036653 0.208109
vt 0.121160 0.214283
vt 0.106523 0.277602
vt 0.013551 0.270301
vt 0.204867 0.220550
vt 0.198582 0.285237
vt 0.288212 0.230521
vt 0.290382 0.295477
vt 0.372324 0.240735
vt 0.383017 0.306212
vt 0.101566 0.341657
vt 0.010021 0.334134
vt 0.192313 0.349784
vt 0.282911 0.359294
vt 0.374189 0.369532
vt 0.112637 0.407197
vt 0.038482 0.400887
vt 0.186077 0.414088
vt 0.259428 0.421493
vt 0.333399 0.429559
vt 0.051781 0.425104
vt 0.106778 0.541423
vt 0.105113 0.575195
vt 0.054351 0.431552
vt 0.168504 0.593667
vt 0.164040 0.638763
vt 0.239277 0.554460
vt 0.234201 0.587915
vt 0.316015 0.447512
vt 0.313141 0.453104
vt 0.094304 0.160716
vt 0.152481 0.165030
vt 0.209963 0.168109
vt 0.266961 0.176157
vt 0.324879 0.183128
vt 0.174820 0.142109
vt 0.194455 0.146394
vt 0.211910 0.148082
vt 0.229362 0.149787
vt 0.249454 0.149363
vt 0.175044 0.025007
vt 0.200374 0.027719
vt 0.223398 0.030093
vt 0.246392 0.032183
vt 0.271770 0.034400
vt 0.176526 0.019054
vt 0.221886 0.014468
vt 0.222958 0.025431
vt 0.267524 0.009867
vt 0.245778 0.023132
vt 0.036653 0.208109
vt 0.121160 0.214283
vt 0.106523 0.277602
vt 0.013551 0.270301
vt 0.204867 0.220550
vt 0.198582 0.285237
vt 0.288212 0.230521
vt 0.290382 0.295477
vt 0.372324 0.240735
vt 0.383017 0.306212
vt 0.101566 0.341657
vt 0.010021 0.334134
vt 0.192313 0.349784
vt 0.282911 0.359294
vt 0.374189 0.369532
vt 0.112637 0.407197
vt 0.038482 0.400887
vt 0.186077 0.414088
vt 0.259428 0.421493
vt 0.333399 0.429559
vt 0.051781 0.425104
vt 0.106778 0.541423
vt 0.105113 0.575195
vt 0.054351 0.431552
vt 0.168504 0.593667
vt 0.164040 0.638763
vt 0.239277 0.554460
vt 0.234201 0.587915
vt 0.316015 0.447512
vt 0.313141 0.453104
vt 0.094304 0.160716
vt 0.152481 0.165030
vt 0.209963 0.168109
vt 0.266961 0.176157
vt 0.324879 0.183128
vt 0.174820 0.142109
vt 0.194455 0.146394
vt 0.211910 0.148082
vt 0.229362 0.149787
vt 0.249454 0.149363
vt 0.175044 0.025007
vt 0.200374 0.027719
vt 0.223398 0.030093
vt 0.246392 0.032183
vt 0.271770 0.034400
vt 0.176526 0.019054
vt 0.221886 0.014468
vt 0.222958 0.025431
vt 0.267524 0.009867
vt 0.245778 0.023132
vt 0.036653 0.208109
vt 0.121160 0.214283
vt 0.106523 0.277602
vt 0.013551 0.270301
vt 0.204867 0.220550
vt 0.198582 0.285237
vt 0.288212 0.230521
vt 0.290382 0.295477
vt 0.372324 0.240735
vt 0.383017 0.306212
vt 0.101566 0.341657
vt 0.010021 0.334134
vt 0.192313 0.349784
vt 0.282911 0.359294
vt 0.374189 0.369532
vt 0.112637 0.407197
vt 0.038482 0.400887
vt 0.186077 0.414088
vt 0.259428 0.421493
vt 0.333399 0.429559
vt 0.051781 0.425104
vt 0.106778 0.541423
vt 0.105113 0.575195
vt 0.054351 0.431552
vt 0.168504 0.593667
vt 0.164040 0.638763
vt 0.239277 0.554460
vt 0.234201 0.587915
vt 0.316015 0.447512
vt 0.313141 0.453104
vt 0.094304 0.160716
vt 0.152481 0.165030
vt 0.209963 0.168109
vt 0.266961 0.176157
vt 0.324879 0.183128
vt 0.174820 0.142109
vt 0.194455 0.146394
vt 0.211910 0.148082
vt 0.229362 0.149787
vt 0.249454 0.149363
vt 0.175044 0.025007
vt 0.200374 0.027719
vt 0.223398 0.030093
vt 0.246392 0.032183
vt 0.271770 0.034400
vt 0.176526 0.019054
vt 0.221886 0.014468
vt 0.222958 0.025431
vt 0.267524 0.009867
vt 0.245778 0.023132
vt 0.036653 0.208109
vt 0.121160 0.214283
vt 0.106523 0.277602
vt 0.013551 0.270301
vt 0.204867 0.220550
vt 0.198582 0.285237
vt 0.288212 0.230521
vt 0.290382 0.295477
vt 0.372324 0.240735
vt 0.383017 0.306212
vt 0.101566 0.341657
vt 0.010021 0.334134
vt 0.192313 0.349784
vt 0.282911 0.359294
vt 0.374189 0.369532
vt 0.112637 0.407197
vt 0.038482 0.400887
vt 0.186077 0.414088
vt 0.259428 0.421493
vt 0.333399 0.429559
vt 0.051781 0.425104
vt 0.106778 0.541423
vt 0.105113 0.575195
vt 0.054351 0.431552
vt 0.168504 0.593667
vt 0.164040 0.638763
vt 0.239277 0.554460
vt 0.234201 0.587915
vt 0.316015 0.447512
vt 0.313141 0.453104
vt 0.094304 0.160716
vt 0.152481 0.165030
vt 0.209963 0.168109
vt 0.266961 0.176157
vt 0.324879 0.183128
vt 0.174820 0.142109
vt 0.194455 0.146394
vt 0.211910 0.148082
vt 0.229362 0.149787
vt 0.249454 0.149363
vt 0.175044 0.025007
vt 0.200374 0.027719
vt 0.223398 0.030093
vt 0.246392 0.032183
vt 0.271770 0.034400
vt 0.176526 0.019054
vt 0.221886 0.014468
vt 0.222958 0.025431
vt 0.267524 0.009867
vt 0.245778 0.023132
vt 0.036653 0.208109
vt 0.121160 0.214283
vt 0.106523 0.277602
vt 0.013551 0.270301
vt 0.204867 0.220550
vt 0.198582 0.285237
vt 0.288212 0.230521
vt 0.290382 0.295477
vt 0.372324 0.240735
vt 0.383017 0.306212
vt 0.101566 0.341657
vt 0.010021 0.334134
vt 0.192313 0.349784
vt 0.282911 0.359294
vt 0.374189 0.369532
vt 0.112637 0.407197
vt 0.038482 0.400887
vt 0.186077 0.414088
vt 0.259428 0.421493
vt 0.333399 0.429559
vt 0.051781 0.425104
vt 0.106778 0.541423
vt 0.105113 0.575195
vt 0.054351 0.431552
vt 0.168504 0.593667
vt 0.164040 0.638763
vt 0.239277 0.554460
vt 0.234201 0.587915
vt 0.316015 0.447512
vt 0.313141 0.453104
vt 0.094304 0.160716
vt 0.152481 0.165030
vt 0.209963 0.168109
vt 0.266961 0.176157
vt 0.324879 0.183128
vt 0.174820 0.142109
vt 0.194455 0.146394
vt 0.211910 0.148082
vt 0.229362 0.149787
vt 0.249454 0.149363
vt 0.175044 0.025007
vt 0.200374 0.027719
vt 0.223398 0.030093
vt 0.246392 0.032183
vt 0.271770 0.034400
vt 0.176526 0.019054
vt 0.221886 0.014468
vt 0.222958 0.025431
vt 0.267524 0.009867
vt 0.245778 0.023132
vt 0.036653 0.208109
vt 0.121160 0.214283
vt 0.106523 0.277602
vt 0.013551 0.270301
vt 0.204867 0.220550
vt 0.198582 0.285237
vt 0.288212 0.230521
vt 0.290382 0.295477
vt 0.372324 0.240735
vt 0.383017 0.306212
vt 0.101566 0.341657
vt 0.010021 0.334134
vt 0.192313 0.349784
vt 0.282911 0.359294
vt 0.374189 0.369532
vt 0.112637 0.407197
vt 0.038482 0.400887
vt 0.186077 0.414088
vt 0.259428 0.421493
vt 0.333399 0.429559
vt 0.051781 0.425104
vt 0.106778 0.541423
vt 0.105113 0.575195
vt 0.054351 0.431552
vt 0.168504 0.593667
vt 0.164040 0.638763
vt 0.239277 0.554460
vt 0.234201 0.587915
vt 0.316015 0.447512
vt 0.313141 0.453104
vt 0.094304 0.160716
vt 0.152481 0.165030
vt 0.209963 0.168109
vt 0.266961 0.176157
vt 0.324879 0.183128
vt 0.174820 0.142109
vt 0.194455 0.146394
vt 0.211910 0.148082
vt 0.229362 0.149787
vt 0.249454 0.149363
vt 0.175044 0.025007
vt 0.200374 0.027719
vt 0.223398 0.030093
vt 0.246392 0.032183
vt 0.271770 0.034400
vt 0.176526 0.019054
vt 0.221886 0.014468
vt 0.222958 0.025431
vt 0.267524 0.009867
vt 0.245778 0.023132
vt 0.036653 0.208109
vt 0.121160 0.214283
vt 0.106523 0.277602
vt 0.013551 0.270301
vt 0.204867 0.220550
vt 0.198582 0.285237
vt 0.288212 0.230521
vt 0.290382 0.295477
vt 0.372324 0.240735
vt 0.383017 0.306212
vt 0.101566 0.341657
vt 0.010021 0.334134
vt 0.192313 0.349784
vt 0.282911 0.359294
vt 0.374189 0.369532
vt 0.112637 0.407197
vt 0.038482 0.400887
vt 0.186077 0.414088
vt 0.259428 0.421493
vt 0.333399 0.429559
vt 0.051781 0.425104
vt 0.106778 0.541423
vt 0.105113 0.575195
vt 0.054351 0.431552
vt 0.168504 0.593667
vt 0.164040 0.638763
vt 0.239277 0.554460
vt 0.234201 0.587915
vt 0.316015 0.447512
vt 0.313141 0.453104
vt 0.094304 0.160716
vt 0.152481 0.165030
vt 0.209963 0.168109
vt 0.266961 0.176157
vt 0.324879 0.183128
vt 0.174820 0.142109
vt 0.194455 0.146394
vt 0.211910 0.148082
vt 0.229362 0.149787
vt 0.249454 0.149363
vt 0.175044 0.025007
vt 0.200374 0.027719
vt 0.223398 0.030093
vt 0.246392 0.032183
vt 0.271770 0.034400
vt 0.176526 0.019054
vt 0.221886 0.014468
vt 0.222958 0.025431
vt 0.267524 0.009867
vt 0.245778 0.023132
vt 0.036653 0.208109
vt 0.121160 0.214283
vt 0.106523 0.277602
vt 0.013551 0.270301
vt 0.204867 0.220550
vt 0.198582 0.285237
vt 0.288212 0.230521
vt 0.290382 0.295477
vt 0.372324 0.240735
vt 0.383017 0.306212
vt 0.101566 0.341657
vt 0.010021 0.334134
vt 0.192313 0.349784
vt 0.282911 0.359294
vt 0.374189 0.369532
vt 0.112637 0.407197
vt 0.038482 0.400887
vt 0.186077 0.414088
vt 0.259428 0.421493
vt 0.333399 0.429559
vt 0.051781 0.425104
vt 0.106778 0.541423
vt 0.105113 0.575195
vt 0.054351 0.431552
vt 0.168504 0.593667
vt 0.164040 0.638763
vt 0.239277 0.554460
vt 0.234201 0.587915
vt 0.316015 0.447512
vt 0.313141 0.453104
vt 0.094304 0.160716
vt 0.152481 0.165030
vt 0.209963 0.168109
vt 0.266961 0.176157
vt 0.324879 0.183128
vt 0.174820 0.142109
vt 0.194455 0.146394
vt 0.211910 0.148082
vt 0.229362 0.149787
vt 0.249454 0.149363
vt 0.175044 0.025007
vt 0.200374 0.027719
vt 0.223398 0.030093
vt 0.246392 0.032183
vt 0.271770 0.034400
vt 0.176526 0.019054
vt 0.221886 0.014468
vt 0.222958 0.025431
vt 0.267524 0.009867
vt 0.245778 0.023132
vt 0.036653 0.208109
vt 0.121160 0.214283
vt 0.106523 0.277602
vt 0.013551 0.270301
vt 0.204867 0.220550
vt 0.198582 0.285237
vt 0.288212 0.230521
vt 0.290382 0.295477
vt 0.372324 0.240735
vt 0.383017 0.306212
vt 0.101566 0.341657
vt 0.010021 0.334134
vt 0.192313 0.349784
vt 0.282911 0.359294
vt 0.374189 0.369532
vt 0.112637 0.407197
vt 0.038482 0.400887
vt 0.186077 0.414088
vt 0.259428 0.421493
vt 0.333399 0.429559
vt 0.051781 0.425104
vt 0.106778 0.541423
vt 0.105113 0.575195
vt 0.054351 0.431552
vt 0.168504 0.593667
vt 0.164040 0.638763
vt 0.239277 0.554460
vt 0.234201 0.587915
vt 0.316015 0.447512
vt 0.313141 0.453104
vt 0.094304 0.160716
vt 0.152481 0.165030
vt 0.209963 0.168109
vt 0.266961 0.176157
vt 0.324879 0.183128
vt 0.174820 0.142109
vt 0.194455 0.146394
vt 0.211910 0.148082
vt 0.229362 0.149787
vt 0.249454 0.149363
vt 0.175044 0.025007
vt 0.200374 0.027719
vt 0.223398 0.030093
vt 0.246392 0.032183
vt 0.271770 0.034400
vt 0.176526 0.019054
vt 0.221886 0.014468
vt 0.222958 0.025431
vt 0.267524 0.009867
vt 0.245778 0.023132
vt 0.635298 0.301216
vt 0.635124 0.232785
vt 0.687008 0.240717
vt 0.686789 0.316034
vt 0.635074 0.164992
vt 0.687551 0.166115
vt 0.638030 0.097265
vt 0.690208 0.091562
vt 0.641133 0.028906
vt 0.693212 0.016307
vt 0.738894 0.240808
vt 0.738410 0.314990
vt 0.739914 0.167233
vt 0.742056 0.093693
vt 0.744743 0.019562
vt 0.791001 0.227902
vt 0.790435 0.288005
vt 0.792079 0.168340
vt 0.793576 0.108817
vt 0.795568 0.048756
vt 0.809128 0.275820
vt 0.899453 0.224447
vt 0.926752 0.223732
vt 0.814164 0.273358
vt 0.937768 0.171557
vt 0.974357 0.172406
vt 0.901884 0.116949
vt 0.929136 0.119000
vt 0.811084 0.061663
vt 0.815763 0.063636
vt 0.593621 0.257674
vt 0.593552 0.210560
vt 0.592532 0.164081
vt 0.595543 0.117690
vt 0.597630 0.070622
vt 0.573734 0.193966
vt 0.575989 0.177892
vt 0.576285 0.163733
vt 0.576596 0.149574
vt 0.575031 0.133420
vt 0.479415 0.200916
vt 0.480056 0.180352
vt 0.480567 0.161666
vt 0.480850 0.143021
vt 0.481090 0.122449
vt 0.474531 0.200085
vt 0.468075 0.163835
vt 0.476839 0.162304
vt 0.461591 0.127362
vt 0.473598 0.144066
vt 0.635298 0.301216
vt 0.635124 0.232785
vt 0.687008 0.240717
vt 0.686789 0.316034
vt 0.635074 0.164992
vt 0.687551 0.166115
vt 0.638030 0.097265
vt 0.690208 0.091562
vt 0.641133 0.028906
vt 0.693212 0.016307
vt 0.738894 0.240808
vt 0.738410 0.314990
vt 0.739914 0.167233
vt 0.742056 0.093693
vt 0.744743 0.019562
vt 0.791001 0.227902
vt 0.790435 0.288005
vt 0.792079 0.168340
vt 0.793576 0.108817
vt 0.795568 0.048756
vt 0.809128 0.275820
vt 0.899453 0.224447
vt 0.926752 0.223732
vt 0.814164 0.273358
vt 0.937768 0.171557
vt 0.974357 0.172406
vt 0.901884 0.116949
vt 0.929136 0.119000
vt 0.811084 0.061663
vt 0.815763 0.063636
vt 0.593621 0.257674
vt 0.593552 0.210560
vt 0.592532 0.164081
vt 0.595543 0.117690
vt 0.597630 0.070622
vt 0.573734 0.193966
vt 0.575989 0.177892
vt 0.576285 0.163733
vt 0.576596 0.149574
vt 0.575031 0.133420
vt 0.479415 0.200916
vt 0.480056 0.180352
vt 0.480567 0.161666
vt 0.480850 0.143021
vt 0.481090 0.122449
vt 0.474531 0.200085
vt 0.468075 0.163835
vt 0.476839 0.162304
vt 0.461591 0.127362
vt 0.473598 0.144066
vt 0.635298 0.301216
vt 0.635124 0.232785
vt 0.687008 0.240717
vt 0.686789 0.316034
vt 0.635074 0.164992
vt 0.687551 0.166115
vt 0.638030 0.097265
vt 0.690208 0.091562
vt 0.641133 0.028906
vt 0.693212 0.016307
vt 0.738894 0.240808
vt 0.738410 0.314990
vt 0.739914 0.167233
vt 0.742056 0.093693
vt 0.744743 0.019562
vt 0.791001 0.227902
vt 0.790435 0.288005
vt 0.792079 0.168340
vt 0.793576 0.108817
vt 0.795568 0.048756
vt 0.809128 0.275820
vt 0.899453 0.224447
vt 0.926752 0.223732
vt 0.814164 0.273358
vt 0.937768 0.171557
vt 0.974357 0.172406
vt 0.901884 0.116949
vt 0.929136 0.119000
vt 0.811084 0.061663
vt 0.815763 0.063636
vt 0.593621 0.257674
vt 0.593552 0.210560
vt 0.592532 0.164081
vt 0.595543 0.117690
vt 0.597630 0.070622
vt 0.573734 0.193966
vt 0.575989 0.177892
vt 0.576285 0.163733
vt 0.576596 0.149574
vt 0.575031 0.133420
vt 0.479415 0.200916
vt 0.480056 0.180352
vt 0.480567 0.161666
vt 0.480850 0.143021
vt 0.481090 0.122449
vt 0.474531 0.200085
vt 0.468075 0.163835
vt 0.476839 0.162304
vt 0.461591 0.127362
vt 0.473598 0.144066
vt 0.635298 0.301216
vt 0.635124 0.232785
vt 0.687008 0.240717
vt 0.686789 0.316034
vt 0.635074 0.164992
vt 0.687551 0.166115
vt 0.638030 0.097265
vt 0.690208 0.091562
vt 0.641133 0.028906
vt 0.693212 0.016307
vt 0.738894 0.240808
vt 0.738410 0.314990
vt 0.739914 0.167233
vt 0.742056 0.093693
vt 0.744743 0.019562
vt 0.791001 0.227902
vt 0.790435 0.288005
vt 0.792079 0.168340
vt 0.793576 0.108817
vt 0.795568 0.048756
vt 0.809128 0.275820
vt 0.899453 0.224447
vt 0.926752 0.223732
vt 0.814164 0.273358
vt 0.937768 0.171557
vt 0.974357 0.172406
vt 0.901884 0.116949
vt 0.929136 0.119000
vt 0.811084 0.061663
vt 0.815763 0.063636
vt 0.593621 0.257674
vt 0.593552 0.210560
vt 0.592532 0.164081
vt 0.595543 0.117690
vt 0.597630 0.070622
vt 0.573734 0.193966
vt 0.575989 0.177892
vt 0.576285 0.163733
vt 0.576596 0.149574
vt 0.575031 0.133420
vt 0.479415 0.200916
vt 0.480056 0.180352
vt 0.480567 0.161666
vt 0.480850 0.143021
vt 0.481090 0.122449
vt 0.474531 0.200085
vt 0.468075 0.163835
vt 0.476839 0.162304
vt 0.461591 0.127362
vt 0.473598 0.144066
vt 0.635298 0.301216
vt 0.635124 0.232785
vt 0.687008 0.240717
vt 0.686789 0.316034
vt 0.635074 0.164992
vt 0.687551 0.166115
vt 0.638030 0.097265
vt 0.690208 0.091562
vt 0.641133 0.028906
vt 0.693212 0.016307
vt 0.738894 0.240808
vt 0.738410 0.314990
vt 0.739914 0.167233
vt 0.742056 0.093693
vt 0.744743 0.019562
vt 0.791001 0.227902
vt 0.790435 0.288005
vt 0.792079 0.168340
vt 0.793576 0.108817
vt 0.795568 0.048756
vt 0.809128 0.275820
vt 0.899453 0.224447
vt 0.926752 0.223732
vt 0.814164 0.273358
vt 0.937768 0.171557
vt 0.974357 0.172406
vt 0.901884 0.116949
vt 0.929136 0.119000
vt 0.811084 0.061663
vt 0.815763 0.063636
vt 0.593621 0.257674
vt 0.593552 0.210560
vt 0.592532 0.164081
vt 0.595543 0.117690
vt 0.597630 0.070622
vt 0.573734 0.193966
vt 0.575989 0.177892
vt 0.576285 0.163733
vt 0.576596 0.149574
vt 0.575031 0.133420
vt 0.479415 0.200916
vt 0.480056 0.180352
vt 0.480567 0.161666
vt 0.480850 0.143021
vt 0.481090 0.122449
vt 0.474531 0.200085
vt 0.468075 0.163835
vt 0.476839 0.162304
vt 0.461591 0.127362
vt 0.473598 0.144066
vt 0.635298 0.301216
vt 0.635124 0.232785
vt 0.687008 0.240717
vt 0.686789 0.316034
vt 0.635074 0.164992
vt 0.687551 0.166115
vt 0.638030 0.097265
vt 0.690208 0.091562
vt 0.641133 0.028906
vt 0.693212 0.016307
vt 0.738894 0.240808
vt 0.738410 0.314990
vt 0.739914 0.167233
vt 0.742056 0.093693
vt 0.744743 0.019562
vt 0.791001 0.227902
vt 0.790435 0.288005
vt 0.792079 0.168340
vt 0.793576 0.108817
vt 0.795568 0.048756
vt 0.809128 0.275820
vt 0.899453 0.224447
vt 0.926752 0.223732
vt 0.814164 0.273358
vt 0.937768 0.171557
vt 0.974357 0.172406
vt 0.901884 0.116949
vt 0.929136 0.119000
vt 0.811084 0.061663
vt 0.815763 0.063636
vt 0.593621 0.257674
vt 0.593552 0.210560
vt 0.592532 0.164081
vt 0.595543 0.117690
vt 0.597630 0.070622
vt 0.573734 0.193966
vt 0.575989 0.177892
vt 0.576285 0.163733
vt 0.576596 0.149574
vt 0.575031 0.133420
vt 0.479415 0.200916
vt 0.480056 0.180352
vt 0.480567 0.161666
vt 0.480850 0.143021
vt 0.481090 0.122449
vt 0.474531 0.200085
vt 0.468075 0.163835
vt 0.476839 0.162304
vt 0.461591 0.127362
vt 0.473598 0.144066
vt 0.635298 0.301216
vt 0.635124 0.232785
vt 0.687008 0.240717
vt 0.686789 0.316034
vt 0.635074 0.164992
vt 0.687551 0.166115
vt 0.638030 0.097265
vt 0.690208 0.091562
vt 0.641133 0.028906
vt 0.693212 0.016307
vt 0.738894 0.240808
vt 0.738410 0.314990
vt 0.739914 0.167233
vt 0.742056 0.093693
vt 0.744743 0.019562
vt 0.791001 0.227902
vt 0.790435 0.288005
vt 0.792079 0.168340
vt 0.793576 0.108817
vt 0.795568 0.048756
vt 0.809128 0.275820
vt 0.899453 0.224447
vt 0.926752 0.223732
vt 0.814164 0.273358
vt 0.937768 0.171557
vt 0.974357 0.172406
vt 0.901884 0.116949
vt 0.929136 0.119000
vt 0.811084 0.061663
vt 0.815763 0.063636
vt 0.593621 0.257674
vt 0.593552 0.210560
vt 0.592532 0.164081
vt 0.595543 0.117690
vt 0.597630 0.070622
vt 0.573734 0.193966
vt 0.575989 0.177892
vt 0.576285 0.163733
vt 0.576596 0.149574
vt 0.575031 0.133420
vt 0.479415 0.200916
vt 0.480056 0.180352
vt 0.480567 0.161666
vt 0.480850 0.143021
vt 0.481090 0.122449
vt 0.474531 0.200085
vt 0.468075 0.163835
vt 0.476839 0.162304
vt 0.461591 0.127362
vt 0.473598 0.144066
vt 0.036653 0.208109
vt 0.121160 0.214283
vt 0.106523 0.277602
vt 0.013551 0.270301
vt 0.204867 0.220550
vt 0.198582 0.285237
vt 0.288212 0.230521
vt 0.290382 0.295477
vt 0.372324 0.240735
vt 0.383017 0.306212
vt 0.101566 0.341657
vt 0.010021 0.334134
vt 0.192313 0.349784
vt 0.282911 0.359294
vt 0.374189 0.369532
vt 0.112637 0.407197
vt 0.038482 0.400887
vt 0.186077 0.414088
vt 0.259428 0.421493
vt 0.333399 0.429559
vt 0.051781 0.425104
vt 0.106778 0.541423
vt 0.105113 0.575195
vt 0.054351 0.431552
vt 0.168504 0.593667
vt 0.164040 0.638763
vt 0.239277 0.554460
vt 0.234201 0.587915
vt 0.316015 0.447512
vt 0.313141 0.453104
vt 0.094304 0.160716
vt 0.152481 0.165030
vt 0.209963 0.168109
vt 0.266961 0.176157
vt 0.324879 0.183128
vt 0.174820 0.142109
vt 0.194455 0.146394
vt 0.211910 0.148082
vt 0.229362 0.149787
vt 0.249454 0.149363
vt 0.175044 0.025007
vt 0.200374 0.027719
vt 0.223398 0.030093
vt 0.246392 0.032183
vt 0.271770 0.034400
vt 0.176526 0.019054
vt 0.221886 0.014468
vt 0.222958 0.025431
vt 0.267524 0.009867
vt 0.245778 0.023132
vt 0.036653 0.208109
vt 0.121160 0.214283
vt 0.106523 0.277602
vt 0.013551 0.270301
vt 0.204867 0.220550
vt 0.198582 0.285237
vt 0.288212 0.230521
vt 0.290382 0.295477
vt 0.372324 0.240735
vt 0.383017 0.306212
vt 0.101566 0.341657
vt 0.010021 0.334134
vt 0.192313 0.349784
vt 0.282911 0.359294
vt 0.374189 0.369532
vt 0.112637 0.407197
vt 0.038482 0.400887
vt 0.186077 0.414088
vt 0.259428 0.421493
vt 0.333399 0.429559
vt 0.051781 0.425104
vt 0.106778 0.541423
vt 0.105113 0.575195
vt 0.054351 0.431552
vt 0.168504 0.593667
vt 0.164040 0.638763
vt 0.239277 0.554460
vt 0.234201 0.587915
vt 0.316015 0.447512
vt 0.313141 0.453104
vt 0.094304 0.160716
vt 0.152481 0.165030
vt 0.209963 0.168109
vt 0.266961 0.176157
vt 0.324879 0.183128
vt 0.174820 0.142109
vt 0.194455 0.146394
vt 0.211910 0.148082
vt 0.229362 0.149787
vt 0.249454 0.149363
vt 0.175044 0.025007
vt 0.200374 0.027719
vt 0.223398 0.030093
vt 0.246392 0.032183
vt 0.271770 0.034400
vt 0.176526 0.019054
vt 0.221886 0.014468
vt 0.222958 0.025431
vt 0.267524 0.009867
vt 0.245778 0.023132
vt 0.635298 0.301216
vt 0.635124 0.232785
vt 0.687008 0.240717
vt 0.686789 0.316034
vt 0.635074 0.164992
vt 0.687551 0.166115
vt 0.638030 0.097265
vt 0.690208 0.091562
vt 0.641133 0.028906
vt 0.693212 0.016307
vt 0.738894 0.240808
vt 0.738410 0.314990
vt 0.739914 0.167233
vt 0.742056 0.093693
vt 0.744743 0.019562
vt 0.791001 0.227902
vt 0.790435 0.288005
vt 0.792079 0.168340
vt 0.793576 0.108817
vt 0.795568 0.048756
vt 0.809128 0.275820
vt 0.899453 0.224447
vt 0.926752 0.223732
vt 0.814164 0.273358
vt 0.937768 0.171557
vt 0.974357 0.172406
vt 0.901884 0.116949
vt 0.929136 0.119000
vt 0.811084 0.061663
vt 0.815763 0.063636
vt 0.593621 0.257674
vt 0.593552 0.210560
vt 0.592532 0.164081
vt 0.595543 0.117690
vt 0.597630 0.070622
vt 0.573734 0.193966
vt 0.575989 0.177892
vt 0.576285 0.163733
vt 0.576596 0.149574
vt 0.575031 0.133420
vt 0.479415 0.200916
vt 0.480056 0.180352
vt 0.480567 0.161666
vt 0.480850 0.143021
vt 0.481090 0.122449
vt 0.474531 0.200085
vt 0.468075 0.163835
vt 0.476839 0.162304
vt 0.461591 0.127362
vt 0.473598 0.144066
vt 0.000000 0.000000
vt 1.000000 0.000000
vt 1.000000 1.000000
vt 0.000000 1.000000
vt 0.000000 0.000000
vt 1.000000 0.000000
vt 1.000000 1.000000
vt 0.000000 1.000000
vt 0.000000 0.000000
vt 1.000000 0.000000
vt 1.000000 1.000000
vt 0.000000 1.000000
vt 0.000000 0.000000
vt 1.000000 0.000000
vt 1.000000 1.000000
vt 0.000000 1.000000
vt 0.000000 0.000000
vt 1.000000 0.000000
vt 1.000000 1.000000
vt 0.000000 1.000000
vt 0.000000 0.000000
vt 1.000000 0.000000
vt 1.000000 1.000000
vt 0.000000 1.000000
vt 0.000000 0.000000
vt 1.000000 0.000000
vt 1.000000 1.000000
vt 0.000000 1.000000
vt 0.000000 0.000000
vt 1.000000 0.000000
vt 1.000000 1.000000
vt 0.000000 1.000000
vt 0.000000 0.000000
vt 1.000000 0.000000
vt 1.000000 1.000000
vt 0.000000 1.000000
vt 0.000000 0.000000
vt 1.000000 0.000000
vt 1.000000 1.000000
vt 0.000000 1.000000
vt 0.000000 0.000000
vt 1.000000 0.000000
vt 1.000000 1.000000
vt 0.000000 1.000000
vt 0.000000 0.000000
vt 1.000000 0.000000
vt 1.000000 1.000000
vt 0.000000 1.000000
vt 0.000000 0.000000
vt 1.000000 0.000000
vt 1.000000 1.000000
vt 0.000000 1.000000
vt 0.000000 0.000000
vt 1.000000 0.000000
vt 1.000000 1.000000
vt 0.000000 1.000000
vt 0.000000 0.000000
vt 1.000000 0.000000
vt 1.000000 1.000000
vt 0.000000 1.000000
vt 0.000000 0.000000
vt 1.000000 0.000000
vt 1.000000 1.000000
vt 0.000000 1.000000
vt 0.000000 0.000000
vt 1.000000 0.000000
vt 1.000000 1.000000
vt 0.000000 1.000000
vt 0.000000 0.000000
vt 1.000000 0.000000
vt 1.000000 1.000000
vt 0.000000 1.000000
vt 0.000000 0.000000
vt 1.000000 0.000000
vt 1.000000 1.000000
vt 0.000000 1.000000
vt 0.000000 0.000000
vt 1.000000 0.000000
vt 1.000000 1.000000
vt 0.000000 1.000000
vt 0.000000 0.000000
vt 1.000000 0.000000
vt 1.000000 1.000000
vt 0.000000 1.000000
vt 0.000000 0.000000
vt 1.000000 0.000000
vt 1.000000 1.000000
vt 0.000000 1.000000
vt 0.000000 0.000000
vt 1.000000 0.000000
vt 1.000000 1.000000
vt 0.000000 1.000000
vt 0.000000 0.000000
vt 1.000000 0.000000
vt 1.000000 1.000000
vt 0.000000 1.000000
vt 0.000000 0.000000
vt 1.000000 0.000000
vt 1.000000 1.000000
vt 0.000000 1.000000
vt 0.000000 0.000000
vt 1.000000 0.000000
vt 1.000000 1.000000
vt 0.000000 1.000000
vt 0.000000 0.000000
vt 1.000000 0.000000
vt 1.000000 1.000000
vt 0.000000 1.000000
vt 0.000000 0.000000
vt 1.000000 0.000000
vt 1.000000 1.000000
vt 0.000000 1.000000
vt 0.000000 0.000000
vt 1.000000 0.000000
vt 1.000000 1.000000
vt 0.000000 1.000000
vt 0.000000 0.000000
vt 1.000000 0.000000
vt 1.000000 1.000000
vt 0.000000 1.000000
vt 0.000000 0.000000
vt 1.000000 0.000000
vt 1.000000 1.000000
vt 0.000000 1.000000
vt 0.000000 0.000000
vt 1.000000 0.000000
vt 1.000000 1.000000
vt 0.000000 1.000000
vt 0.000000 0.000000
vt 1.000000 0.000000
vt 1.000000 1.000000
vt 0.000000 1.000000
vt 0.000000 0.000000
vt 1.000000 0.000000
vt 1.000000 1.000000
vt 0.000000 1.000000
vt 0.000000 0.000000
vt 1.000000 0.000000
vt 1.000000 1.000000
vt 0.000000 1.000000
vt 0.000000 0.000000
vt 1.000000 0.000000
vt 1.000000 1.000000
vt 0.000000 1.000000
vt 0.000000 0.000000
vt 1.000000 0.000000
vt 1.000000 1.000000
vt 0.000000 1.000000
vt 0.000000 0.000000
vt 1.000000 0.000000
vt 1.000000 1.000000
vt 0.000000 1.000000
vt 0.000000 0.000000
vt 1.000000 0.000000
vt 1.000000 1.000000
vt 0.000000 1.000000
vt 0.000000 0.000000
vt 1.000000 0.000000
vt 1.000000 1.000000
vt 0.000000 1.000000
vt 0.000000 0.000000
vt 1.000000 0.000000
vt 1.000000 1.000000
vt 0.000000 1.000000
vt 0.000000 0.000000
vt 1.000000 0.000000
vt 1.000000 1.000000
vt 0.000000 1.000000
vt 0.000000 0.000000
vt 1.000000 0.000000
vt 1.000000 1.000000
vt 0.000000 1.000000
vt 0.000000 0.000000
vt 1.000000 0.000000
vt 1.000000 1.000000
vt 0.000000 1.000000
vt 0.000000 0.000000
vt 1.000000 0.000000
vt 1.000000 1.000000
vt 0.000000 1.000000
vt 0.000000 0.000000
vt 1.000000 0.000000
vt 1.000000 1.000000
vt 0.000000 1.000000
vt 0.000000 0.000000
vt 1.000000 0.000000
vt 1.000000 1.000000
vt 0.000000 1.000000
vt 0.000000 0.000000
vt 1.000000 0.000000
vt 1.000000 1.000000
vt 0.000000 1.000000
vt 0.000000 0.000000
vt 1.000000 0.000000
vt 1.000000 1.000000
vt 0.000000 1.000000
vt 0.000000 0.000000
vt 1.000000 0.000000
vt 1.000000 1.000000
vt 0.000000 1.000000
vt 0.000000 0.000000
vt 1.000000 0.000000
vt 1.000000 1.000000
vt 0.000000 1.000000
vt 0.000000 0.000000
vt 1.000000 0.000000
vt 1.000000 1.000000
vt 0.000000 1.000000
vt 0.000000 0.000000
vt 1.000000 0.000000
vt 1.000000 1.000000
vt 0.000000 1.000000
vt 0.000000 0.000000
vt 1.000000 0.000000
vt 1.000000 1.000000
vt 0.000000 1.000000
vn -0.000000 1.000000 -0.000000
vn 0.000000 1.000000 -0.000000
vn -0.012974 0.999832 0.012974
vn -0.000000 1.000000 -0.000000
vn -0.015793 0.999821 0.010450
vn -0.054478 0.996445 0.064258
vn -0.023149 0.999203 0.032514
vn -0.091202 0.980140 0.176092
vn -0.029388 0.986930 0.158448
vn -0.091977 0.933079 0.347713
vn -0.009728 0.986025 0.166311
vn -0.008385 0.917894 0.396738
vn 0.023276 0.995850 0.087988
vn 0.092092 0.937753 0.334872
vn 0.035105 0.997500 0.061325
vn 0.125221 0.965765 0.227196
vn 0.022431 0.999497 0.022431
vn 0.080360 0.991715 0.100221
vn 0.000000 1.000000 0.000000
vn 0.020512 0.999579 0.020512
vn 0.000000 1.000000 0.000000
vn 0.000000 1.000000 -0.000000
vn -0.091242 0.993449 0.068807
vn -0.016956 0.999820 0.008558
vn -0.225180 0.947939 0.225180
vn -0.273373 0.873364 0.403117
vn -0.181733 0.828859 0.529118
vn -0.067658 0.779257 0.623042
vn 0.126364 0.749657 0.649651
vn 0.338882 0.825631 0.451102
vn 0.225180 0.947939 0.225180
vn 0.088419 0.993551 0.070989
vn 0.009200 0.999915 0.009200
vn -0.225488 0.966371 0.123618
vn -0.106590 0.992212 0.064456
vn -0.403117 0.873364 0.273373
vn -0.417119 0.807480 0.417119
vn -0.269448 0.804516 0.529294
vn -0.108771 0.814736 0.569538
vn 0.330270 0.802274 0.497272
vn 0.578938 0.725794 0.371557
vn 0.403117 0.873364 0.273373
vn 0.215512 0.969250 0.118781
vn 0.031836 0.999038 0.030156
vn -0.357648 0.928315 0.101587
vn -0.132718 0.990506 0.035827
vn -0.549756 0.808233 0.211017
vn -0.529294 0.781705 0.329827
vn -0.312005 0.864000 0.395167
vn -0.054105 0.935477 0.349221
vn 0.309183 0.919228 0.243775
vn 0.618196 0.772586 0.144723
vn 0.529117 0.828859 0.181734
vn 0.330224 0.938793 0.098081
vn 0.103324 0.993500 0.047766
vn -0.381998 0.924163 0.000000
vn -0.105801 0.994387 0.000000
vn -0.622946 0.782265 0.000000
vn -0.555796 0.831319 0.000000
vn -0.364884 0.930264 0.038322
vn 0.000000 0.997192 0.074888
vn 0.427698 0.903126 0.037923
vn 0.577344 0.816501 0.000000
vn 0.575317 0.817931 0.000000
vn 0.358468 0.933474 0.011288
vn 0.156037 0.987501 0.022224
vn -0.455822 0.890026 0.008908
vn -0.127565 0.991249 -0.033956
vn -0.552039 0.832647 -0.044185
vn -0.483853 0.832056 -0.271236
vn -0.371111 0.839528 -0.396825
vn -0.000000 0.927582 -0.373620
vn 0.402610 0.846131 -0.349240
vn 0.526107 0.811705 -0.253666
vn 0.536888 0.824375 -0.179324
vn 0.275007 0.957975 -0.081577
vn 0.066961 0.997729 -0.007263
vn -0.418349 0.904775 -0.079796
vn -0.106288 0.992190 -0.065285
vn -0.385882 0.873428 -0.297016
vn -0.264687 0.869566 -0.416888
vn -0.292236 0.785259 -0.545863
vn 0.000000 0.783917 -0.620865
vn 0.272904 0.796057 -0.540200
vn 0.395186 0.807007 -0.438826
vn 0.435179 0.858551 -0.271127
vn 0.171624 0.980046 -0.100272
vn 0.036034 0.999060 -0.024107
vn -0.179030 0.970715 -0.160192
vn -0.011461 0.999919 -0.005508
vn -0.192122 0.888521 -0.416677
vn -0.155909 0.850685 -0.502024
vn -0.181733 0.828859 -0.529117
vn 0.000000 0.817931 -0.575317
vn 0.146907 0.823060 -0.548626
vn 0.264103 0.866362 -0.423872
vn 0.233746 0.943783 -0.233746
vn 0.064177 0.995919 -0.063463
vn -0.005638 0.999904 -0.012654
vn -0.017663 0.999688 -0.017663
vn 0.000000 1.000000 -0.000000
vn -0.069975 0.993136 -0.093724
vn -0.125084 0.965325 -0.229132
vn -0.103316 0.926680 -0.361372
vn 0.000000 0.924163 -0.381998
vn 0.084746 0.944726 -0.316718
vn 0.110781 0.972661 -0.204103
vn 0.069670 0.994191 -0.082045
vn 0.009084 0.999822 -0.016517
vn -0.004981 0.999977 -0.004521
vn -0.000000 1.000000 -0.000000
vn 0.000000 1.000000 -0.000000
vn -0.006984 0.999848 -0.016006
vn -0.070566 0.990890 -0.114703
vn -0.030819 0.992874 -0.115118
vn 0.000000 0.996843 -0.079399
vn 0.015635 0.997747 -0.065236
vn 0.027313 0.998720 -0.042580
vn 0.018242 0.999786 -0.009784
vn -0.000000 1.000000 -0.000000
vn -0.000000 1.000000 -0.000000
vn 0.000000 1.000000 0.000000
vn 0.000000 1.000000 0.000000
vn 0.000000 1.000000 0.000000
vn 0.000000 1.000000 -0.000000
vn 0.000000 1.000000 0.000000
vn -0.013403 0.999730 0.018991
vn -0.021574 0.999300 0.030570
vn 0.002597 0.999905 0.013517
vn 0.001761 0.999956 0.009169
vn -0.000000 1.000000 0.000000
vn -0.000000 1.000000 0.000000
vn 0.000000 1.000000 0.000000
vn -0.000000 1.000000 0.000000
vn 0.000000 1.000000 0.000000
vn 0.000000 1.000000 -0.000000
vn 0.000000 1.000000 -0.000000
vn 0.000000 1.000000 0.000000
vn 0.000000 1.000000 0.000000
vn 0.000000 1.000000 0.000000
vn 0.000000 1.000000 0.000000
vn -0.000000 1.000000 0.000000
vn -0.000000 1.000000 0.000000
vn 0.000000 1.000000 0.000000
vn 0.000000 1.000000 0.000000
vn -0.228927 0.970969 -0.069367
vn -0.200055 0.977359 -0.068894
vn -0.184506 0.976786 -0.108846
vn -0.216894 0.970241 -0.107659
vn -0.109923 0.989028 -0.098694
vn -0.109147 0.987996 -0.109319
vn -0.023821 0.998031 -0.058031
vn -0.033862 0.994455 -0.099561
vn 0.005585 0.998476 -0.054912
vn -0.001226 0.995537 -0.094365
vn -0.186228 0.973851 -0.130128
vn -0.217036 0.966614 -0.136206
vn -0.108846 0.987570 -0.113397
vn -0.028944 0.992299 -0.120433
vn 0.003206 0.992447 -0.122630
vn -0.189052 0.966471 -0.173763
vn -0.224132 0.958046 -0.178641
vn -0.104915 0.980814 -0.164305
vn -0.018618 0.986358 -0.163560
vn 0.018129 0.986390 -0.163423
vn -0.229481 0.950058 -0.211491
vn -0.199257 0.958432 -0.204218
vn -0.256847 0.934143 -0.247803
vn -0.324757 0.904271 -0.277177
vn -0.101517 0.973409 -0.205352
vn -0.098544 0.965925 -0.239330
vn -0.002307 0.981290 -0.192524
vn 0.063569 0.971522 -0.228264
vn 0.033503 0.979591 -0.198191
vn 0.160323 0.954257 -0.252369
vn -0.263435 0.963817 0.040729
vn -0.233416 0.969837 0.070232
vn -0.112383 0.991620 -0.063716
vn -0.006734 0.996426 0.084205
vn 0.027214 0.997908 0.058645
vn -0.525511 0.842996 0.114875
vn -0.421075 0.904886 -0.062271
vn -0.111552 0.990867 -0.075756
vn 0.205477 0.978376 -0.023650
vn 0.299114 0.939719 0.165705
vn -0.574008 0.802939 -0.160635
vn -0.468436 0.871564 -0.144721
vn -0.108971 0.987750 -0.111695
vn 0.268875 0.958046 -0.099273
vn 0.388551 0.915842 -0.101303
vn -0.072542 0.096833 0.992654
vn -0.072542 0.096833 0.992654
vn -0.072545 0.096831 0.992653
vn -0.072545 0.096831 0.992653
vn -0.072548 0.096829 0.992654
vn -0.072548 0.096829 0.992653
vn -0.071644 0.088649 0.993483
vn -0.071644 0.088649 0.993483
vn -0.071644 0.088649 0.993483
vn -0.071644 0.088649 0.993483
vn -0.535170 0.679286 0.502159
vn -0.518859 0.700634 0.489793
vn -0.507600 0.708319 0.490537
vn -0.524317 0.686664 0.503572
vn -0.486604 0.763236 0.425073
vn -0.460855 0.758247 0.461167
vn -0.407323 0.815102 0.411944
vn -0.403091 0.802944 0.439088
vn -0.386750 0.831607 0.398565
vn -0.367677 0.820487 0.437739
vn -0.659182 0.704989 0.261666
vn -0.670331 0.678786 0.299844
vn -0.609210 0.759483 0.228143
vn -0.565064 0.805822 0.177066
vn -0.524188 0.827328 0.201882
vn -0.773136 0.633761 0.024644
vn -0.785721 0.616027 0.056147
vn -0.725100 0.688362 -0.019710
vn -0.672594 0.737010 -0.066593
vn -0.647631 0.756643 -0.089814
vn -0.814381 0.580074 -0.017276
vn -0.792547 0.609268 -0.025736
vn -0.836740 0.546431 -0.035764
vn -0.843191 0.536779 -0.029960
vn -0.739164 0.669358 -0.074810
vn -0.747265 0.656011 -0.106043
vn -0.671246 0.732565 -0.113036
vn -0.636178 0.750861 -0.177441
vn -0.648434 0.749030 -0.135969
vn -0.570740 0.782888 -0.247675
vn -0.478460 0.644298 0.596621
vn -0.441257 0.663392 0.604320
vn -0.464932 0.760880 0.452659
vn -0.297792 0.810627 0.504186
vn -0.294511 0.833082 0.468229
vn -0.550210 0.391715 0.737447
vn -0.628338 0.516874 0.581406
vn -0.472452 0.761796 0.443233
vn -0.231800 0.923833 0.304634
vn -0.028312 0.927328 0.373178
vn -0.756862 0.356182 0.547991
vn -0.703403 0.470305 0.532951
vn -0.494525 0.763873 0.414660
vn -0.236768 0.949203 0.207254
vn -0.147669 0.981385 0.122791
vn 0.605111 -0.049197 0.794619
vn 0.605111 -0.049197 0.794619
vn 0.605112 -0.049196 0.794619
vn 0.605112 -0.049196 0.794619
vn 0.605113 -0.049195 0.794618
vn 0.605113 -0.049195 0.794618
vn 0.609139 -0.055511 0.791119
vn 0.609139 -0.055511 0.791119
vn 0.609139 -0.055511 0.791119
vn 0.609139 -0.055511 0.791119
vn -0.284905 0.778712 0.558960
vn -0.258511 0.778237 0.572293
vn -0.230802 0.802446 0.550282
vn -0.261030 0.802257 0.536886
vn -0.165127 0.792098 0.587635
vn -0.160834 0.798457 0.580172
vn -0.098260 0.756806 0.646212
vn -0.093821 0.784127 0.613468
vn -0.071662 0.750193 0.657324
vn -0.064922 0.776030 0.627346
vn -0.225204 0.815099 0.533758
vn -0.251511 0.819096 0.515581
vn -0.159181 0.800875 0.577288
vn -0.082184 0.795971 0.599730
vn -0.051243 0.792313 0.607959
vn -0.212928 0.839951 0.499143
vn -0.243533 0.842982 0.479660
vn -0.138241 0.830013 0.540340
vn -0.057843 0.819356 0.570359
vn -0.023330 0.813275 0.581411
vn -0.237093 0.860480 0.450955
vn -0.211832 0.856578 0.470533
vn -0.249477 0.878266 0.407933
vn -0.300941 0.887984 0.347733
vn -0.120954 0.852071 0.509260
vn -0.106366 0.869335 0.482642
vn -0.032575 0.832757 0.552680
vn 0.041969 0.839300 0.542047
vn 0.003115 0.829539 0.558440
vn 0.142478 0.827521 0.543056
vn -0.352587 0.704392 0.616047
vn -0.334545 0.683729 0.648533
vn -0.179094 0.770572 0.611673
vn -0.128421 0.656162 0.743612
vn -0.088299 0.669047 0.737956
vn -0.611787 0.610476 0.503026
vn -0.461668 0.758073 0.460639
vn -0.174314 0.778084 0.603490
vn 0.108061 0.681879 0.723439
vn 0.138052 0.510193 0.848908
vn -0.563750 0.777082 0.279876
vn -0.476161 0.798053 0.369299
vn -0.159869 0.799867 0.578493
vn 0.194283 0.708391 0.678555
vn 0.311514 0.660027 0.683611
vn -0.401146 -0.593788 0.697494
vn -0.401146 -0.593788 0.697494
vn -0.401146 -0.593788 0.697493
vn -0.401146 -0.593789 0.697493
vn -0.401146 -0.593789 0.697493
vn -0.401146 -0.593789 0.697493
vn -0.399787 -0.600334 0.692653
vn -0.399787 -0.600334 0.692653
vn -0.399787 -0.600334 0.692653
vn -0.399787 -0.600334 0.692653
vn 0.140485 0.986768 0.080955
vn 0.120393 0.990932 0.059657
vn 0.081304 0.993706 0.077054
vn 0.105063 0.989460 0.099653
vn 0.035543 0.999235 0.016302
vn 0.027521 0.999348 0.023386
vn 0.002850 0.997287 -0.073562
vn -0.019170 0.999138 -0.036820
vn -0.015927 0.995223 -0.096317
vn -0.038780 0.997236 -0.063373
vn 0.067550 0.993312 0.093641
vn 0.085074 0.989079 0.120351
vn 0.024439 0.999361 0.026106
vn -0.037354 0.998983 -0.025253
vn -0.061820 0.997021 -0.046133
vn 0.038805 0.991100 0.127336
vn 0.060186 0.985869 0.156335
vn -0.014200 0.998089 0.060137
vn -0.075084 0.997176 -0.001270
vn -0.101196 0.994501 -0.026986
vn 0.040782 0.982030 0.184268
vn 0.024540 0.987298 0.156972
vn 0.034445 0.972337 0.231029
vn 0.061516 0.951005 0.302992
vn -0.045570 0.995106 0.087674
vn -0.071687 0.991283 0.110535
vn -0.107138 0.994208 0.008442
vn -0.179416 0.983712 -0.011002
vn -0.136694 0.990537 -0.012302
vn -0.265773 0.962217 -0.059187
vn 0.242020 0.969857 0.028344
vn 0.241432 0.970314 -0.014168
vn 0.061866 0.998060 -0.006980
vn 0.090241 0.978488 -0.185521
vn 0.048166 0.980337 -0.191363
vn 0.477669 0.861009 0.174631
vn 0.280752 0.934562 0.218571
vn 0.052820 0.998604 0.001028
vn -0.137140 0.957153 -0.255050
vn -0.072331 0.890742 -0.448717
vn 0.318229 0.855774 0.407899
vn 0.255898 0.914260 0.314078
vn 0.025725 0.999357 0.024970
vn -0.235865 0.940845 -0.243267
vn -0.323768 0.890481 -0.319717
vn 0.749569 -0.010087 -0.661849
vn 0.749569 -0.010087 -0.661849
vn 0.749569 -0.010086 -0.661849
vn 0.749569 -0.010086 -0.661849
vn 0.749569 -0.010085 -0.661849
vn 0.749569 -0.010085 -0.661849
vn 0.749284 -0.018355 -0.661995
vn 0.749284 -0.018355 -0.661995
vn 0.749284 -0.018355 -0.661995
vn 0.749284 -0.018355 -0.661995
vn 0.100528 0.993492 -0.053548
vn 0.075714 0.996416 -0.037725
vn 0.085187 0.996357 0.004091
vn 0.111989 0.993595 -0.015074
vn 0.016684 0.999158 0.037481
vn 0.022077 0.998664 0.046713
vn -0.077799 0.995616 0.051924
vn -0.046034 0.995673 0.080722
vn -0.103749 0.992428 0.065747
vn -0.075873 0.992617 0.094635
vn 0.098796 0.994892 0.020738
vn 0.128421 0.991684 0.008472
vn 0.024148 0.998444 0.050257
vn -0.038211 0.994178 0.100748
vn -0.063425 0.990684 0.120508
vn 0.126293 0.990454 0.055245
vn 0.158917 0.986498 0.039579
vn 0.050052 0.994259 0.094576
vn -0.021986 0.989595 0.142193
vn -0.052258 0.985311 0.162578
vn 0.182583 0.981124 0.063716
vn 0.152625 0.985458 0.074685
vn 0.227288 0.970674 0.078310
vn 0.303264 0.950736 0.064288
vn 0.071003 0.988915 0.130405
vn 0.088392 0.983131 0.160129
vn -0.018653 0.984349 0.175238
vn -0.051674 0.969030 0.241475
vn -0.044710 0.978798 0.199888
vn -0.115547 0.941979 0.315156
vn 0.068703 0.984019 -0.164275
vn 0.026881 0.984746 -0.171907
vn -0.001046 0.999974 0.007128
vn -0.170576 0.983718 -0.056595
vn -0.184474 0.982700 -0.016424
vn 0.258566 0.890631 -0.374059
vn 0.263044 0.950088 -0.167753
vn 0.005052 0.999833 0.017570
vn -0.282728 0.947245 0.150970
vn -0.459743 0.886890 0.045423
vn 0.456531 0.872689 -0.173186
vn 0.352046 0.927418 -0.126326
vn 0.023284 0.998538 0.048778
vn -0.290204 0.924073 0.248739
vn -0.381929 0.868322 0.316462
vn -0.503926 0.046546 -0.862492
vn -0.503926 0.046546 -0.862492
vn -0.503926 0.046546 -0.862492
vn -0.503926 0.046546 -0.862492
vn -0.503926 0.046547 -0.862492
vn -0.503926 0.046547 -0.862492
vn -0.504069 0.038293 -0.862814
vn -0.504069 0.038293 -0.862814
vn -0.504069 0.038293 -0.862814
vn -0.504069 0.038293 -0.862814
vn -0.091549 0.995754 -0.009611
vn -0.071319 0.997383 0.011900
vn -0.032106 0.999470 -0.005312
vn -0.056000 0.998035 -0.028122
vn 0.013748 0.998358 0.055611
vn 0.021781 0.998584 0.048542
vn 0.046123 0.988348 0.145053
vn 0.068283 0.991748 0.108505
vn 0.064730 0.983732 0.167573
vn 0.087721 0.986979 0.134824
vn -0.018354 0.999592 -0.021905
vn -0.036011 0.998158 -0.048824
vn 0.024866 0.998640 0.045825
vn 0.086461 0.991529 0.096930
vn 0.110758 0.986868 0.117578
vn 0.010315 0.998393 -0.055716
vn -0.011239 0.996319 -0.084982
vn 0.063464 0.997915 0.011732
vn 0.124104 0.989593 0.072822
vn 0.150000 0.983793 0.098239
vn 0.008009 0.993546 -0.113149
vn 0.024436 0.996033 -0.085570
vn 0.013957 0.986938 -0.160495
vn -0.013987 0.972192 -0.233767
vn 0.094705 0.995377 -0.015996
vn 0.120648 0.991925 -0.039113
vn 0.155992 0.985755 0.062873
vn 0.227626 0.970340 0.081403
vn 0.185290 0.979151 0.083255
vn 0.312715 0.941212 0.127785
vn -0.193900 0.980130 0.041802
vn -0.193376 0.977502 0.084236
vn -0.012648 0.996811 0.078788
vn -0.042315 0.965882 0.255504
vn -0.000212 0.965231 0.261400
vn -0.434327 0.893819 -0.111573
vn -0.233936 0.960547 -0.150410
vn -0.003570 0.997482 0.070827
vn 0.183598 0.928428 0.322976
vn 0.115204 0.851546 0.511466
vn -0.274865 0.897510 -0.344854
vn -0.209919 0.945961 -0.247167
vn 0.023578 0.998619 0.046959
vn 0.281424 0.908164 0.309901
vn 0.366585 0.848166 0.382400
vn -0.750498 -0.020673 0.660549
vn -0.750498 -0.020673 0.660549
vn -0.750498 -0.020673 0.660549
vn -0.750498 -0.020673 0.660549
vn -0.750498 -0.020673 0.660549
vn -0.750498 -0.020673 0.660549
vn -0.750623 -0.028926 0.660098
vn -0.750622 -0.028926 0.660098
vn -0.750623 -0.028926 0.660098
vn -0.750622 -0.028926 0.660098
vn 0.098585 0.993350 -0.059476
vn 0.080699 0.996085 -0.036082
vn 0.103819 0.994596 -0.000004
vn 0.122441 0.992103 -0.027212
vn 0.050827 0.997204 0.054772
vn 0.059025 0.996354 0.061601
vn -0.033173 0.994392 0.100425
vn 0.006482 0.993148 0.116680
vn -0.052944 0.991096 0.122172
vn -0.016911 0.990030 0.139838
vn 0.122240 0.992440 0.010973
vn 0.145852 0.989248 -0.010723
vn 0.062172 0.995997 0.064221
vn 0.020611 0.990928 0.132801
vn 0.003544 0.987132 0.159871
vn 0.159723 0.986579 0.033933
vn 0.184982 0.982709 0.008002
vn 0.101497 0.990100 0.096954
vn 0.049851 0.984845 0.166117
vn 0.028223 0.980302 0.195476
vn 0.215317 0.976285 0.022496
vn 0.190976 0.980647 0.043115
vn 0.262074 0.964825 0.020730
vn 0.328297 0.944387 -0.018821
vn 0.133256 0.983374 0.123363
vn 0.159579 0.976443 0.145236
vn 0.064100 0.978525 0.195910
vn 0.055229 0.961549 0.269024
vn 0.047857 0.972529 0.227810
vn 0.019616 0.933001 0.359339
vn 0.030811 0.987753 -0.152956
vn -0.011088 0.989241 -0.145872
vn 0.023858 0.999193 0.032300
vn -0.157557 0.987063 0.029710
vn -0.156991 0.984959 0.072173
vn 0.135909 0.898626 -0.417132
vn 0.211584 0.951522 -0.223243
vn 0.033138 0.998649 0.040034
vn -0.193260 0.945501 0.262067
vn -0.396917 0.890702 0.221600
vn 0.389914 0.871922 -0.296176
vn 0.308836 0.926455 -0.215178
vn 0.060858 0.996148 0.063128
vn -0.167573 0.919369 0.355922
vn -0.232039 0.862671 0.449396
vn -0.765930 0.079867 -0.637944
vn -0.765930 0.079867 -0.637944
vn -0.765930 0.079872 -0.637943
vn -0.765930 0.079872 -0.637943
vn -0.765930 0.079876 -0.637943
vn -0.765930 0.079876 -0.637943
vn -0.766360 0.071639 -0.638404
vn -0.766360 0.071639 -0.638404
vn -0.766360 0.071639 -0.638404
vn -0.766360 0.071639 -0.638404
vn -0.365465 0.787163 -0.496800
vn -0.339765 0.801185 -0.492609
vn -0.312825 0.791785 -0.524611
vn -0.342295 0.777187 -0.528029
vn -0.248428 0.827126 -0.504129
vn -0.244247 0.822891 -0.513025
vn -0.182086 0.872905 -0.452639
vn -0.178043 0.853091 -0.490446
vn -0.155644 0.882600 -0.443613
vn -0.149335 0.864955 -0.479116
vn -0.307358 0.781600 -0.542801
vn -0.332990 0.764413 -0.552078
vn -0.242634 0.821239 -0.516425
vn -0.166634 0.845608 -0.507129
vn -0.135938 0.854043 -0.502128
vn -0.295243 0.759688 -0.579401
vn -0.325027 0.740629 -0.588070
vn -0.222078 0.799375 -0.558284
vn -0.142643 0.828854 -0.540976
vn -0.108348 0.839249 -0.532843
vn -0.318487 0.721037 -0.615364
vn -0.293970 0.739481 -0.605599
vn -0.330044 0.686974 -0.647408
vn -0.379147 0.631256 -0.676583
vn -0.204940 0.780047 -0.591208
vn -0.190364 0.762872 -0.617890
vn -0.117576 0.819264 -0.561232
vn -0.043261 0.817117 -0.574847
vn -0.082061 0.825913 -0.557794
vn 0.057659 0.820749 -0.568372
vn -0.430352 0.807543 -0.403325
vn -0.412455 0.831182 -0.372850
vn -0.261963 0.840371 -0.474503
vn -0.209639 0.923433 -0.321440
vn -0.170305 0.925826 -0.337407
vn -0.676606 0.649709 -0.346528
vn -0.535462 0.676030 -0.506225
vn -0.257344 0.835932 -0.484759
vn 0.025121 0.931012 -0.364124
vn 0.061195 0.985299 -0.159506
vn -0.629942 0.508636 -0.586909
vn -0.548397 0.605372 -0.576876
vn -0.243308 0.821930 -0.515007
vn 0.111282 0.905427 -0.409656
vn 0.231270 0.900359 -0.368603
vn -0.390774 0.396054 0.830925
vn -0.390773 0.396054 0.830926
vn -0.390775 0.396054 0.830925
vn -0.390775 0.396054 0.830925
vn -0.390776 0.396054 0.830924
vn -0.390776 0.396054 0.830924
vn -0.388725 0.389226 0.835103
vn -0.388725 0.389226 0.835103
vn -0.388725 0.389226 0.835102
vn -0.388725 0.389226 0.835102
vn -0.245256 0.929995 -0.273786
vn -0.222498 0.940205 -0.257896
vn -0.185907 0.941063 -0.282559
vn -0.213713 0.930136 -0.298618
vn -0.132979 0.963259 -0.233342
vn -0.124889 0.961884 -0.243274
vn -0.086260 0.984511 -0.152634
vn -0.070586 0.978571 -0.193432
vn -0.063965 0.988953 -0.133716
vn -0.046991 0.984357 -0.169805
vn -0.134015 0.934561 -0.329600
vn -0.170345 0.926850 -0.334561
vn -0.079089 0.951164 -0.298384
vn -0.035290 0.967123 -0.251850
vn -0.020989 0.975775 -0.217765
vn 0.036155 0.883502 -0.467030
vn -0.042799 0.905982 -0.421147
vn 0.075166 0.880089 -0.468821
vn 0.082001 0.898867 -0.430481
vn 0.044352 0.936251 -0.348521
vn 0.121457 0.854162 -0.505624
vn 0.107316 0.846340 -0.521720
vn 0.033630 0.883843 -0.466572
vn 0.168599 0.877145 -0.449657
vn 0.102813 0.862883 -0.494835
vn 0.052509 0.894194 -0.444589
vn 0.132144 0.855839 -0.500078
vn 0.080952 0.900697 -0.426839
vn 0.120795 0.850139 -0.512516
vn 0.055845 0.833124 -0.550259
vn -0.334951 0.920440 -0.201491
vn -0.327597 0.931005 -0.160968
vn -0.154992 0.966182 -0.206082
vn -0.152360 0.987994 -0.025575
vn -0.110264 0.993511 -0.027891
vn -0.579525 0.767068 -0.275240
vn -0.400143 0.838914 -0.368929
vn -0.147441 0.965312 -0.215487
vn 0.084215 0.996434 0.005297
vn 0.057954 0.974385 0.217291
vn -0.459806 0.715491 -0.525976
vn -0.389108 0.797940 -0.460311
vn -0.124735 0.961866 -0.243425
vn 0.180871 0.983305 -0.019932
vn 0.284302 0.957485 0.048939
vn -0.629262 0.105646 0.769980
vn -0.629262 0.105646 0.769980
vn -0.629262 0.105646 0.769980
vn -0.629262 0.105646 0.769980
vn -0.629262 0.105646 0.769980
vn -0.629262 0.105646 0.769980
vn -0.628170 0.097682 0.771920
vn -0.628170 0.097682 0.771920
vn -0.628170 0.097682 0.771920
vn -0.628170 0.097682 0.771920
vn -0.162035 0.946099 -0.280430
vn -0.171301 0.952178 -0.253010
vn -0.137895 0.963677 -0.228718
vn -0.129271 0.956938 -0.259919
vn -0.168865 0.972631 -0.159608
vn -0.158914 0.974835 -0.156341
vn -0.229933 0.969393 -0.086067
vn -0.188012 0.978393 -0.086017
vn -0.240055 0.969008 -0.058281
vn -0.201022 0.978006 -0.055622
vn -0.138616 0.964971 -0.222749
vn -0.134645 0.960310 -0.244284
vn -0.155087 0.975653 -0.155081
vn -0.169247 0.982616 -0.076295
vn -0.175022 0.983553 -0.044606
vn -0.016518 0.992344 -0.122398
vn -0.043746 0.996882 -0.065677
vn 0.013850 0.986581 -0.162682
vn -0.062593 0.990349 -0.123658
vn -0.139096 0.990071 -0.020312
vn 0.005069 0.999917 0.011849
vn 0.140560 0.987954 -0.064735
vn 0.575697 0.817467 -0.017898
vn 0.634450 0.771575 -0.046317
vn 0.203773 0.966375 -0.156834
vn 0.505156 0.844724 -0.176803
vn 0.071509 0.979078 -0.190507
vn 0.409733 0.867214 -0.282947
vn -0.108642 0.994076 0.003097
vn -0.081762 0.986697 0.140511
vn -0.253576 0.906115 -0.338607
vn -0.289895 0.903140 -0.316699
vn -0.201413 0.964604 -0.170212
vn -0.365310 0.925284 -0.101969
vn -0.350273 0.934508 -0.063282
vn -0.223882 0.767502 -0.600681
vn -0.103020 0.880108 -0.463461
vn -0.190246 0.967499 -0.166588
vn -0.311469 0.941314 0.130057
vn -0.498229 0.848057 0.180467
vn 0.054581 0.811697 -0.581524
vn -0.005563 0.872842 -0.487972
vn -0.156684 0.975314 -0.155607
vn -0.250860 0.944867 0.210464
vn -0.265655 0.905726 0.330285
vn -0.929782 -0.205596 -0.305346
vn -0.929782 -0.205596 -0.305346
vn -0.929782 -0.205595 -0.305346
vn -0.929782 -0.205595 -0.305346
vn -0.929782 -0.205594 -0.305347
vn -0.929782 -0.205594 -0.305347
vn -0.928398 -0.213646 -0.304028
vn -0.928398 -0.213646 -0.304028
vn -0.928398 -0.213646 -0.304028
vn -0.928398 -0.213646 -0.304028
vn 0.335201 0.940964 0.047197
vn 0.332820 0.942644 0.025557
vn 0.327319 0.944899 0.005334
vn 0.313754 0.949068 0.028796
vn 0.242212 0.969256 0.043311
vn 0.259369 0.965778 -0.000734
vn 0.026220 0.997965 0.058122
vn 0.070719 0.995294 0.066241
vn -0.052441 0.995404 0.080131
vn -0.019030 0.994339 0.104538
vn 0.290000 0.953677 -0.080007
vn 0.279359 0.959119 -0.045262
vn 0.236037 0.969413 -0.067272
vn 0.077278 0.995137 0.061075
vn -0.001021 0.992333 0.123591
vn 0.243688 0.960445 -0.134762
vn 0.262665 0.955673 -0.133032
vn 0.175732 0.983009 -0.053028
vn 0.083698 0.994013 0.070229
vn 0.015714 0.988073 0.153182
vn 0.264363 0.946118 -0.187011
vn 0.240508 0.963529 -0.117336
vn 0.273572 0.961710 -0.016499
vn 0.474634 0.849752 -0.229443
vn 0.152299 0.988063 0.023158
vn 0.136913 0.982882 0.123279
vn 0.078135 0.992049 0.098661
vn 0.006837 0.968328 0.249589
vn 0.024747 0.983912 0.176930
vn -0.051900 0.943224 0.328078
vn 0.304997 0.951107 -0.048714
vn 0.251473 0.961503 -0.110786
vn 0.192509 0.980570 0.037715
vn -0.080824 0.996174 -0.033234
vn -0.143443 0.989650 0.004001
vn 0.342975 0.867858 -0.359432
vn 0.353760 0.920651 -0.165094
vn 0.093240 0.995196 0.029841
vn -0.210102 0.960368 0.183167
vn -0.414058 0.906593 0.081512
vn 0.517476 0.833746 -0.192578
vn 0.418153 0.897015 -0.143221
vn 0.097281 0.994033 0.049343
vn -0.219286 0.936490 0.273680
vn -0.313024 0.883429 0.348667
vn -0.569746 0.073390 -0.818537
vn -0.569746 0.073390 -0.818537
vn -0.569745 0.073389 -0.818538
vn -0.569745 0.073389 -0.818538
vn -0.569745 0.073388 -0.818538
vn -0.569745 0.073388 -0.818538
vn -0.570251 0.065143 -0.818884
vn -0.570251 0.065143 -0.818884
vn -0.570251 0.065143 -0.818884
vn -0.570251 0.065143 -0.818884
vn -0.196449 0.889376 0.412818
vn -0.207934 0.898300 0.387067
vn -0.249593 0.888262 0.385610
vn -0.235294 0.879318 0.414049
vn -0.270231 0.909674 0.315388
vn -0.279893 0.905851 0.317954
vn -0.266730 0.937399 0.223916
vn -0.299850 0.921683 0.246149
vn -0.274687 0.941405 0.195715
vn -0.307245 0.927166 0.214392
vn -0.267562 0.879470 0.393628
vn -0.260255 0.868023 0.422851
vn -0.283595 0.904355 0.318929
vn -0.320035 0.914365 0.248020
vn -0.333732 0.916886 0.218960
vn -0.304359 0.860205 0.409162
vn -0.294149 0.847553 0.441736
vn -0.329563 0.884324 0.330694
vn -0.361470 0.897835 0.251461
vn -0.374698 0.901310 0.217354
vn -0.320137 0.830421 0.455975
vn -0.326405 0.843231 0.427108
vn -0.339490 0.802714 0.490303
vn -0.334724 0.759785 0.557393
vn -0.366274 0.866319 0.339609
vn -0.396417 0.850133 0.346593
vn -0.392460 0.886571 0.244882
vn -0.446534 0.873548 0.193706
vn -0.410213 0.886713 0.213224
vn -0.499618 0.859395 0.108727
vn -0.082731 0.909450 0.407499
vn -0.068291 0.926069 0.371123
vn -0.238276 0.921497 0.306706
vn -0.143917 0.976361 0.161270
vn -0.179696 0.973934 0.138427
vn 0.106501 0.789771 0.604086
vn -0.105488 0.810239 0.576529
vn -0.249300 0.917559 0.309734
vn -0.314517 0.949245 -0.003509
vn -0.168610 0.972722 -0.159320
vn -0.116154 0.671550 0.731798
vn -0.155427 0.751390 0.641292
vn -0.282051 0.904981 0.318522
vn -0.401407 0.914969 -0.041281
vn -0.437282 0.885103 -0.159302
vn 0.902634 0.357555 -0.239596
vn 0.902634 0.357555 -0.239596
vn 0.902635 0.357553 -0.239596
vn 0.902635 0.357553 -0.239596
vn 0.902636 0.357551 -0.239596
vn 0.902636 0.357551 -0.239596
vn 0.904881 0.350038 -0.242206
vn 0.904881 0.350038 -0.242206
vn 0.904881 0.350038 -0.242206
vn 0.904881 0.350038 -0.242206
vn -0.116745 0.985552 0.122711
vn -0.105616 0.989797 0.095641
vn -0.137190 0.988298 0.066673
vn -0.148055 0.984149 0.097625
vn -0.100262 0.994961 0.000285
vn -0.109907 0.993933 -0.004240
vn -0.030842 0.997378 -0.065466
vn -0.073274 0.994779 -0.071039
vn -0.017244 0.995640 -0.091671
vn -0.056550 0.993426 -0.099530
vn -0.157726 0.985615 0.060712
vn -0.174805 0.980699 0.087593
vn -0.113608 0.993508 -0.005978
vn -0.090993 0.992381 -0.083072
vn -0.081359 0.990173 -0.113744
vn -0.199620 0.978701 0.047920
vn -0.217170 0.972908 0.079287
vn -0.159801 0.986760 -0.027735
vn -0.127592 0.985931 -0.107987
vn -0.114119 0.983256 -0.142070
vn -0.249957 0.965515 0.072814
vn -0.231941 0.971602 0.046833
vn -0.294215 0.951857 0.086054
vn -0.347182 0.927226 0.140415
vn -0.197026 0.979349 -0.045360
vn -0.227825 0.971851 -0.060008
vn -0.148801 0.979834 -0.133356
vn -0.158472 0.965438 -0.206921
vn -0.141129 0.975534 -0.168571
vn -0.146335 0.941230 -0.304421
vn -0.026984 0.980358 0.195370
vn 0.011582 0.983992 0.177838
vn -0.068501 0.997536 0.015147
vn 0.107760 0.993743 -0.029385
vn 0.096334 0.992861 -0.070331
vn -0.056968 0.878757 0.473858
vn -0.182022 0.933756 0.308167
vn -0.079435 0.996790 0.010037
vn 0.083814 0.960709 -0.264602
vn 0.292909 0.914229 -0.279981
vn -0.332407 0.843884 0.421147
vn -0.277061 0.904463 0.324322
vn -0.112063 0.993687 -0.005253
vn 0.035769 0.936180 -0.349698
vn 0.075992 0.885291 -0.458786
vn 0.901091 0.096487 0.422759
vn 0.901091 0.096487 0.422759
vn 0.901091 0.096486 0.422759
vn 0.901091 0.096486 0.422759
vn 0.901091 0.096485 0.422760
vn 0.901091 0.096485 0.422760
vn 0.901932 0.088255 0.422764
vn 0.901932 0.088255 0.422764
vn 0.901932 0.088255 0.422764
vn 0.901932 0.088255 0.422764
vn 0.150735 0.820879 -0.550852
vn 0.174409 0.827130 -0.534264
vn 0.209051 0.808032 -0.550801
vn 0.181692 0.802378 -0.568487
vn 0.263823 0.824620 -0.500399
vn 0.270210 0.818719 -0.506641
vn 0.308935 0.852864 -0.420930
vn 0.324043 0.830029 -0.453925
vn 0.329747 0.855123 -0.400039
vn 0.346319 0.833871 -0.429794
vn 0.219084 0.795404 -0.565097
vn 0.196899 0.785743 -0.586378
vn 0.272655 0.816428 -0.509023
vn 0.339145 0.818371 -0.463950
vn 0.365018 0.817903 -0.444745
vn 0.239795 0.768320 -0.593450
vn 0.213307 0.758117 -0.616246
vn 0.302885 0.786564 -0.538125
vn 0.370037 0.792972 -0.484012
vn 0.398048 0.793562 -0.460235
vn 0.225720 0.735538 -0.638776
vn 0.247108 0.746757 -0.617489
vn 0.220960 0.704038 -0.674913
vn 0.177129 0.662939 -0.727419
vn 0.326859 0.760759 -0.560722
vn 0.346427 0.738206 -0.578827
vn 0.397630 0.775091 -0.491044
vn 0.465607 0.750545 -0.468926
vn 0.427749 0.771410 -0.471124
vn 0.548293 0.725279 -0.416348
vn 0.059075 0.865915 -0.496690
vn 0.066857 0.885517 -0.459771
vn 0.242632 0.843335 -0.479496
vn 0.239892 0.918618 -0.313995
vn 0.280939 0.908356 -0.309779
vn -0.219319 0.790670 -0.571613
vn -0.019628 0.763318 -0.645725
vn 0.249956 0.837015 -0.486752
vn 0.458642 0.854807 -0.242801
vn 0.410148 0.911083 -0.041309
vn -0.110060 0.625014 -0.772816
vn -0.018312 0.694477 -0.719282
vn 0.271636 0.817387 -0.508029
vn 0.544502 0.802139 -0.245132
vn 0.624697 0.765569 -0.153810
vn -0.596604 0.551605 0.582920
vn -0.596604 0.551605 0.582920
vn -0.596605 0.551604 0.582920
vn -0.596605 0.551604 0.582920
vn -0.596606 0.551603 0.582920
vn -0.596606 0.551603 0.582920
vn -0.598796 0.544789 0.587067
vn -0.598796 0.544789 0.587067
vn -0.598796 0.544789 0.587067
vn -0.598796 0.544789 0.587067
vn 0.134653 0.889867 0.435896
vn 0.164863 0.889507 0.426143
vn 0.167709 0.906098 0.388407
vn 0.134241 0.906421 0.400476
vn 0.244908 0.896832 0.368392
vn 0.243494 0.900683 0.359835
vn 0.337046 0.866886 0.367300
vn 0.317810 0.886330 0.336773
vn 0.365005 0.859837 0.357005
vn 0.349078 0.878213 0.326937
vn 0.159212 0.915134 0.370380
vn 0.124701 0.918260 0.375831
vn 0.243276 0.902420 0.355606
vn 0.317060 0.893915 0.316842
vn 0.345451 0.888739 0.301340
vn 0.157961 0.954187 0.254118
vn 0.107853 0.943613 0.312990
vn 0.206007 0.953181 0.221375
vn 0.261594 0.939776 0.219974
vn 0.333148 0.911199 0.242341
vn 0.095807 0.971757 0.215663
vn 0.109097 0.984996 0.133716
vn -0.074798 0.996110 -0.046580
vn -0.355731 0.934061 0.031393
vn 0.157587 0.985509 0.062758
vn 0.102364 0.989398 -0.103024
vn 0.243166 0.965624 0.091871
vn 0.277152 0.947108 -0.161782
vn 0.301966 0.941595 0.149049
vn 0.598745 0.741742 -0.302198
vn 0.131052 0.834921 0.534540
vn 0.169159 0.819393 0.547704
vn 0.251821 0.882377 0.397489
vn 0.386854 0.790448 0.474906
vn 0.411513 0.798168 0.439984
vn -0.126724 0.750676 0.648403
vn -0.057310 0.872034 0.486078
vn 0.246567 0.890391 0.382634
vn 0.537992 0.791270 0.290614
vn 0.656710 0.644803 0.391102
vn -0.257892 0.867191 0.425994
vn -0.134249 0.895970 0.423337
vn 0.237940 0.906101 0.349807
vn 0.566986 0.800722 0.193316
vn 0.657420 0.742954 0.125769
vn 0.233424 -0.405837 0.883634
vn 0.233424 -0.405837 0.883634
vn 0.233423 -0.405838 0.883634
vn 0.233423 -0.405838 0.883634
vn 0.233422 -0.405839 0.883634
vn 0.233422 -0.405839 0.883634
vn 0.231446 -0.413306 0.880688
vn 0.231446 -0.413306 0.880688
vn 0.231446 -0.413306 0.880688
vn 0.231446 -0.413306 0.880688
vn 0.035941 0.991027 0.128736
vn 0.061178 0.991672 0.113330
vn 0.052475 0.996054 0.071577
vn 0.025237 0.995593 0.090315
vn 0.121253 0.991859 0.038905
vn 0.115995 0.992808 0.029631
vn 0.214579 0.976392 0.024795
vn 0.183600 0.982992 -0.004102
vn 0.240070 0.970694 0.010923
vn 0.212961 0.976894 -0.018030
vn 0.039069 0.997734 0.054785
vn 0.009086 0.997739 0.066594
vn 0.113972 0.993142 0.026069
vn 0.175976 0.984096 -0.024230
vn 0.200793 0.978643 -0.044049
vn 0.011793 0.999733 0.019878
vn -0.021318 0.999160 0.035002
vn 0.088471 0.995905 -0.018594
vn 0.159958 0.984915 -0.065999
vn 0.189686 0.978029 -0.086472
vn -0.045098 0.998929 0.010384
vn -0.014652 0.999893 -0.000043
vn -0.090568 0.995877 -0.005230
vn -0.168786 0.985629 0.006775
vn 0.067575 0.996205 -0.054851
vn 0.050047 0.995121 -0.085033
vn 0.156480 0.982670 -0.099368
vn 0.188168 0.967940 -0.166386
vn 0.181929 0.975435 -0.124215
vn 0.248926 0.937921 -0.241538
vn 0.064342 0.968984 0.238603
vn 0.105737 0.963353 0.246515
vn 0.138426 0.987943 0.069336
vn 0.303050 0.943700 0.132635
vn 0.317334 0.943783 0.092588
vn -0.139961 0.887271 0.439501
vn -0.132848 0.962057 0.238322
vn 0.132539 0.989428 0.058879
vn 0.412527 0.907732 -0.076441
vn 0.577824 0.815771 0.025233
vn -0.335187 0.911941 0.236673
vn -0.223427 0.955066 0.194756
vn 0.114818 0.993004 0.027556
vn 0.418356 0.891138 -0.175648
vn 0.502659 0.828480 -0.246889
vn 0.491310 -0.088227 0.866505
vn 0.491310 -0.088227 0.866505
vn 0.491312 -0.088232 0.866503
vn 0.491312 -0.088232 0.866503
vn 0.491313 -0.088236 0.866502
vn 0.491313 -0.088236 0.866502
vn 0.490318 -0.096421 0.866194
vn 0.490318 -0.096421 0.866194
vn 0.490318 -0.096421 0.866194
vn 0.490318 -0.096421 0.866194
vn -0.218453 0.973107 -0.073076
vn -0.206456 0.977356 -0.046381
vn -0.164485 0.985086 -0.050501
vn -0.179540 0.980526 -0.079583
vn -0.140470 0.989847 0.021722
vn -0.130728 0.991263 0.017522
vn -0.136895 0.983640 0.117099
vn -0.105025 0.990458 0.089240
vn -0.125890 0.981469 0.144464
vn -0.094415 0.988216 0.120476
vn -0.146355 0.987291 -0.061942
vn -0.154258 0.983647 -0.092969
vn -0.126983 0.991777 0.015909
vn -0.084273 0.992899 0.083959
vn -0.067328 0.991500 0.111333
vn -0.108608 0.990444 -0.085001
vn -0.119344 0.985641 -0.119455
vn -0.079885 0.996795 -0.004324
vn -0.041056 0.996490 0.072947
vn -0.023956 0.994143 0.105388
vn -0.092009 0.985859 -0.140055
vn -0.085613 0.990368 -0.108824
vn -0.070600 0.980596 -0.182888
vn -0.071742 0.962762 -0.260656
vn -0.041457 0.998925 -0.020757
vn -0.009335 0.999363 -0.034442
vn -0.007447 0.997258 0.073634
vn 0.056089 0.991872 0.114212
vn 0.014543 0.994638 0.102391
vn 0.125350 0.974536 0.185925
vn -0.328663 0.942797 -0.055807
vn -0.341190 0.939870 -0.015280
vn -0.172357 0.984395 0.035500
vn -0.251716 0.947953 0.194997
vn -0.213942 0.953161 0.213808
vn -0.494384 0.825050 -0.273638
vn -0.303012 0.919593 -0.250063
vn -0.161413 0.986407 0.030766
vn -0.055708 0.941934 0.331144
vn -0.168898 0.854453 0.491308
vn -0.271583 0.853264 -0.445177
vn -0.247971 0.909429 -0.333840
vn -0.128546 0.991565 0.016582
vn 0.043050 0.935719 0.350109
vn 0.108346 0.887586 0.447719
vn -0.910281 -0.131959 0.392398
vn -0.910281 -0.131959 0.392398
vn -0.910281 -0.131959 0.392397
vn -0.910281 -0.131959 0.392397
vn -0.910281 -0.131958 0.392396
vn -0.910281 -0.131958 0.392396
vn -0.909132 -0.140141 0.392224
vn -0.909132 -0.140141 0.392224
vn -0.909132 -0.140141 0.392224
vn -0.909132 -0.140141 0.392224
vn 0.137041 0.928699 -0.344585
vn 0.120966 0.938983 -0.321991
vn 0.146461 0.946273 -0.288298
vn 0.163014 0.935105 -0.314652
vn 0.097582 0.967398 -0.233708
vn 0.106193 0.967999 -0.227378
vn 0.016930 0.982665 -0.184615
vn 0.057531 0.983612 -0.170871
vn -0.001399 0.986826 -0.161781
vn 0.035698 0.988561 -0.146538
vn 0.165492 0.946163 -0.278185
vn 0.187373 0.935568 -0.299338
vn 0.109496 0.968201 -0.224940
vn 0.072642 0.985149 -0.155581
vn 0.057357 0.990158 -0.127658
vn 0.204197 0.944703 -0.256592
vn 0.227394 0.932169 -0.281696
vn 0.150718 0.969338 -0.194084
vn 0.103845 0.986889 -0.123561
vn 0.084142 0.992106 -0.092985
vn 0.258361 0.928230 -0.267655
vn 0.235730 0.939688 -0.247827
vn 0.304342 0.913895 -0.268647
vn 0.366698 0.879160 -0.304321
vn 0.183922 0.968368 -0.168630
vn 0.211383 0.966261 -0.147164
vn 0.119852 0.988329 -0.094026
vn 0.115378 0.993145 -0.018732
vn 0.105631 0.992539 -0.060899
vn 0.084954 0.993345 0.077778
vn 0.062731 0.901234 -0.428768
vn 0.021532 0.907214 -0.420119
vn 0.069222 0.964643 -0.254309
vn -0.112286 0.963400 -0.243419
vn -0.108849 0.973275 -0.202205
vn 0.145188 0.735248 -0.662065
vn 0.236423 0.835730 -0.495641
vn 0.078987 0.965725 -0.247258
vn -0.133450 0.991029 -0.007240
vn -0.341615 0.939643 -0.019264
vn 0.405621 0.728092 -0.552588
vn 0.332826 0.808033 -0.486118
vn 0.108118 0.968118 -0.225959
vn -0.102431 0.990785 0.088620
vn -0.162608 0.966675 0.197733
vn -0.804408 -0.055776 -0.591453
vn -0.804408 -0.055776 -0.591453
vn -0.804407 -0.055777 -0.591454
vn -0.804407 -0.055777 -0.591454
vn -0.804406 -0.055778 -0.591455
vn -0.804406 -0.055778 -0.591455
vn -0.805228 -0.063773 -0.589526
vn -0.805228 -0.063773 -0.589526
vn -0.805228 -0.063773 -0.589526
vn -0.805228 -0.063773 -0.589526
vn -0.229898 0.899761 -0.370915
vn -0.201273 0.904100 -0.376952
vn -0.192537 0.890722 -0.411757
vn -0.224765 0.886746 -0.403933
vn -0.116957 0.899101 -0.421827
vn -0.117268 0.896651 -0.426926
vn -0.025412 0.916164 -0.399997
vn -0.040830 0.900789 -0.432334
vn 0.004119 0.915815 -0.401580
vn -0.007862 0.901221 -0.433289
vn -0.204364 0.832908 -0.514295
vn -0.235627 0.836597 -0.494556
vn -0.125085 0.845707 -0.518780
vn -0.047595 0.838322 -0.543094
vn -0.014417 0.852362 -0.522753
vn -0.223216 0.713188 -0.664482
vn -0.257088 0.708037 -0.657715
vn -0.138939 0.724063 -0.675595
vn -0.053795 0.721895 -0.689908
vn -0.018428 0.713959 -0.699945
vn -0.267484 0.679741 -0.682938
vn -0.236679 0.688832 -0.685196
vn -0.299138 0.647950 -0.700484
vn -0.369900 0.611084 -0.699822
vn -0.140126 0.694404 -0.705810
vn -0.141511 0.668969 -0.729695
vn -0.040204 0.701864 -0.711176
vn 0.020573 0.669597 -0.742440
vn -0.005419 0.695027 -0.718963
vn 0.113575 0.635729 -0.763511
vn -0.246477 0.933201 -0.261507
vn -0.212097 0.947134 -0.240730
vn -0.113794 0.913749 -0.390019
vn 0.014105 0.962653 -0.270371
vn 0.043557 0.953098 -0.299512
vn -0.494275 0.862043 -0.112136
vn -0.418944 0.852358 -0.313006
vn -0.114897 0.908838 -0.401014
vn 0.206284 0.895250 -0.394935
vn 0.328606 0.918495 -0.219964
vn -0.586338 0.732536 -0.345832
vn -0.479079 0.795678 -0.370648
vn -0.118098 0.893360 -0.433545
vn 0.256672 0.846153 -0.467059
vn 0.374183 0.798430 -0.471696
vn 0.087242 0.437633 0.894911
vn 0.087242 0.437633 0.894911
vn 0.087245 0.437634 0.894911
vn 0.087245 0.437634 0.894911
vn 0.087247 0.437634 0.894910
vn 0.087247 0.437634 0.894910
vn 0.088213 0.430204 0.898411
vn 0.088213 0.430204 0.898411
vn 0.088213 0.430204 0.898411
vn 0.088213 0.430204 0.898411
vn -0.104741 0.990123 0.093200
vn -0.086555 0.993773 0.070166
vn -0.109174 0.993450 0.033744
vn -0.128150 0.989902 0.060588
vn -0.055458 0.998257 -0.020173
vn -0.063558 0.997609 -0.027139
vn 0.029168 0.997476 -0.064737
vn -0.010256 0.996615 -0.081569
vn 0.049249 0.995050 -0.086312
vn 0.013466 0.994434 -0.104499
vn -0.127432 0.991593 0.022445
vn -0.151319 0.987519 0.043687
vn -0.066667 0.997330 -0.029813
vn -0.024153 0.994898 -0.097952
vn -0.006700 0.992147 -0.124901
vn -0.164568 0.986365 -0.001222
vn -0.190155 0.981456 0.024207
vn -0.105513 0.992403 -0.063272
vn -0.052905 0.989855 -0.131861
vn -0.030857 0.986462 -0.161061
vn -0.220255 0.975400 0.009078
vn -0.195661 0.980610 -0.011036
vn -0.266971 0.963655 0.009796
vn -0.333607 0.941506 0.047684
vn -0.136873 0.986461 -0.090336
vn -0.162859 0.980180 -0.112801
vn -0.066715 0.984525 -0.162052
vn -0.056760 0.970193 -0.235591
vn -0.050008 0.979743 -0.193917
vn -0.019774 0.945039 -0.326360
vn -0.038212 0.981550 0.187347
vn 0.003770 0.983495 0.180897
vn -0.028808 0.999581 0.002725
vn 0.152618 0.988258 0.007378
vn 0.152640 0.987657 -0.035137
vn -0.146403 0.882606 0.446737
vn -0.219725 0.941965 0.253817
vn -0.037979 0.999265 -0.005151
vn 0.191693 0.955130 -0.225789
vn 0.395078 0.899932 -0.184490
vn -0.398595 0.858956 0.321430
vn -0.316721 0.916722 0.243534
vn -0.065370 0.997448 -0.028698
vn 0.167424 0.932214 -0.320853
vn 0.233458 0.879180 -0.415380
vn 0.756760 0.060981 0.650842
vn 0.756760 0.060981 0.650842
vn 0.756761 0.060981 0.650840
vn 0.756761 0.060981 0.650840
vn 0.756763 0.060981 0.650839
vn 0.756763 0.060981 0.650839
vn 0.757230 0.052726 0.651017
vn 0.757230 0.052726 0.651017
vn 0.757230 0.052726 0.651017
vn 0.757230 0.052726 0.651017
vn 0.076468 0.991770 -0.102687
vn 0.050480 0.994762 -0.088889
vn 0.056836 0.997297 -0.046563
vn 0.085047 0.994348 -0.063554
vn -0.013999 0.999732 -0.018421
vn -0.009290 0.999918 -0.008811
vn -0.109155 0.993968 -0.010659
vn -0.079619 0.996619 0.020307
vn -0.135956 0.990714 0.001413
vn -0.110307 0.993376 0.032180
vn 0.069212 0.997183 -0.028920
vn 0.099742 0.994256 -0.038812
vn -0.007482 0.999959 -0.005120
vn -0.073257 0.996474 0.040898
vn -0.099756 0.993264 0.058952
vn 0.094198 0.995524 0.007678
vn 0.127988 0.991761 -0.005340
vn 0.015183 0.999039 0.041120
vn -0.060018 0.994690 0.083600
vn -0.091582 0.990564 0.101956
vn 0.149948 0.988477 0.020710
vn 0.119151 0.992446 0.029222
vn 0.193725 0.980278 0.039066
vn 0.271057 0.962040 0.031726
vn 0.033571 0.996340 0.078616
vn 0.048871 0.992752 0.109799
vn -0.058991 0.991373 0.117044
vn -0.096374 0.978659 0.181491
vn -0.086633 0.986351 0.140025
vn -0.164743 0.953657 0.251791
vn 0.053187 0.975230 -0.214703
vn 0.012038 0.974201 -0.225363
vn -0.029453 0.998316 -0.049972
vn -0.193293 0.973179 -0.124740
vn -0.210087 0.973921 -0.085685
vn 0.260560 0.876604 -0.404566
vn 0.248125 0.947391 -0.202198
vn -0.024142 0.998943 -0.039126
vn -0.319414 0.944569 0.075927
vn -0.486396 0.872889 -0.038517
vn 0.443567 0.876038 -0.189226
vn 0.334421 0.929884 -0.153229
vn -0.008236 0.999944 -0.006660
vn -0.333444 0.926563 0.174061
vn -0.428331 0.871702 0.238051
vn -0.439919 -0.016923 -0.897878
vn -0.439919 -0.016923 -0.897878
vn -0.439924 -0.016921 -0.897876
vn -0.439924 -0.016921 -0.897876
vn -0.439929 -0.016918 -0.897873
vn -0.439929 -0.016918 -0.897873
vn -0.439814 -0.025178 -0.897736
vn -0.439814 -0.025178 -0.897736
vn -0.439814 -0.025178 -0.897736
vn -0.439814 -0.025178 -0.897736
vn -0.041692 0.990516 -0.130915
vn -0.044340 0.993832 -0.101647
vn -0.005419 0.996463 -0.083855
vn -0.004229 0.993154 -0.116732
vn -0.020575 0.999746 -0.009189
vn -0.009954 0.999919 -0.007879
vn -0.066114 0.995006 0.074786
vn -0.024031 0.997466 0.066958
vn -0.070667 0.992078 0.103861
vn -0.030876 0.994591 0.099178
vn 0.016121 0.996287 -0.084570
vn 0.024522 0.993004 -0.115507
vn -0.005874 0.999956 -0.007376
vn -0.003313 0.997334 0.072891
vn -0.002691 0.994471 0.104982
vn 0.060421 0.994508 -0.085463
vn 0.067985 0.990342 -0.120830
vn 0.045232 0.998976 -0.001062
vn 0.039676 0.995576 0.085171
vn 0.037779 0.991850 0.121679
vn 0.101794 0.986929 -0.124938
vn 0.092095 0.991252 -0.094543
vn 0.141077 0.978343 -0.151467
vn 0.177166 0.959270 -0.220029
vn 0.086674 0.996229 0.004071
vn 0.121140 0.992600 0.008348
vn 0.068232 0.992377 0.102631
vn 0.101724 0.980300 0.169303
vn 0.072349 0.987731 0.138393
vn 0.123144 0.956286 0.265241
vn -0.148255 0.973791 -0.172485
vn -0.179679 0.973151 -0.143850
vn -0.055446 0.998371 -0.013484
vn -0.207686 0.974660 0.083086
vn -0.184165 0.975727 0.118491
vn -0.194097 0.872280 -0.448837
vn -0.031277 0.943966 -0.328557
vn -0.043459 0.998983 -0.012008
vn -0.108691 0.948138 0.298698
vn -0.295986 0.877770 0.376712
vn 0.086257 0.870627 -0.484323
vn 0.056861 0.925746 -0.373846
vn -0.007577 0.999943 -0.007586
vn -0.034238 0.930656 0.364291
vn -0.032672 0.877035 0.479314
vn -0.992359 -0.015771 -0.122369
vn -0.992359 -0.015771 -0.122369
vn -0.992359 -0.015775 -0.122370
vn -0.992359 -0.015775 -0.122370
vn -0.992359 -0.015778 -0.122371
vn -0.992359 -0.015778 -0.122370
vn -0.992202 -0.024040 -0.122297
vn -0.992202 -0.024040 -0.122297
vn -0.992202 -0.024040 -0.122297
vn -0.992202 -0.024040 -0.122297
vn -0.055218 0.993475 0.099792
vn -0.035517 0.996214 0.079351
vn -0.053975 0.997643 0.042380
vn -0.074755 0.994987 0.066423
vn 0.002558 0.999986 -0.004559
vn -0.004620 0.999918 -0.011969
vn 0.087605 0.995355 -0.039922
vn 0.051249 0.996909 -0.059555
vn 0.108641 0.992332 -0.058944
vn 0.075920 0.993936 -0.079542
vn -0.070574 0.997059 0.029894
vn -0.095595 0.994257 0.048118
vn -0.007377 0.999863 -0.014814
vn 0.039292 0.996292 -0.076538
vn 0.058280 0.993183 -0.100947
vn -0.104368 0.994531 0.003813
vn -0.131449 0.990985 0.025889
vn -0.041902 0.997848 -0.050439
vn 0.014476 0.993633 -0.111735
vn 0.038037 0.989712 -0.137925
vn -0.159340 0.987186 0.008595
vn -0.133634 0.990995 -0.008461
vn -0.204961 0.978758 0.004944
vn -0.273851 0.961131 0.035111
vn -0.069895 0.994397 -0.079310
vn -0.093168 0.990277 -0.103305
vn 0.003630 0.989851 -0.142061
vn 0.018948 0.977027 -0.212273
vn 0.022232 0.984959 -0.171355
vn 0.061275 0.952820 -0.297288
vn -0.000403 0.980628 0.195880
vn 0.040792 0.980208 0.193725
vn 0.026138 0.999463 0.019784
vn 0.199382 0.979101 0.040092
vn 0.202847 0.979210 -0.001015
vn -0.132434 0.889486 0.437352
vn -0.183393 0.952485 0.243187
vn 0.018023 0.999772 0.011407
vn 0.255729 0.949422 -0.182210
vn 0.447722 0.885439 -0.124670
vn -0.367217 0.882828 0.292858
vn -0.276995 0.934139 0.225075
vn -0.006227 0.999888 -0.013626
vn 0.240465 0.930530 -0.276210
vn 0.310706 0.878099 -0.363873
vn 0.695802 0.006610 0.718203
vn 0.695802 0.006610 0.718203
vn 0.695799 0.006613 0.718206
vn 0.695799 0.006613 0.718206
vn 0.695797 0.006616 0.718208
vn 0.695797 0.006616 0.718208
vn 0.695796 -0.001976 0.718237
vn 0.695796 -0.001976 0.718237
vn 0.695796 -0.001976 0.718237
vn 0.695796 -0.001976 0.718237
vn -0.594073 -0.000056 0.804411
vn -0.594073 -0.000056 0.804411
vn -0.594073 -0.000056 0.804411
vn -0.594073 -0.000056 0.804411
vn 0.679281 -0.037354 0.732927
vn 0.537310 -0.015692 0.843239
vn 0.537310 -0.015692 0.843239
vn 0.678476 -0.037224 0.733679
vn 0.774800 -0.053440 0.629944
vn 0.774800 -0.053440 0.629944
vn -0.345200 -0.133707 0.928956
vn -0.345200 -0.133707 0.928956
vn -0.345200 -0.133707 0.928956
vn -0.345200 -0.133707 0.928956
vn 0.373265 -0.025374 0.927378
vn 0.373265 -0.025374 0.927378
vn 0.373265 -0.025374 0.927378
vn 0.373265 -0.025374 0.927378
vn -0.155465 -0.010889 0.987781
vn -0.155465 -0.010889 0.987781
vn -0.155465 -0.010889 0.987781
vn -0.155465 -0.010889 0.987781
vn 0.617043 0.000000 0.786930
vn 0.451069 0.000000 0.892489
vn 0.451069 0.000000 0.892489
vn 0.617043 0.000000 0.786930
vn 0.751596 0.000000 0.659624
vn 0.751596 0.000000 0.659624
vn -0.935873 -0.038918 -0.350182
vn -0.963691 -0.052264 -0.261854
vn -0.963691 -0.052264 -0.261854
vn -0.936004 -0.038974 -0.349825
vn -0.892489 -0.100507 0.439730
vn -0.892489 -0.100507 0.439730
vn -0.892489 -0.100507 0.439730
vn -0.892489 -0.100507 0.439730
vn 0.963472 -0.106048 0.245919
vn 0.963472 -0.106048 0.245919
vn 0.963472 -0.106048 0.245919
vn 0.963472 -0.106048 0.245919
vn 0.548668 -0.055050 0.834226
vn 0.689769 -0.091291 0.718251
vn 0.689769 -0.091291 0.718251
vn 0.550810 -0.055579 0.832778
vn -0.872410 -0.098772 -0.478690
vn -0.872410 -0.098772 -0.478690
vn -0.872410 -0.098772 -0.478690
vn -0.872410 -0.098772 -0.478690
vn 0.993747 0.039381 -0.104478
vn 0.971771 0.089042 -0.218480
vn 0.971771 0.089042 -0.218480
vn 0.993889 0.038874 -0.103315
vn -0.644459 0.000000 -0.764639
vn -0.673313 0.000000 -0.739358
vn -0.673313 0.000000 -0.739358
vn -0.644459 0.000000 -0.764639
vn 0.999903 0.000000 -0.013920
vn 0.999903 0.000000 -0.013920
vn -0.551516 0.000000 -0.834164
vn -0.551516 0.000000 -0.834164
vn 0.465506 -0.008482 -0.885004
vn 0.367325 -0.036653 -0.929370
vn 0.367230 -0.036680 -0.929407
vn 0.465506 -0.008482 -0.885004
vn 0.319262 -0.049830 -0.946356
vn 0.319262 -0.049830 -0.946356
vn -0.523318 -0.107670 -0.845308
vn -0.523318 -0.107670 -0.845308
vn -0.523318 -0.107670 -0.845308
vn -0.523318 -0.107670 -0.845308
vn 0.366993 -0.017173 -0.930065
vn 0.366993 -0.017173 -0.930065
vn 0.366993 -0.017173 -0.930065
vn 0.366993 -0.017173 -0.930065
vn -0.252618 -0.006933 -0.967541
vn -0.292708 -0.003463 -0.956196
vn -0.292709 -0.003463 -0.956196
vn -0.252618 -0.006933 -0.967541
vn -0.332134 0.000000 -0.943232
vn -0.332134 0.000000 -0.943232
vn -0.786153 -0.025135 0.617520
vn -0.874964 -0.048552 0.481748
vn -0.874964 -0.048552 0.481748
vn -0.786076 -0.025117 0.617619
vn -0.671050 0.000000 0.741412
vn -0.671050 0.000000 0.741412
vn 0.967056 -0.007577 0.254452
vn 0.967056 -0.007577 0.254452
vn 0.967056 -0.007577 0.254452
vn 0.967056 -0.007577 0.254452
vn 0.683723 0.000000 0.729742
vn 0.683723 0.000000 0.729742
vn 0.683723 0.000000 0.729742
vn 0.683723 0.000000 0.729742
vn 0.867248 0.000000 0.497877
vn 0.867248 0.000000 0.497877
vn 0.840069 -0.007695 0.542424
vn 0.840075 -0.007695 0.542416
vn 0.757082 -0.011433 0.653220
vn 0.757082 -0.011433 0.653220
vn 0.313630 0.034561 -0.948916
vn 0.313630 0.034561 -0.948916
vn 0.313630 0.034561 -0.948916
vn 0.313630 0.034561 -0.948916
vn 0.964949 0.026346 -0.261112
vn 0.964949 0.026346 -0.261112
vn 0.964949 0.026346 -0.261112
vn 0.964949 0.026346 -0.261112
vn 0.427183 -0.025871 0.903795
vn 0.427183 -0.025871 0.903795
vn 0.977798 0.100803 -0.183710
vn 0.983095 0.050904 -0.175880
vn 0.983095 0.050904 -0.175880
vn 0.976650 0.109242 -0.184991
vn 0.749182 0.161407 -0.642397
vn 0.749182 0.161407 -0.642397
vn 0.749182 0.161407 -0.642397
vn 0.749182 0.161407 -0.642397
vn 0.964927 0.176097 -0.194695
vn 0.964927 0.176097 -0.194695
vn -0.925300 -0.041237 -0.376987
vn -0.862827 -0.026249 -0.504817
vn -0.862801 -0.026244 -0.504861
vn -0.925300 -0.041237 -0.376987
vn -0.718800 0.000000 -0.695217
vn -0.718800 0.000000 -0.695217
vn 0.418615 0.000000 -0.908164
vn 0.584370 0.000000 -0.811487
vn 0.584370 0.000000 -0.811487
vn 0.418615 0.000000 -0.908164
vn 0.776389 -0.003254 -0.630246
vn 0.812334 -0.007217 -0.583148
vn 0.812334 -0.007217 -0.583148
vn 0.776388 -0.003254 -0.630247
vn -0.874460 -0.026355 0.484381
vn -0.874460 -0.026355 0.484381
vn -0.874460 -0.026355 0.484381
vn -0.874460 -0.026355 0.484381
vn -0.506999 0.000000 0.861946
vn -0.506999 0.000000 0.861946
vn -0.506999 0.000000 0.861946
vn -0.506999 0.000000 0.861946
vn -0.649449 0.000000 -0.760405
vn -0.649449 0.000000 -0.760405
vn -0.810536 0.000000 -0.585689
vn -0.810536 0.000000 -0.585689
vn -0.462206 -0.037929 0.885961
vn -0.538335 -0.020482 0.842482
vn -0.538362 -0.020476 0.842465
vn -0.462206 -0.037929 0.885961
vn -0.621407 0.000000 0.783488
vn -0.621407 0.000000 0.783488
vn -0.485588 -0.013508 -0.874084
vn -0.333245 -0.036811 -0.942121
vn -0.333245 -0.036811 -0.942121
vn -0.485649 -0.013498 -0.874050
vn -0.566578 0.000000 -0.824008
vn -0.566578 0.000000 -0.824008
vn -0.050243 0.000000 0.998737
vn -0.193160 0.000000 0.981167
vn -0.193160 0.000000 0.981167
vn -0.050243 0.000000 0.998737
vn -0.327856 0.000000 0.944728
vn -0.327856 0.000000 0.944728
vn -0.979069 0.000000 -0.203531
vn -0.971424 0.000000 -0.237351
vn -0.971424 0.000000 -0.237351
vn -0.979069 0.000000 -0.203531
vn -0.924886 -0.003314 -0.380230
vn -0.924887 -0.003314 -0.380227
vn 0.004045 -0.999926 0.011487
vn 0.005926 -0.999979 0.002537
vn 0.003503 -0.999920 0.012182
vn 0.000000 -1.000000 -0.000000
vn 0.001293 -0.999999 0.000021
vn 0.000725 -1.000000 0.000165
vn 0.000000 -1.000000 0.000000
vn 0.000000 -1.000000 0.000000
vn 0.000744 -1.000000 0.000597
vn 0.000018 -1.000000 0.000003
vn 0.000000 -1.000000 0.000000
vn -0.000721 -0.999999 -0.001506
vn -0.000008 -1.000000 -0.000094
vn -0.000000 -1.000000 0.000000
vn 0.000000 -1.000000 0.000000
vn -0.000000 -1.000000 0.000000
vn 0.000718 -1.000000 0.000032
vn 0.000072 -1.000000 -0.000025
vn 0.017987 -0.999833 -0.003145
vn -0.000799 -0.999967 -0.008105
vn 0.007683 -0.999966 -0.003056
vn -0.000000 -1.000000 -0.000000
vn -0.000245 -1.000000 0.000428
vn 0.000111 -1.000000 0.000877
vn -0.000806 -0.999998 -0.001935
vn -0.000396 -1.000000 -0.000355
vn 0.000083 -1.000000 -0.000113
vn 0.000557 -1.000000 -0.000532
vn 0.000176 -0.999999 -0.001648
vn 0.000037 -1.000000 0.000057
vn 0.000680 -1.000000 0.000630
vn 0.000032 -1.000000 0.000027
vn -0.000315 -1.000000 -0.000079
vn -0.000371 -1.000000 0.000328
vn -0.000287 -1.000000 0.000474
vn 0.065530 -0.993364 -0.094516
vn 0.008327 -0.999882 -0.012883
vn 0.000193 -1.000000 -0.000405
vn -0.000572 -1.000000 -0.000436
vn 0.000074 -1.000000 0.000215
vn 0.000507 -1.000000 -0.000187
vn 0.000725 -1.000000 -0.000377
vn 0.000085 -1.000000 0.000032
vn 0.000735 -1.000000 0.000148
vn 0.007556 -0.999967 -0.002832
vn 0.000086 -1.000000 0.000043
vn 0.000002 -1.000000 0.000098
vn -0.000060 -1.000000 -0.000119
vn -0.000682 -1.000000 -0.000705
vn -0.000055 -1.000000 -0.000052
vn 0.000000 -1.000000 0.000000
vn 0.001161 -0.999999 -0.000532
vn -0.000000 -1.000000 -0.000000
vn -0.000197 -1.000000 -0.000388
s 1
g pPlane25
usemtl initialShadingGroup
f 1/1/1 2/2/2 13/3/3 12/4/4
f 2/2/2 3/5/5 14/6/6 13/3/3
f 3/5/5 4/7/7 15/8/8 14/6/6
f 4/7/7 5/9/9 16/10/10 15/8/8
f 5/9/9 6/11/11 17/12/12 16/10/10
f 6/11/11 7/13/13 18/14/14 17/12/12
f 7/13/13 8/15/15 19/16/16 18/14/14
f 8/15/15 9/17/17 20/18/18 19/16/16
f 9/17/17 10/19/19 21/20/20 20/18/18
f 10/19/19 11/21/21 22/22/22 21/20/20
f 12/4/4 13/3/3 24/23/23 23/24/24
f 13/3/3 14/6/6 25/25/25 24/23/23
f 14/6/6 15/8/8 26/26/26 25/25/25
f 15/8/8 16/10/10 27/27/27 26/26/26
f 16/10/10 17/12/12 28/28/28 27/27/27
f 17/12/12 18/14/14 29/29/29 28/28/28
f 18/14/14 19/16/16 30/30/30 29/29/29
f 19/16/16 20/18/18 31/31/31 30/30/30
f 20/18/18 21/20/20 32/32/32 31/31/31
f 21/20/20 22/22/22 33/33/33 32/32/32
f 23/24/24 24/23/23 35/34/34 34/35/35
f 24/23/23 25/25/25 36/36/36 35/34/34
f 25/25/25 26/26/26 37/37/37 36/36/36
f 26/26/26 27/27/27 38/38/38 37/37/37
f 27/27/27 28/28/28 39/39/39 38/38/38
f 28/28/28 29/29/29 40/40/40 39/39/39
f 29/29/29 30/30/30 41/41/41 40/40/40
f 30/30/30 31/31/31 42/42/42 41/41/41
f 31/31/31 32/32/32 43/43/43 42/42/42
f 32/32/32 33/33/33 44/44/44 43/43/43
f 34/35/35 35/34/34 46/45/45 45/46/46
f 35/34/34 36/36/36 47/47/47 46/45/45
f 36/36/36 37/37/37 48/48/48 47/47/47
f 37/37/37 38/38/38 49/49/49 48/48/48
f 38/38/38 39/39/39 50/50/50 49/49/49
f 39/39/39 40/40/40 51/51/51 50/50/50
f 40/40/40 41/41/41 52/52/52 51/51/51
f 41/41/41 42/42/42 53/53/53 52/52/52
f 42/42/42 43/43/43 54/54/54 53/53/53
f 43/43/43 44/44/44 55/55/55 54/54/54
f 45/46/46 46/45/45 57/56/56 56/57/57
f 46/45/45 47/47/47 58/58/58 57/56/56
f 47/47/47 48/48/48 59/59/59 58/58/58
f 48/48/48 49/49/49 60/60/60 59/59/59
f 49/49/49 50/50/50 61/61/61 60/60/60
f 50/50/50 51/51/51 62/62/62 61/61/61
f 51/51/51 52/52/52 63/63/63 62/62/62
f 52/52/52 53/53/53 64/64/64 63/63/63
f 53/53/53 54/54/54 65/65/65 64/64/64
f 54/54/54 55/55/55 66/66/66 65/65/65
f 56/57/57 57/56/56 68/67/67 67/68/68
f 57/56/56 58/58/58 69/69/69 68/67/67
f 58/58/58 59/59/59 70/70/70 69/69/69
f 59/59/59 60/60/60 71/71/71 70/70/70
f 60/60/60 61/61/61 72/72/72 71/71/71
f 61/61/61 62/62/62 73/73/73 72/72/72
f 62/62/62 63/63/63 74/74/74 73/73/73
f 63/63/63 64/64/64 75/75/75 74/74/74
f 64/64/64 65/65/65 76/76/76 75/75/75
f 65/65/65 66/66/66 77/77/77 76/76/76
f 67/68/68 68/67/67 79/78/78 78/79/79
f 68/67/67 69/69/69 80/80/80 79/78/78
f 69/69/69 70/70/70 81/81/81 80/80/80
f 70/70/70 71/71/71 82/82/82 81/81/81
f 71/71/71 72/72/72 83/83/83 82/82/82
f 72/72/72 73/73/73 84/84/84 83/83/83
f 73/73/73 74/74/74 85/85/85 84/84/84
f 74/74/74 75/75/75 86/86/86 85/85/85
f 75/75/75 76/76/76 87/87/87 86/86/86
f 76/76/76 77/77/77 88/88/88 87/87/87
f 78/79/79 79/78/78 90/89/89 89/90/90
f 79/78/78 80/80/80 91/91/91 90/89/89
f 80/80/80 81/81/81 92/92/92 91/91/91
f 81/81/81 82/82/82 93/93/93 92/92/92
f 82/82/82 83/83/83 94/94/94 93/93/93
f 83/83/83 84/84/84 95/95/95 94/94/94
f 84/84/84 85/85/85 96/96/96 95/95/95
f 85/85/85 86/86/86 97/97/97 96/96/96
f 86/86/86 87/87/87 98/98/98 97/97/97
f 87/87/87 88/88/88 99/99/99 98/98/98
f 89/90/90 90/89/89 101/100/100 100/101/101
f 90/89/89 91/91/91 102/102/102 101/100/100
f 91/91/91 92/92/92 103/103/103 102/102/102
f 92/92/92 93/93/93 104/104/104 103/103/103
f 93/93/93 94/94/94 105/105/105 104/104/104
f 94/94/94 95/95/95 106/106/106 105/105/105
f 95/95/95 96/96/96 107/107/107 106/106/106
f 96/96/96 97/97/97 108/108/108 107/107/107
f 97/97/97 98/98/98 109/109/109 108/108/108
f 98/98/98 99/99/99 110/110/110 109/109/109
f 100/101/101 101/100/100 112/111/111 111/112/112
f 101/100/100 102/102/102 113/113/113 112/111/111
f 102/102/102 103/103/103 114/114/114 113/113/113
f 103/103/103 104/104/104 115/115/115 114/114/114
f 104/104/104 105/105/105 116/116/116 115/115/115
f 105/105/105 106/106/106 117/117/117 116/116/116
f 106/106/106 107/107/107 118/118/118 117/117/117
f 107/107/107 108/108/108 119/119/119 118/118/118
f 108/108/108 109/109/109 120/120/120 119/119/119
f 109/109/109 110/110/110 121/121/121 120/120/120
f 7/13/13 6/11/11 122/122/122 123/123/123
f 8/15/15 7/13/13 123/123/123 124/124/124
f 33/33/33 22/22/22 125/125/125 126/126/126
f 44/44/44 33/33/33 126/126/126 127/127/127
f 55/55/55 44/44/44 127/127/127 128/128/128
f 88/88/88 77/77/77 129/129/129 130/130/130
f 99/99/99 88/88/88 130/130/130 131/131/131
f 115/115/115 116/116/116 133/132/132 132/133/133
f 116/116/116 117/117/117 134/134/134 133/132/132
f 117/117/117 118/118/118 135/135/135 134/134/134
f 78/79/79 89/90/90 137/136/136 136/137/137
f 89/90/90 100/101/101 138/138/138 137/136/136
f 45/46/46 56/57/57 140/139/139 139/140/140
f 56/57/57 67/68/68 141/141/141 140/139/139
f 2/2/2 1/1/1 142/142/142 143/143/143
f 1/1/1 12/4/4 144/144/144 142/142/142
f 12/4/4 23/24/24 145/145/145 144/144/144
s 2
usemtl Standard_Surface1SG
f 146/146/146 147/147/147 152/148/148 151/149/149
f 147/147/147 148/150/150 153/151/151 152/148/148
f 148/150/150 149/152/152 154/153/153 153/151/151
f 149/152/152 150/154/154 155/155/155 154/153/153
f 151/149/149 152/148/148 157/156/156 156/157/157
f 152/148/148 153/151/151 158/158/158 157/156/156
f 153/151/151 154/153/153 159/159/159 158/158/158
f 154/153/153 155/155/155 160/160/160 159/159/159
f 156/157/157 157/156/156 162/161/161 161/162/162
f 157/156/156 158/158/158 163/163/163 162/161/161
f 158/158/158 159/159/159 164/164/164 163/163/163
f 159/159/159 160/160/160 165/165/165 164/164/164
f 171/166/166 172/167/167 167/168/168 166/169/169
f 172/167/167 173/170/170 168/171/171 167/168/168
f 173/170/170 174/172/172 169/173/173 168/171/171
f 174/172/172 175/174/174 170/175/175 169/173/173
f 161/162/162 162/161/161 172/167/167 171/166/166
f 162/161/161 163/163/163 173/170/170 172/167/167
f 163/163/163 164/164/164 174/172/172 173/170/170
f 164/164/164 165/165/165 175/174/174 174/172/172
f 147/147/147 146/146/146 176/176/176 177/177/177
f 148/150/150 147/147/147 177/177/177 178/178/178
f 149/152/152 148/150/150 178/178/178 179/179/179
f 150/154/154 149/152/152 179/179/179 180/180/180
f 177/177/177 176/176/176 181/181/181 182/182/182
f 178/178/178 177/177/177 182/182/182 183/183/183
f 179/179/179 178/178/178 183/183/183 184/184/184
f 180/180/180 179/179/179 184/184/184 185/185/185
f 182/182/182 181/181/181 186/186/186 187/187/187
f 183/183/183 182/182/182 187/187/187 188/188/188
f 184/184/184 183/183/183 188/188/188 189/189/189
f 185/185/185 184/184/184 189/189/189 190/190/190
s 3
f 187/187/191 186/191/192 191/192/193 192/193/194
f 192/193/194 191/192/193 190/194/195 189/195/196
s off
f 188/188/197 187/187/198 192/193/199 189/195/200
s 4
usemtl Standard_Surface2SG
f 193/196/201 194/197/202 199/198/203 198/199/204
f 194/197/202 195/200/205 200/201/206 199/198/203
f 195/200/205 196/202/207 201/203/208 200/201/206
f 196/202/207 197/204/209 202/205/210 201/203/208
f 198/199/204 199/198/203 204/206/211 203/207/212
f 199/198/203 200/201/206 205/208/213 204/206/211
f 200/201/206 201/203/208 206/209/214 205/208/213
f 201/203/208 202/205/210 207/210/215 206/209/214
f 203/207/212 204/206/211 209/211/216 208/212/217
f 204/206/211 205/208/213 210/213/218 209/211/216
f 205/208/213 206/209/214 211/214/219 210/213/218
f 206/209/214 207/210/215 212/215/220 211/214/219
f 218/216/221 219/217/222 214/218/223 213/219/224
f 219/217/222 220/220/225 215/221/226 214/218/223
f 220/220/225 221/222/227 216/223/228 215/221/226
f 221/222/227 222/224/229 217/225/230 216/223/228
f 208/212/217 209/211/216 219/217/222 218/216/221
f 209/211/216 210/213/218 220/220/225 219/217/222
f 210/213/218 211/214/219 221/222/227 220/220/225
f 211/214/219 212/215/220 222/224/229 221/222/227
f 194/197/202 193/196/201 223/226/231 224/227/232
f 195/200/205 194/197/202 224/227/232 225/228/233
f 196/202/207 195/200/205 225/228/233 226/229/234
f 197/204/209 196/202/207 226/229/234 227/230/235
f 224/227/232 223/226/231 228/231/236 229/232/237
f 225/228/233 224/227/232 229/232/237 230/233/238
f 226/229/234 225/228/233 230/233/238 231/234/239
f 227/230/235 226/229/234 231/234/239 232/235/240
f 229/232/237 228/231/236 233/236/241 234/237/242
f 230/233/238 229/232/237 234/237/242 235/238/243
f 231/234/239 230/233/238 235/238/243 236/239/244
f 232/235/240 231/234/239 236/239/244 237/240/245
s 5
f 234/237/246 233/241/247 238/242/248 239/243/249
f 239/243/249 238/242/248 237/244/250 236/245/251
s off
f 235/238/252 234/237/253 239/243/254 236/245/255
s 6
usemtl Standard_Surface1SG
f 240/246/256 241/247/257 246/248/258 245/249/259
f 241/247/257 242/250/260 247/251/261 246/248/258
f 242/250/260 243/252/262 248/253/263 247/251/261
f 243/252/262 244/254/264 249/255/265 248/253/263
f 245/249/259 246/248/258 251/256/266 250/257/267
f 246/248/258 247/251/261 252/258/268 251/256/266
f 247/251/261 248/253/263 253/259/269 252/258/268
f 248/253/263 249/255/265 254/260/270 253/259/269
f 250/257/267 251/256/266 256/261/271 255/262/272
f 251/256/266 252/258/268 257/263/273 256/261/271
f 252/258/268 253/259/269 258/264/274 257/263/273
f 253/259/269 254/260/270 259/265/275 258/264/274
f 265/266/276 266/267/277 261/268/278 260/269/279
f 266/267/277 267/270/280 262/271/281 261/268/278
f 267/270/280 268/272/282 263/273/283 262/271/281
f 268/272/282 269/274/284 264/275/285 263/273/283
f 255/262/272 256/261/271 266/267/277 265/266/276
f 256/261/271 257/263/273 267/270/280 266/267/277
f 257/263/273 258/264/274 268/272/282 267/270/280
f 258/264/274 259/265/275 269/274/284 268/272/282
f 241/247/257 240/246/256 270/276/286 271/277/287
f 242/250/260 241/247/257 271/277/287 272/278/288
f 243/252/262 242/250/260 272/278/288 273/279/289
f 244/254/264 243/252/262 273/279/289 274/280/290
f 271/277/287 270/276/286 275/281/291 276/282/292
f 272/278/288 271/277/287 276/282/292 277/283/293
f 273/279/289 272/278/288 277/283/293 278/284/294
f 274/280/290 273/279/289 278/284/294 279/285/295
f 276/282/292 275/281/291 280/286/296 281/287/297
f 277/283/293 276/282/292 281/287/297 282/288/298
f 278/284/294 277/283/293 282/288/298 283/289/299
f 279/285/295 278/284/294 283/289/299 284/290/300
s 7
f 281/287/301 280/291/302 285/292/303 286/293/304
f 286/293/304 285/292/303 284/294/305 283/295/306
s off
f 282/288/307 281/287/308 286/293/309 283/295/310
s 8
f 287/296/311 288/297/312 293/298/313 292/299/314
f 288/297/312 289/300/315 294/301/316 293/298/313
f 289/300/315 290/302/317 295/303/318 294/301/316
f 290/302/317 291/304/319 296/305/320 295/303/318
f 292/299/314 293/298/313 298/306/321 297/307/322
f 293/298/313 294/301/316 299/308/323 298/306/321
f 294/301/316 295/303/318 300/309/324 299/308/323
f 295/303/318 296/305/320 301/310/325 300/309/324
f 297/307/322 298/306/321 303/311/326 302/312/327
f 298/306/321 299/308/323 304/313/328 303/311/326
f 299/308/323 300/309/324 305/314/329 304/313/328
f 300/309/324 301/310/325 306/315/330 305/314/329
f 312/316/331 313/317/332 308/318/333 307/319/334
f 313/317/332 314/320/335 309/321/336 308/318/333
f 314/320/335 315/322/337 310/323/338 309/321/336
f 315/322/337 316/324/339 311/325/340 310/323/338
f 302/312/327 303/311/326 313/317/332 312/316/331
f 303/311/326 304/313/328 314/320/335 313/317/332
f 304/313/328 305/314/329 315/322/337 314/320/335
f 305/314/329 306/315/330 316/324/339 315/322/337
f 288/297/312 287/296/311 317/326/341 318/327/342
f 289/300/315 288/297/312 318/327/342 319/328/343
f 290/302/317 289/300/315 319/328/343 320/329/344
f 291/304/319 290/302/317 320/329/344 321/330/345
f 318/327/342 317/326/341 322/331/346 323/332/347
f 319/328/343 318/327/342 323/332/347 324/333/348
f 320/329/344 319/328/343 324/333/348 325/334/349
f 321/330/345 320/329/344 325/334/349 326/335/350
f 323/332/347 322/331/346 327/336/351 328/337/352
f 324/333/348 323/332/347 328/337/352 329/338/353
f 325/334/349 324/333/348 329/338/353 330/339/354
f 326/335/350 325/334/349 330/339/354 331/340/355
s 9
f 328/337/356 327/341/357 332/342/358 333/343/359
f 333/343/359 332/342/358 331/344/360 330/345/361
s off
f 329/338/362 328/337/363 333/343/364 330/345/365
s 10
f 334/346/366 335/347/367 340/348/368 339/349/369
f 335/347/367 336/350/370 341/351/371 340/348/368
f 336/350/370 337/352/372 342/353/373 341/351/371
f 337/352/372 338/354/374 343/355/375 342/353/373
f 339/349/369 340/348/368 345/356/376 344/357/377
f 340/348/368 341/351/371 346/358/378 345/356/376
f 341/351/371 342/353/373 347/359/379 346/358/378
f 342/353/373 343/355/375 348/360/380 347/359/379
f 344/357/377 345/356/376 350/361/381 349/362/382
f 345/356/376 346/358/378 351/363/383 350/361/381
f 346/358/378 347/359/379 352/364/384 351/363/383
f 347/359/379 348/360/380 353/365/385 352/364/384
f 359/366/386 360/367/387 355/368/388 354/369/389
f 360/367/387 361/370/390 356/371/391 355/368/388
f 361/370/390 362/372/392 357/373/393 356/371/391
f 362/372/392 363/374/394 358/375/395 357/373/393
f 349/362/382 350/361/381 360/367/387 359/366/386
f 350/361/381 351/363/383 361/370/390 360/367/387
f 351/363/383 352/364/384 362/372/392 361/370/390
f 352/364/384 353/365/385 363/374/394 362/372/392
f 335/347/367 334/346/366 364/376/396 365/377/397
f 336/350/370 335/347/367 365/377/397 366/378/398
f 337/352/372 336/350/370 366/378/398 367/379/399
f 338/354/374 337/352/372 367/379/399 368/380/400
f 365/377/397 364/376/396 369/381/401 370/382/402
f 366/378/398 365/377/397 370/382/402 371/383/403
f 367/379/399 366/378/398 371/383/403 372/384/404
f 368/380/400 367/379/399 372/384/404 373/385/405
f 370/382/402 369/381/401 374/386/406 375/387/407
f 371/383/403 370/382/402 375/387/407 376/388/408
f 372/384/404 371/383/403 376/388/408 377/389/409
f 373/385/405 372/384/404 377/389/409 378/390/410
s 11
f 375/387/411 374/391/412 379/392/413 380/393/414
f 380/393/414 379/392/413 378/394/415 377/395/416
s off
f 376/388/417 375/387/418 380/393/419 377/395/420
s 12
f 381/396/421 382/397/422 387/398/423 386/399/424
f 382/397/422 383/400/425 388/401/426 387/398/423
f 383/400/425 384/402/427 389/403/428 388/401/426
f 384/402/427 385/404/429 390/405/430 389/403/428
f 386/399/424 387/398/423 392/406/431 391/407/432
f 387/398/423 388/401/426 393/408/433 392/406/431
f 388/401/426 389/403/428 394/409/434 393/408/433
f 389/403/428 390/405/430 395/410/435 394/409/434
f 391/407/432 392/406/431 397/411/436 396/412/437
f 392/406/431 393/408/433 398/413/438 397/411/436
f 393/408/433 394/409/434 399/414/439 398/413/438
f 394/409/434 395/410/435 400/415/440 399/414/439
f 406/416/441 407/417/442 402/418/443 401/419/444
f 407/417/442 408/420/445 403/421/446 402/418/443
f 408/420/445 409/422/447 404/423/448 403/421/446
f 409/422/447 410/424/449 405/425/450 404/423/448
f 396/412/437 397/411/436 407/417/442 406/416/441
f 397/411/436 398/413/438 408/420/445 407/417/442
f 398/413/438 399/414/439 409/422/447 408/420/445
f 399/414/439 400/415/440 410/424/449 409/422/447
f 382/397/422 381/396/421 411/426/451 412/427/452
f 383/400/425 382/397/422 412/427/452 413/428/453
f 384/402/427 383/400/425 413/428/453 414/429/454
f 385/404/429 384/402/427 414/429/454 415/430/455
f 412/427/452 411/426/451 416/431/456 417/432/457
f 413/428/453 412/427/452 417/432/457 418/433/458
f 414/429/454 413/428/453 418/433/458 419/434/459
f 415/430/455 414/429/454 419/434/459 420/435/460
f 417/432/457 416/431/456 421/436/461 422/437/462
f 418/433/458 417/432/457 422/437/462 423/438/463
f 419/434/459 418/433/458 423/438/463 424/439/464
f 420/435/460 419/434/459 424/439/464 425/440/465
s 13
f 422/437/466 421/441/467 426/442/468 427/443/469
f 427/443/469 426/442/468 425/444/470 424/445/471
s off
f 423/438/472 422/437/473 427/443/474 424/445/475
s 14
f 428/446/476 429/447/477 434/448/478 433/449/479
f 429/447/477 430/450/480 435/451/481 434/448/478
f 430/450/480 431/452/482 436/453/483 435/451/481
f 431/452/482 432/454/484 437/455/485 436/453/483
f 433/449/479 434/448/478 439/456/486 438/457/487
f 434/448/478 435/451/481 440/458/488 439/456/486
f 435/451/481 436/453/483 441/459/489 440/458/488
f 436/453/483 437/455/485 442/460/490 441/459/489
f 438/457/487 439/456/486 444/461/491 443/462/492
f 439/456/486 440/458/488 445/463/493 444/461/491
f 440/458/488 441/459/489 446/464/494 445/463/493
f 441/459/489 442/460/490 447/465/495 446/464/494
f 453/466/496 454/467/497 449/468/498 448/469/499
f 454/467/497 455/470/500 450/471/501 449/468/498
f 455/470/500 456/472/502 451/473/503 450/471/501
f 456/472/502 457/474/504 452/475/505 451/473/503
f 443/462/492 444/461/491 454/467/497 453/466/496
f 444/461/491 445/463/493 455/470/500 454/467/497
f 445/463/493 446/464/494 456/472/502 455/470/500
f 446/464/494 447/465/495 457/474/504 456/472/502
f 429/447/477 428/446/476 458/476/506 459/477/507
f 430/450/480 429/447/477 459/477/507 460/478/508
f 431/452/482 430/450/480 460/478/508 461/479/509
f 432/454/484 431/452/482 461/479/509 462/480/510
f 459/477/507 458/476/506 463/481/511 464/482/512
f 460/478/508 459/477/507 464/482/512 465/483/513
f 461/479/509 460/478/508 465/483/513 466/484/514
f 462/480/510 461/479/509 466/484/514 467/485/515
f 464/482/512 463/481/511 468/486/516 469/487/517
f 465/483/513 464/482/512 469/487/517 470/488/518
f 466/484/514 465/483/513 470/488/518 471/489/519
f 467/485/515 466/484/514 471/489/519 472/490/520
s 15
f 469/487/521 468/491/522 473/492/523 474/493/524
f 474/493/524 473/492/523 472/494/525 471/495/526
s off
f 470/488/527 469/487/528 474/493/529 471/495/530
s 16
f 475/496/531 476/497/532 481/498/533 480/499/534
f 476/497/532 477/500/535 482/501/536 481/498/533
f 477/500/535 478/502/537 483/503/538 482/501/536
f 478/502/537 479/504/539 484/505/540 483/503/538
f 480/499/534 481/498/533 486/506/541 485/507/542
f 481/498/533 482/501/536 487/508/543 486/506/541
f 482/501/536 483/503/538 488/509/544 487/508/543
f 483/503/538 484/505/540 489/510/545 488/509/544
f 485/507/542 486/506/541 491/511/546 490/512/547
f 486/506/541 487/508/543 492/513/548 491/511/546
f 487/508/543 488/509/544 493/514/549 492/513/548
f 488/509/544 489/510/545 494/515/550 493/514/549
f 500/516/551 501/517/552 496/518/553 495/519/554
f 501/517/552 502/520/555 497/521/556 496/518/553
f 502/520/555 503/522/557 498/523/558 497/521/556
f 503/522/557 504/524/559 499/525/560 498/523/558
f 490/512/547 491/511/546 501/517/552 500/516/551
f 491/511/546 492/513/548 502/520/555 501/517/552
f 492/513/548 493/514/549 503/522/557 502/520/555
f 493/514/549 494/515/550 504/524/559 503/522/557
f 476/497/532 475/496/531 505/526/561 506/527/562
f 477/500/535 476/497/532 506/527/562 507/528/563
f 478/502/537 477/500/535 507/528/563 508/529/564
f 479/504/539 478/502/537 508/529/564 509/530/565
f 506/527/562 505/526/561 510/531/566 511/532/567
f 507/528/563 506/527/562 511/532/567 512/533/568
f 508/529/564 507/528/563 512/533/568 513/534/569
f 509/530/565 508/529/564 513/534/569 514/535/570
f 511/532/567 510/531/566 515/536/571 516/537/572
f 512/533/568 511/532/567 516/537/572 517/538/573
f 513/534/569 512/533/568 517/538/573 518/539/574
f 514/535/570 513/534/569 518/539/574 519/540/575
s 17
f 516/537/576 515/541/577 520/542/578 521/543/579
f 521/543/579 520/542/578 519/544/580 518/545/581
s off
f 517/538/582 516/537/583 521/543/584 518/545/585
s 18
f 522/546/586 523/547/587 528/548/588 527/549/589
f 523/547/587 524/550/590 529/551/591 528/548/588
f 524/550/590 525/552/592 530/553/593 529/551/591
f 525/552/592 526/554/594 531/555/595 530/553/593
f 527/549/589 528/548/588 533/556/596 532/557/597
f 528/548/588 529/551/591 534/558/598 533/556/596
f 529/551/591 530/553/593 535/559/599 534/558/598
f 530/553/593 531/555/595 536/560/600 535/559/599
f 532/557/597 533/556/596 538/561/601 537/562/602
f 533/556/596 534/558/598 539/563/603 538/561/601
f 534/558/598 535/559/599 540/564/604 539/563/603
f 535/559/599 536/560/600 541/565/605 540/564/604
f 547/566/606 548/567/607 543/568/608 542/569/609
f 548/567/607 549/570/610 544/571/611 543/568/608
f 549/570/610 550/572/612 545/573/613 544/571/611
f 550/572/612 551/574/614 546/575/615 545/573/613
f 537/562/602 538/561/601 548/567/607 547/566/606
f 538/561/601 539/563/603 549/570/610 548/567/607
f 539/563/603 540/564/604 550/572/612 549/570/610
f 540/564/604 541/565/605 551/574/614 550/572/612
f 523/547/587 522/546/586 552/576/616 553/577/617
f 524/550/590 523/547/587 553/577/617 554/578/618
f 525/552/592 524/550/590 554/578/618 555/579/619
f 526/554/594 525/552/592 555/579/619 556/580/620
f 553/577/617 552/576/616 557/581/621 558/582/622
f 554/578/618 553/577/617 558/582/622 559/583/623
f 555/579/619 554/578/618 559/583/623 560/584/624
f 556/580/620 555/579/619 560/584/624 561/585/625
f 558/582/622 557/581/621 562/586/626 563/587/627
f 559/583/623 558/582/622 563/587/627 564/588/628
f 560/584/624 559/583/623 564/588/628 565/589/629
f 561/585/625 560/584/624 565/589/629 566/590/630
s 19
f 563/587/631 562/591/632 567/592/633 568/593/634
f 568/593/634 567/592/633 566/594/635 565/595/636
s off
f 564/588/637 563/587/638 568/593/639 565/595/640
s 20
f 569/596/641 570/597/642 575/598/643 574/599/644
f 570/597/642 571/600/645 576/601/646 575/598/643
f 571/600/645 572/602/647 577/603/648 576/601/646
f 572/602/647 573/604/649 578/605/650 577/603/648
f 574/599/644 575/598/643 580/606/651 579/607/652
f 575/598/643 576/601/646 581/608/653 580/606/651
f 576/601/646 577/603/648 582/609/654 581/608/653
f 577/603/648 578/605/650 583/610/655 582/609/654
f 579/607/652 580/606/651 585/611/656 584/612/657
f 580/606/651 581/608/653 586/613/658 585/611/656
f 581/608/653 582/609/654 587/614/659 586/613/658
f 582/609/654 583/610/655 588/615/660 587/614/659
f 594/616/661 595/617/662 590/618/663 589/619/664
f 595/617/662 596/620/665 591/621/666 590/618/663
f 596/620/665 597/622/667 592/623/668 591/621/666
f 597/622/667 598/624/669 593/625/670 592/623/668
f 584/612/657 585/611/656 595/617/662 594/616/661
f 585/611/656 586/613/658 596/620/665 595/617/662
f 586/613/658 587/614/659 597/622/667 596/620/665
f 587/614/659 588/615/660 598/624/669 597/622/667
f 570/597/642 569/596/641 599/626/671 600/627/672
f 571/600/645 570/597/642 600/627/672 601/628/673
f 572/602/647 571/600/645 601/628/673 602/629/674
f 573/604/649 572/602/647 602/629/674 603/630/675
f 600/627/672 599/626/671 604/631/676 605/632/677
f 601/628/673 600/627/672 605/632/677 606/633/678
f 602/629/674 601/628/673 606/633/678 607/634/679
f 603/630/675 602/629/674 607/634/679 608/635/680
f 605/632/677 604/631/676 609/636/681 610/637/682
f 606/633/678 605/632/677 610/637/682 611/638/683
f 607/634/679 606/633/678 611/638/683 612/639/684
f 608/635/680 607/634/679 612/639/684 613/640/685
s 21
f 610/637/686 609/641/687 614/642/688 615/643/689
f 615/643/689 614/642/688 613/644/690 612/645/691
s off
f 611/638/692 610/637/693 615/643/694 612/645/695
s 22
f 616/646/696 617/647/697 622/648/698 621/649/699
f 617/647/697 618/650/700 623/651/701 622/648/698
f 618/650/700 619/652/702 624/653/703 623/651/701
f 619/652/702 620/654/704 625/655/705 624/653/703
f 621/649/699 622/648/698 627/656/706 626/657/707
f 622/648/698 623/651/701 628/658/708 627/656/706
f 623/651/701 624/653/703 629/659/709 628/658/708
f 624/653/703 625/655/705 630/660/710 629/659/709
f 626/657/707 627/656/706 632/661/711 631/662/712
f 627/656/706 628/658/708 633/663/713 632/661/711
f 628/658/708 629/659/709 634/664/714 633/663/713
f 629/659/709 630/660/710 635/665/715 634/664/714
f 641/666/716 642/667/717 637/668/718 636/669/719
f 642/667/717 643/670/720 638/671/721 637/668/718
f 643/670/720 644/672/722 639/673/723 638/671/721
f 644/672/722 645/674/724 640/675/725 639/673/723
f 631/662/712 632/661/711 642/667/717 641/666/716
f 632/661/711 633/663/713 643/670/720 642/667/717
f 633/663/713 634/664/714 644/672/722 643/670/720
f 634/664/714 635/665/715 645/674/724 644/672/722
f 617/647/697 616/646/696 646/676/726 647/677/727
f 618/650/700 617/647/697 647/677/727 648/678/728
f 619/652/702 618/650/700 648/678/728 649/679/729
f 620/654/704 619/652/702 649/679/729 650/680/730
f 647/677/727 646/676/726 651/681/731 652/682/732
f 648/678/728 647/677/727 652/682/732 653/683/733
f 649/679/729 648/678/728 653/683/733 654/684/734
f 650/680/730 649/679/729 654/684/734 655/685/735
f 652/682/732 651/681/731 656/686/736 657/687/737
f 653/683/733 652/682/732 657/687/737 658/688/738
f 654/684/734 653/683/733 658/688/738 659/689/739
f 655/685/735 654/684/734 659/689/739 660/690/740
s 23
f 657/687/741 656/691/742 661/692/743 662/693/744
f 662/693/744 661/692/743 660/694/745 659/695/746
s off
f 658/688/747 657/687/748 662/693/749 659/695/750
s 24
f 663/696/751 664/697/752 669/698/753 668/699/754
f 664/697/752 665/700/755 670/701/756 669/698/753
f 665/700/755 666/702/757 671/703/758 670/701/756
f 666/702/757 667/704/759 672/705/760 671/703/758
f 668/699/754 669/698/753 674/706/761 673/707/762
f 669/698/753 670/701/756 675/708/763 674/706/761
f 670/701/756 671/703/758 676/709/764 675/708/763
f 671/703/758 672/705/760 677/710/765 676/709/764
f 673/707/762 674/706/761 679/711/766 678/712/767
f 674/706/761 675/708/763 680/713/768 679/711/766
f 675/708/763 676/709/764 681/714/769 680/713/768
f 676/709/764 677/710/765 682/715/770 681/714/769
f 688/716/771 689/717/772 684/718/773 683/719/774
f 689/717/772 690/720/775 685/721/776 684/718/773
f 690/720/775 691/722/777 686/723/778 685/721/776
f 691/722/777 692/724/779 687/725/780 686/723/778
f 678/712/767 679/711/766 689/717/772 688/716/771
f 679/711/766 680/713/768 690/720/775 689/717/772
f 680/713/768 681/714/769 691/722/777 690/720/775
f 681/714/769 682/715/770 692/724/779 691/722/777
f 664/697/752 663/696/751 693/726/781 694/727/782
f 665/700/755 664/697/752 694/727/782 695/728/783
f 666/702/757 665/700/755 695/728/783 696/729/784
f 667/704/759 666/702/757 696/729/784 697/730/785
f 694/727/782 693/726/781 698/731/786 699/732/787
f 695/728/783 694/727/782 699/732/787 700/733/788
f 696/729/784 695/728/783 700/733/788 701/734/789
f 697/730/785 696/729/784 701/734/789 702/735/790
f 699/732/787 698/731/786 703/736/791 704/737/792
f 700/733/788 699/732/787 704/737/792 705/738/793
f 701/734/789 700/733/788 705/738/793 706/739/794
f 702/735/790 701/734/789 706/739/794 707/740/795
s 25
f 704/737/796 703/741/797 708/742/798 709/743/799
f 709/743/799 708/742/798 707/744/800 706/745/801
s off
f 705/738/802 704/737/803 709/743/804 706/745/805
s 26
f 710/746/806 711/747/807 716/748/808 715/749/809
f 711/747/807 712/750/810 717/751/811 716/748/808
f 712/750/810 713/752/812 718/753/813 717/751/811
f 713/752/812 714/754/814 719/755/815 718/753/813
f 715/749/809 716/748/808 721/756/816 720/757/817
f 716/748/808 717/751/811 722/758/818 721/756/816
f 717/751/811 718/753/813 723/759/819 722/758/818
f 718/753/813 719/755/815 724/760/820 723/759/819
f 720/757/817 721/756/816 726/761/821 725/762/822
f 721/756/816 722/758/818 727/763/823 726/761/821
f 722/758/818 723/759/819 728/764/824 727/763/823
f 723/759/819 724/760/820 729/765/825 728/764/824
f 735/766/826 736/767/827 731/768/828 730/769/829
f 736/767/827 737/770/830 732/771/831 731/768/828
f 737/770/830 738/772/832 733/773/833 732/771/831
f 738/772/832 739/774/834 734/775/835 733/773/833
f 725/762/822 726/761/821 736/767/827 735/766/826
f 726/761/821 727/763/823 737/770/830 736/767/827
f 727/763/823 728/764/824 738/772/832 737/770/830
f 728/764/824 729/765/825 739/774/834 738/772/832
f 711/747/807 710/746/806 740/776/836 741/777/837
f 712/750/810 711/747/807 741/777/837 742/778/838
f 713/752/812 712/750/810 742/778/838 743/779/839
f 714/754/814 713/752/812 743/779/839 744/780/840
f 741/777/837 740/776/836 745/781/841 746/782/842
f 742/778/838 741/777/837 746/782/842 747/783/843
f 743/779/839 742/778/838 747/783/843 748/784/844
f 744/780/840 743/779/839 748/784/844 749/785/845
f 746/782/842 745/781/841 750/786/846 751/787/847
f 747/783/843 746/782/842 751/787/847 752/788/848
f 748/784/844 747/783/843 752/788/848 753/789/849
f 749/785/845 748/784/844 753/789/849 754/790/850
s 27
f 751/787/851 750/791/852 755/792/853 756/793/854
f 756/793/854 755/792/853 754/794/855 753/795/856
s off
f 752/788/857 751/787/858 756/793/859 753/795/860
s 28
usemtl Standard_Surface2SG
f 757/796/861 758/797/862 763/798/863 762/799/864
f 758/797/862 759/800/865 764/801/866 763/798/863
f 759/800/865 760/802/867 765/803/868 764/801/866
f 760/802/867 761/804/869 766/805/870 765/803/868
f 762/799/864 763/798/863 768/806/871 767/807/872
f 763/798/863 764/801/866 769/808/873 768/806/871
f 764/801/866 765/803/868 770/809/874 769/808/873
f 765/803/868 766/805/870 771/810/875 770/809/874
f 767/807/872 768/806/871 773/811/876 772/812/877
f 768/806/871 769/808/873 774/813/878 773/811/876
f 769/808/873 770/809/874 775/814/879 774/813/878
f 770/809/874 771/810/875 776/815/880 775/814/879
f 782/816/881 783/817/882 778/818/883 777/819/884
f 783/817/882 784/820/885 779/821/886 778/818/883
f 784/820/885 785/822/887 780/823/888 779/821/886
f 785/822/887 786/824/889 781/825/890 780/823/888
f 772/812/877 773/811/876 783/817/882 782/816/881
f 773/811/876 774/813/878 784/820/885 783/817/882
f 774/813/878 775/814/879 785/822/887 784/820/885
f 775/814/879 776/815/880 786/824/889 785/822/887
f 758/797/862 757/796/861 787/826/891 788/827/892
f 759/800/865 758/797/862 788/827/892 789/828/893
f 760/802/867 759/800/865 789/828/893 790/829/894
f 761/804/869 760/802/867 790/829/894 791/830/895
f 788/827/892 787/826/891 792/831/896 793/832/897
f 789/828/893 788/827/892 793/832/897 794/833/898
f 790/829/894 789/828/893 794/833/898 795/834/899
f 791/830/895 790/829/894 795/834/899 796/835/900
f 793/832/897 792/831/896 797/836/901 798/837/902
f 794/833/898 793/832/897 798/837/902 799/838/903
f 795/834/899 794/833/898 799/838/903 800/839/904
f 796/835/900 795/834/899 800/839/904 801/840/905
s 29
f 798/837/906 797/841/907 802/842/908 803/843/909
f 803/843/909 802/842/908 801/844/910 800/845/911
s off
f 799/838/912 798/837/913 803/843/914 800/845/915
s 30
f 804/846/916 805/847/917 810/848/918 809/849/919
f 805/847/917 806/850/920 811/851/921 810/848/918
f 806/850/920 807/852/922 812/853/923 811/851/921
f 807/852/922 808/854/924 813/855/925 812/853/923
f 809/849/919 810/848/918 815/856/926 814/857/927
f 810/848/918 811/851/921 816/858/928 815/856/926
f 811/851/921 812/853/923 817/859/929 816/858/928
f 812/853/923 813/855/925 818/860/930 817/859/929
f 814/857/927 815/856/926 820/861/931 819/862/932
f 815/856/926 816/858/928 821/863/933 820/861/931
f 816/858/928 817/859/929 822/864/934 821/863/933
f 817/859/929 818/860/930 823/865/935 822/864/934
f 829/866/936 830/867/937 825/868/938 824/869/939
f 830/867/937 831/870/940 826/871/941 825/868/938
f 831/870/940 832/872/942 827/873/943 826/871/941
f 832/872/942 833/874/944 828/875/945 827/873/943
f 819/862/932 820/861/931 830/867/937 829/866/936
f 820/861/931 821/863/933 831/870/940 830/867/937
f 821/863/933 822/864/934 832/872/942 831/870/940
f 822/864/934 823/865/935 833/874/944 832/872/942
f 805/847/917 804/846/916 834/876/946 835/877/947
f 806/850/920 805/847/917 835/877/947 836/878/948
f 807/852/922 806/850/920 836/878/948 837/879/949
f 808/854/924 807/852/922 837/879/949 838/880/950
f 835/877/947 834/876/946 839/881/951 840/882/952
f 836/878/948 835/877/947 840/882/952 841/883/953
f 837/879/949 836/878/948 841/883/953 842/884/954
f 838/880/950 837/879/949 842/884/954 843/885/955
f 840/882/952 839/881/951 844/886/956 845/887/957
f 841/883/953 840/882/952 845/887/957 846/888/958
f 842/884/954 841/883/953 846/888/958 847/889/959
f 843/885/955 842/884/954 847/889/959 848/890/960
s 31
f 845/887/961 844/891/962 849/892/963 850/893/964
f 850/893/964 849/892/963 848/894/965 847/895/966
s off
f 846/888/967 845/887/968 850/893/969 847/895/970
s 32
f 851/896/971 852/897/972 857/898/973 856/899/974
f 852/897/972 853/900/975 858/901/976 857/898/973
f 853/900/975 854/902/977 859/903/978 858/901/976
f 854/902/977 855/904/979 860/905/980 859/903/978
f 856/899/974 857/898/973 862/906/981 861/907/982
f 857/898/973 858/901/976 863/908/983 862/906/981
f 858/901/976 859/903/978 864/909/984 863/908/983
f 859/903/978 860/905/980 865/910/985 864/909/984
f 861/907/982 862/906/981 867/911/986 866/912/987
f 862/906/981 863/908/983 868/913/988 867/911/986
f 863/908/983 864/909/984 869/914/989 868/913/988
f 864/909/984 865/910/985 870/915/990 869/914/989
f 876/916/991 877/917/992 872/918/993 871/919/994
f 877/917/992 878/920/995 873/921/996 872/918/993
f 878/920/995 879/922/997 874/923/998 873/921/996
f 879/922/997 880/924/999 875/925/1000 874/923/998
f 866/912/987 867/911/986 877/917/992 876/916/991
f 867/911/986 868/913/988 878/920/995 877/917/992
f 868/913/988 869/914/989 879/922/997 878/920/995
f 869/914/989 870/915/990 880/924/999 879/922/997
f 852/897/972 851/896/971 881/926/1001 882/927/1002
f 853/900/975 852/897/972 882/927/1002 883/928/1003
f 854/902/977 853/900/975 883/928/1003 884/929/1004
f 855/904/979 854/902/977 884/929/1004 885/930/1005
f 882/927/1002 881/926/1001 886/931/1006 887/932/1007
f 883/928/1003 882/927/1002 887/932/1007 888/933/1008
f 884/929/1004 883/928/1003 888/933/1008 889/934/1009
f 885/930/1005 884/929/1004 889/934/1009 890/935/1010
f 887/932/1007 886/931/1006 891/936/1011 892/937/1012
f 888/933/1008 887/932/1007 892/937/1012 893/938/1013
f 889/934/1009 888/933/1008 893/938/1013 894/939/1014
f 890/935/1010 889/934/1009 894/939/1014 895/940/1015
s 33
f 892/937/1016 891/941/1017 896/942/1018 897/943/1019
f 897/943/1019 896/942/1018 895/944/1020 894/945/1021
s off
f 893/938/1022 892/937/1023 897/943/1024 894/945/1025
s 34
f 898/946/1026 899/947/1027 904/948/1028 903/949/1029
f 899/947/1027 900/950/1030 905/951/1031 904/948/1028
f 900/950/1030 901/952/1032 906/953/1033 905/951/1031
f 901/952/1032 902/954/1034 907/955/1035 906/953/1033
f 903/949/1029 904/948/1028 909/956/1036 908/957/1037
f 904/948/1028 905/951/1031 910/958/1038 909/956/1036
f 905/951/1031 906/953/1033 911/959/1039 910/958/1038
f 906/953/1033 907/955/1035 912/960/1040 911/959/1039
f 908/957/1037 909/956/1036 914/961/1041 913/962/1042
f 909/956/1036 910/958/1038 915/963/1043 914/961/1041
f 910/958/1038 911/959/1039 916/964/1044 915/963/1043
f 911/959/1039 912/960/1040 917/965/1045 916/964/1044
f 923/966/1046 924/967/1047 919/968/1048 918/969/1049
f 924/967/1047 925/970/1050 920/971/1051 919/968/1048
f 925/970/1050 926/972/1052 921/973/1053 920/971/1051
f 926/972/1052 927/974/1054 922/975/1055 921/973/1053
f 913/962/1042 914/961/1041 924/967/1047 923/966/1046
f 914/961/1041 915/963/1043 925/970/1050 924/967/1047
f 915/963/1043 916/964/1044 926/972/1052 925/970/1050
f 916/964/1044 917/965/1045 927/974/1054 926/972/1052
f 899/947/1027 898/946/1026 928/976/1056 929/977/1057
f 900/950/1030 899/947/1027 929/977/1057 930/978/1058
f 901/952/1032 900/950/1030 930/978/1058 931/979/1059
f 902/954/1034 901/952/1032 931/979/1059 932/980/1060
f 929/977/1057 928/976/1056 933/981/1061 934/982/1062
f 930/978/1058 929/977/1057 934/982/1062 935/983/1063
f 931/979/1059 930/978/1058 935/983/1063 936/984/1064
f 932/980/1060 931/979/1059 936/984/1064 937/985/1065
f 934/982/1062 933/981/1061 938/986/1066 939/987/1067
f 935/983/1063 934/982/1062 939/987/1067 940/988/1068
f 936/984/1064 935/983/1063 940/988/1068 941/989/1069
f 937/985/1065 936/984/1064 941/989/1069 942/990/1070
s 35
f 939/987/1071 938/991/1072 943/992/1073 944/993/1074
f 944/993/1074 943/992/1073 942/994/1075 941/995/1076
s off
f 940/988/1077 939/987/1078 944/993/1079 941/995/1080
s 36
f 945/996/1081 946/997/1082 951/998/1083 950/999/1084
f 946/997/1082 947/1000/1085 952/1001/1086 951/998/1083
f 947/1000/1085 948/1002/1087 953/1003/1088 952/1001/1086
f 948/1002/1087 949/1004/1089 954/1005/1090 953/1003/1088
f 950/999/1084 951/998/1083 956/1006/1091 955/1007/1092
f 951/998/1083 952/1001/1086 957/1008/1093 956/1006/1091
f 952/1001/1086 953/1003/1088 958/1009/1094 957/1008/1093
f 953/1003/1088 954/1005/1090 959/1010/1095 958/1009/1094
f 955/1007/1092 956/1006/1091 961/1011/1096 960/1012/1097
f 956/1006/1091 957/1008/1093 962/1013/1098 961/1011/1096
f 957/1008/1093 958/1009/1094 963/1014/1099 962/1013/1098
f 958/1009/1094 959/1010/1095 964/1015/1100 963/1014/1099
f 970/1016/1101 971/1017/1102 966/1018/1103 965/1019/1104
f 971/1017/1102 972/1020/1105 967/1021/1106 966/1018/1103
f 972/1020/1105 973/1022/1107 968/1023/1108 967/1021/1106
f 973/1022/1107 974/1024/1109 969/1025/1110 968/1023/1108
f 960/1012/1097 961/1011/1096 971/1017/1102 970/1016/1101
f 961/1011/1096 962/1013/1098 972/1020/1105 971/1017/1102
f 962/1013/1098 963/1014/1099 973/1022/1107 972/1020/1105
f 963/1014/1099 964/1015/1100 974/1024/1109 973/1022/1107
f 946/997/1082 945/996/1081 975/1026/1111 976/1027/1112
f 947/1000/1085 946/997/1082 976/1027/1112 977/1028/1113
f 948/1002/1087 947/1000/1085 977/1028/1113 978/1029/1114
f 949/1004/1089 948/1002/1087 978/1029/1114 979/1030/1115
f 976/1027/1112 975/1026/1111 980/1031/1116 981/1032/1117
f 977/1028/1113 976/1027/1112 981/1032/1117 982/1033/1118
f 978/1029/1114 977/1028/1113 982/1033/1118 983/1034/1119
f 979/1030/1115 978/1029/1114 983/1034/1119 984/1035/1120
f 981/1032/1117 980/1031/1116 985/1036/1121 986/1037/1122
f 982/1033/1118 981/1032/1117 986/1037/1122 987/1038/1123
f 983/1034/1119 982/1033/1118 987/1038/1123 988/1039/1124
f 984/1035/1120 983/1034/1119 988/1039/1124 989/1040/1125
s 37
f 986/1037/1126 985/1041/1127 990/1042/1128 991/1043/1129
f 991/1043/1129 990/1042/1128 989/1044/1130 988/1045/1131
s off
f 987/1038/1132 986/1037/1133 991/1043/1134 988/1045/1135
s 38
f 992/1046/1136 993/1047/1137 998/1048/1138 997/1049/1139
f 993/1047/1137 994/1050/1140 999/1051/1141 998/1048/1138
f 994/1050/1140 995/1052/1142 1000/1053/1143 999/1051/1141
f 995/1052/1142 996/1054/1144 1001/1055/1145 1000/1053/1143
f 997/1049/1139 998/1048/1138 1003/1056/1146 1002/1057/1147
f 998/1048/1138 999/1051/1141 1004/1058/1148 1003/1056/1146
f 999/1051/1141 1000/1053/1143 1005/1059/1149 1004/1058/1148
f 1000/1053/1143 1001/1055/1145 1006/1060/1150 1005/1059/1149
f 1002/1057/1147 1003/1056/1146 1008/1061/1151 1007/1062/1152
f 1003/1056/1146 1004/1058/1148 1009/1063/1153 1008/1061/1151
f 1004/1058/1148 1005/1059/1149 1010/1064/1154 1009/1063/1153
f 1005/1059/1149 1006/1060/1150 1011/1065/1155 1010/1064/1154
f 1017/1066/1156 1018/1067/1157 1013/1068/1158 1012/1069/1159
f 1018/1067/1157 1019/1070/1160 1014/1071/1161 1013/1068/1158
f 1019/1070/1160 1020/1072/1162 1015/1073/1163 1014/1071/1161
f 1020/1072/1162 1021/1074/1164 1016/1075/1165 1015/1073/1163
f 1007/1062/1152 1008/1061/1151 1018/1067/1157 1017/1066/1156
f 1008/1061/1151 1009/1063/1153 1019/1070/1160 1018/1067/1157
f 1009/1063/1153 1010/1064/1154 1020/1072/1162 1019/1070/1160
f 1010/1064/1154 1011/1065/1155 1021/1074/1164 1020/1072/1162
f 993/1047/1137 992/1046/1136 1022/1076/1166 1023/1077/1167
f 994/1050/1140 993/1047/1137 1023/1077/1167 1024/1078/1168
f 995/1052/1142 994/1050/1140 1024/1078/1168 1025/1079/1169
f 996/1054/1144 995/1052/1142 1025/1079/1169 1026/1080/1170
f 1023/1077/1167 1022/1076/1166 1027/1081/1171 1028/1082/1172
f 1024/1078/1168 1023/1077/1167 1028/1082/1172 1029/1083/1173
f 1025/1079/1169 1024/1078/1168 1029/1083/1173 1030/1084/1174
f 1026/1080/1170 1025/1079/1169 1030/1084/1174 1031/1085/1175
f 1028/1082/1172 1027/1081/1171 1032/1086/1176 1033/1087/1177
f 1029/1083/1173 1028/1082/1172 1033/1087/1177 1034/1088/1178
f 1030/1084/1174 1029/1083/1173 1034/1088/1178 1035/1089/1179
f 1031/1085/1175 1030/1084/1174 1035/1089/1179 1036/1090/1180
s 39
f 1033/1087/1181 1032/1091/1182 1037/1092/1183 1038/1093/1184
f 1038/1093/1184 1037/1092/1183 1036/1094/1185 1035/1095/1186
s off
f 1034/1088/1187 1033/1087/1188 1038/1093/1189 1035/1095/1190
s 40
f 1039/1096/1191 1040/1097/1192 1045/1098/1193 1044/1099/1194
f 1040/1097/1192 1041/1100/1195 1046/1101/1196 1045/1098/1193
f 1041/1100/1195 1042/1102/1197 1047/1103/1198 1046/1101/1196
f 1042/1102/1197 1043/1104/1199 1048/1105/1200 1047/1103/1198
f 1044/1099/1194 1045/1098/1193 1050/1106/1201 1049/1107/1202
f 1045/1098/1193 1046/1101/1196 1051/1108/1203 1050/1106/1201
f 1046/1101/1196 1047/1103/1198 1052/1109/1204 1051/1108/1203
f 1047/1103/1198 1048/1105/1200 1053/1110/1205 1052/1109/1204
f 1049/1107/1202 1050/1106/1201 1055/1111/1206 1054/1112/1207
f 1050/1106/1201 1051/1108/1203 1056/1113/1208 1055/1111/1206
f 1051/1108/1203 1052/1109/1204 1057/1114/1209 1056/1113/1208
f 1052/1109/1204 1053/1110/1205 1058/1115/1210 1057/1114/1209
f 1064/1116/1211 1065/1117/1212 1060/1118/1213 1059/1119/1214
f 1065/1117/1212 1066/1120/1215 1061/1121/1216 1060/1118/1213
f 1066/1120/1215 1067/1122/1217 1062/1123/1218 1061/1121/1216
f 1067/1122/1217 1068/1124/1219 1063/1125/1220 1062/1123/1218
f 1054/1112/1207 1055/1111/1206 1065/1117/1212 1064/1116/1211
f 1055/1111/1206 1056/1113/1208 1066/1120/1215 1065/1117/1212
f 1056/1113/1208 1057/1114/1209 1067/1122/1217 1066/1120/1215
f 1057/1114/1209 1058/1115/1210 1068/1124/1219 1067/1122/1217
f 1040/1097/1192 1039/1096/1191 1069/1126/1221 1070/1127/1222
f 1041/1100/1195 1040/1097/1192 1070/1127/1222 1071/1128/1223
f 1042/1102/1197 1041/1100/1195 1071/1128/1223 1072/1129/1224
f 1043/1104/1199 1042/1102/1197 1072/1129/1224 1073/1130/1225
f 1070/1127/1222 1069/1126/1221 1074/1131/1226 1075/1132/1227
f 1071/1128/1223 1070/1127/1222 1075/1132/1227 1076/1133/1228
f 1072/1129/1224 1071/1128/1223 1076/1133/1228 1077/1134/1229
f 1073/1130/1225 1072/1129/1224 1077/1134/1229 1078/1135/1230
f 1075/1132/1227 1074/1131/1226 1079/1136/1231 1080/1137/1232
f 1076/1133/1228 1075/1132/1227 1080/1137/1232 1081/1138/1233
f 1077/1134/1229 1076/1133/1228 1081/1138/1233 1082/1139/1234
f 1078/1135/1230 1077/1134/1229 1082/1139/1234 1083/1140/1235
s 41
f 1080/1137/1236 1079/1141/1237 1084/1142/1238 1085/1143/1239
f 1085/1143/1239 1084/1142/1238 1083/1144/1240 1082/1145/1241
s off
f 1081/1138/1242 1080/1137/1243 1085/1143/1244 1082/1145/1245
s 42
usemtl Standard_Surface1SG
f 1086/1146/1246 1087/1147/1247 1092/1148/1248 1091/1149/1249
f 1087/1147/1247 1088/1150/1250 1093/1151/1251 1092/1148/1248
f 1088/1150/1250 1089/1152/1252 1094/1153/1253 1093/1151/1251
f 1089/1152/1252 1090/1154/1254 1095/1155/1255 1094/1153/1253
f 1091/1149/1249 1092/1148/1248 1097/1156/1256 1096/1157/1257
f 1092/1148/1248 1093/1151/1251 1098/1158/1258 1097/1156/1256
f 1093/1151/1251 1094/1153/1253 1099/1159/1259 1098/1158/1258
f 1094/1153/1253 1095/1155/1255 1100/1160/1260 1099/1159/1259
f 1096/1157/1257 1097/1156/1256 1102/1161/1261 1101/1162/1262
f 1097/1156/1256 1098/1158/1258 1103/1163/1263 1102/1161/1261
f 1098/1158/1258 1099/1159/1259 1104/1164/1264 1103/1163/1263
f 1099/1159/1259 1100/1160/1260 1105/1165/1265 1104/1164/1264
f 1111/1166/1266 1112/1167/1267 1107/1168/1268 1106/1169/1269
f 1112/1167/1267 1113/1170/1270 1108/1171/1271 1107/1168/1268
f 1113/1170/1270 1114/1172/1272 1109/1173/1273 1108/1171/1271
f 1114/1172/1272 1115/1174/1274 1110/1175/1275 1109/1173/1273
f 1101/1162/1262 1102/1161/1261 1112/1167/1267 1111/1166/1266
f 1102/1161/1261 1103/1163/1263 1113/1170/1270 1112/1167/1267
f 1103/1163/1263 1104/1164/1264 1114/1172/1272 1113/1170/1270
f 1104/1164/1264 1105/1165/1265 1115/1174/1274 1114/1172/1272
f 1087/1147/1247 1086/1146/1246 1116/1176/1276 1117/1177/1277
f 1088/1150/1250 1087/1147/1247 1117/1177/1277 1118/1178/1278
f 1089/1152/1252 1088/1150/1250 1118/1178/1278 1119/1179/1279
f 1090/1154/1254 1089/1152/1252 1119/1179/1279 1120/1180/1280
f 1117/1177/1277 1116/1176/1276 1121/1181/1281 1122/1182/1282
f 1118/1178/1278 1117/1177/1277 1122/1182/1282 1123/1183/1283
f 1119/1179/1279 1118/1178/1278 1123/1183/1283 1124/1184/1284
f 1120/1180/1280 1119/1179/1279 1124/1184/1284 1125/1185/1285
f 1122/1182/1282 1121/1181/1281 1126/1186/1286 1127/1187/1287
f 1123/1183/1283 1122/1182/1282 1127/1187/1287 1128/1188/1288
f 1124/1184/1284 1123/1183/1283 1128/1188/1288 1129/1189/1289
f 1125/1185/1285 1124/1184/1284 1129/1189/1289 1130/1190/1290
s 43
f 1127/1187/1291 1126/1191/1292 1131/1192/1293 1132/1193/1294
f 1132/1193/1294 1131/1192/1293 1130/1194/1295 1129/1195/1296
s off
f 1128/1188/1297 1127/1187/1298 1132/1193/1299 1129/1195/1300
s 44
f 1133/1196/1301 1134/1197/1302 1139/1198/1303 1138/1199/1304
f 1134/1197/1302 1135/1200/1305 1140/1201/1306 1139/1198/1303
f 1135/1200/1305 1136/1202/1307 1141/1203/1308 1140/1201/1306
f 1136/1202/1307 1137/1204/1309 1142/1205/1310 1141/1203/1308
f 1138/1199/1304 1139/1198/1303 1144/1206/1311 1143/1207/1312
f 1139/1198/1303 1140/1201/1306 1145/1208/1313 1144/1206/1311
f 1140/1201/1306 1141/1203/1308 1146/1209/1314 1145/1208/1313
f 1141/1203/1308 1142/1205/1310 1147/1210/1315 1146/1209/1314
f 1143/1207/1312 1144/1206/1311 1149/1211/1316 1148/1212/1317
f 1144/1206/1311 1145/1208/1313 1150/1213/1318 1149/1211/1316
f 1145/1208/1313 1146/1209/1314 1151/1214/1319 1150/1213/1318
f 1146/1209/1314 1147/1210/1315 1152/1215/1320 1151/1214/1319
f 1158/1216/1321 1159/1217/1322 1154/1218/1323 1153/1219/1324
f 1159/1217/1322 1160/1220/1325 1155/1221/1326 1154/1218/1323
f 1160/1220/1325 1161/1222/1327 1156/1223/1328 1155/1221/1326
f 1161/1222/1327 1162/1224/1329 1157/1225/1330 1156/1223/1328
f 1148/1212/1317 1149/1211/1316 1159/1217/1322 1158/1216/1321
f 1149/1211/1316 1150/1213/1318 1160/1220/1325 1159/1217/1322
f 1150/1213/1318 1151/1214/1319 1161/1222/1327 1160/1220/1325
f 1151/1214/1319 1152/1215/1320 1162/1224/1329 1161/1222/1327
f 1134/1197/1302 1133/1196/1301 1163/1226/1331 1164/1227/1332
f 1135/1200/1305 1134/1197/1302 1164/1227/1332 1165/1228/1333
f 1136/1202/1307 1135/1200/1305 1165/1228/1333 1166/1229/1334
f 1137/1204/1309 1136/1202/1307 1166/1229/1334 1167/1230/1335
f 1164/1227/1332 1163/1226/1331 1168/1231/1336 1169/1232/1337
f 1165/1228/1333 1164/1227/1332 1169/1232/1337 1170/1233/1338
f 1166/1229/1334 1165/1228/1333 1170/1233/1338 1171/1234/1339
f 1167/1230/1335 1166/1229/1334 1171/1234/1339 1172/1235/1340
f 1169/1232/1337 1168/1231/1336 1173/1236/1341 1174/1237/1342
f 1170/1233/1338 1169/1232/1337 1174/1237/1342 1175/1238/1343
f 1171/1234/1339 1170/1233/1338 1175/1238/1343 1176/1239/1344
f 1172/1235/1340 1171/1234/1339 1176/1239/1344 1177/1240/1345
s 45
f 1174/1237/1346 1173/1241/1347 1178/1242/1348 1179/1243/1349
f 1179/1243/1349 1178/1242/1348 1177/1244/1350 1176/1245/1351
s off
f 1175/1238/1352 1174/1237/1353 1179/1243/1354 1176/1245/1355
s 46
usemtl Standard_Surface2SG
f 1180/1246/1356 1181/1247/1357 1186/1248/1358 1185/1249/1359
f 1181/1247/1357 1182/1250/1360 1187/1251/1361 1186/1248/1358
f 1182/1250/1360 1183/1252/1362 1188/1253/1363 1187/1251/1361
f 1183/1252/1362 1184/1254/1364 1189/1255/1365 1188/1253/1363
f 1185/1249/1359 1186/1248/1358 1191/1256/1366 1190/1257/1367
f 1186/1248/1358 1187/1251/1361 1192/1258/1368 1191/1256/1366
f 1187/1251/1361 1188/1253/1363 1193/1259/1369 1192/1258/1368
f 1188/1253/1363 1189/1255/1365 1194/1260/1370 1193/1259/1369
f 1190/1257/1367 1191/1256/1366 1196/1261/1371 1195/1262/1372
f 1191/1256/1366 1192/1258/1368 1197/1263/1373 1196/1261/1371
f 1192/1258/1368 1193/1259/1369 1198/1264/1374 1197/1263/1373
f 1193/1259/1369 1194/1260/1370 1199/1265/1375 1198/1264/1374
f 1205/1266/1376 1206/1267/1377 1201/1268/1378 1200/1269/1379
f 1206/1267/1377 1207/1270/1380 1202/1271/1381 1201/1268/1378
f 1207/1270/1380 1208/1272/1382 1203/1273/1383 1202/1271/1381
f 1208/1272/1382 1209/1274/1384 1204/1275/1385 1203/1273/1383
f 1195/1262/1372 1196/1261/1371 1206/1267/1377 1205/1266/1376
f 1196/1261/1371 1197/1263/1373 1207/1270/1380 1206/1267/1377
f 1197/1263/1373 1198/1264/1374 1208/1272/1382 1207/1270/1380
f 1198/1264/1374 1199/1265/1375 1209/1274/1384 1208/1272/1382
f 1181/1247/1357 1180/1246/1356 1210/1276/1386 1211/1277/1387
f 1182/1250/1360 1181/1247/1357 1211/1277/1387 1212/1278/1388
f 1183/1252/1362 1182/1250/1360 1212/1278/1388 1213/1279/1389
f 1184/1254/1364 1183/1252/1362 1213/1279/1389 1214/1280/1390
f 1211/1277/1387 1210/1276/1386 1215/1281/1391 1216/1282/1392
f 1212/1278/1388 1211/1277/1387 1216/1282/1392 1217/1283/1393
f 1213/1279/1389 1212/1278/1388 1217/1283/1393 1218/1284/1394
f 1214/1280/1390 1213/1279/1389 1218/1284/1394 1219/1285/1395
f 1216/1282/1392 1215/1281/1391 1220/1286/1396 1221/1287/1397
f 1217/1283/1393 1216/1282/1392 1221/1287/1397 1222/1288/1398
f 1218/1284/1394 1217/1283/1393 1222/1288/1398 1223/1289/1399
f 1219/1285/1395 1218/1284/1394 1223/1289/1399 1224/1290/1400
s 47
f 1221/1287/1401 1220/1291/1402 1225/1292/1403 1226/1293/1404
f 1226/1293/1404 1225/1292/1403 1224/1294/1405 1223/1295/1406
s off
f 1222/1288/1407 1221/1287/1408 1226/1293/1409 1223/1295/1410
usemtl initialShadingGroup
f 3/1296/1411 2/1297/1412 1227/1298/1413 1228/1299/1414
s 48
f 4/1300/1415 3/1301/1416 1228/1302/1417 1229/1303/1418
f 5/1304/1419 4/1305/1415 1229/1306/1418 1230/1307/1420
s off
f 6/1308/1421 5/1309/1422 1230/1310/1423 1231/1311/1424
f 9/1312/1425 8/1313/1426 1232/1314/1427 1233/1315/1428
f 10/1316/1429 9/1317/1430 1233/1318/1431 1234/1319/1432
s 49
f 11/1320/1433 10/1321/1434 1234/1322/1435 1235/1323/1436
f 22/1324/1437 11/1325/1433 1235/1326/1436 1236/1327/1438
s 50
f 23/1328/1439 34/1329/1440 1238/1330/1441 1237/1331/1442
s off
f 34/1332/1443 45/1333/1444 1239/1334/1445 1238/1335/1446
f 66/1336/1447 55/1337/1448 1240/1338/1449 1241/1339/1450
s 51
f 77/1340/1451 66/1341/1452 1241/1342/1453 1242/1343/1454
s off
f 67/1344/1455 78/1345/1456 1244/1346/1457 1243/1347/1458
s 52
f 110/1348/1459 99/1349/1460 1245/1350/1461 1246/1351/1462
s 53
f 100/1352/1463 111/1353/1464 1248/1354/1465 1247/1355/1466
s 52
f 121/1356/1467 110/1357/1459 1246/1358/1462 1249/1359/1468
s 53
f 111/1360/1464 112/1361/1469 1250/1362/1470 1248/1363/1465
s 54
f 112/1364/1471 113/1365/1472 1251/1366/1473 1250/1367/1474
f 113/1368/1472 114/1369/1475 1252/1370/1476 1251/1371/1473
s off
f 114/1372/1477 115/1373/1478 1253/1374/1479 1252/1375/1480
f 118/1376/1481 119/1377/1482 1255/1378/1483 1254/1379/1484
s 55
f 119/1380/1485 120/1381/1486 1256/1382/1487 1255/1383/1488
f 120/1384/1486 121/1385/1489 1249/1386/1490 1256/1387/1487
s 56
f 122/1388/1491 6/1389/1492 1231/1390/1493 1257/1391/1494
f 123/1392/1495 122/1393/1491 1257/1394/1494 1258/1395/1496
s off
f 8/1396/1497 124/1397/1498 1259/1398/1499 1232/1399/1500
f 124/1400/1501 123/1401/1502 1258/1402/1503 1259/1403/1504
s 49
f 125/1404/1505 22/1405/1437 1236/1406/1438 1260/1407/1506
f 126/1408/1507 125/1409/1505 1260/1410/1506 1261/1411/1508
f 127/1412/1509 126/1413/1507 1261/1414/1508 1262/1415/1510
s off
f 55/1416/1511 128/1417/1512 1263/1418/1513 1240/1419/1514
f 128/1420/1515 127/1421/1516 1262/1422/1517 1263/1423/1518
s 51
f 129/1424/1519 77/1425/1451 1242/1426/1454 1264/1427/1520
s 57
f 130/1428/1521 129/1429/1522 1264/1430/1523 1265/1431/1524
s off
f 99/1432/1525 131/1433/1526 1266/1434/1527 1245/1435/1528
s 57
f 131/1436/1529 130/1437/1521 1265/1438/1524 1266/1439/1530
s 58
f 115/1440/1531 132/1441/1532 1267/1442/1533 1253/1443/1534
f 132/1444/1532 133/1445/1535 1268/1446/1536 1267/1447/1533
s 59
f 133/1448/1537 134/1449/1538 1269/1450/1539 1268/1451/1540
f 135/1452/1541 118/1453/1542 1254/1454/1543 1270/1455/1544
f 134/1456/1538 135/1457/1541 1270/1458/1544 1269/1459/1539
s off
f 78/1460/1545 136/1461/1546 1271/1462/1547 1244/1463/1548
f 136/1464/1549 137/1465/1550 1272/1466/1551 1271/1467/1552
s 53
f 138/1468/1553 100/1469/1463 1247/1470/1466 1273/1471/1554
f 137/1472/1555 138/1473/1553 1273/1474/1554 1272/1475/1556
s 60
f 45/1476/1557 139/1477/1558 1274/1478/1559 1239/1479/1560
f 139/1480/1558 140/1481/1561 1275/1482/1562 1274/1483/1559
s 61
f 141/1484/1563 67/1485/1564 1243/1486/1565 1276/1487/1566
f 140/1488/1567 141/1489/1563 1276/1490/1566 1275/1491/1568
s 62
f 2/1492/1569 143/1493/1570 1277/1494/1571 1227/1495/1572
f 143/1496/1570 142/1497/1573 1278/1498/1574 1277/1499/1571
s 50
f 142/1500/1575 144/1501/1576 1279/1502/1577 1278/1503/1578
f 145/1504/1579 23/1505/1439 1237/1506/1442 1280/1507/1580
f 144/1508/1576 145/1509/1579 1280/1510/1580 1279/1511/1577
s 64
f 1249/1359/1581 1246/1351/1582 1256/1387/1583
f 1275/1491/1584 1276/1487/1585 1274/1483/1586
f 1272/1475/1587 1273/1471/1588 1271/1467/1589
f 1273/1471/1588 1247/1355/1590 1271/1467/1589
f 1258/1395/1591 1257/1391/1592 1259/1403/1593
f 1278/1503/1594 1279/1511/1595 1277/1499/1596
f 1274/1483/1586 1276/1487/1585 1239/1479/1597
f 1276/1487/1585 1243/1347/1598 1239/1479/1597
f 1264/1427/1599 1242/1343/1600 1265/1431/1601
f 1268/1451/1602 1269/1459/1603 1267/1447/1604
f 1259/1403/1593 1257/1391/1592 1232/1399/1605
f 1257/1391/1592 1231/1311/1606 1232/1399/1605
f 1228/1299/1607 1227/1495/1608 1229/1303/1609
f 1250/1367/1610 1251/1371/1611 1248/1363/1612
f 1267/1447/1604 1269/1459/1603 1253/1443/1613
f 1269/1459/1603 1270/1455/1614 1253/1443/1613
f 1270/1455/1614 1254/1379/1615 1253/1443/1613
f 1263/1423/1616 1262/1415/1617 1240/1419/1618
f 1262/1415/1617 1261/1411/1619 1240/1419/1618
f 1229/1303/1609 1227/1495/1608 1230/1307/1620
f 1279/1511/1595 1280/1507/1621 1277/1499/1596
f 1277/1499/1596 1280/1507/1621 1227/1495/1608
f 1227/1495/1608 1280/1507/1621 1230/1307/1620
f 1280/1507/1621 1237/1331/1622 1230/1307/1620
f 1237/1331/1622 1238/1335/1623 1230/1307/1620
f 1256/1387/1583 1246/1351/1582 1255/1383/1624
f 1246/1351/1582 1245/1435/1625 1255/1383/1624
f 1248/1363/1612 1251/1371/1611 1247/1355/1590
f 1247/1355/1590 1251/1371/1611 1271/1467/1589
f 1271/1467/1589 1251/1371/1611 1244/1463/1626
f 1251/1371/1611 1252/1375/1627 1244/1463/1626
f 1234/1319/1628 1233/1315/1629 1235/1323/1630
f 1266/1439/1631 1265/1431/1601 1245/1435/1625
f 1242/1343/1600 1241/1339/1632 1265/1431/1601
f 1239/1479/1597 1243/1347/1598 1238/1335/1623
f 1253/1443/1613 1254/1379/1615 1252/1375/1627
f 1260/1407/1633 1236/1327/1634 1261/1411/1619
f 1232/1399/1605 1231/1311/1606 1233/1315/1629
f 1261/1411/1619 1236/1327/1634 1240/1419/1618
f 1265/1431/1601 1241/1339/1632 1245/1435/1625
f 1245/1435/1625 1241/1339/1632 1255/1383/1624
f 1235/1323/1630 1233/1315/1629 1236/1327/1634
f 1236/1327/1634 1233/1315/1629 1240/1419/1618
f 1233/1315/1629 1231/1311/1606 1240/1419/1618
f 1231/1311/1606 1230/1307/1620 1240/1419/1618
f 1230/1307/1620 1238/1335/1623 1240/1419/1618
f 1238/1335/1623 1243/1347/1598 1240/1419/1618
f 1243/1347/1598 1244/1463/1626 1240/1419/1618
f 1244/1463/1626 1252/1375/1627 1240/1419/1618
f 1240/1419/1618 1252/1375/1627 1241/1339/1632
f 1254/1379/1615 1255/1383/1624 1252/1375/1627
f 1252/1375/1627 1255/1383/1624 1241/1339/1632
