# This file uses centimeters as units for non-parametric coordinates.

mtllib s_project_tree_001.mtl
g default
v -0.792914 0.000000 0.792914
v 0.000000 0.000000 1.062725
v 0.792914 0.000000 0.792914
v -0.554998 0.644631 0.554998
v 0.000000 0.644631 0.743851
v 0.554998 0.644631 0.554998
v -0.455811 1.317401 0.455811
v 0.000000 1.317401 0.610913
v 0.455811 1.317401 0.455811
v -0.608864 1.317401 0.000000
v 0.608864 1.317401 0.000000
v -0.455811 1.317401 -0.455811
v 0.000000 1.317401 -0.610913
v 0.455811 1.317401 -0.455811
v -0.554998 0.644631 -0.554998
v 0.000000 0.644631 -0.743851
v 0.554998 0.644631 -0.554998
v -0.792914 0.000000 -0.792914
v 0.000000 0.000000 -1.062725
v 0.792914 0.000000 -0.792914
v -1.059159 0.000000 0.000000
v 0.000000 0.000000 0.000000
v 1.059159 0.000000 0.000000
v 0.741355 0.644631 0.000000
v -0.741355 0.644631 0.000000
v -0.191176 7.030692 0.191176
v 0.000000 7.030692 0.256227
v -0.000000 7.657245 0.000000
v 0.191176 7.030692 0.191176
v 0.255332 7.030692 0.000000
v -0.191176 7.030692 -0.191176
v 0.000000 7.030692 -0.256227
v 0.191176 7.030692 -0.191176
v -0.255332 7.030692 0.000000
v -0.427583 1.897920 0.427583
v -0.571157 1.897920 0.000000
v -0.427583 1.897920 -0.427583
v 0.000000 1.897920 -0.573080
v 0.427583 1.897920 -0.427583
v 0.571157 1.897920 0.000000
v 0.427583 1.897920 0.427583
v 0.000000 1.897920 0.573080
v -0.373313 2.765157 0.373313
v -0.498664 2.765157 0.000000
v -0.373313 2.765157 -0.373313
v 0.000000 2.765157 -0.500343
v 0.373313 2.765157 -0.373313
v 0.498664 2.765157 0.000000
v 0.373313 2.765157 0.373313
v 0.000000 2.765157 0.500343
v -0.339922 4.369751 0.339922
v -0.454061 4.369751 0.000000
v -0.339922 4.369751 -0.339922
v 0.000000 4.369751 -0.455590
v 0.339922 4.369751 -0.339922
v 0.454061 4.369751 0.000000
v 0.339922 4.369751 0.339922
v 0.000000 4.369751 0.455590
v -0.492228 1.487830 0.321303
v -0.561087 1.508005 0.112454
v -0.472939 1.707316 0.336146
v -0.541797 1.727491 0.127297
v -0.510981 1.458815 0.271118
v -0.530652 1.452460 0.213804
v -0.548247 1.469733 0.158089
v -0.477248 1.535088 0.356721
v -0.468322 1.593395 0.371979
v -0.466809 1.653873 0.364754
v -0.485778 1.745588 0.290511
v -0.503373 1.762861 0.234795
v -0.523044 1.756506 0.177482
v -0.567216 1.561448 0.083846
v -0.565703 1.621926 0.076621
v -0.556777 1.680233 0.091879
v -1.037945 1.542437 0.357269
v -1.046682 1.570105 0.314961
v -1.017830 1.530873 0.403024
v -0.989401 1.537174 0.445261
v -0.956984 1.560381 0.477548
v -0.925516 1.596960 0.494972
v -0.899787 1.641343 0.494878
v -0.883714 1.686773 0.477282
v -0.879744 1.726334 0.444862
v -0.888481 1.754003 0.402553
v -0.908596 1.765566 0.356798
v -0.937026 1.759265 0.314562
v -0.969442 1.736059 0.282274
v -1.000910 1.699479 0.264851
v -1.026639 1.655096 0.264944
v -1.042712 1.609666 0.282541
v -1.239895 1.592733 0.442454
v -1.247770 1.617671 0.404321
v -1.221765 1.582310 0.483694
v -1.196141 1.587990 0.521763
v -1.166923 1.608907 0.550864
v -1.138560 1.641876 0.566568
v -1.115370 1.681880 0.566484
v -1.100883 1.722827 0.550624
v -1.097305 1.758484 0.521403
v -1.105180 1.783422 0.483270
v -1.123310 1.793844 0.442030
v -1.148934 1.788165 0.403961
v -1.178151 1.767248 0.374860
v -1.206514 1.734279 0.359156
v -1.229704 1.694275 0.359240
v -1.244191 1.653328 0.375100
v -1.383029 1.693874 0.550565
v -1.393459 1.714355 0.517843
v -1.360614 1.683292 0.581943
v -1.329628 1.684222 0.607202
v -1.294788 1.696521 0.622496
v -1.261398 1.718318 0.625495
v -1.234541 1.746293 0.615745
v -1.218306 1.776188 0.594728
v -1.215164 1.803452 0.565645
v -1.225594 1.823934 0.532923
v -1.248008 1.834515 0.501544
v -1.278995 1.833585 0.476286
v -1.313835 1.821286 0.460992
v -1.347225 1.799489 0.457992
v -1.374082 1.771514 0.467743
v -1.390317 1.741619 0.488760
v -1.447125 1.836582 0.593106
v -1.448670 1.840140 0.571718
v -1.438955 1.838158 0.613188
v -1.425406 1.844629 0.628907
v -1.408540 1.855009 0.637869
v -1.390925 1.867718 0.638710
v -1.375242 1.880821 0.631302
v -1.363880 1.892323 0.616772
v -1.358567 1.900474 0.597333
v -1.360113 1.904032 0.575945
v -1.368282 1.902455 0.555863
v -1.381831 1.895984 0.540144
v -1.398697 1.885604 0.531182
v -1.416312 1.872895 0.530341
v -1.431995 1.859793 0.537750
v -1.443358 1.848290 0.552279
v -1.595576 2.174810 0.666807
v -1.596072 2.175938 0.660034
v -1.592993 2.175313 0.673167
v -1.588700 2.177359 0.678147
v -1.583361 2.180648 0.680984
v -1.577780 2.184674 0.681252
v -1.572811 2.188823 0.678907
v -1.569214 2.192468 0.674303
v -1.567526 2.195050 0.668146
v -1.568022 2.196178 0.661372
v -1.570605 2.195674 0.655009
v -1.574898 2.193630 0.650032
v -1.580243 2.190339 0.647195
v -1.585818 2.186314 0.646927
v -1.590787 2.182165 0.649272
v -1.594385 2.178520 0.653876
v 0.456110 2.185720 -0.282360
v 0.522056 2.255019 -0.069215
v 0.417113 2.408058 -0.342583
v 0.483059 2.477357 -0.129438
v 0.477216 2.167537 -0.224233
v 0.497160 2.174321 -0.163315
v 0.512906 2.205041 -0.108880
v 0.437056 2.226102 -0.328846
v 0.422954 2.282537 -0.356615
v 0.415951 2.346431 -0.361438
v 0.426264 2.458036 -0.302918
v 0.442009 2.488755 -0.248483
v 0.461953 2.495540 -0.187565
v 0.523219 2.316646 -0.050359
v 0.516216 2.380541 -0.055183
v 0.502113 2.436975 -0.082951
v 1.205701 2.278046 -0.354783
v 1.213819 2.322384 -0.319594
v 1.191732 2.250793 -0.403075
v 1.174039 2.244773 -0.457119
v 1.155315 2.260905 -0.508687
v 1.138410 2.296731 -0.549927
v 1.125900 2.346797 -0.574563
v 1.119687 2.403481 -0.578842
v 1.120718 2.458154 -0.562114
v 1.128836 2.502492 -0.526925
v 1.142805 2.529745 -0.478632
v 1.160498 2.535765 -0.424589
v 1.179222 2.519633 -0.373021
v 1.196127 2.483808 -0.331780
v 1.208638 2.433742 -0.307145
v 1.214850 2.377057 -0.302865
v 1.480338 2.316583 -0.465275
v 1.481206 2.355624 -0.424769
v 1.464089 2.291477 -0.512934
v 1.434933 2.284128 -0.560490
v 1.397307 2.295656 -0.600704
v 1.356941 2.324306 -0.627453
v 1.319980 2.365715 -0.636665
v 1.292050 2.413579 -0.626937
v 1.277404 2.460612 -0.599751
v 1.278272 2.499653 -0.559245
v 1.294520 2.524759 -0.511586
v 1.323677 2.532108 -0.464030
v 1.361303 2.520580 -0.423816
v 1.401669 2.491931 -0.397067
v 1.438630 2.450522 -0.387856
v 1.466560 2.402657 -0.397583
v 1.632522 2.479971 -0.608842
v 1.630974 2.507860 -0.579559
v 1.620522 2.459421 -0.641575
v 1.596799 2.449338 -0.672772
v 1.564966 2.451258 -0.697685
v 1.529868 2.464887 -0.712522
v 1.496850 2.488152 -0.715022
v 1.470937 2.517510 -0.704806
v 1.456075 2.548491 -0.683429
v 1.454527 2.576379 -0.654145
v 1.466527 2.596929 -0.621413
v 1.490250 2.607012 -0.590215
v 1.522083 2.605093 -0.565302
v 1.557181 2.591463 -0.550466
v 1.590199 2.568199 -0.547966
v 1.616112 2.538841 -0.558182
v 1.777389 2.741918 -0.844151
v 1.772020 2.746983 -0.823955
v 1.775673 2.741178 -0.865573
v 1.767134 2.744875 -0.884959
v 1.753072 2.752446 -0.899357
v 1.735627 2.762739 -0.906576
v 1.717455 2.774186 -0.905516
v 1.701323 2.785046 -0.896340
v 1.689687 2.793665 -0.880443
v 1.684318 2.798730 -0.860246
v 1.686033 2.799470 -0.838824
v 1.694572 2.795773 -0.819439
v 1.708635 2.788202 -0.805041
v 1.726080 2.777909 -0.797822
v 1.744251 2.766462 -0.798881
v 1.760383 2.755602 -0.808058
v 1.990038 3.149502 -0.882339
v 1.988186 3.151250 -0.875370
v 1.989446 3.149247 -0.889731
v 1.986500 3.150522 -0.896420
v 1.981648 3.153135 -0.901388
v 1.975628 3.156686 -0.903879
v 1.969358 3.160636 -0.903513
v 1.963792 3.164383 -0.900347
v 1.959777 3.167357 -0.894861
v 1.957924 3.169105 -0.887893
v 1.958516 3.169361 -0.880501
v 1.961463 3.168085 -0.873812
v 1.966315 3.165472 -0.868844
v 1.972334 3.161921 -0.866353
v 1.978604 3.157971 -0.866719
v 1.984171 3.154223 -0.869885
v 1.067142 2.249732 -0.305602
v 1.075467 2.295199 -0.269518
v 1.076524 2.351263 -0.252364
v 1.070153 2.409389 -0.256752
v 1.057324 2.460728 -0.282014
v 1.039990 2.497466 -0.324304
v 1.020789 2.514007 -0.377184
v 1.002646 2.507835 -0.432602
v 0.988321 2.479888 -0.482123
v 0.979997 2.434422 -0.518208
v 0.978940 2.378358 -0.535361
v 0.985310 2.320232 -0.530973
v 0.998140 2.268892 -0.505711
v 1.015474 2.232155 -0.463421
v 1.034674 2.215614 -0.410542
v 1.052818 2.221786 -0.355123
v 0.679177 2.208849 -0.167896
v 0.688079 2.257474 -0.129306
v 0.689210 2.317432 -0.110960
v 0.682397 2.379597 -0.115653
v 0.668677 2.434502 -0.142670
v 0.650138 2.473791 -0.187898
v 0.629604 2.491481 -0.244450
v 0.610200 2.484880 -0.303719
v 0.594881 2.454993 -0.356679
v 0.585978 2.406369 -0.395270
v 0.584847 2.346410 -0.413615
v 0.591661 2.284246 -0.408922
v 0.605381 2.229340 -0.381906
v 0.623919 2.190052 -0.336678
v 0.644454 2.172361 -0.280125
v 0.663857 2.178962 -0.220857
vt 0.875297 0.654227
vt 0.869660 0.639896
vt 0.875297 0.639896
vt 0.865274 0.579035
vt 0.875297 0.579035
vt 0.880935 0.639896
vt 0.864289 0.542334
vt 0.875297 0.542334
vt 0.885321 0.579035
vt 0.862689 0.522499
vt 0.875297 0.522499
vt 0.886306 0.542334
vt 0.861856 0.509221
vt 0.875297 0.509221
vt 0.876925 0.533537
vt 0.879114 0.535752
vt 0.858931 0.493833
vt 0.875297 0.493833
vt 0.888738 0.509221
vt 0.887906 0.522499
vt 0.876782 0.532076
vt 0.877743 0.534828
vt 0.880828 0.536167
vt 0.851916 0.479089
vt 0.875297 0.479089
vt 0.891663 0.493833
vt 0.883624 0.529081
vt 0.877338 0.530666
vt 0.882625 0.536012
vt 0.898679 0.479089
vt 0.884994 0.530005
vt 0.881909 0.528665
vt 0.878508 0.529523
vt 0.884230 0.535310
vt 0.885813 0.531296
vt 0.880113 0.528821
vt 0.885399 0.534167
vt 0.885955 0.532757
vt 0.865060 0.295575
vt 0.881426 0.295575
vt 0.881426 0.310962
vt 0.867985 0.310962
vt 0.858045 0.280831
vt 0.881426 0.280831
vt 0.897792 0.295575
vt 0.894867 0.310962
vt 0.881426 0.324240
vt 0.868817 0.324240
vt 0.904807 0.280831
vt 0.886088 0.314447
vt 0.883898 0.316544
vt 0.881426 0.344075
vt 0.870418 0.344075
vt 0.887731 0.314051
vt 0.884742 0.315322
vt 0.883685 0.317927
vt 0.894034 0.324240
vt 0.892434 0.344075
vt 0.881426 0.380775
vt 0.871402 0.380775
vt 0.889421 0.314197
vt 0.884135 0.319261
vt 0.889992 0.320756
vt 0.891450 0.380775
vt 0.881426 0.441636
vt 0.875789 0.441636
vt 0.890900 0.314860
vt 0.885180 0.320342
vt 0.888350 0.321151
vt 0.891338 0.319880
vt 0.887063 0.441636
vt 0.881426 0.455967
vt 0.891945 0.315941
vt 0.886660 0.321006
vt 0.892182 0.318658
vt 0.892395 0.317275
vt 0.372010 0.004004
vt 0.372971 0.003305
vt 0.374750 0.006527
vt 0.374108 0.006736
vt 0.368257 0.001742
vt 0.369222 0.000829
vt 0.374051 0.002781
vt 0.375456 0.006436
vt 0.377666 0.015128
vt 0.377462 0.015194
vt 0.371316 0.004769
vt 0.373628 0.007030
vt 0.370481 0.000190
vt 0.367733 0.002791
vt 0.375087 0.002510
vt 0.376119 0.006476
vt 0.377889 0.015099
vt 0.377310 0.015287
vt 0.370994 0.005486
vt 0.373383 0.007366
vt 0.375921 0.002534
vt 0.376638 0.006642
vt 0.378099 0.015112
vt 0.378264 0.015164
vt 0.393458 0.101053
vt 0.394784 0.100062
vt 0.399485 0.104212
vt 0.398526 0.104920
vt 0.396345 0.099424
vt 0.400557 0.103690
vt 0.407190 0.110865
vt 0.406529 0.110993
vt 0.392567 0.102248
vt 0.397826 0.105707
vt 0.397902 0.099237
vt 0.401579 0.103433
vt 0.407892 0.110846
vt 0.408441 0.121216
vt 0.408213 0.121261
vt 0.406008 0.111212
vt 0.392249 0.103464
vt 0.397492 0.106452
vt 0.408527 0.110940
vt 0.408683 0.121210
vt 0.408033 0.121336
vt 0.405708 0.111488
vt 0.408902 0.121242
vt 0.408998 0.111132
vt 0.409065 0.121309
vt 0.564389 0.929307
vt 0.584225 0.949143
vt 0.557729 0.949143
vt 0.584225 0.922557
vt 0.564389 0.968978
vt 0.604061 0.929307
vt 0.584225 0.975728
vt 0.610721 0.949143
vt 0.604061 0.968978
vt 0.901554 0.500275
vt 0.901360 0.500260
vt 0.901730 0.500226
vt 0.901862 0.500123
vt 0.901929 0.499981
vt 0.901921 0.499822
vt 0.901840 0.499669
vt 0.901698 0.499546
vt 0.904984 0.494145
vt 0.905240 0.494628
vt 0.901516 0.499472
vt 0.904534 0.493758
vt 0.906811 0.491203
vt 0.907248 0.492200
vt 0.901178 0.500187
vt 0.903960 0.493524
vt 0.906088 0.490317
vt 0.908880 0.487482
vt 0.909713 0.488318
vt 0.907334 0.493155
vt 0.905264 0.495132
vt 0.901322 0.499458
vt 0.905190 0.489675
vt 0.903348 0.493480
vt 0.907791 0.486749
vt 0.911438 0.481420
vt 0.912361 0.482347
vt 0.910162 0.489130
vt 0.901036 0.500064
vt 0.906611 0.486231
vt 0.904254 0.489377
vt 0.902792 0.493632
vt 0.901146 0.499506
vt 0.910229 0.480606
vt 0.915359 0.469576
vt 0.916795 0.470113
vt 0.912860 0.483247
vt 0.900954 0.499911
vt 0.908920 0.480031
vt 0.905520 0.486005
vt 0.903422 0.489467
vt 0.913720 0.469013
vt 0.917808 0.470541
vt 0.912126 0.468510
vt 0.907710 0.479781
vt 0.904684 0.486108
vt 0.900947 0.499751
vt 0.910820 0.468143
vt 0.906782 0.479895
vt 0.901014 0.499609
vt 0.910002 0.467967
vt 0.869486 0.383206
vt 0.869687 0.383153
vt 0.869328 0.383322
vt 0.869236 0.383483
vt 0.869225 0.383664
vt 0.869297 0.383838
vt 0.869441 0.383979
vt 0.869634 0.384064
vt 0.867870 0.391690
vt 0.867454 0.391284
vt 0.869901 0.383170
vt 0.868430 0.391937
vt 0.861246 0.397594
vt 0.860527 0.396674
vt 0.869848 0.384081
vt 0.862148 0.398280
vt 0.869049 0.391987
vt 0.857600 0.402407
vt 0.856438 0.401320
vt 0.860098 0.395660
vt 0.867245 0.390780
vt 0.870094 0.383255
vt 0.858975 0.403250
vt 0.863094 0.398626
vt 0.869633 0.391832
vt 0.870049 0.384027
vt 0.856461 0.407122
vt 0.854971 0.406581
vt 0.855666 0.400154
vt 0.860026 0.394706
vt 0.867276 0.390255
vt 0.858022 0.407634
vt 0.860352 0.403719
vt 0.863940 0.398582
vt 0.870092 0.391495
vt 0.870208 0.383911
vt 0.855091 0.411159
vt 0.853563 0.410604
vt 0.853779 0.406093
vt 0.855399 0.399086
vt 0.870238 0.383395
vt 0.856692 0.411683
vt 0.859418 0.408037
vt 0.861522 0.403744
vt 0.870299 0.383750
vt 0.851256 0.422462
vt 0.849622 0.421869
vt 0.852341 0.410104
vt 0.853067 0.405731
vt 0.870310 0.383569
vt 0.852968 0.423023
vt 0.858123 0.412097
vt 0.860434 0.408272
vt 0.849612 0.427307
vt 0.847932 0.426697
vt 0.848315 0.421333
vt 0.851611 0.409733
vt 0.851372 0.427883
vt 0.854499 0.423466
vt 0.859166 0.412338
vt 0.846589 0.426146
vt 0.847534 0.420937
vt 0.852945 0.428338
vt 0.855614 0.423723
vt 0.845787 0.425739
vt 0.854091 0.428602
vt 0.852729 0.331038
vt 0.854026 0.330673
vt 0.859688 0.344594
vt 0.858486 0.344842
vt 0.855610 0.330173
vt 0.860989 0.344022
vt 0.862110 0.350335
vt 0.861026 0.350559
vt 0.851916 0.331213
vt 0.857564 0.344730
vt 0.857239 0.329614
vt 0.862190 0.343214
vt 0.863282 0.349819
vt 0.860195 0.350457
vt 0.858666 0.329081
vt 0.863108 0.342293
vt 0.864364 0.349091
vt 0.866075 0.353767
vt 0.865183 0.354404
vt 0.859673 0.328655
vt 0.863603 0.341398
vt 0.865192 0.348260
vt 0.866793 0.352886
vt 0.865638 0.347454
vt 0.867228 0.351895
vt 0.867313 0.350946
vt 0.997259 0.074700
vt 0.995706 0.075149
vt 0.994063 0.070391
vt 0.995575 0.069954
vt 0.993967 0.075718
vt 0.992372 0.070945
vt 0.990232 0.059291
vt 0.991645 0.058882
vt 0.998391 0.074438
vt 0.996676 0.069700
vt 0.992308 0.076320
vt 0.990758 0.071531
vt 0.988650 0.059809
vt 0.988863 0.055326
vt 0.990241 0.054928
vt 0.992675 0.058644
vt 0.990982 0.076864
vt 0.989467 0.072060
vt 0.987141 0.060356
vt 0.987321 0.055831
vt 0.985728 0.047553
vt 0.987088 0.047090
vt 0.991246 0.054696
vt 0.990189 0.077267
vt 0.988696 0.072452
vt 0.985934 0.060851
vt 0.985849 0.056366
vt 0.984370 0.048385
vt 0.988244 0.047065
vt 0.985213 0.061217
vt 0.984672 0.056848
vt 0.983223 0.049459
vt 0.983969 0.057205
vt 0.982459 0.050611
vt 0.980455 0.044674
vt 0.981166 0.043766
vt 0.982197 0.051666
vt 0.980032 0.045676
vt 0.974699 0.039306
vt 0.975110 0.038905
vt 0.974494 0.039804
vt 0.846679 0.014954
vt 0.863056 0.014954
vt 0.863056 0.030353
vt 0.849606 0.030353
vt 0.839658 0.000200
vt 0.863056 0.000200
vt 0.879434 0.014954
vt 0.876507 0.030353
vt 0.863056 0.043640
vt 0.850439 0.043640
vt 0.886454 0.000200
vt 0.875674 0.043640
vt 0.863056 0.063490
vt 0.852040 0.063490
vt 0.874072 0.063490
vt 0.863056 0.100217
vt 0.853025 0.100217
vt 0.873087 0.100217
vt 0.863056 0.161122
vt 0.857415 0.161122
vt 0.868698 0.161122
vt 0.863056 0.175462
vt 0.434521 0.667434
vt 0.440163 0.653093
vt 0.440163 0.667434
vt 0.445804 0.667434
vt 0.440163 0.728338
vt 0.430132 0.728338
vt 0.450194 0.728338
vt 0.440163 0.765065
vt 0.429147 0.765065
vt 0.451179 0.765065
vt 0.440163 0.784915
vt 0.427545 0.784915
vt 0.452780 0.784915
vt 0.440163 0.798202
vt 0.426712 0.798202
vt 0.453613 0.798202
vt 0.440163 0.813601
vt 0.423785 0.813601
vt 0.456540 0.813601
vt 0.440163 0.828355
vt 0.416764 0.828355
vt 0.463561 0.828355
vt 0.692565 0.453569
vt 0.693904 0.453305
vt 0.695005 0.466080
vt 0.693986 0.466842
vt 0.695293 0.453260
vt 0.696048 0.465605
vt 0.695936 0.472464
vt 0.695017 0.473150
vt 0.696876 0.472035
vt 0.697415 0.475992
vt 0.696773 0.476788
vt 0.698102 0.475512
vt 0.700505 0.480158
vt 0.700204 0.480623
vt 0.700769 0.479822
vt 0.707578 0.486008
vt 0.707483 0.486155
vt 0.696272 0.477776
vt 0.699912 0.481144
vt 0.707662 0.485902
vt 0.707391 0.486321
vt 0.695990 0.478808
vt 0.699674 0.481644
vt 0.707315 0.486479
vt 0.002777 0.110383
vt 0.004135 0.110651
vt 0.003363 0.124491
vt 0.002329 0.123719
vt 0.005544 0.110697
vt 0.004421 0.124974
vt 0.002450 0.130589
vt 0.001519 0.129892
vt 0.003404 0.131024
vt 0.000651 0.134924
vt 0.000000 0.134117
vt 0.085382 0.007194
vt 0.084859 0.007486
vt 0.079823 0.000264
vt 0.079989 0.000171
vt 0.084393 0.007788
vt 0.079676 0.000360
vt 0.994973 0.460397
vt 0.993489 0.460607
vt 0.993490 0.455550
vt 0.994934 0.455346
vt 0.992058 0.460572
vt 0.992097 0.455516
vt 0.992748 0.443750
vt 0.994098 0.443559
vt 0.991446 0.443718
vt 0.992165 0.439536
vt 0.993481 0.439350
vt 0.990895 0.439505
vt 0.991930 0.434375
vt 0.993042 0.433539
vt 0.990838 0.434814
vt 0.989516 0.429019
vt 0.990198 0.428243
vt 0.988797 0.429464
vt 0.983303 0.422121
vt 0.983555 0.421638
vt 0.994003 0.432432
vt 0.990738 0.427255
vt 0.983103 0.422469
vt 0.974494 0.414262
vt 0.974580 0.414095
vt 0.983821 0.421094
vt 0.974672 0.413908
vt 0.984060 0.420572
vt 0.974755 0.413728
vt 0.995776 0.167996
vt 0.994302 0.167788
vt 0.994320 0.162850
vt 0.995754 0.163053
vt 0.992880 0.167822
vt 0.992937 0.162884
vt 0.995101 0.151329
vt 0.996442 0.151519
vt 0.993807 0.151361
vt 0.995696 0.147215
vt 0.997004 0.147399
vt 0.994434 0.147245
vt 0.996286 0.139727
vt 0.997391 0.140558
vt 0.995201 0.139292
vt 0.257413 0.000924
vt 0.257925 0.000690
vt 0.265150 0.009428
vt 0.264973 0.009509
vt 0.258458 0.000429
vt 0.265334 0.009338
vt 0.258932 0.000182
vt 0.265497 0.009253
vn -0.291734 0.424094 0.857342
vn 0.000000 0.443382 0.896333
vn 0.000000 0.351618 0.936144
vn -0.303095 0.338729 0.890728
vn 0.291734 0.424094 0.857342
vn 0.303095 0.338729 0.890728
vn 0.000000 0.141387 0.989954
vn -0.319196 0.134845 0.938046
vn 0.319196 0.134845 0.938046
vn -0.650153 0.396197 0.648328
vn 0.000000 0.378518 0.925594
vn 0.000000 1.000000 0.000000
vn 0.650153 0.396197 0.648328
vn 0.926057 0.377385 0.000001
vn -0.650153 0.396197 -0.648328
vn 0.000000 0.378518 -0.925594
vn 0.650154 0.396197 -0.648327
vn -0.319196 0.134845 -0.938046
vn 0.000000 0.141387 -0.989954
vn 0.000000 0.351618 -0.936143
vn -0.303095 0.338729 -0.890728
vn 0.319196 0.134845 -0.938046
vn 0.303095 0.338729 -0.890728
vn 0.000000 0.443382 -0.896333
vn -0.291734 0.424094 -0.857342
vn 0.291734 0.424094 -0.857342
vn 0.000000 -1.000000 0.000000
vn 0.000000 -1.000000 -0.000000
vn -0.000000 -1.000000 0.000000
vn 0.000000 -1.000000 -0.000000
vn -0.000000 -1.000000 0.000000
vn 0.000000 -1.000000 -0.000000
vn -0.000000 -1.000000 -0.000000
vn 0.000000 -1.000000 0.000000
vn 0.896924 0.442185 0.000000
vn 0.858820 0.423400 -0.288375
vn 0.892114 0.338229 -0.299554
vn 0.936580 0.350453 0.000000
vn 0.858820 0.423400 0.288375
vn 0.892114 0.338229 0.299554
vn 0.939358 0.134603 -0.315418
vn 0.990025 0.140892 -0.000000
vn 0.939358 0.134603 0.315418
vn -0.858820 0.423400 -0.288375
vn -0.896924 0.442185 0.000000
vn -0.936580 0.350453 0.000000
vn -0.892114 0.338229 -0.299554
vn -0.858820 0.423400 0.288375
vn -0.892114 0.338229 0.299554
vn -0.983383 0.159796 -0.086160
vn -0.939358 0.134603 -0.315418
vn -0.931884 0.183520 0.312909
vn -0.926057 0.377385 0.000000
vn 0.000000 -1.000000 0.000000
vn -0.321313 0.071528 0.944268
vn -0.321315 0.071452 0.944273
vn 0.945566 0.071388 0.317503
vn 0.945572 0.071308 0.317505
vn -0.321315 0.071452 -0.944273
vn -0.321313 0.071528 -0.944268
vn 0.946193 0.061458 -0.317713
vn 0.946193 0.061458 -0.317713
vn 0.321313 0.071528 -0.944268
vn 0.321315 0.071452 -0.944273
vn -0.579466 0.795984 0.175010
vn -0.581822 0.794542 0.173746
vn -0.581734 0.794472 0.174356
vn -0.581252 0.794769 0.174610
vn -0.581774 0.794482 0.174179
vn -0.581791 0.794467 0.174188
vn -0.581446 0.794597 0.174746
vn -0.581681 0.794577 0.174055
vn -0.581708 0.794567 0.174008
vn -0.581713 0.794570 0.173979
vn -0.581422 0.794621 0.174717
vn -0.581476 0.794624 0.174523
vn -0.581795 0.794545 0.173818
vn -0.581811 0.794547 0.173759
vn -0.581646 0.794572 0.174192
vn -0.580913 0.794843 0.175398
vn -0.945566 0.071388 -0.317503
vn -0.945572 0.071308 -0.317505
vn 0.321315 0.071452 0.944273
vn 0.321313 0.071528 0.944268
vn -0.945023 0.078995 0.317320
vn -0.945023 0.078995 0.317320
vn -0.946946 0.046807 0.317966
vn -0.946954 0.046636 0.317969
vn -0.946954 0.046636 -0.317969
vn -0.946946 0.046806 -0.317966
vn -0.321784 0.046896 -0.945651
vn -0.321786 0.046734 -0.945658
vn 0.321786 0.046734 -0.945658
vn 0.321784 0.046896 -0.945651
vn 0.528552 0.845878 -0.071579
vn 0.528670 0.845805 -0.071572
vn 0.528701 0.845785 -0.071575
vn 0.528693 0.845787 -0.071613
vn 0.528663 0.845810 -0.071559
vn 0.528657 0.845810 -0.071604
vn 0.528676 0.845801 -0.071576
vn 0.528676 0.845800 -0.071582
vn 0.528670 0.845806 -0.071556
vn 0.528670 0.845803 -0.071590
vn 0.528670 0.845808 -0.071540
vn 0.528671 0.845804 -0.071572
vn 0.528668 0.845807 -0.071565
vn 0.528679 0.845799 -0.071573
vn 0.528690 0.845792 -0.071571
vn 0.528652 0.845815 -0.071589
vn 0.946954 0.046636 0.317969
vn 0.946946 0.046806 0.317966
vn 0.321784 0.046896 0.945651
vn 0.321786 0.046734 0.945658
vn -0.321786 0.046734 0.945658
vn -0.321784 0.046896 0.945651
vn -0.946791 0.050403 0.317878
vn -0.946784 0.050546 0.317875
vn -0.946784 0.050546 -0.317875
vn -0.946791 0.050403 -0.317878
vn -0.321725 0.050504 -0.945485
vn -0.321723 0.050640 -0.945479
vn 0.321723 0.050640 -0.945479
vn 0.321725 0.050504 -0.945485
vn 0.947656 0.026342 -0.318204
vn 0.947656 0.026342 -0.318204
vn 0.946791 0.050403 -0.317878
vn 0.946784 0.050546 -0.317875
vn 0.946784 0.050546 0.317875
vn 0.946791 0.050403 0.317878
vn 0.321725 0.050504 0.945485
vn 0.321723 0.050640 0.945479
vn -0.321723 0.050640 0.945479
vn -0.321725 0.050504 0.945485
vn -0.945639 0.070615 0.317460
vn -0.945639 0.070615 0.317460
vn -0.945639 0.070615 -0.317460
vn -0.945639 0.070615 -0.317460
vn -0.321327 0.070750 -0.944322
vn -0.321327 0.070750 -0.944322
vn 0.321327 0.070750 -0.944322
vn 0.321327 0.070750 -0.944322
vn 0.945639 0.070615 -0.317460
vn 0.945639 0.070615 -0.317460
vn 0.945639 0.070615 0.317460
vn 0.945639 0.070615 0.317460
vn 0.321327 0.070750 0.944322
vn 0.321327 0.070750 0.944322
vn -0.321327 0.070750 0.944322
vn -0.321327 0.070750 0.944322
vn -0.949092 0.054901 0.310177
vn -0.949308 0.052064 0.310005
vn -0.947110 0.047403 0.317389
vn -0.943853 0.052365 0.326190
vn -0.949657 0.032164 0.311635
vn -0.945942 0.049581 0.320525
vn -0.944558 0.053808 0.323907
vn -0.942874 0.056594 0.328308
vn -0.943058 0.068232 0.325555
vn -0.937615 0.062703 0.341976
vn -0.943063 0.071439 0.324853
vn -0.936476 0.062385 0.345140
vn -0.945103 0.074967 0.318056
vn -0.948604 0.070136 0.308595
vn -0.941945 0.089735 0.323555
vn -0.946163 0.073676 0.315194
vn -0.947620 0.069588 0.311726
vn -0.949364 0.066854 0.306982
vn -0.953575 0.061390 0.294832
vn -0.956192 0.060612 0.286395
vn -0.358140 -0.663927 -0.656457
vn -0.279144 -0.888638 -0.363869
vn -0.296297 -0.893964 -0.336209
vn -0.374962 -0.683529 -0.626252
vn -0.164671 -0.986206 -0.016760
vn -0.182222 -0.983255 0.002228
vn -0.029408 -0.939294 0.341850
vn -0.045698 -0.935510 0.350331
vn 0.105313 -0.743520 0.660369
vn 0.094584 -0.744993 0.660332
vn 0.212917 -0.420890 0.881770
vn 0.213567 -0.428502 0.877938
vn 0.270385 -0.028151 0.962341
vn 0.285429 -0.035235 0.957752
vn 0.269824 0.359824 0.893153
vn 0.296523 0.360604 0.884329
vn 0.219773 0.681565 0.697975
vn 0.252252 0.689332 0.679110
vn 0.135205 0.901131 0.411926
vn 0.167155 0.908986 0.381843
vn 0.028708 0.997196 0.069113
vn 0.054185 0.998029 0.031665
vn -0.090108 0.952242 -0.291744
vn -0.075603 0.940960 -0.329968
vn -0.209205 0.758743 -0.616882
vn -0.207215 0.732841 -0.648079
vn -0.310668 0.438493 -0.843332
vn -0.319067 0.399732 -0.859308
vn -0.375492 0.049031 -0.925528
vn -0.389924 0.005981 -0.920828
vn -0.391950 -0.338148 -0.855588
vn -0.408481 -0.373111 -0.833026
vn -0.482714 -0.849675 -0.212228
vn -0.561630 -0.645135 -0.518047
vn -0.337937 -0.932459 0.127747
vn -0.148902 -0.876331 0.458118
vn 0.053134 -0.679450 0.731796
vn 0.230635 -0.363659 0.902529
vn 0.349898 0.018904 0.936597
vn 0.395995 0.395499 0.828715
vn 0.374334 0.703323 0.604327
vn 0.296583 0.906482 0.300548
vn 0.171374 0.984112 -0.046415
vn 0.007086 0.919458 -0.393125
vn -0.178467 0.710213 -0.680990
vn -0.355020 0.387528 -0.850754
vn -0.490936 0.013871 -0.871085
vn -0.563946 -0.345897 -0.749880
vn -0.733086 -0.679708 0.024145
vn -0.795729 -0.516751 -0.315886
vn -0.572267 -0.728496 0.376570
vn -0.335430 -0.649870 0.682023
vn -0.065286 -0.456101 0.887530
vn 0.188108 -0.180923 0.965341
vn 0.382583 0.133457 0.914232
vn 0.494299 0.441212 0.749000
vn 0.474132 0.690283 0.546542
vn 0.456535 0.872976 0.171722
vn 0.310187 0.934223 -0.176101
vn 0.091103 0.862575 -0.497658
vn -0.169101 0.661527 -0.730607
vn -0.423667 0.368156 -0.827627
vn -0.629155 0.040792 -0.776209
vn -0.758179 -0.266657 -0.595028
vn -0.873776 -0.441476 0.203994
vn -0.921124 -0.352046 -0.166115
vn -0.708710 -0.444386 0.547952
vn -0.454520 -0.361877 0.813914
vn -0.152651 -0.207467 0.966258
vn 0.152539 -0.002559 0.988294
vn 0.419921 0.226851 0.878752
vn 0.613270 0.450119 0.649070
vn 0.571816 0.705300 0.419022
vn 0.702685 0.632940 0.324994
vn 0.668771 0.741805 -0.049711
vn 0.510865 0.753001 -0.414736
vn 0.252825 0.662259 -0.705331
vn -0.167240 0.616484 -0.769402
vn -0.462566 0.361185 -0.809678
vn -0.652127 0.026531 -0.757645
vn -0.842797 -0.188488 -0.504149
vn -0.881096 -0.429752 0.197441
vn -0.918013 -0.358236 -0.170055
vn -0.724746 -0.427278 0.540534
vn -0.469082 -0.350191 0.810758
vn -0.148906 -0.207942 0.966740
vn 0.188991 -0.020359 0.981768
vn 0.492987 0.184826 0.850178
vn 0.714572 0.375735 0.590093
vn 0.818021 0.522437 0.240628
vn 0.785726 0.601441 -0.144580
vn 0.620926 0.599290 -0.505275
vn 0.348178 0.515027 -0.783274
vn 0.027381 0.369858 -0.928685
vn 0.012175 0.362087 -0.932065
vn -0.305692 0.182294 -0.934517
vn -0.330972 0.166507 -0.928834
vn -0.625934 -0.038854 -0.778907
vn -0.829948 -0.222150 -0.511699
vn 0.944856 0.067229 -0.320510
vn 0.945464 0.066909 -0.318780
vn 0.947522 0.067761 -0.312428
vn 0.944750 0.061379 -0.321995
vn 0.946585 0.067057 -0.315405
vn 0.950571 0.072167 -0.302005
vn 0.948033 0.069760 -0.310429
vn 0.941874 0.071571 -0.328253
vn 0.936580 0.074461 -0.342452
vn 0.938670 0.086407 -0.333816
vn 0.916271 0.082010 -0.392073
vn 0.942579 0.090654 -0.321445
vn 0.941651 0.087876 -0.324918
vn 0.945643 0.090485 -0.312363
vn 0.944418 0.091022 -0.315895
vn 0.944403 0.093280 -0.315280
vn 0.943009 0.089645 -0.320465
vn 0.947491 0.087689 -0.307524
vn 0.962583 0.081043 -0.258585
vn 0.969883 0.083522 -0.228804
vn 0.309123 -0.454282 0.835506
vn 0.231609 -0.763163 0.603274
vn 0.268744 -0.765130 0.585109
vn 0.330776 -0.462113 0.822824
vn 0.121799 -0.953422 0.275957
vn 0.169349 -0.951458 0.256998
vn -0.003134 -0.995444 -0.095297
vn 0.047703 -0.992618 -0.111507
vn -0.123870 -0.882820 -0.453084
vn -0.077647 -0.882316 -0.464208
vn -0.221677 -0.632842 -0.741869
vn -0.187579 -0.637419 -0.747336
vn -0.281226 -0.284978 -0.916351
vn -0.265294 -0.295328 -0.917824
vn -0.293525 0.104867 -0.950182
vn -0.298853 0.091865 -0.949867
vn -0.257609 0.475933 -0.840907
vn -0.283146 0.465313 -0.838637
vn -0.179732 0.773716 -0.607503
vn -0.220707 0.768186 -0.600982
vn -0.071771 0.955662 -0.285585
vn -0.121102 0.954345 -0.273058
vn 0.050287 0.995750 0.077158
vn 0.000521 0.995458 0.095204
vn 0.168491 0.888240 0.427364
vn 0.125666 0.885275 0.447768
vn 0.265415 0.648522 0.713424
vn 0.235268 0.640553 0.730986
vn 0.326570 0.310832 0.892600
vn 0.312643 0.298558 0.901730
vn 0.342268 -0.076229 0.936505
vn 0.346142 -0.088620 0.933987
vn 0.373491 -0.483007 0.791965
vn 0.334092 -0.767111 0.547651
vn 0.568980 -0.700920 0.430085
vn 0.591108 -0.421473 0.687715
vn 0.246509 -0.941677 0.229079
vn 0.467158 -0.877839 0.105655
vn 0.121833 -0.984547 -0.125794
vn 0.300852 -0.922910 -0.240262
vn -0.021489 -0.880802 -0.472997
vn 0.096953 -0.824680 -0.557228
vn -0.156445 -0.632214 -0.758835
vn -0.109146 -0.593321 -0.797532
vn -0.252466 -0.273016 -0.928290
vn -0.277895 -0.259972 -0.924764
vn -0.289976 0.127784 -0.948465
vn -0.375669 0.123805 -0.918447
vn -0.271783 0.495063 -0.825255
vn -0.394113 0.489360 -0.777947
vn -0.214651 0.779053 -0.589068
vn -0.123229 0.788397 -0.602698
vn -0.133628 0.952921 -0.272186
vn -0.034912 0.960648 -0.275566
vn -0.035430 0.995111 0.092189
vn -0.115225 0.979878 0.162979
vn 0.077006 0.886997 0.455310
vn 0.055990 0.865499 0.497772
vn 0.193970 0.632326 0.750026
vn 0.239884 0.619530 0.747421
vn 0.295441 0.273583 0.915351
vn 0.407941 0.285460 0.867235
vn 0.359705 -0.120304 0.925278
vn 0.532736 -0.078596 0.842624
vn 0.864331 -0.461386 0.200137
vn 0.856960 -0.190227 0.478992
vn 0.750708 -0.648644 -0.125294
vn 0.534286 -0.720646 -0.441824
vn 0.252166 -0.669600 -0.698605
vn -0.051931 -0.507032 -0.860361
vn -0.334891 -0.254947 -0.907111
vn -0.554847 0.055341 -0.830110
vn -0.674228 0.377851 -0.634543
vn -0.545516 0.723012 -0.423870
vn -0.669643 0.656049 -0.348106
vn -0.446772 0.887456 -0.113213
vn -0.542206 0.839980 -0.021112
vn -0.318994 0.902506 0.289353
vn -0.040655 0.842065 0.537842
vn 0.252315 0.673500 0.694791
vn 0.522732 0.421274 0.741133
vn 0.735052 0.119401 0.667414
vn 0.892383 -0.441166 0.095000
vn 0.872425 -0.235838 0.428084
vn 0.789935 -0.557609 -0.255098
vn 0.584676 -0.577363 -0.569917
vn 0.306182 -0.505860 -0.806448
vn -0.008155 -0.357727 -0.933791
vn -0.316840 -0.153307 -0.936007
vn -0.577524 0.084789 -0.811959
vn -0.748966 0.329882 -0.574655
vn -0.797443 0.547084 -0.254527
vn -0.709079 0.698044 0.099706
vn -0.496723 0.753499 0.430704
vn -0.195838 0.700672 0.686080
vn 0.249131 0.682730 0.686886
vn 0.554451 0.451458 0.699121
vn 0.725223 0.029651 0.687876
vn 0.883793 -0.448676 0.132667
vn 0.792985 -0.361662 0.490281
vn 0.853052 -0.461323 -0.243891
vn 0.705320 -0.397993 -0.586622
vn 0.460200 -0.266814 -0.846774
vn 0.150713 -0.085074 -0.984910
vn -0.178949 0.121707 -0.976301
vn -0.477906 0.322036 -0.817251
vn -0.697173 0.483464 -0.529351
vn -0.799895 0.579164 -0.157282
vn -0.768645 0.593200 0.239370
vn -0.608339 0.523244 0.596774
vn -0.345337 0.380925 0.857694
vn -0.067786 0.217249 0.973760
vn -0.023061 0.189954 0.981522
vn 0.260690 0.011222 0.965357
vn 0.306181 -0.018359 0.951796
vn 0.591683 -0.211514 0.777928
vn 0.351164 -0.463745 0.813403
vn 0.302184 -0.763451 0.570813
vn 0.350619 -0.092611 0.931928
vn 0.300232 0.294076 0.907403
vn 0.207382 0.636783 0.742631
vn 0.086315 0.882308 0.462691
vn -0.044314 0.992871 0.110648
vn -0.164483 0.951616 -0.259562
vn -0.255803 0.764821 -0.591282
vn -0.304265 0.461086 -0.833560
vn -0.302472 0.087424 -0.949140
vn -0.250937 -0.298259 -0.920908
vn -0.157844 -0.637276 -0.754298
vn -0.037457 -0.879065 -0.475227
vn 0.092062 -0.987762 -0.125900
vn 0.211245 -0.947215 0.241164
s 1
g pCube1
usemtl initialShadingGroup
f 1/323/1 2/324/2 5/320/3 4/319/4
f 2/324/2 3/329/5 6/325/6 5/320/3
f 4/319/4 5/320/3 8/321/7 7/322/8
f 5/320/3 6/325/6 9/326/9 8/321/7
s 2
f 26/338/10 27/337/11 28/340/12
f 28/1/12 29/2/13 30/3/14
f 31/341/15 28/342/12 32/343/16
f 28/1/12 30/3/14 33/6/17
s 4
f 12/355/18 13/354/19 16/357/20 15/358/21
f 13/354/19 14/356/22 17/359/23 16/357/20
f 15/358/21 16/357/20 19/360/24 18/361/25
f 16/357/20 17/359/23 20/362/26 19/360/24
s 5
f 18/126/27 22/127/28 21/128/29
f 19/129/30 20/131/31 22/127/28
f 21/128/29 22/127/28 1/130/32
f 22/127/28 3/134/33 2/132/34
s 8
f 23/25/35 20/30/36 17/26/37 24/18/38
f 3/24/39 23/25/35 24/18/38 6/17/40
f 24/18/38 17/26/37 14/19/41 11/14/42
f 6/17/40 24/18/38 11/14/42 9/13/43
s 9
f 18/43/44 21/44/45 25/40/46 15/39/47
f 21/44/45 1/49/48 4/45/49 25/40/46
f 15/39/47 25/40/46 10/41/50 12/42/51
f 25/40/46 4/45/49 7/46/52 10/41/50
s 2
f 28/342/12 33/344/17 32/343/16
f 26/71/10 28/72/12 34/65/53
f 34/65/53 28/72/12 31/66/15
f 27/337/11 29/339/13 28/340/12
s 5
f 22/127/28 20/131/31 23/133/54
f 1/130/32 22/127/28 2/132/34
f 18/126/27 19/129/30 22/127/28
f 22/127/28 23/133/54 3/134/33
s 1
f 7/322/8 8/321/7 42/327/55 35/328/56
s 8
f 9/13/43 11/14/42 40/11/57 41/10/58
s 4
f 13/354/19 12/355/18 37/352/59 38/351/60
s 8
f 11/14/42 14/19/41 39/20/61 40/11/62
s 4
f 14/356/22 13/354/19 38/351/63 39/353/64
s 10
f 140/135/65 139/136/66 154/137/67
f 154/137/67 139/136/66 153/138/68
f 153/138/68 139/136/66 152/139/69
f 152/139/69 139/136/66 151/140/70
f 151/140/70 139/136/66 150/141/71
f 150/141/71 139/136/66 149/142/72
f 149/142/72 139/136/66 148/145/73
f 139/136/66 141/149/74 148/145/73
f 148/145/73 141/149/74 147/156/75
f 141/149/74 142/163/76 147/156/75
f 142/163/76 143/172/77 147/156/75
f 147/156/75 143/172/77 146/167/78
f 143/172/77 144/181/79 146/167/78
f 144/181/79 145/184/80 146/167/78
s 9
f 12/42/51 10/41/50 36/47/81 37/48/82
s 1
f 8/321/7 9/326/9 41/330/83 42/327/84
s 11
f 36/47/85 35/57/86 43/58/87 44/52/88
s 9
f 37/48/82 36/47/81 44/52/89 45/53/90
s 4
f 38/351/60 37/352/59 45/349/91 46/348/92
f 39/353/64 38/351/63 46/348/93 47/350/94
s 12
f 236/186/95 235/187/96 250/188/97
f 250/188/97 235/187/96 249/189/98
f 249/189/98 235/187/96 248/190/99
f 248/190/99 235/187/96 247/191/100
f 247/191/100 235/187/96 246/192/101
f 246/192/101 235/187/96 245/193/102
f 235/187/96 237/196/103 245/193/102
f 245/193/102 237/196/103 244/200/104
f 237/196/103 238/207/105 244/200/104
f 244/200/104 238/207/105 243/211/106
f 238/207/105 239/226/107 243/211/106
f 239/226/107 240/235/108 243/211/106
f 240/235/108 241/230/109 243/211/106
f 241/230/109 242/221/110 243/211/106
s 8
f 41/10/58 40/11/57 48/8/111 49/7/112
s 1
f 42/327/84 41/330/83 49/333/113 50/331/114
f 35/328/56 42/327/55 50/331/115 43/332/116
s 11
f 44/52/88 43/58/87 51/64/117 52/59/118
s 9
f 45/53/90 44/52/89 52/59/119 53/60/120
s 4
f 46/348/92 45/349/91 53/346/121 54/345/122
f 47/350/94 46/348/93 54/345/123 55/347/124
s 13
f 48/8/125 47/12/126 55/9/127 56/5/128
s 8
f 49/7/112 48/8/111 56/5/129 57/4/130
s 1
f 50/331/114 49/333/113 57/336/131 58/334/132
f 43/332/116 50/331/115 58/334/133 51/335/134
s 11
f 52/59/118 51/64/117 26/71/135 34/65/136
s 9
f 53/60/120 52/59/119 34/65/137 31/66/138
s 4
f 54/345/122 53/346/121 31/341/139 32/343/140
f 55/347/124 54/345/123 32/343/141 33/344/142
s 13
f 56/5/128 55/9/127 33/6/143 30/3/144
s 8
f 57/4/130 56/5/129 30/3/145 29/2/146
s 1
f 58/334/132 57/336/131 29/339/147 27/337/148
f 51/335/134 58/334/133 27/337/149 26/338/150
s 14
f 60/55/151 10/41/152 65/50/153
f 10/41/152 7/46/154 65/50/153
f 65/50/153 7/46/154 64/54/155
f 64/54/155 7/46/154 63/61/156
f 7/46/154 59/67/157 63/61/156
f 59/67/157 7/46/154 66/73/158
f 61/70/159 68/75/160 35/57/161
f 35/57/161 68/75/160 7/46/154
f 68/75/160 67/76/162 7/46/154
f 7/46/154 67/76/162 66/73/158
f 61/70/159 35/57/161 69/63/163
f 35/57/161 36/47/164 69/63/163
f 69/63/163 36/47/164 70/69/165
f 70/69/165 36/47/164 71/74/166
f 36/47/164 62/68/167 71/74/166
f 62/68/167 36/47/164 74/62/168
f 60/55/151 72/51/169 10/41/152
f 10/41/152 72/51/169 36/47/164
f 72/51/169 73/56/170 36/47/164
f 36/47/164 73/56/170 74/62/168
s 16
f 60/252/171 65/253/172 75/254/173 76/255/174
f 65/253/172 64/256/175 77/257/176 75/254/173
f 64/256/175 63/262/177 78/263/178 77/257/176
f 63/262/177 59/266/179 79/267/180 78/263/178
f 59/266/179 66/271/181 80/272/182 79/267/180
f 66/363/181 67/364/183 81/365/184 80/366/182
f 67/364/183 68/367/185 82/368/186 81/365/184
f 68/185/185 61/182/187 83/179/188 82/183/186
f 61/182/187 69/178/189 84/173/190 83/179/188
f 69/178/189 70/176/191 85/168/192 84/173/190
f 70/176/191 71/169/193 86/160/194 85/168/192
f 71/169/193 62/170/195 87/161/196 86/160/194
f 62/170/195 74/177/197 88/171/198 87/161/196
f 74/387/197 73/388/199 89/389/200 88/390/198
f 73/388/199 72/391/201 90/392/202 89/389/200
f 72/260/201 60/252/171 76/255/174 90/261/202
f 76/255/174 75/254/173 91/258/203 92/259/204
f 75/254/173 77/257/176 93/264/205 91/258/203
f 77/257/176 78/263/178 94/268/206 93/264/205
f 78/263/178 79/267/180 95/273/207 94/268/206
f 79/267/180 80/272/182 96/275/208 95/273/207
f 80/366/182 81/365/184 97/369/209 96/370/208
f 81/365/184 82/368/186 98/371/210 97/369/209
f 82/183/186 83/179/188 99/174/211 98/180/210
f 83/179/188 84/173/190 100/164/212 99/174/211
f 84/173/190 85/168/192 101/159/213 100/164/212
f 85/168/192 86/160/194 102/152/214 101/159/213
f 86/160/194 87/161/196 103/153/215 102/152/214
f 87/161/196 88/171/198 104/162/216 103/153/215
f 88/390/198 89/389/200 105/393/217 104/394/216
f 89/389/200 90/392/202 106/395/218 105/393/217
f 90/261/202 76/255/174 92/259/204 106/265/218
f 92/82/204 91/89/203 107/83/219 108/78/220
f 91/258/203 93/264/205 109/269/221 107/270/219
f 93/264/205 94/268/206 110/274/222 109/269/221
f 94/268/206 95/273/207 111/276/223 110/274/222
f 95/273/207 96/275/208 112/277/224 111/276/223
f 96/370/208 97/369/209 113/372/225 112/373/224
f 97/369/209 98/371/210 114/374/226 113/372/225
f 98/180/210 99/174/211 115/165/227 114/175/226
f 99/174/211 100/164/212 116/157/228 115/165/227
f 100/164/212 101/159/213 117/151/229 116/157/228
f 101/159/213 102/152/214 118/147/230 117/151/229
f 102/152/214 103/153/215 119/148/231 118/147/230
f 103/153/215 104/162/216 120/154/232 119/148/231
f 104/394/216 105/393/217 121/396/233 120/397/232
f 105/90/217 106/81/218 122/77/234 121/87/233
f 106/81/218 92/82/204 108/78/220 122/77/234
f 108/78/220 107/83/219 123/84/235 124/79/236
f 107/83/219 109/91/221 125/92/237 123/84/235
f 109/91/221 110/97/222 126/98/238 125/92/237
f 110/384/222 111/380/223 127/381/239 126/385/238
f 111/380/223 112/373/224 128/376/240 127/381/239
f 112/373/224 113/372/225 129/375/241 128/376/240
f 113/372/225 114/374/226 130/377/242 129/375/241
f 114/175/226 115/165/243 131/158/244 130/166/242
f 115/165/243 116/157/228 132/150/245 131/158/244
f 116/157/228 117/151/229 133/146/246 132/150/245
f 117/151/229 118/147/230 134/143/247 133/146/246
f 118/147/230 119/148/231 135/144/248 134/143/247
f 119/148/231 120/154/232 136/155/249 135/144/248
f 120/95/232 121/87/233 137/88/250 136/96/249
f 121/87/233 122/77/234 138/80/251 137/88/250
f 122/77/234 108/78/220 124/79/236 138/80/251
f 124/79/236 123/84/235 139/93/252 140/85/253
f 123/84/235 125/92/237 141/99/254 139/93/252
f 125/92/237 126/98/238 142/100/255 141/99/254
f 126/385/238 127/381/239 143/383/256 142/386/255
f 127/381/239 128/376/240 144/379/257 143/383/256
f 128/376/240 129/375/241 145/378/258 144/379/257
f 129/375/241 130/377/242 146/382/259 145/378/258
f 130/166/242 131/158/244 147/156/260 146/167/259
f 131/158/244 132/150/245 148/145/261 147/156/260
f 132/150/245 133/146/246 149/142/262 148/145/261
f 133/146/246 134/143/247 150/141/263 149/142/262
f 134/143/247 135/144/264 151/140/265 150/141/263
f 135/398/264 136/399/266 152/400/267 151/401/265
f 136/399/266 137/402/250 153/403/268 152/400/267
f 137/88/250 138/80/251 154/86/269 153/94/268
f 138/80/251 124/79/236 140/85/253 154/86/269
s 17
f 39/20/270 155/27/271 40/11/272
f 155/27/271 159/32/273 40/11/272
f 159/32/273 160/36/274 40/11/272
f 156/28/275 40/11/272 161/33/276
f 40/11/272 160/36/274 161/33/276
f 155/27/271 39/20/270 162/31/277
f 162/31/277 39/20/270 163/35/278
f 157/37/279 164/38/280 47/12/281
f 47/12/281 164/38/280 39/20/270
f 39/20/270 164/38/280 163/35/278
f 157/37/279 47/12/281 165/34/282
f 48/8/283 158/16/284 47/12/281
f 158/16/284 167/23/285 47/12/281
f 167/23/285 166/29/286 47/12/281
f 47/12/281 166/29/286 165/34/282
f 158/16/284 48/8/283 170/22/287
f 170/22/287 48/8/283 169/15/288
f 156/28/275 168/21/289 40/11/272
f 48/8/283 40/11/272 169/15/288
f 40/11/272 168/21/289 169/15/288
s 21
f 156/286/290 161/278/291 267/281/292 268/287/293
f 161/278/291 160/279/294 282/280/295 267/281/292
f 160/279/294 159/282/296 281/283/297 282/280/295
f 159/282/296 155/288/298 280/289/299 281/283/297
f 155/288/298 162/294/300 279/295/301 280/289/299
f 162/294/300 163/301/302 278/302/303 279/295/301
f 163/404/302 164/405/304 277/406/305 278/407/303
f 164/405/304 157/408/306 276/409/307 277/406/305
f 157/251/306 165/248/308 275/244/309 276/249/307
f 165/248/308 166/243/310 274/236/311 275/244/309
f 166/243/310 167/239/312 273/231/313 274/236/311
f 167/239/312 158/240/314 272/232/315 273/231/313
f 158/240/314 170/246/316 271/241/317 272/232/315
f 170/246/316 169/250/318 270/247/319 271/241/317
f 169/433/318 168/434/320 269/435/321 270/436/319
f 168/434/320 156/437/290 268/438/293 269/435/321
f 172/300/322 171/292/323 187/299/324 188/306/325
f 171/292/323 173/291/326 189/298/327 187/299/324
f 173/291/326 174/297/328 190/305/329 189/298/327
f 174/297/328 175/304/330 191/309/331 190/305/329
f 175/304/330 176/308/332 192/311/333 191/309/331
f 176/308/332 177/310/334 193/314/335 192/311/333
f 177/414/334 178/413/336 194/416/337 193/417/335
f 178/413/336 179/415/338 195/418/339 194/416/337
f 179/238/338 180/228/340 196/218/341 195/229/339
f 180/228/340 181/217/342 197/208/343 196/218/341
f 181/217/342 182/212/344 198/203/345 197/208/343
f 182/212/344 183/213/346 199/204/347 198/203/345
f 183/213/346 184/224/348 200/214/349 199/204/347
f 184/224/348 185/234/350 201/225/351 200/214/349
f 185/443/350 186/442/352 202/445/353 201/446/351
f 186/442/352 172/444/322 188/447/325 202/445/353
f 188/101/325 187/102/324 203/103/354 204/104/355
f 187/102/324 189/105/327 205/106/356 203/103/354
f 189/105/327 190/111/329 206/112/357 205/106/356
f 190/305/329 191/309/331 207/312/358 206/313/357
f 191/309/331 192/311/333 208/315/359 207/312/358
f 192/424/333 193/417/335 209/420/360 208/425/359
f 193/417/335 194/416/337 210/419/361 209/420/360
f 194/416/337 195/418/339 211/421/362 210/419/361
f 195/229/339 196/218/363 212/209/364 211/219/362
f 196/218/363 197/208/365 213/201/366 212/209/364
f 197/208/365 198/203/345 214/198/367 213/201/366
f 198/203/345 199/204/347 215/199/368 214/198/367
f 199/204/347 200/214/349 216/205/369 215/199/368
f 200/214/349 201/225/351 217/215/370 216/205/369
f 201/117/351 202/109/353 218/110/371 217/118/370
f 202/109/353 188/101/325 204/104/355 218/110/371
f 204/104/355 203/103/354 219/107/372 220/108/373
f 203/103/354 205/106/356 221/113/374 219/107/372
f 205/106/356 206/112/357 222/119/375 221/113/374
f 206/313/357 207/312/358 223/316/376 222/317/375
f 207/312/358 208/315/359 224/318/377 223/316/376
f 208/425/359 209/420/360 225/423/378 224/429/377
f 209/420/360 210/419/361 226/422/379 225/423/378
f 210/419/361 211/421/362 227/426/380 226/422/379
f 211/219/362 212/209/364 228/202/381 227/210/380
f 212/209/364 213/201/366 229/197/382 228/202/381
f 213/201/366 214/198/367 230/194/383 229/197/382
f 214/198/367 215/199/368 231/195/384 230/194/383
f 215/199/368 216/205/369 232/206/385 231/195/384
f 216/205/369 217/215/370 233/216/386 232/206/385
f 217/118/370 218/110/371 234/116/387 233/122/386
f 218/110/371 204/104/355 220/108/373 234/116/387
f 220/108/373 219/107/372 235/114/388 236/115/389
f 219/107/372 221/113/374 237/120/390 235/114/388
f 221/113/374 222/119/375 238/123/391 237/120/390
f 222/119/375 223/124/376 239/125/392 238/123/391
f 223/431/376 224/429/377 240/430/393 239/432/392
f 224/429/377 225/423/378 241/428/394 240/430/393
f 225/423/378 226/422/379 242/427/395 241/428/394
f 226/220/379 227/210/380 243/211/396 242/221/395
f 227/210/380 228/202/381 244/200/397 243/211/396
f 228/202/381 229/197/382 245/193/398 244/200/397
f 229/197/382 230/194/383 246/192/399 245/193/398
f 230/194/383 231/195/384 247/191/400 246/192/399
f 231/448/384 232/449/401 248/450/402 247/451/400
f 232/449/401 233/452/403 249/453/404 248/450/402
f 233/452/403 234/454/387 250/455/405 249/453/404
f 234/116/387 220/108/373 236/115/389 250/121/405
f 252/293/406 251/285/407 171/292/323 172/300/322
f 253/439/408 252/441/406 172/444/322 186/442/352
f 254/440/409 253/439/408 186/442/352 185/443/350
f 255/233/410 254/242/409 185/234/350 184/224/348
f 256/223/411 255/233/410 184/224/348 183/213/346
f 257/222/412 256/223/411 183/213/346 182/212/344
f 258/227/413 257/222/412 182/212/344 181/217/342
f 259/237/414 258/227/413 181/217/342 180/228/340
f 260/245/415 259/237/414 180/228/340 179/238/338
f 261/410/416 260/412/415 179/415/338 178/413/336
f 262/411/417 261/410/416 178/413/336 177/414/334
f 263/303/418 262/307/417 177/310/334 176/308/332
f 264/296/419 263/303/418 176/308/332 175/304/330
f 265/290/420 264/296/419 175/304/330 174/297/328
f 266/284/421 265/290/420 174/297/328 173/291/326
f 251/285/407 266/284/421 173/291/326 171/292/323
f 268/287/293 267/281/292 251/285/407 252/293/406
f 269/435/321 268/438/293 252/441/406 253/439/408
f 270/436/319 269/435/321 253/439/408 254/440/409
f 271/241/317 270/247/319 254/242/409 255/233/410
f 272/232/315 271/241/317 255/233/410 256/223/411
f 273/231/313 272/232/315 256/223/411 257/222/412
f 274/236/311 273/231/313 257/222/412 258/227/413
f 275/244/309 274/236/311 258/227/413 259/237/414
f 276/249/307 275/244/309 259/237/414 260/245/415
f 277/406/305 276/409/307 260/412/415 261/410/416
f 278/407/303 277/406/305 261/410/416 262/411/417
f 279/295/301 278/302/303 262/307/417 263/303/418
f 280/289/299 279/295/301 263/303/418 264/296/419
f 281/283/297 280/289/299 264/296/419 265/290/420
f 282/280/295 281/283/297 265/290/420 266/284/421
f 267/281/292 282/280/295 266/284/421 251/285/407
g default
v -3.248575 4.548402 3.301934
v -2.092149 4.548402 4.150283
v 0.000000 4.548402 4.838815
v 2.092149 4.548402 4.169322
v 3.248575 4.548402 3.301934
v -3.248575 5.365038 3.301934
v -2.092149 5.365038 4.174327
v 0.000000 5.365038 4.938995
v 2.096917 5.357881 4.245586
v 3.254172 5.368050 3.312503
v -2.166200 8.106862 2.325913
v -1.399753 8.109579 3.012042
v -0.178646 8.224254 3.516779
v 1.228107 8.212233 3.070409
v 2.152929 8.130742 2.349607
v -1.855090 8.659312 2.058293
v -1.235025 8.674999 2.664224
v -0.297007 8.846804 3.103112
v 0.918979 8.835492 2.719933
v 1.793348 8.703414 2.111930
v -0.550441 12.248171 0.705641
v -0.301651 12.218982 0.929019
v 0.151186 12.174355 1.123207
v 0.618609 12.155654 1.008310
v 0.879307 12.150261 0.834492
v -0.751147 12.276157 0.396561
v 1.094003 12.153885 0.567664
v -0.899365 12.304840 -0.105552
v 1.257672 12.166871 0.097456
v -0.733071 12.320972 -0.579476
v 1.112594 12.199345 -0.402544
v -0.521867 12.320333 -0.849547
v -0.263564 12.313307 -1.027006
v 0.197514 12.285456 -1.135928
v 0.659216 12.252006 -0.932909
v 0.910527 12.225231 -0.710211
v -1.833653 8.794039 -1.922847
v -1.013033 8.810272 -2.570644
v 2.110873 8.631273 -1.691406
v -2.229171 8.194861 -2.079677
v -1.297880 8.228707 -2.860083
v 0.032751 7.417162 -3.245663
v 1.395182 7.392627 -2.767665
v 2.318875 8.094416 -2.079262
v -3.393887 5.290997 -3.000538
v -2.097103 5.362513 -4.140006
v 0.000000 5.365038 -4.811108
v 2.092149 5.365038 -4.150283
v 3.248575 5.365038 -3.301934
v -3.320758 4.511622 -3.152216
v -2.092149 4.548402 -4.150283
v 0.000000 4.548403 -4.811108
v 2.092149 4.548403 -4.150283
v 3.248575 4.548402 -3.301934
v -4.256481 4.511622 -1.925424
v 4.184297 4.548402 -2.075141
v -4.880784 4.548402 0.000000
v 4.899622 4.558039 -0.084871
v -4.184297 4.548402 2.075141
v 4.203135 4.558039 1.990270
v 4.184297 5.365038 -2.075141
v 4.918707 5.384439 -0.170854
v 4.222220 5.384439 1.904287
v 2.945990 8.096318 -1.277948
v 3.293656 8.125896 -0.170116
v 2.828286 8.125970 1.267014
v 2.651277 8.633431 -1.007440
v 2.850979 8.660650 -0.079316
v 2.420739 8.662968 1.187225
v -4.329610 5.290997 -1.773745
v -4.880784 5.365038 0.000000
v -4.184297 5.365038 2.075141
v -2.854079 8.193947 -1.260344
v -3.198036 8.224389 -0.124196
v -2.773153 8.140613 1.367164
v -2.385431 8.795353 -1.203297
v -2.711298 8.806973 -0.149448
v -2.359369 8.713197 1.186161
v -0.548815 12.532335 0.709361
v -0.299770 12.503608 0.932736
v -0.749884 12.559799 0.400384
v 0.153245 12.459518 1.126990
v 0.620542 12.441019 1.012416
v 0.881127 12.435707 0.838865
v 1.095640 12.439276 0.572335
v -0.898380 12.588072 -0.101494
v 1.259033 12.452030 0.102448
v -0.732426 12.603866 -0.575252
v 1.113624 12.483922 -0.397497
v -0.263168 12.596126 -1.022491
v -0.521379 12.603136 -0.845185
v 0.198038 12.568725 -1.131084
v 0.660007 12.535950 -0.927723
v 0.911520 12.509639 -0.704871
v 0.044167 16.435722 0.177426
v -5.115360 3.259714 -5.230156
v -3.332968 3.496389 -6.642615
v -6.630544 3.414977 -3.311978
v -0.029424 3.550347 -7.709675
v 3.090286 3.275310 -6.627396
v 5.261329 3.600760 -5.297019
v 6.744099 3.600760 -3.339031
v -7.676583 3.230090 0.035177
v 7.952995 3.204134 0.600250
v -6.630544 3.414977 3.311977
v 6.630544 3.414977 3.311977
v -3.543717 3.157689 6.439414
v -5.147774 3.414977 5.269969
v -0.061422 3.345799 7.629030
v 3.540852 3.631636 6.485254
v 5.147774 3.414977 5.269966
v -5.112075 2.924822 -5.226121
v -3.335120 3.187135 -6.644885
v -6.630544 3.095821 -3.311978
v -0.032407 3.244912 -7.712819
v 3.067482 2.941999 -6.627744
v 5.272838 3.300434 -5.299761
v 6.755608 3.300434 -3.341773
v -7.670742 2.892195 0.038743
v 7.975169 2.863608 0.661089
v -6.630544 3.095821 3.311977
v 6.630544 3.095821 3.311977
v -3.566871 2.812456 6.420708
v -5.147774 3.095821 5.269969
v -0.071640 3.015136 7.620776
v 3.563716 3.334440 6.471197
v 5.147774 3.095821 5.269966
v -4.095436 3.612252 -4.161879
v -5.280099 3.630894 -2.618589
v -6.153238 3.612464 0.003506
v -5.280099 3.630894 2.618589
v -4.099328 3.630894 4.166659
v -2.640049 3.630894 5.237179
v 0.000000 3.630894 6.071063
v 2.640049 3.630894 5.237179
v 4.099328 3.630894 4.166658
v 5.280099 3.630894 2.618589
v 6.180792 3.609877 0.059835
v 5.294157 3.653895 -2.621938
v 4.112963 3.653201 -4.169907
v 2.615483 3.615644 -5.237555
v -0.002383 3.641855 -6.073575
v -2.641906 3.639437 -5.239136
v -4.500049 3.234063 -4.568743
v -5.827999 3.352144 -2.890313
v -6.754379 3.211910 0.026681
v -5.827999 3.352144 2.890313
v -4.524700 3.352144 4.599022
v -3.002652 3.252299 5.709012
v -0.036570 3.310957 6.671498
v 3.001540 3.436223 5.726801
v 4.524700 3.352144 4.599020
v 5.827999 3.352144 2.890313
v 6.964033 3.192223 0.455282
v 5.915501 3.495302 -2.911159
v 4.611061 3.493437 -4.619595
v 2.746181 3.247967 -5.783192
v -0.021129 3.449351 -6.723319
v -2.928803 3.420250 -5.796236
v -4.704707 3.111916 -4.775059
v -6.101952 3.268468 -3.026175
v -7.059132 3.080756 0.035715
v -6.101952 3.268468 3.026174
v -4.737390 3.268468 4.815204
v -3.215100 3.083621 5.919767
v -0.066549 3.193517 6.962268
v 3.213042 3.424126 5.952701
v 4.737390 3.268468 4.815201
v 6.101952 3.268468 3.026174
v 7.339769 3.054403 0.609426
v 6.217209 3.457036 -3.053634
v 4.851889 3.455796 -4.842480
v 2.825804 3.128688 -6.055792
v -0.029149 3.402574 -7.046765
v -3.070272 3.357243 -6.072697
v -3.173538 3.191883 -6.321064
v -0.032407 3.244912 -7.336172
v 2.904868 2.941999 -6.302835
v 5.020337 3.300434 -5.041265
v 6.430380 3.300434 -3.179319
v 7.595801 2.863608 0.661089
v 6.305316 3.095821 3.149523
v 4.895273 3.095821 5.011470
v 3.371749 3.306247 6.164334
v -0.082224 3.003216 7.235581
v -3.374531 2.845934 6.119813
v -4.895272 3.095821 5.011474
v -6.305316 3.095821 3.149523
v -7.291374 2.892195 0.038743
v -6.305316 3.095821 -3.149523
v -4.859573 2.924822 -4.967625
v -2.516898 3.468959 -5.028455
v -0.000356 3.468959 -5.829045
v 2.510852 3.463788 -5.028166
v 3.910693 3.472470 -4.001047
v 5.035926 3.471970 -2.514715
v 5.872942 3.465298 0.005754
v 5.033083 3.467320 2.514039
v 3.907545 3.467320 4.000297
v 2.516542 3.467320 5.028079
v 0.000000 3.467320 5.828671
v -2.516542 3.467319 5.028080
v -3.907545 3.467319 4.000300
v -5.033083 3.467320 2.514039
v -5.870293 3.465547 0.000337
v -5.033083 3.467320 -2.514039
v -3.906646 3.463014 -3.999196
v -1.718940 5.077054 -3.432205
v 0.000000 5.077336 -3.980027
v 1.718385 5.077336 -3.433355
v 2.668211 5.077336 -2.731548
v 3.436770 5.077336 -1.716677
v 4.023972 5.085084 -0.068232
v 3.453384 5.085835 1.641827
v 2.668211 5.077336 2.751073
v 1.718385 5.077336 3.515373
v 0.000000 5.077336 4.075969
v -1.718385 5.077336 3.452395
v -2.668211 5.077336 2.731550
v -3.436770 5.077336 1.716677
v -4.008823 5.077336 -0.000000
v -3.500431 5.044898 -1.584637
v -2.733886 5.043872 -2.595333
v -0.707857 9.767698 -1.729604
v 0.043655 9.695230 -1.909361
v 0.812266 9.644905 -1.587776
v 1.262934 9.633398 -1.235521
v 1.615351 9.629457 -0.761578
v 1.867477 9.632928 0.036062
v 1.590860 9.622906 0.928273
v 1.240781 9.632362 1.494801
v 0.789857 9.652841 1.866221
v -0.016222 9.652209 2.108385
v -0.758518 9.667064 1.827328
v -1.181490 9.695079 1.412234
v -1.494840 9.740587 0.823886
v -1.724593 9.802896 -0.098998
v -1.468065 9.800754 -0.918992
v -1.130555 9.789920 -1.403918
v -2.417071 3.941557 -5.162901
v -0.343849 4.052705 -5.874071
v -0.305751 3.964593 -5.743471
v -2.378932 3.853263 -5.032274
v 0.554398 3.696686 -5.986517
v 2.633048 3.620445 -5.538970
v 2.624088 3.588802 -5.423643
v 0.529922 3.654459 -5.871239
v 2.544039 3.950600 -5.032758
v 3.759983 3.885745 -4.274430
v 3.700832 3.837218 -4.184325
v 2.485299 3.902746 -4.942750
v 4.217272 3.941516 -3.775809
v 5.124352 3.927795 -2.527570
v 4.283359 3.982444 -3.823334
v 5.191151 3.969902 -2.575267
v 4.998205 3.912715 -2.313916
v 6.096425 3.959766 -0.404112
v 5.087873 3.944853 -2.366501
v 6.190849 3.987321 -0.443648
v 6.049628 3.955574 0.394845
v 5.430040 3.938563 2.494162
v 6.142020 3.986311 0.424527
v 5.521554 3.970149 2.521427
v 5.044068 3.958658 2.729675
v 4.065216 3.950513 3.922312
v 5.106799 3.975209 2.781275
v 4.127949 3.967067 3.973911
v 2.732907 3.892661 5.014616
v 3.913512 4.040097 4.213702
v 3.959043 4.033061 4.279521
v 2.778439 3.885627 5.080435
v 0.427487 3.853911 6.150311
v 2.555158 3.830425 5.582841
v 2.600165 3.854081 5.704649
v 0.461771 3.867269 6.278713
v -2.486393 3.722955 5.416156
v -0.381597 3.912327 6.007072
v -0.409484 3.967424 6.088790
v -2.515727 3.776422 5.496704
v -4.179002 3.869303 4.569704
v -3.028119 3.772028 5.401077
v -3.116265 3.799945 5.505562
v -4.257356 3.908254 4.682100
v -5.064185 3.782133 2.750182
v -4.141925 3.877307 3.983460
v -4.252060 3.908534 4.063413
v -5.174320 3.813360 2.830135
v -6.063136 3.665621 0.416218
v -4.969244 3.950280 2.289700
v -5.118668 3.992619 2.370690
v -6.210667 3.701891 0.498362
v -5.490295 3.819648 -2.675733
v -6.321306 3.755922 -0.647887
v -6.399712 3.790300 -0.680083
v -5.570411 3.859506 -2.708971
v -4.028961 3.842478 -3.814218
v -5.055861 3.875712 -2.663144
v -5.118870 3.928179 -2.720870
v -4.091971 3.894945 -3.871944
v -4.211818 3.797101 -4.202780
v -3.094941 3.923896 -5.095964
v -3.035743 3.846709 -5.030647
v -4.153326 3.723295 -4.138329
v 0.401906 7.171760 -4.238366
v 1.698471 7.148016 -3.727832
v 1.698471 7.034322 -3.727832
v 0.400934 7.057831 -4.237677
v 2.007446 7.146021 -3.548013
v 2.974967 7.130378 -2.824359
v 2.972702 7.016865 -2.826181
v 2.006858 7.032374 -3.548487
v 3.341695 7.002636 -2.712400
v 3.965711 7.002636 -1.894290
v 3.344782 7.117804 -2.709918
v 3.968797 7.117804 -1.891809
v 4.114116 7.005194 -1.583890
v 4.364323 7.022262 -0.372381
v 4.116930 7.120384 -1.581627
v 4.364732 7.137885 -0.374224
v 4.093542 7.064816 0.270058
v 3.629089 7.064816 1.655212
v 4.095286 7.181123 0.262201
v 3.630833 7.181123 1.647355
v 3.779235 7.027432 2.144916
v 3.155219 7.027432 3.058180
v 3.779331 7.141173 2.144878
v 3.155219 7.141124 3.060076
v 1.913116 7.149119 4.030852
v 2.869004 7.027432 3.314304
v 2.869004 7.156586 3.327091
v 1.909917 7.270193 4.042927
v 0.029456 7.220741 4.576083
v 1.447545 7.205651 4.128754
v 1.444166 7.321568 4.129983
v 0.025889 7.336783 4.576919
v -2.807048 7.013651 3.087027
v -2.035880 7.013651 3.752703
v -2.035880 7.127344 3.754817
v -2.807048 7.127344 3.087683
v -1.721436 7.013651 3.965679
v -0.517632 7.139723 4.568067
v -0.520983 7.255624 4.569933
v -1.721436 7.127344 3.968378
v -4.272363 7.032113 0.324301
v -3.817245 7.013651 1.728482
v -3.817096 7.127638 1.728157
v -4.271599 7.144827 0.317123
v -3.651603 7.013651 2.040745
v -3.027589 7.013651 2.861294
v -3.027589 7.127344 2.863225
v -3.651603 7.127344 2.040745
v -2.848098 7.178673 -3.214524
v -1.985279 7.185295 -3.833200
v -1.988681 7.067312 -3.827850
v -2.849838 7.060075 -3.210626
v -1.597896 7.186070 -4.030233
v -0.200528 7.168970 -4.457543
v -0.202432 7.054818 -4.456195
v -1.601229 7.068920 -4.025622
v -3.091742 7.061748 -2.974216
v -3.715078 7.063088 -2.157584
v -3.713254 7.181856 -2.161669
v -3.089952 7.180446 -2.978225
v -3.896186 7.065489 -1.816524
v -4.370212 7.046550 -0.411818
v -4.368044 7.164530 -0.416544
v -3.894322 7.184335 -1.820694
v -0.982843 11.384661 1.263098
v -0.737981 11.384661 1.494177
v -0.734913 11.412212 1.483128
v -0.981687 11.412212 1.259704
v -1.098010 11.282989 1.115031
v -1.296418 11.310751 0.796017
v -1.096224 11.345343 1.110109
v -1.294661 11.373190 0.792310
v -0.568611 11.217045 1.600464
v -0.116539 11.174898 1.785128
v -0.114945 11.236791 1.778003
v -0.566806 11.279260 1.593347
v 0.244044 11.152872 1.805739
v 0.717744 11.139719 1.667564
v 0.720458 11.202666 1.661495
v 0.245459 11.214524 1.798571
v 0.898916 11.138467 1.576252
v 1.166997 11.139782 1.376539
v 1.169324 11.202455 1.372457
v 0.901463 11.201287 1.570813
v 1.295560 11.141701 1.247862
v 1.515134 11.148147 0.955580
v 1.517289 11.210844 0.954070
v 1.297790 11.204319 1.244637
v -1.384994 11.323724 0.599611
v -1.536765 11.344889 0.095425
v -1.383245 11.386207 0.596812
v -1.535050 11.407505 0.093310
v 1.613380 11.153156 0.770276
v 1.779754 11.164852 0.284501
v 1.781753 11.227546 0.286636
v 1.615444 11.215777 0.769925
v -1.534511 11.354860 -0.315644
v -1.382598 11.352841 -0.800720
v -1.532660 11.417761 -0.317759
v -1.380586 11.416098 -0.802561
v 1.784998 11.176831 -0.113902
v 1.631874 11.195541 -0.603044
v 1.634269 11.258941 -0.600297
v 1.787060 11.239697 -0.110965
v -0.971574 11.329181 -1.379922
v -0.718125 11.315720 -1.564950
v -0.969570 11.392632 -1.381198
v -0.715117 11.380170 -1.565787
v -1.294252 11.346710 -0.979411
v -1.091995 11.335079 -1.257976
v -1.292319 11.409943 -0.981113
v -1.090018 11.398452 -1.259396
v -0.542017 11.308954 -1.646959
v -0.071995 11.288600 -1.766430
v -0.537539 11.374795 -1.647387
v -0.067887 11.354105 -1.766198
v 0.296270 11.272833 -1.737262
v 0.769252 11.251969 -1.545926
v 0.300021 11.337990 -1.736480
v 0.772660 11.316799 -1.544280
v 1.538956 11.202530 -0.791334
v 1.329460 11.217381 -1.091229
v 1.332229 11.281369 -1.088932
v 1.541430 11.266100 -0.788810
v 0.946259 11.242186 -1.439643
v 1.205977 11.226158 -1.224501
v 0.949458 11.306731 -1.437862
v 1.208897 11.290349 -1.222357
v -5.505742 3.525983 -5.756670
v -3.696269 3.635291 -7.138028
v -3.697137 3.547746 -7.138943
v -5.503866 3.425458 -5.754366
v -5.634059 3.525983 -5.629860
v -7.134598 3.611090 -3.693692
v -5.632183 3.425458 -5.627555
v -7.134598 3.519553 -3.693692
v -3.515390 3.649900 -7.235375
v -0.207810 3.685293 -8.298178
v -0.209514 3.601592 -8.299975
v -3.516535 3.563633 -7.236583
v 0.175553 3.685293 -8.298178
v 3.383627 3.534532 -7.228364
v 3.370604 3.434910 -7.228562
v 0.173849 3.601592 -8.299975
v 3.567683 3.534532 -7.134366
v 5.585755 3.712927 -5.793319
v 5.592329 3.632144 -5.794886
v 3.554659 3.434910 -7.134564
v 5.714071 3.712927 -5.666509
v 7.196842 3.712927 -3.708522
v 7.203415 3.632144 -3.710088
v 5.720644 3.632144 -5.668076
v -7.230393 3.611090 -3.511869
v -8.302472 3.509744 -0.180609
v -7.230393 3.519553 -3.511869
v -8.299136 3.407505 -0.178573
v 7.292638 3.712927 -3.526698
v 8.453988 3.495517 0.129136
v 8.466652 3.391775 0.163882
v 7.299212 3.632144 -3.528264
v -8.302472 3.509744 0.219173
v -7.230393 3.611090 3.511869
v -8.299136 3.407505 0.221209
v -7.230393 3.519553 3.511869
v 8.453988 3.495517 0.528918
v 7.230393 3.611090 3.511869
v 7.230393 3.519553 3.511869
v 8.466652 3.391775 0.563664
v -5.523510 3.611090 5.778494
v -3.930808 3.341013 6.938766
v -5.523510 3.519553 5.778494
v -3.932717 3.247326 6.937224
v -7.134598 3.611090 3.693692
v -5.651827 3.611090 5.651684
v -7.134598 3.519553 3.693692
v -5.651827 3.519553 5.651684
v -3.756591 3.329933 7.024816
v -0.262445 3.531391 8.224008
v -3.758552 3.236188 7.023232
v -0.263321 3.438867 8.223299
v 0.181497 3.599619 8.272944
v 3.753461 3.847849 7.074909
v 0.181211 3.507760 8.272714
v 3.755397 3.758171 7.073719
v 7.134597 3.611090 3.693692
v 5.651826 3.611090 5.651681
v 5.651826 3.519553 5.651681
v 7.134597 3.519553 3.693692
v 3.927801 3.838518 6.986883
v 5.523510 3.611090 5.778491
v 3.929687 3.748792 6.985724
v 5.523510 3.519553 5.778491
v -0.750925 8.802402 -2.675281
v -1.309609 7.182946 -4.120388
v -1.312724 7.066399 -4.116399
v -1.002759 8.076671 -2.987199
v -1.673719 5.365038 -4.282448
v -2.002498 3.964118 -5.305210
v -1.964296 3.875528 -5.174514
v -1.673719 4.548402 -4.282448
v -2.115411 3.646405 -5.407510
v -2.353220 3.453453 -5.987929
v -2.470223 3.403922 -6.276131
v -2.681642 3.550347 -6.865921
v -2.860028 3.685293 -7.454425
v -2.861731 3.601592 -7.456221
v -2.684625 3.244912 -6.869065
v -2.554534 3.244912 -6.533809
v -2.014115 3.471376 -5.189126
v -1.374708 5.077336 -3.542690
v -0.552220 9.744524 -1.753628
v 0.510717 8.709445 -2.768758
v 0.756307 7.156313 -4.060724
v 0.755803 7.042497 -4.060368
v 0.432998 7.403891 -3.092980
v 0.627645 5.365038 -4.612861
v 1.197955 3.685537 -5.851814
v 1.174165 3.644689 -5.736716
v 0.627645 4.548403 -4.612861
v 0.792015 3.630894 -5.820897
v 0.870399 3.369629 -6.428923
v 0.907469 3.304464 -6.735175
v 0.985427 3.457095 -7.371893
v 1.183585 3.623410 -7.967588
v 1.182992 3.534601 -7.968213
v 0.983991 3.144545 -7.373407
v 0.935092 3.145072 -7.012404
v 0.754963 3.467320 -5.588493
v 0.515516 5.077336 -3.816025
v 0.274128 9.673783 -1.804849
v 0.642535 9.649315 -1.648207
v 1.357524 5.077336 -3.548156
v 1.981295 3.463115 -5.196307
v 2.242810 2.941999 -6.513456
v 2.371275 2.941999 -6.849230
v 2.674397 3.434910 -7.450047
v 2.687420 3.534532 -7.449849
v 2.394079 3.275310 -6.848881
v 2.185285 3.128802 -6.258163
v 2.133679 3.247618 -5.976487
v 2.059833 3.614875 -5.412688
v 1.652798 4.548403 -4.289056
v 2.178918 3.599240 -5.517720
v 2.187356 3.630560 -5.633055
v 1.652798 5.365038 -4.289056
v 1.102193 7.392627 -2.860212
v 1.405483 7.034322 -3.820378
v 1.405483 7.148016 -3.820378
v 1.071447 8.663867 -2.445209
v 0.836770 12.518710 -0.771274
v 1.131508 11.296096 -1.286474
v 1.128439 11.231659 -1.288713
v 0.835841 12.234451 -0.776570
v 1.898210 8.632379 -1.848395
v 2.690154 7.134637 -3.037076
v 2.688265 7.021094 -3.038596
v 2.038764 7.884117 -2.288198
v 2.901647 5.365038 -3.556438
v 3.394913 3.904732 -4.501861
v 3.336172 3.856877 -4.411852
v 2.901647 4.548402 -3.556438
v 3.665427 3.637247 -4.488739
v 4.094393 3.438697 -4.966105
v 4.306644 3.391465 -5.204257
v 4.667654 3.528896 -5.692751
v 5.007158 3.665732 -6.192644
v 5.011647 3.581538 -6.193714
v 4.676061 3.223496 -5.694754
v 4.453870 3.229519 -5.417269
v 3.490244 3.467320 -4.308632
v 2.383264 5.077336 -2.942090
v 1.129581 9.636615 -1.338934
v 1.771255 9.634785 -0.287108
v 3.783052 5.078895 -0.700401
v 5.541211 3.462047 -0.990606
v 7.175990 2.863608 -0.598720
v 7.533702 2.863608 -0.663702
v 8.025183 3.391775 -1.160909
v 8.012519 3.495517 -1.195655
v 7.511527 3.204134 -0.724540
v 6.934303 3.053621 -0.598820
v 6.580184 3.188188 -0.689358
v 5.835471 3.603870 -0.970501
v 4.608341 4.551550 -0.857772
v 5.655793 3.942240 -1.171721
v 5.748418 3.971529 -1.216192
v 4.618875 5.373575 -0.905230
v 3.163020 8.116366 -0.633166
v 4.208678 7.019860 -0.901675
v 4.209418 7.135217 -0.901080
v 2.795672 8.649911 -0.450456
v 1.201485 12.182812 -0.100911
v 1.724621 11.185882 -0.308095
v 1.726863 11.249067 -0.305280
v 1.202710 12.467736 -0.095867
v 1.519524 9.622383 1.038260
v 3.296762 5.084346 1.857912
v 4.807976 3.467319 2.811291
v 6.023308 3.095821 3.521912
v 6.333990 3.095821 3.703575
v 6.838043 3.519553 4.085290
v 6.838043 3.611090 4.085290
v 6.333990 3.414977 3.703575
v 5.829039 3.268468 3.383979
v 5.567339 3.352144 3.232054
v 5.043945 3.630894 2.928203
v 4.013932 4.556986 2.244905
v 4.848298 3.957028 2.968202
v 4.911029 3.973581 3.019802
v 4.031807 5.382766 2.164375
v 2.702005 8.125213 1.460274
v 3.654432 7.027432 2.319623
v 3.654485 7.141150 2.320062
v 2.311982 8.662191 1.361140
v 1.051333 12.153568 0.621504
v 1.471423 11.147188 1.014044
v 1.473529 11.209747 1.012415
v 1.053066 12.439029 0.626128
v 1.321715 9.624473 1.352478
v 2.854105 5.078072 2.489013
v 4.177674 3.467319 3.643595
v 5.233683 3.095821 4.564602
v 5.503639 3.095821 4.800048
v 6.007691 3.519553 5.181763
v 6.007691 3.611090 5.181763
v 5.503639 3.414977 4.800048
v 5.064885 3.268468 4.385834
v 4.837492 3.352144 4.188930
v 4.382713 3.630894 3.795121
v 3.474512 4.549100 3.001358
v 4.300141 3.952467 3.636079
v 4.362873 3.969021 3.687678
v 3.479981 5.368534 2.982889
v 2.335407 8.117387 2.068111
v 3.304983 7.027432 2.831593
v 3.304983 7.141124 2.833126
v 1.973480 8.675449 1.883561
v 0.931020 12.151260 0.771334
v 1.348339 11.143352 1.177946
v 1.350590 11.206018 1.175153
v 0.932842 12.436783 0.775716
v 0.330544 15.186150 0.271410
v 0.616762 9.644748 1.913226
v 1.374708 5.077336 3.635471
v 2.013233 3.467319 5.188196
v 2.741791 3.306799 6.364573
v 2.900662 3.334440 6.682135
v 3.092343 3.758171 7.284657
v 3.090407 3.847849 7.285848
v 2.877798 3.631636 6.696193
v 2.603549 3.424800 6.145004
v 2.420161 3.437588 5.910009
v 2.112040 3.630894 5.403956
v 1.673719 4.548402 4.308599
v 2.130836 3.836286 5.695589
v 2.175679 3.859784 5.817497
v 1.673719 5.365038 4.406442
v 0.933968 8.226580 3.163122
v 1.145601 7.220741 4.223526
v 1.142035 7.336783 4.224361
v 0.662045 8.846804 2.800177
v 0.526127 12.160908 1.031258
v 0.622242 11.141778 1.696126
v 0.625073 11.204839 1.689736
v 0.528137 12.446271 1.035313
v -0.243636 9.659442 2.035293
v -0.515515 5.077336 3.899900
v -0.754962 3.467319 5.588493
v -1.167502 2.846124 6.822017
v -1.246180 2.812456 7.158992
v -1.437861 3.236188 7.761516
v -1.435901 3.329933 7.763100
v -1.223026 3.157689 7.177698
v -1.077067 3.086268 6.596241
v -0.960376 3.255088 6.355301
v -0.792015 3.630894 5.820897
v -0.627645 4.548402 4.637189
v -1.012959 3.855602 5.829859
v -1.040846 3.910698 5.911577
v -0.627645 5.365038 4.732226
v -0.583035 8.214923 3.386756
v -0.819612 7.062928 4.409087
v -0.874842 7.245136 4.405260
v -0.618960 8.821975 2.982523
v 0.016829 12.189861 1.065345
v -0.251860 11.188038 1.731071
v -0.250219 11.249989 1.723920
v 0.018837 12.474857 1.069120
v -1.050760 9.677605 1.533669
v -2.383264 5.077336 2.942093
v -3.490244 3.467319 4.308634
v -4.372488 3.095821 5.397746
v -4.598023 3.095821 5.676165
v -4.973760 3.519553 6.184691
v -4.973760 3.611090 6.184691
v -4.598023 3.414977 5.676165
v -4.231466 3.268468 5.186347
v -4.041490 3.352144 4.953504
v -3.661544 3.630894 4.487815
v -2.901647 4.548402 3.556438
v -3.830971 3.843236 4.821350
v -3.909324 3.882187 4.933746
v -2.901647 5.365038 3.556438
v -1.934998 8.106568 2.535125
v -2.575697 7.013651 3.277653
v -2.575697 7.127344 3.278673
v -1.660002 8.653874 2.247276
v -0.474959 12.240508 0.772852
v -0.908774 11.384661 1.332490
v -0.909869 11.412212 1.335544
v -0.473180 12.524957 0.776435
v -0.627956 12.544845 0.585027
v -1.174346 11.358020 0.981743
v -1.176108 11.295636 0.986401
v -0.629484 12.260841 0.581328
v -2.058793 8.676504 1.710864
v -3.277194 7.127344 2.531610
v -3.277194 7.013651 2.531610
v -2.411836 8.114715 1.942942
v -3.622864 5.365038 2.811217
v -4.620964 3.870464 3.570101
v -4.510829 3.839236 3.490148
v -3.622864 4.548402 2.811217
v -4.571636 3.630894 3.547431
v -5.046020 3.352144 3.915539
v -5.283214 3.268468 4.099592
v -5.740882 3.414977 4.486773
v -6.244935 3.611090 4.868487
v -6.244935 3.519553 4.868487
v -5.740882 3.095821 4.486773
v -5.459289 3.095821 4.266693
v -4.357760 3.467319 3.405795
v -2.975635 5.077336 2.325601
v -1.307278 9.714337 1.181656
v -0.792822 12.571054 0.249367
v -1.427567 11.394517 0.443868
v -1.432367 11.239573 0.450057
v -0.793914 12.287599 0.245388
v -2.460764 8.746255 0.766548
v -3.955752 7.136320 1.304721
v -3.954918 7.016939 1.309707
v -2.898151 8.168828 0.903543
v -4.393244 5.365038 1.452599
v -5.447256 3.908570 1.808389
v -5.297832 3.866231 1.727399
v -4.393244 4.548402 1.452599
v -5.543764 3.630894 1.833012
v -6.119027 3.352144 2.023219
v -6.406659 3.268468 2.118322
v -6.961645 3.414977 2.318384
v -7.561494 3.611090 2.518275
v -7.561494 3.519553 2.518275
v -6.961645 3.095821 2.318384
v -6.620175 3.095821 2.204665
v -5.284412 3.467320 1.759827
v -3.608386 5.077336 1.201674
v -1.564990 9.763997 0.537278
v -0.828937 12.598767 -0.292210
v -1.469310 11.420582 -0.513264
v -1.471250 11.357488 -0.511269
v -0.829738 12.315737 -0.296339
v -2.575754 8.812061 -0.577731
v -4.174563 7.179764 -0.986865
v -4.177291 7.060673 -0.980916
v -3.059798 8.218694 -0.580459
v -4.615083 5.358469 -0.803315
v -6.066115 3.811963 -1.490493
v -5.987389 3.776558 -1.458102
v -4.603056 4.547961 -0.828261
v -5.800043 3.607197 -1.042927
v -6.365239 3.208372 -1.128770
v -6.652642 3.080070 -1.174624
v -7.235115 3.230090 -1.289614
v -7.861004 3.509744 -1.505400
v -7.857669 3.407505 -1.503363
v -7.229274 2.892195 -1.286048
v -6.871562 2.892195 -1.221066
v -5.534299 3.462696 -1.004736
v -3.783113 5.075750 -0.680218
v -1.616251 9.809065 -0.437217
v -0.767981 12.281104 0.336058
v -2.399776 8.726435 1.017337
v -3.872221 7.128842 1.560770
v -3.872534 7.014532 1.561451
v -2.823398 8.151476 1.180652
v -4.267876 5.365038 1.826124
v -5.250103 3.958999 2.145769
v -5.100679 3.916660 2.064779
v -4.267876 4.548402 1.826124
v -5.385565 3.630894 2.304358
v -5.944410 3.352144 2.543475
v -6.223835 3.268468 2.663033
v -6.762985 3.414977 2.914540
v -7.362834 3.611090 3.114431
v -7.362834 3.519553 3.114431
v -6.762985 3.095821 2.914540
v -6.431260 3.095821 2.771580
v -5.133615 3.467320 2.212354
v -3.505417 5.077336 1.510676
v -1.522583 9.749742 0.706988
v -1.526738 9.807253 -0.728100
v -3.617944 5.054977 -1.213661
v -5.234146 3.467319 -1.910670
v -6.546809 3.062474 -2.387293
v -6.887670 3.070941 -2.512370
v -7.493833 3.514929 -2.716115
v -7.494305 3.607980 -2.716403
v -6.889199 3.395001 -2.513303
v -6.335893 3.236951 -2.293896
v -6.054958 3.333332 -2.193059
v -5.491031 3.630893 -1.990128
v -4.402314 4.522487 -1.471618
v -5.693277 3.815707 -2.191210
v -5.773392 3.855565 -2.224448
v -4.462466 5.308474 -1.346856
v -2.951754 8.197725 -0.956599
v -4.007193 7.066402 -1.485410
v -4.004556 7.185743 -1.491191
v -2.467891 8.801289 -0.939120
v -0.770625 12.320503 -0.466630
v -1.417144 11.356034 -0.685591
v -1.415279 11.419070 -0.687399
v -0.769944 12.603442 -0.462496
v -0.394245 14.797899 0.080213
v -0.766770 12.564709 0.340015
v -1.400718 11.389858 0.535246
v -1.405512 11.234991 0.542289
v -0.469015 12.602871 -0.880983
v -0.918477 11.390697 -1.418553
v -0.920432 11.327348 -1.417490
v -0.469390 12.320249 -0.885550
v -1.676668 8.799211 -2.043341
v -2.688795 7.179029 -3.330818
v -2.690944 7.060291 -3.326302
v -2.061840 8.200640 -2.209901
v -3.151734 5.296535 -3.192750
v -3.987760 3.819188 -4.380579
v -3.929199 3.745055 -4.316043
v -3.082622 4.515113 -3.336096
v -3.803480 3.611775 -4.375860
v -4.177909 3.234063 -4.805063
v -4.367445 3.112012 -5.022513
v -4.748860 3.259714 -5.500953
v -5.139243 3.525983 -6.027466
v -5.137366 3.425458 -6.025161
v -4.745575 2.924822 -5.496918
v -4.511050 2.924822 -5.225140
v -3.628346 3.462537 -4.204629
v -2.534940 5.048448 -2.754322
v -1.046839 9.785756 -1.468505
v -1.461858 10.583852 1.729780
v -1.342259 10.583460 1.829755
v -1.338660 10.602467 1.825053
v -1.457291 10.602432 1.726044
v -1.710389 10.586780 1.478390
v -1.716054 10.563759 1.483433
v -1.640612 10.557575 1.597224
v -1.634414 10.580768 1.593437
v -0.837074 10.477901 2.359268
v -0.594391 10.459196 2.457009
v -0.588977 10.480357 2.449355
v -0.836110 10.499585 2.349673
v 0.302520 10.512914 2.387818
v 0.913384 10.448909 2.264800
v 0.906273 10.474102 2.261081
v 0.305420 10.539487 2.383565
v 1.329821 10.371671 2.165758
v 1.529409 10.373565 2.012144
v 1.527755 10.395099 2.003691
v 1.323704 10.393478 2.159920
v 1.661763 10.395519 1.868575
v 1.711435 10.416105 1.764514
v 1.713333 10.440372 1.754449
v 1.662965 10.418703 1.858095
v -2.036374 10.646940 0.729706
v -2.041795 10.623246 0.731942
v -2.020807 10.616178 0.810655
v -2.015549 10.639551 0.807734
v 2.090626 10.514532 0.968702
v 2.315152 10.499418 0.342515
v 2.312865 10.527462 0.348617
v 2.091227 10.541269 0.968645
v -2.123409 10.670008 -0.705397
v -2.130127 10.644247 -0.707081
v -2.183020 10.646245 -0.470639
v -2.177811 10.671434 -0.470049
v 2.444993 10.381125 -0.301834
v 2.397147 10.386122 -0.450975
v 2.389134 10.411076 -0.450334
v 2.438110 10.405906 -0.297608
v -1.154625 10.508672 -2.199301
v -1.150841 10.489205 -2.210065
v -1.197677 10.499180 -2.168535
v -1.202430 10.519449 -2.156873
v -1.832548 10.668046 -1.279447
v -1.425027 10.587826 -1.874834
v -1.827638 10.695225 -1.280114
v -1.431206 10.613647 -1.861443
v -0.843518 10.475654 -2.377924
v -0.306536 10.521370 -2.422689
v -0.840818 10.494806 -2.371406
v -0.302614 10.545463 -2.418134
v 0.476828 10.487838 -2.382862
v 1.010485 10.415866 -2.276690
v 0.471874 10.510840 -2.378841
v 1.008739 10.437210 -2.267573
v 1.997579 10.487083 -1.061311
v 1.653505 10.459004 -1.609949
v 1.660093 10.485634 -1.596449
v 1.994984 10.514837 -1.062843
v 1.276901 10.388035 -2.126878
v 1.272190 10.369821 -2.138459
v 1.138510 10.355065 -2.272896
v 1.140330 10.371184 -2.264252
v 1.311766 10.394643 -2.066110
v 1.394488 10.408004 -1.974231
v 1.317430 10.415200 -2.052443
v 1.401474 10.430100 -1.959235
v 2.397146 10.386122 -0.450976
v 2.389133 10.411076 -0.450335
v 2.247630 10.440821 -0.719933
v 2.240666 10.467329 -0.723050
v 1.914164 10.474876 1.359261
v 1.916217 10.501795 1.353585
v 1.973522 10.485946 1.259073
v 1.975070 10.512922 1.255339
v 1.716521 10.429437 1.700482
v 1.718282 10.454271 1.690759
v 1.864558 10.476165 1.411807
v 1.866616 10.502895 1.405276
v 0.913384 10.448909 2.264800
v 0.906273 10.474102 2.261081
v 1.057897 10.423667 2.244770
v 1.049984 10.447643 2.240839
v -0.543498 10.480424 2.428405
v -0.537298 10.502911 2.420207
v -0.419163 10.478329 2.461395
v -0.411929 10.500722 2.454950
v -1.342260 10.583460 1.829755
v -1.338660 10.602467 1.825052
v -1.050068 10.558840 2.112864
v -1.049290 10.577921 2.104875
v -1.729221 10.579269 1.420781
v -1.866015 10.591075 1.189513
v -1.723429 10.602834 1.415388
v -1.861183 10.614081 1.184453
v -2.069381 10.633084 0.623065
v -2.168123 10.648246 0.287245
v -2.063758 10.657375 0.620053
v -2.163428 10.672554 0.283108
v -2.076577 10.636165 -0.912715
v -2.039271 10.637102 -1.015504
v -2.069577 10.661184 -0.913246
v -2.031796 10.662450 -1.017472
v -2.130019 10.604191 -0.906253
v -2.123384 10.628064 -0.906647
v -2.175066 10.606186 -0.759547
v -2.169186 10.630070 -0.757666
v -2.063758 10.657375 0.620053
v -2.069381 10.633084 0.623065
v -2.041795 10.623246 0.731942
v -2.036374 10.646940 0.729706
v -1.150841 10.489205 -2.210065
v -0.996902 10.460725 -2.336797
v -1.154626 10.508672 -2.199301
v -0.997247 10.477819 -2.329473
v -3.786247 6.041822 4.096472
v -3.578965 6.068821 4.293022
v -3.582032 6.106967 4.291017
v -3.789315 6.079970 4.094467
v -2.135776 6.023479 5.171536
v -1.195368 6.091801 5.637252
v -1.197752 6.130039 5.639499
v -2.138161 6.061717 5.172411
v 0.738771 5.984443 5.611565
v 1.895169 6.140636 5.504953
v 1.890451 6.178367 5.512794
v 0.734054 6.022174 5.620190
v 2.949419 6.062243 4.959596
v 3.720587 6.062243 4.343338
v 3.720587 6.095291 4.335231
v 2.949419 6.085103 4.952314
v -3.840278 6.180637 -4.292153
v -3.658597 6.139686 -4.300474
v -3.667734 6.101387 -4.296268
v -3.848993 6.142554 -4.288824
v -2.296327 6.161123 -5.259828
v -2.013003 6.091826 -5.236260
v -2.021673 6.054789 -5.240933
v -2.304997 6.124086 -5.264501
v 0.618179 6.110263 -5.445051
v 1.028033 6.223264 -5.554220
v 1.037164 6.186262 -5.558242
v 0.627310 6.073262 -5.449072
v 2.780594 6.197493 -4.822642
v 3.188059 6.118391 -4.297343
v 3.183547 6.080399 -4.299564
v 2.776082 6.159501 -4.824863
v 4.503903 6.279914 -3.872236
v 4.605604 5.997196 -2.888151
v 4.498553 6.316800 -3.861086
v 4.600254 6.034081 -2.877001
v 5.655349 6.189930 -1.397342
v 5.620623 6.087442 -0.838666
v 5.655240 6.228210 -1.390395
v 5.620174 6.125547 -0.830193
v 5.146539 6.165380 0.664490
v 5.306209 6.144025 2.145231
v 5.152083 6.203280 0.668322
v 5.312196 6.182151 2.147066
v 4.347559 6.108919 3.752847
v 4.166540 6.081057 3.921213
v 4.345672 6.146949 3.757181
v 4.164653 6.119088 3.926138
v -4.373244 6.136130 -3.854297
v -4.797709 6.000325 -2.880140
v -4.791977 6.038411 -2.875869
v -4.368229 6.173849 -3.848538
v -5.524546 6.086953 -1.300592
v -5.525551 6.048816 -1.296962
v -5.825257 6.104114 -0.798934
v -5.824253 6.142253 -0.802564
v -5.131235 6.123753 2.238718
v -5.136269 6.085911 2.235373
v -5.038464 6.060258 2.378406
v -5.033429 6.098101 2.381750
v -4.448090 6.137324 3.434703
v -4.450399 6.099369 3.429936
v -4.146129 6.046686 3.702033
v -4.143821 6.084642 3.706799
v 0.747187 5.476959 -1.744999
v 1.515745 5.476959 -0.730128
v 0.549094 9.043359 0.065429
v 0.210565 9.073497 -0.485205
v 0.358517 5.431815 1.877750
v 1.308344 5.431815 1.152414
v 0.032369 9.053583 0.658632
v 0.461237 9.041984 0.302401
v 0.173254 9.046118 0.647830
v -0.584071 5.360209 1.998509
v -1.786940 5.360209 1.602575
v -0.356819 9.083875 0.390885
v -1.087181 7.093111 1.907151
v -0.110554 7.093111 2.257841
v -0.436808 6.000194 3.306103
v -1.413435 6.000194 2.902676
v -1.821684 6.202137 -5.569792
v -1.826131 6.164313 -5.565521
v -0.665590 6.054046 -5.677466
v -0.670037 6.016222 -5.673196
v 2.020113 6.086781 -5.123222
v 2.015219 6.124555 -5.118993
v 2.319779 6.164702 -5.125174
v 2.324673 6.126928 -5.129403
v 1.220120 6.240136 -5.515048
v 1.215311 6.202367 -5.519398
v 1.779302 6.119178 -5.082985
v 1.774493 6.081408 -5.087336
v 3.356328 6.174114 -4.303247
v 3.358165 6.135836 -4.303628
v 3.620815 6.185708 -4.192617
v 3.622652 6.147429 -4.192999
v 5.608075 6.153334 -1.566226
v 5.602438 6.191779 -1.568167
v 5.029504 6.035825 -2.213143
v 5.023866 6.074269 -2.215083
v 4.906516 6.053231 3.137095
v 4.906438 6.090464 3.128890
v 4.955046 6.008246 2.932450
v 4.954847 6.045417 2.924789
v 4.472041 6.092454 3.648926
v 4.479587 6.130027 3.648927
v 4.771037 6.033688 3.150939
v 4.778250 6.071091 3.152440
v 2.002032 6.039655 5.392708
v 2.002071 6.077027 5.388646
v 2.251242 6.005450 5.236604
v 2.251281 6.042822 5.232394
v -1.076970 6.071698 5.665747
v -1.073264 6.109835 5.670004
v -0.644471 6.028645 5.745254
v -0.694133 6.134070 5.742979
v -3.450471 6.092048 4.441747
v -3.446650 6.130161 4.442963
v -2.868099 6.023358 4.769296
v -2.864278 6.061471 4.771208
v -4.815545 6.033823 2.768886
v -4.545312 6.112182 3.318399
v -4.546770 6.150188 3.313697
v -4.817003 6.071827 2.764184
v -5.574466 6.027438 0.788236
v -5.390695 6.118136 1.789260
v -5.392702 6.160785 1.789543
v -5.575302 6.061677 0.789103
v -5.303404 6.101328 -2.387770
v -5.305897 6.035946 -2.031276
v -5.301570 6.074281 -2.027461
v -5.299449 6.139473 -2.383182
v -5.274139 6.124942 1.874386
v -5.275720 6.086800 1.871040
v -5.167643 6.061431 2.109180
v -5.166062 6.099573 2.112526
v -5.375135 6.055174 -1.859563
v -5.373776 6.094013 -1.864272
v -5.593963 6.088989 -1.402300
v -5.593756 6.127241 -1.404618
v -3.501857 6.128296 -4.333395
v -3.502246 6.089477 -4.334564
v -3.031811 6.213747 -4.965189
v -3.030749 6.175667 -4.969370
v -1.392728 7.138637 -1.630413
v -0.783295 7.117815 -2.066205
v -2.136530 5.970471 -2.507425
v -1.520548 5.964295 -2.957100
v -2.465944 5.248029 -1.395226
v -0.317050 9.106700 -0.306119
v -1.706083 5.248029 -1.956670
v 0.020459 9.089467 -0.567801
v -1.821000 10.324224 1.910735
v -1.717291 10.318152 2.008124
v -1.717844 10.330715 2.005025
v -1.820824 10.335756 1.908515
v -2.013089 10.361100 1.670355
v -2.013395 10.348549 1.672156
v -1.963003 10.340793 1.761339
v -1.962412 10.353836 1.760049
v -0.903340 10.294418 2.682933
v -0.764579 10.283652 2.738821
v -0.764283 10.293642 2.737426
v -0.903011 10.304433 2.681469
v 0.478312 10.223510 2.852469
v 1.147825 10.200413 2.600483
v 1.148228 10.218212 2.598182
v 0.478877 10.249443 2.848904
v 1.577367 10.170153 2.380338
v 1.672807 10.170977 2.307047
v 1.672993 10.179054 2.306412
v 1.577585 10.178295 2.379460
v 1.844342 10.162142 2.160419
v 1.917809 10.160980 2.081181
v 1.918239 10.176110 2.080255
v 1.844685 10.174977 2.159430
v -2.395910 10.393944 0.821918
v -2.396436 10.379043 0.822823
v -2.371893 10.375414 0.893803
v -2.371750 10.390453 0.891571
v 2.568772 10.146684 1.130737
v 2.761210 10.153660 0.441779
v 2.761871 10.177628 0.444085
v 2.569373 10.173426 1.130680
v -2.496804 10.391744 -0.871245
v -2.497364 10.379158 -0.870813
v -2.535215 10.380421 -0.693742
v -2.534616 10.394821 -0.694476
v 2.761658 10.111896 -0.411583
v 2.743379 10.113805 -0.468559
v 2.743567 10.120704 -0.468221
v 2.761839 10.118774 -0.411240
v -1.188265 10.323961 -2.449241
v -1.188795 10.318776 -2.448941
v -1.216204 10.319209 -2.433232
v -1.215525 10.324821 -2.433623
v -2.166105 10.366358 -1.535317
v -1.525248 10.339192 -2.212483
v -2.164949 10.386663 -1.536738
v -1.524703 10.351835 -2.212901
v -0.902957 10.312914 -2.591061
v -0.484487 10.293749 -2.714067
v -0.902695 10.320149 -2.591190
v -0.483669 10.306215 -2.714019
v 0.796744 10.252617 -2.631816
v 1.084931 10.238056 -2.511938
v 0.797281 10.262935 -2.631666
v 1.085070 10.244444 -2.511883
v 2.406188 10.147901 -1.291412
v 1.849795 10.180122 -1.960501
v 1.850994 10.197671 -1.959358
v 2.406943 10.172173 -1.290228
v 1.310907 10.220758 -2.384565
v 1.310639 10.214346 -2.384776
v 1.219185 10.220771 -2.444630
v 1.219440 10.226354 -2.444434
v 1.331533 10.217699 -2.364132
v 1.389836 10.213753 -2.324924
v 1.331822 10.224403 -2.363909
v 1.390222 10.221424 -2.324590
v 2.738619 10.128384 -0.484468
v 2.738668 10.135649 -0.484582
v 2.677674 10.141348 -0.674839
v 2.677775 10.153955 -0.674998
v 2.233189 10.143413 1.709634
v 2.233759 10.166286 1.708875
v 2.321214 10.142397 1.603077
v 2.321712 10.166683 1.602540
v 1.935556 10.158028 2.038422
v 1.935969 10.173954 2.037503
v 2.162229 10.155350 1.772181
v 2.162753 10.176954 1.771421
v 1.217154 10.162203 2.560248
v 1.218485 10.178537 2.557628
v 1.341039 10.162977 2.506497
v 1.342005 10.176557 2.504427
v -0.740515 10.288971 2.732477
v -0.740180 10.299148 2.730977
v -0.660774 10.282941 2.761278
v -0.660451 10.294348 2.759847
v -1.581879 10.344824 2.120695
v -1.582365 10.357917 2.117669
v -1.192630 10.324577 2.457854
v -1.193698 10.336009 2.454736
v -2.024308 10.355198 1.631552
v -2.144610 10.368938 1.405679
v -2.024052 10.367628 1.629866
v -2.144699 10.383068 1.403085
v -2.443351 10.391754 0.699694
v -2.525506 10.399759 0.445574
v -2.442719 10.406739 0.698637
v -2.524850 10.415147 0.444900
v -2.465048 10.375112 -0.988784
v -2.444388 10.373376 -1.054954
v -2.464531 10.387542 -0.989419
v -2.443741 10.386497 -1.055720
v -2.485476 10.362970 -0.985577
v -2.484961 10.375367 -0.986145
v -2.513558 10.364215 -0.894123
v -2.513072 10.376597 -0.894708
v -2.435878 10.371393 0.708777
v -2.436206 10.356238 0.710629
v -2.407167 10.352580 0.796384
v -2.406829 10.367651 0.794892
v -1.169899 10.323596 -2.458126
v -1.092882 10.320083 -2.502381
v -1.169693 10.328601 -2.458261
v -1.092700 10.324705 -2.502518
v -4.918937 3.516724 5.363882
v -4.516792 3.486604 5.654656
v -4.607327 3.531611 5.784528
v -5.009473 3.561732 5.493754
v -2.892608 3.410770 6.526494
v -1.190079 3.564041 7.004520
v -1.222301 3.627704 7.098945
v -2.926503 3.472550 6.619563
v 0.417468 3.503284 7.141868
v 2.385660 3.482919 6.616442
v 2.437475 3.510070 6.757306
v 0.457082 3.518719 7.290232
v 3.196429 3.527362 5.709398
v 4.560600 3.697723 4.783954
v 4.613208 3.689593 4.860008
v 3.249039 3.519235 5.785451
v -5.128591 3.524609 -5.079238
v -4.869693 3.550131 -5.284682
v -4.802028 3.464471 -5.210110
v -5.061005 3.439328 -5.004766
v -2.939279 3.647500 -6.203646
v -2.460246 3.673569 -6.368083
v -2.416105 3.571205 -6.217066
v -2.895210 3.545478 -6.052709
v 0.688790 3.326324 -7.107383
v 1.432409 3.313442 -6.951738
v 1.404920 3.266243 -6.818742
v 0.660508 3.277532 -6.974180
v 2.966548 3.556120 -5.872715
v 4.083727 3.667584 -5.580763
v 4.058579 3.607319 -5.461527
v 2.941400 3.495857 -5.753480
v 5.121429 3.679208 -4.551084
v 6.089478 3.584620 -3.056754
v 5.204154 3.719730 -4.602053
v 6.173143 3.626429 -3.107881
v 6.641303 3.578067 -1.312867
v 7.279437 3.642594 -0.516026
v 6.737938 3.613423 -1.381071
v 7.379074 3.676197 -0.578865
v 7.277708 3.685911 0.516914
v 6.345312 3.538102 2.863375
v 7.380744 3.719586 0.562564
v 6.447587 3.572904 2.906207
v 5.036029 3.534872 4.260978
v 4.803887 3.566401 4.619021
v 5.115803 3.551828 4.311206
v 4.883664 3.583357 4.669251
v -4.848874 3.542972 -4.600444
v -6.035443 3.581373 -3.270397
v -6.108246 3.641998 -3.337098
v -4.921682 3.603596 -4.667145
v -7.201307 3.469119 -1.760651
v -7.110341 3.428208 -1.723223
v -7.496178 3.404365 -0.787033
v -7.586773 3.444088 -0.824235
v -6.095685 3.648737 2.630128
v -5.923028 3.599816 2.536545
v -5.771157 3.638663 2.796438
v -5.943814 3.687585 2.890020
v -5.349374 3.515859 4.243615
v -5.222115 3.479777 4.151233
v -4.795853 3.523766 4.721246
v -4.923112 3.559849 4.813630
v -2.366014 3.690557 -6.425361
v -2.321872 3.588193 -6.274342
v -0.449472 3.792919 -7.082671
v -0.405449 3.691106 -6.931767
v 2.572432 3.292942 -6.494054
v 2.582181 3.329133 -6.627323
v 3.097171 3.317445 -6.518607
v 3.086817 3.280882 -6.385350
v 1.413855 3.417766 -6.948321
v 1.386366 3.370566 -6.815324
v 2.557093 3.354240 -6.695547
v 2.547343 3.318049 -6.562277
v 4.019236 3.574118 -5.393770
v 3.965244 3.515830 -5.283458
v 4.466491 3.573564 -5.175949
v 4.412078 3.514477 -5.065479
v 6.574708 3.556735 -1.393091
v 6.687584 3.596236 -1.423739
v 6.040365 3.606429 -2.818699
v 6.151291 3.649844 -2.858903
v 5.744104 3.589136 3.391349
v 5.801501 3.602785 3.466808
v 6.021096 3.637047 3.171992
v 6.078492 3.650696 3.247450
v 5.147331 3.637180 4.311439
v 5.229217 3.663559 4.353551
v 5.620941 3.565424 3.435479
v 5.702827 3.591801 3.477595
v 2.499971 3.466119 6.659494
v 2.551786 3.493271 6.800357
v 2.990268 3.459346 6.529214
v 3.042272 3.486681 6.669961
v -1.096146 3.568452 6.995431
v -1.128368 3.632116 7.089853
v -0.366617 3.633997 7.200198
v -0.398840 3.697662 7.294621
v -4.453311 3.476532 5.660558
v -4.543847 3.521539 5.790429
v -3.525630 3.394253 6.330422
v -3.627482 3.426510 6.451153
v -5.907688 3.409249 3.258522
v -5.268293 3.475232 4.113542
v -5.395552 3.511315 4.205925
v -6.034946 3.445332 3.350907
v -7.081270 3.303028 0.530330
v -6.196975 3.534828 2.045379
v -6.369630 3.583750 2.138962
v -7.251739 3.344937 0.625247
v -6.478650 3.498667 -3.292886
v -6.713192 3.494113 -2.733028
v -6.805765 3.540168 -2.771435
v -6.571223 3.544722 -3.331294
v -6.352629 3.561094 2.195624
v -6.179975 3.512171 2.102042
v -5.952165 3.570442 2.491880
v -6.124824 3.619364 2.585463
v -6.746044 3.478540 -2.650094
v -6.838615 3.524595 -2.688501
v -7.085884 3.433304 -1.802999
v -7.176851 3.474214 -1.840428
v -4.776703 3.568705 -5.370922
v -4.709037 3.483046 -5.296353
v -3.745066 3.689694 -6.197538
v -3.676663 3.600505 -6.122065
v -5.636771 3.581524 -5.856081
v -5.270271 3.581524 -6.126876
v -5.268395 3.480999 -6.124571
v -5.634895 3.480999 -5.853777
v -5.828319 3.522278 -5.780423
v -7.328857 3.607385 -3.844256
v -5.826442 3.421754 -5.778119
v -7.328857 3.515848 -3.844256
v -3.593689 3.729236 -7.468312
v -2.938327 3.764629 -7.687362
v -2.940030 3.680927 -7.689158
v -3.594834 3.642969 -7.469520
v 0.213510 3.729002 -8.523650
v 1.221542 3.667120 -8.193060
v 1.220949 3.578310 -8.193686
v 0.211807 3.645301 -8.525447
v 3.699975 3.507366 -7.366462
v 5.139450 3.638566 -6.424740
v 5.143939 3.554372 -6.425811
v 3.686951 3.407744 -7.366660
v 5.918371 3.706580 -5.819261
v 7.401142 3.706580 -3.861274
v 7.407716 3.625797 -3.862840
v 5.924945 3.625797 -5.820828
v -8.135945 3.457906 -1.550822
v -8.577413 3.457906 -0.226031
v -8.132609 3.355667 -1.548785
v -8.574077 3.355667 -0.223994
v 8.251639 3.468982 -1.268037
v 8.238975 3.572724 -1.302783
v 8.680444 3.572724 0.022007
v 8.693107 3.468981 0.056753
v -7.562591 3.641176 3.214872
v -7.430150 3.641176 3.612309
v -7.562591 3.549639 3.214872
v -7.430150 3.549639 3.612309
v 8.711549 3.503538 0.629071
v 7.487954 3.619111 3.612022
v 7.487954 3.527574 3.612022
v 8.724213 3.399796 0.663817
v -5.128400 3.526372 6.367136
v -5.128400 3.617909 6.367136
v -5.678150 3.617909 5.960939
v -5.678150 3.526372 5.960939
v -6.440891 3.611090 5.059537
v -5.847783 3.611090 5.842734
v -6.440891 3.519553 5.059537
v -5.847783 3.519553 5.842734
v -1.515551 3.247917 7.983188
v -1.513590 3.341663 7.984771
v -3.834281 3.341663 7.246488
v -3.836241 3.247917 7.244904
v 3.171421 3.757068 7.517392
v 3.169485 3.846745 7.518582
v 0.260575 3.598515 8.505678
v 0.260289 3.506656 8.505448
v 6.262612 3.497307 5.312137
v 6.262612 3.588844 5.312137
v 5.906747 3.588844 5.782054
v 5.906747 3.497307 5.782054
v 4.092208 3.826810 7.189896
v 5.687917 3.599383 5.981503
v 4.094094 3.737085 7.188737
v 5.687917 3.507846 5.981503
v -2.910222 3.664261 -7.725341
v -2.911926 3.580560 -7.727138
v -0.258005 3.664261 -8.569095
v -0.259708 3.580560 -8.570892
v 2.779866 3.442436 -7.659074
v 2.792889 3.542058 -7.658876
v 3.489097 3.542058 -7.437390
v 3.476073 3.442436 -7.437589
v 1.263644 3.572255 -8.199941
v 1.263051 3.483447 -8.200564
v 2.767479 3.483378 -7.682201
v 2.754456 3.383755 -7.682399
v 5.142179 3.700883 -6.379852
v 5.146668 3.616689 -6.380921
v 5.720776 3.748078 -5.980527
v 5.727350 3.667295 -5.982093
v 7.547893 3.682274 -3.647617
v 8.267774 3.464864 -1.316573
v 8.280437 3.361123 -1.281827
v 7.554466 3.601492 -3.649181
v 7.379043 3.602694 3.810127
v 7.082490 3.602694 4.201724
v 7.082490 3.511157 4.201724
v 7.379043 3.511157 3.810127
v 7.033999 3.590334 4.233685
v 7.033999 3.681872 4.233685
v 6.203646 3.681872 5.330158
v 6.203646 3.590334 5.330158
v 3.231925 3.829530 7.532701
v 3.894980 3.829530 7.321763
v 3.233861 3.739854 7.531510
v 3.896916 3.739854 7.320573
v -1.485156 3.307861 8.016459
v -0.311700 3.509320 8.477367
v -1.487117 3.214117 8.014875
v -0.312577 3.416796 8.476658
v -5.114354 3.591456 6.410132
v -4.071404 3.321380 7.164208
v -5.114354 3.499919 6.410132
v -4.073313 3.227692 7.162666
v -6.440890 3.611090 5.016882
v -6.440890 3.519553 5.016882
v -7.330553 3.611090 3.842087
v -7.330553 3.519553 3.842087
v -7.794697 3.615282 2.569539
v -7.794697 3.523746 2.569539
v -8.535676 3.513937 0.270438
v -8.532340 3.411698 0.272474
v -7.692833 3.534149 -2.822209
v -7.693305 3.627200 -2.822497
v -7.429394 3.630310 -3.617963
v -7.429394 3.538773 -3.617963
v -7.614014 3.583665 3.220817
v -7.614014 3.492127 3.220817
v -7.812674 3.583665 2.624660
v -7.812674 3.492127 2.624660
v -8.096166 3.504309 -1.576740
v -8.092831 3.402069 -1.574704
v -7.729466 3.602544 -2.787743
v -7.728995 3.509493 -2.787454
v -5.219118 3.569049 -6.219791
v -5.217241 3.468524 -6.217488
v -3.776144 3.678357 -7.330353
v -3.777011 3.590811 -7.331269
v -1.013033 8.810272 -2.570644
v -1.013033 8.810272 -2.570644
v -1.013033 8.810272 -2.570644
v -1.013033 8.810272 -2.570644
v -1.013033 8.810272 -2.570644
v 0.179110 8.729943 -2.913863
v 0.179110 8.729943 -2.913863
v 0.179110 8.729943 -2.913863
v 0.179110 8.729943 -2.913863
v 0.179110 8.729943 -2.913863
v 0.179110 8.729943 -2.913863
v 1.342978 8.646772 -2.292745
v 1.342978 8.646772 -2.292745
v 1.342978 8.646772 -2.292745
v 1.342978 8.646772 -2.292745
v 1.342978 8.646772 -2.292745
v 1.342978 8.646772 -2.292745
v -0.750925 8.802402 -2.675281
v -0.750925 8.802402 -2.675281
v 0.510717 8.709445 -2.768758
v 0.510717 8.709445 -2.768758
v 1.071447 8.663867 -2.445209
v 1.071447 8.663867 -2.445209
v -1.013033 8.810272 -2.570644
v -0.750925 8.802402 -2.675281
v 0.179110 8.729943 -2.913863
v 0.187450 8.729409 -2.913273
v -0.988379 8.810184 -2.574563
v 0.179110 8.729943 -2.913863
v 0.510717 8.709445 -2.768758
v 1.071447 8.663867 -2.445209
v 1.342978 8.646772 -2.292745
v 1.338298 8.646933 -2.293669
v 0.187450 8.729409 -2.913273
vt 0.588373 0.477091
vt 0.596935 0.447288
vt 0.598053 0.447626
vt 0.589490 0.477429
vt 0.622310 0.482489
vt 0.622310 0.507265
vt 0.618823 0.507190
vt 0.668145 0.513334
vt 0.668210 0.534047
vt 0.776986 0.543049
vt 0.776202 0.552366
vt 0.668179 0.508579
vt 0.777265 0.541039
vt 0.775702 0.561501
vt 0.668710 0.550915
vt 0.777797 0.536304
vt 0.668614 0.495123
vt 0.669035 0.562155
vt 0.775219 0.567508
vt 0.622838 0.537268
vt 0.622389 0.516658
vt 0.622918 0.553224
vt 0.669105 0.600512
vt 0.774826 0.581749
vt 0.592261 0.539415
vt 0.595370 0.522450
vt 0.624228 0.614446
vt 0.624228 0.572498
vt 0.774816 0.583379
vt 0.669081 0.605779
vt 0.591106 0.539159
vt 0.594210 0.522239
vt 0.593975 0.629580
vt 0.594615 0.584797
vt 0.652840 0.559405
vt 0.620706 0.572736
vt 0.774746 0.587917
vt 0.669483 0.621600
vt 0.623017 0.634819
vt 0.623018 0.629514
vt 0.592820 0.629524
vt 0.593467 0.584681
vt 0.670330 0.628516
vt 0.774716 0.589829
vt 0.623017 0.650357
vt 0.591198 0.659314
vt 0.589834 0.653133
vt 0.623017 0.657230
vt 0.674330 0.646929
vt 0.774879 0.595093
vt 0.590070 0.659562
vt 0.588708 0.653365
vt 0.619574 0.629515
vt 0.206397 0.677899
vt 0.202253 0.648176
vt 0.203415 0.648045
vt 0.207548 0.677723
vt 0.234680 0.626129
vt 0.238304 0.626254
vt 0.238261 0.651168
vt 0.269185 0.598753
vt 0.287535 0.597012
vt 0.287495 0.618967
vt 0.395109 0.577978
vt 0.395089 0.586218
vt 0.287716 0.588952
vt 0.395094 0.574535
vt 0.395086 0.587317
vt 0.287653 0.622643
vt 0.288045 0.577925
vt 0.394949 0.569339
vt 0.394875 0.591633
vt 0.287990 0.638732
vt 0.238240 0.590408
vt 0.238423 0.605796
vt 0.287890 0.564857
vt 0.394616 0.563518
vt 0.237776 0.573007
vt 0.205112 0.617180
vt 0.206126 0.603155
vt 0.286037 0.536908
vt 0.394090 0.552810
vt 0.204897 0.599981
vt 0.206584 0.584785
vt 0.270114 0.564087
vt 0.234176 0.572863
vt 0.203927 0.617036
vt 0.204959 0.603084
vt 0.236915 0.520488
vt 0.237174 0.550621
vt 0.285432 0.529256
vt 0.393892 0.550043
vt 0.203733 0.599870
vt 0.205420 0.584674
vt 0.233735 0.550402
vt 0.236687 0.512675
vt 0.204125 0.536220
vt 0.207149 0.505695
vt 0.285028 0.524105
vt 0.393741 0.548197
vt 0.236650 0.507568
vt 0.203081 0.536247
vt 0.205848 0.505703
vt 0.283909 0.508095
vt 0.393274 0.542560
vt 0.236641 0.483053
vt 0.236641 0.498030
vt 0.283384 0.497495
vt 0.392887 0.538767
vt 0.236641 0.472935
vt 0.283218 0.491728
vt 0.392653 0.536716
vt 0.283863 0.479007
vt 0.391997 0.531951
vt 0.037251 0.002045
vt 0.036867 0.002022
vt 0.036773 0.000193
vt 0.037161 0.000250
vt 0.400905 0.001200
vt 0.420715 0.001401
vt 0.420649 0.002090
vt 0.400907 0.001969
vt 0.423394 0.012149
vt 0.405566 0.012546
vt 0.425176 0.032279
vt 0.411280 0.031940
vt 0.430472 0.067487
vt 0.416961 0.067120
vt 0.428316 0.182032
vt 0.425614 0.146102
vt 0.436174 0.067938
vt 0.444847 0.068404
vt 0.409298 0.067017
vt 0.411113 0.067048
vt 0.415415 0.067113
vt 0.442196 0.032897
vt 0.436609 0.032628
vt 0.450678 0.033181
vt 0.453685 0.069143
vt 0.399628 0.031660
vt 0.397630 0.031611
vt 0.404307 0.067170
vt 0.404307 0.031767
vt 0.405985 0.031798
vt 0.441975 0.008654
vt 0.446367 0.008802
vt 0.446367 0.008802
vt 0.454208 0.010420
vt 0.456099 0.033387
vt 0.464728 0.033826
vt 0.455595 0.069404
vt 0.460093 0.069900
vt 0.379991 0.009022
vt 0.382971 0.009645
vt 0.384803 0.010044
vt 0.393011 0.011442
vt 0.394498 0.011411
vt 0.397322 0.011731
vt 0.445242 0.000398
vt 0.446881 0.000453
vt 0.447351 0.000883
vt 0.452826 0.001409
vt 0.463978 0.011786
vt 0.479321 0.010946
vt 0.470408 0.034250
vt 0.468565 0.034084
vt 0.474761 0.034556
vt 0.445252 0.000200
vt 0.446891 0.000255
vt 0.447348 0.000674
vt 0.452822 0.001047
vt 0.489753 0.009349
vt 0.492433 0.008921
vt 0.468627 0.032239
vt 0.490184 0.008714
vt 0.500268 0.003129
vt 0.500258 0.003349
vt 0.501395 0.003242
vt 0.501389 0.003435
vt 0.792917 0.430536
vt 0.792929 0.430169
vt 0.798085 0.430206
vt 0.798063 0.430625
vt 0.804580 0.437946
vt 0.804598 0.438679
vt 0.797745 0.438638
vt 0.809032 0.460409
vt 0.803339 0.460491
vt 0.815328 0.494483
vt 0.809775 0.494795
vt 0.820619 0.558824
vt 0.804818 0.494931
vt 0.798269 0.460447
vt 0.801535 0.494943
vt 0.823449 0.606510
vt 0.825544 0.493988
vt 0.828183 0.493803
vt 0.794916 0.460360
vt 0.791886 0.437416
vt 0.796223 0.437475
vt 0.829941 0.493660
vt 0.793675 0.494922
vt 0.831207 0.459732
vt 0.821000 0.460110
vt 0.833867 0.459596
vt 0.788659 0.438418
vt 0.791694 0.438381
vt 0.789571 0.430059
vt 0.792233 0.430095
vt 0.835660 0.459490
vt 0.835317 0.493225
vt 0.838937 0.492860
vt 0.781615 0.459847
vt 0.789718 0.460181
vt 0.788513 0.494718
vt 0.792633 0.494914
vt 0.826526 0.438712
vt 0.836337 0.438270
vt 0.836337 0.438270
vt 0.839529 0.437966
vt 0.787546 0.430383
vt 0.789476 0.430413
vt 0.789588 0.429698
vt 0.792251 0.429734
vt 0.839529 0.437966
vt 0.841801 0.437751
vt 0.846867 0.458669
vt 0.841352 0.459111
vt 0.850605 0.458300
vt 0.840890 0.492646
vt 0.845441 0.492024
vt 0.764086 0.436997
vt 0.781012 0.439372
vt 0.838920 0.429943
vt 0.841427 0.429834
vt 0.787568 0.430001
vt 0.789494 0.430051
vt 0.852769 0.437009
vt 0.859493 0.436682
vt 0.861328 0.436214
vt 0.864677 0.436039
vt 0.857169 0.460247
vt 0.854960 0.460247
vt 0.861466 0.460247
vt 0.789767 0.458340
vt 0.781031 0.438580
vt 0.838974 0.429502
vt 0.841471 0.429395
vt 0.841460 0.457293
vt 0.852917 0.436339
vt 0.773540 0.430388
vt 0.773582 0.429797
vt 0.859211 0.429872
vt 0.859135 0.430283
vt 0.753866 0.429006
vt 0.753853 0.429374
vt 0.865787 0.429472
vt 0.865738 0.429834
vt 0.057787 0.627540
vt 0.057787 0.661577
vt 0.055160 0.661525
vt 0.055160 0.627488
vt 0.980622 0.666945
vt 0.983287 0.666053
vt 0.983287 0.700079
vt 0.980622 0.700971
vt 0.425244 0.000200
vt 0.425244 0.010408
vt 0.422893 0.010408
vt 0.422893 0.000200
vt 0.738184 0.615358
vt 0.741212 0.693502
vt 0.738814 0.693502
vt 0.735467 0.616269
vt 0.182213 0.518944
vt 0.047728 0.531144
vt 0.047910 0.512483
vt 0.182158 0.509404
vt 0.047682 0.561144
vt 0.182056 0.532950
vt 0.000000 0.539711
vt 0.000096 0.510299
vt 0.047933 0.462004
vt 0.181863 0.483067
vt 0.000293 0.584701
vt 0.000156 0.436257
vt 0.047889 0.455625
vt 0.181847 0.479821
vt 0.000308 0.628576
vt 0.047682 0.591102
vt 0.000156 0.427482
vt 0.047703 0.436996
vt 0.181909 0.470545
vt 0.000156 0.402914
vt 0.047682 0.429260
vt 0.182142 0.466344
vt 0.000156 0.392384
vt 0.446506 0.540195
vt 0.446506 0.534055
vt 0.585776 0.510099
vt 0.585503 0.513583
vt 0.398516 0.563962
vt 0.398516 0.554970
vt 0.446506 0.524844
vt 0.586201 0.505041
vt 0.584721 0.524247
vt 0.446506 0.558345
vt 0.398516 0.541481
vt 0.398516 0.590543
vt 0.446506 0.489026
vt 0.587361 0.486075
vt 0.446506 0.570445
vt 0.584147 0.531120
vt 0.398463 0.489036
vt 0.398516 0.608263
vt 0.446458 0.468750
vt 0.587545 0.475994
vt 0.583626 0.534740
vt 0.446506 0.576721
vt 0.398378 0.459077
vt 0.445839 0.452850
vt 0.587491 0.467323
vt 0.446506 0.591932
vt 0.583312 0.543493
vt 0.398516 0.432074
vt 0.445539 0.441792
vt 0.587297 0.461633
vt 0.398516 0.414090
vt 0.445508 0.411667
vt 0.586974 0.447179
vt 0.398387 0.369821
vt 0.445644 0.406927
vt 0.586850 0.445254
vt 0.324777 0.778232
vt 0.303873 0.778232
vt 0.288929 0.754366
vt 0.291185 0.751023
vt 0.281929 0.723949
vt 0.284535 0.720087
vt 0.749103 0.923912
vt 0.770121 0.923646
vt 0.733435 0.950056
vt 0.731155 0.946683
vt 0.725843 0.976925
vt 0.723209 0.973029
vt 0.661185 0.353249
vt 0.639859 0.353249
vt 0.614801 0.319997
vt 0.615627 0.316986
vt 0.606760 0.294884
vt 0.607715 0.291404
vt 0.100598 0.889652
vt 0.121918 0.889652
vt 0.078361 0.920339
vt 0.077259 0.917330
vt 0.068692 0.949603
vt 0.067418 0.946125
vt 0.730008 0.507954
vt 0.708075 0.507954
vt 0.688975 0.484255
vt 0.690278 0.481835
vt 0.680307 0.460590
vt 0.681894 0.457623
vt 0.658691 0.482229
vt 0.658691 0.503945
vt 0.635225 0.466333
vt 0.637618 0.465060
vt 0.612889 0.455843
vt 0.616060 0.454240
vt 0.181202 0.904723
vt 0.201998 0.906682
vt 0.163364 0.944168
vt 0.162756 0.941038
vt 0.153925 0.968968
vt 0.153222 0.965352
vt 0.979481 0.688430
vt 0.958475 0.691007
vt 0.940610 0.657272
vt 0.940954 0.653969
vt 0.931591 0.631766
vt 0.931988 0.627950
vt 0.795703 0.923280
vt 0.816658 0.925850
vt 0.780796 0.955354
vt 0.779382 0.953257
vt 0.773874 0.986295
vt 0.772240 0.983872
vt 0.233962 0.564451
vt 0.213029 0.565067
vt 0.191869 0.532618
vt 0.193240 0.530553
vt 0.183867 0.504156
vt 0.185450 0.501770
vt 0.475624 0.404639
vt 0.443279 0.392390
vt 0.434038 0.367627
vt 0.436970 0.367627
vt 0.410636 0.331479
vt 0.411610 0.331588
vt 0.940247 0.747929
vt 0.948934 0.782299
vt 0.914257 0.741504
vt 0.914275 0.738521
vt 0.882665 0.713713
vt 0.882560 0.712745
vt 0.987325 0.083017
vt 0.989606 0.098364
vt 0.962237 0.054872
vt 0.962236 0.051621
vt 0.566010 0.006759
vt 0.581877 0.000173
vt 0.539019 0.033842
vt 0.535440 0.033488
vt 0.509614 0.061775
vt 0.508698 0.062000
vt 0.508698 0.079074
vt 0.509331 0.078873
vt 0.147093 0.363242
vt 0.156820 0.345945
vt 0.183475 0.316441
vt 0.183810 0.319801
vt 0.209249 0.286277
vt 0.209047 0.286912
vt 0.364971 0.062362
vt 0.374729 0.079715
vt 0.335471 0.037565
vt 0.335506 0.034338
vt 0.304779 0.001963
vt 0.304662 0.000923
vt 0.300429 0.002916
vt 0.300316 0.001875
vt 0.888689 0.882436
vt 0.899327 0.866427
vt 0.926567 0.840622
vt 0.926588 0.843606
vt 0.953195 0.808830
vt 0.953416 0.809800
vt 0.202253 0.714333
vt 0.209835 0.698682
vt 0.231397 0.667712
vt 0.231416 0.670933
vt 0.259995 0.640180
vt 0.259938 0.641261
vt 0.265563 0.640945
vt 0.265506 0.642026
vt 0.589405 0.920095
vt 0.574936 0.911194
vt 0.546890 0.886790
vt 0.549800 0.886721
vt 0.548924 0.939469
vt 0.520956 0.913993
vt 0.521552 0.855932
vt 0.522530 0.855910
vt 0.685149 0.890390
vt 0.669130 0.882417
vt 0.637141 0.855761
vt 0.640391 0.855614
vt 0.638532 0.904284
vt 0.606760 0.879745
vt 0.612582 0.824320
vt 0.613631 0.824435
vt 0.061040 0.390645
vt 0.065367 0.407176
vt 0.029731 0.362609
vt 0.029838 0.359337
vt 0.000000 0.335074
vt 0.000092 0.334024
vt 0.614108 0.331591
vt 0.580905 0.323199
vt 0.571740 0.292581
vt 0.574627 0.292547
vt 0.545471 0.261800
vt 0.546428 0.261692
vt 0.933245 0.080119
vt 0.948944 0.072306
vt 0.905099 0.111707
vt 0.901937 0.111582
vt 0.877431 0.144900
vt 0.876431 0.145026
vt 0.487575 0.087480
vt 0.492730 0.067783
vt 0.522137 0.030533
vt 0.522269 0.034435
vt 0.465796 0.067752
vt 0.495291 0.030577
vt 0.551068 0.000104
vt 0.550879 0.001344
vt 0.784281 0.484548
vt 0.784183 0.491979
vt 0.767218 0.460116
vt 0.767033 0.458503
vt 0.749578 0.440935
vt 0.749410 0.440352
vt 0.741633 0.435557
vt 0.741596 0.435260
vt 0.894914 0.381763
vt 0.894818 0.374385
vt 0.912223 0.348413
vt 0.912038 0.350026
vt 0.931893 0.329254
vt 0.931644 0.329816
vt 0.940282 0.324497
vt 0.940244 0.324757
vt 0.308219 0.919544
vt 0.308113 0.926886
vt 0.291412 0.895024
vt 0.291256 0.893404
vt 0.276506 0.875598
vt 0.276405 0.874981
vt 0.269724 0.868623
vt 0.269671 0.868273
vt 0.815238 0.447579
vt 0.815142 0.440371
vt 0.832396 0.414548
vt 0.832215 0.416106
vt 0.847111 0.398370
vt 0.847004 0.399042
vt 0.858857 0.391054
vt 0.858767 0.391710
vt 0.030756 0.984930
vt 0.030644 0.977207
vt 0.046016 0.949676
vt 0.045869 0.951376
vt 0.061971 0.928923
vt 0.061813 0.929513
vt 0.067779 0.923469
vt 0.067755 0.923689
vt 0.708753 0.760351
vt 0.708871 0.767710
vt 0.692609 0.735928
vt 0.692621 0.734215
vt 0.673768 0.713028
vt 0.673599 0.712530
vt 0.668049 0.708483
vt 0.668052 0.708295
vt 0.943849 0.761226
vt 0.943975 0.753876
vt 0.960334 0.728011
vt 0.960328 0.729711
vt 0.977362 0.708104
vt 0.977244 0.708729
vt 0.984922 0.702198
vt 0.984921 0.702521
vt 0.657252 0.976804
vt 0.657376 0.984045
vt 0.641902 0.952588
vt 0.641882 0.950922
vt 0.625484 0.931446
vt 0.625381 0.930858
vt 0.619022 0.925110
vt 0.619018 0.924846
vt 0.220640 0.971518
vt 0.220772 0.964288
vt 0.236380 0.938827
vt 0.236338 0.940477
vt 0.254986 0.917539
vt 0.254754 0.918082
vt 0.260975 0.913012
vt 0.260974 0.913174
vt 0.314240 0.252756
vt 0.306444 0.252676
vt 0.315548 0.237689
vt 0.317685 0.237735
vt 0.315012 0.230774
vt 0.317148 0.230820
vt 0.159351 0.554016
vt 0.167272 0.553958
vt 0.171204 0.569140
vt 0.168994 0.569170
vt 0.173235 0.575106
vt 0.171026 0.575136
vt 0.155845 0.021472
vt 0.147093 0.021463
vt 0.160035 0.005688
vt 0.162651 0.005693
vt 0.160233 0.000200
vt 0.162848 0.000205
vt 0.061289 0.413753
vt 0.069123 0.413672
vt 0.072584 0.428766
vt 0.070437 0.428812
vt 0.073705 0.434549
vt 0.071558 0.434595
vt 0.499246 0.595099
vt 0.490311 0.595583
vt 0.501278 0.579989
vt 0.503704 0.579948
vt 0.501581 0.574252
vt 0.504008 0.574211
vt 0.717080 0.624864
vt 0.725565 0.625076
vt 0.730327 0.640343
vt 0.727953 0.640325
vt 0.729761 0.646845
vt 0.727387 0.646826
vt 0.676589 0.252332
vt 0.668049 0.252545
vt 0.680772 0.235708
vt 0.683144 0.235702
vt 0.680743 0.229698
vt 0.683115 0.229692
vt 0.091933 0.551847
vt 0.099683 0.552213
vt 0.105321 0.567589
vt 0.102983 0.567558
vt 0.104843 0.574026
vt 0.102505 0.573995
vt 0.455628 0.622822
vt 0.450064 0.682479
vt 0.447409 0.683369
vt 0.453561 0.622782
vt 0.583481 0.681911
vt 0.502073 0.673836
vt 0.501819 0.639112
vt 0.582886 0.662773
vt 0.502395 0.695633
vt 0.583764 0.695655
vt 0.460458 0.664606
vt 0.459667 0.630464
vt 0.501819 0.602700
vt 0.582829 0.638990
vt 0.460927 0.687536
vt 0.502395 0.757225
vt 0.583766 0.738310
vt 0.460410 0.624268
vt 0.460782 0.587224
vt 0.460418 0.775542
vt 0.460897 0.713304
vt 0.583743 0.744046
vt 0.502345 0.764945
vt 0.583511 0.762087
vt 0.501923 0.789239
vt 0.460519 0.790334
vt 0.460568 0.783255
vt 0.501908 0.799022
vt 0.583908 0.770442
vt 0.460384 0.810158
vt 0.460326 0.818653
vt 0.501607 0.826717
vt 0.586326 0.791836
vt 0.796756 0.014693
vt 0.798824 0.000189
vt 0.799827 0.000313
vt 0.797759 0.014817
vt 0.999215 0.006721
vt 0.999009 0.000197
vt 0.999394 0.000224
vt 0.999610 0.006738
vt 0.983496 0.206479
vt 0.985843 0.206479
vt 0.983244 0.265438
vt 0.980622 0.265386
vt 0.802885 0.002228
vt 0.814011 0.000188
vt 0.814130 0.001384
vt 0.803028 0.003419
vt 0.830868 0.036075
vt 0.820584 0.036031
vt 0.848100 0.086499
vt 0.839854 0.086314
vt 0.108917 0.733013
vt 0.109441 0.720218
vt 0.196038 0.708522
vt 0.195924 0.717625
vt 0.065895 0.746521
vt 0.066013 0.761044
vt 0.110940 0.703927
vt 0.196666 0.697248
vt 0.108917 0.769782
vt 0.195952 0.742182
vt 0.064588 0.724523
vt 0.111136 0.679851
vt 0.196837 0.683573
vt 0.067075 0.795900
vt 0.068071 0.761400
vt 0.196125 0.746085
vt 0.109083 0.775543
vt 0.063939 0.700234
vt 0.111136 0.636313
vt 0.195171 0.652770
vt 0.196966 0.765573
vt 0.111061 0.803934
vt 0.067484 0.625650
vt 0.061289 0.664914
vt 0.111136 0.625118
vt 0.194651 0.644464
vt 0.068995 0.615538
vt 0.111136 0.617655
vt 0.194326 0.638874
vt 0.070003 0.608797
vt 0.111136 0.595593
vt 0.193550 0.621617
vt 0.066341 0.572848
vt 0.064630 0.595026
vt 0.111136 0.580885
vt 0.193314 0.610139
vt 0.067482 0.558062
vt 0.111136 0.573257
vt 0.193305 0.603868
vt 0.111136 0.554738
vt 0.193396 0.589574
vt 0.000000 0.067707
vt 0.002389 0.067715
vt 0.002469 0.088140
vt 0.000119 0.088140
vt 0.945514 0.006435
vt 0.944514 0.006523
vt 0.943849 0.000280
vt 0.944849 0.000192
vt 0.073547 0.007078
vt 0.075898 0.007078
vt 0.075898 0.022390
vt 0.073547 0.022390
vt 0.992880 0.076094
vt 0.995495 0.076146
vt 0.998008 0.107121
vt 0.995628 0.107114
vt 0.299696 0.148113
vt 0.301333 0.147924
vt 0.280997 0.167091
vt 0.280438 0.167294
vt 0.276064 0.174703
vt 0.275800 0.174740
vt 0.998916 0.118530
vt 0.999089 0.120233
vt 0.983659 0.100499
vt 0.983559 0.099819
vt 0.974556 0.093589
vt 0.974494 0.093108
vt 0.128735 0.028533
vt 0.128707 0.026856
vt 0.149688 0.004669
vt 0.149403 0.005184
vt 0.156011 0.000157
vt 0.156019 0.000295
vt 0.777363 0.029153
vt 0.777327 0.030938
vt 0.755509 0.006378
vt 0.755181 0.005808
vt 0.792281 0.057032
vt 0.792403 0.064987
vt 0.747725 0.000903
vt 0.747736 0.000745
vt 0.322859 0.030895
vt 0.321151 0.030835
vt 0.298308 0.008313
vt 0.298790 0.008619
vt 0.294187 0.001784
vt 0.294357 0.001789
vt 0.294357 0.000197
vt 0.294505 0.000203
vt 0.956441 0.382926
vt 0.956496 0.384915
vt 0.931023 0.356077
vt 0.930756 0.355580
vt 0.972062 0.414054
vt 0.972221 0.422806
vt 0.925468 0.351612
vt 0.925462 0.351440
vt 0.961094 0.382601
vt 0.976881 0.413513
vt 0.978926 0.413228
vt 0.963073 0.382432
vt 0.746293 0.027715
vt 0.746354 0.029465
vt 0.725547 0.005536
vt 0.725176 0.004978
vt 0.717086 0.000354
vt 0.717080 0.000171
vt 0.128707 0.217440
vt 0.128883 0.215701
vt 0.144564 0.196595
vt 0.144461 0.197290
vt 0.152711 0.188690
vt 0.152638 0.189140
vt 0.999682 0.126487
vt 0.998058 0.126300
vt 0.979511 0.108023
vt 0.980101 0.108237
vt 0.974494 0.100053
vt 0.974760 0.100092
vt 0.566842 0.274267
vt 0.566814 0.275941
vt 0.546185 0.252635
vt 0.545900 0.252121
vt 0.539342 0.247878
vt 0.539346 0.247745
vt 0.266489 0.147317
vt 0.266465 0.145513
vt 0.288066 0.121586
vt 0.287861 0.122065
vt 0.251284 0.181346
vt 0.251411 0.173431
vt 0.292700 0.117650
vt 0.292703 0.117780
vt 0.908716 0.087438
vt 0.913623 0.087335
vt 0.883590 0.120577
vt 0.882560 0.120517
vt 0.586456 0.000199
vt 0.589542 0.000222
vt 0.558732 0.034489
vt 0.557729 0.034281
vt 0.845779 0.038028
vt 0.842903 0.038037
vt 0.821271 0.000195
vt 0.822206 0.000296
vt 0.996345 0.047646
vt 0.993332 0.047606
vt 0.968365 0.014139
vt 0.969373 0.014198
vt 0.971473 0.000256
vt 0.970464 0.000197
vt 0.647902 0.770609
vt 0.600631 0.654444
vt 0.648835 0.661616
vt 0.683077 0.755060
vt 0.311786 0.635998
vt 0.269912 0.754264
vt 0.232898 0.739237
vt 0.264120 0.643287
vt 0.945603 0.886543
vt 0.919333 0.856941
vt 0.947676 0.829633
vt 0.974612 0.857717
vt 0.525702 0.565551
vt 0.528691 0.565654
vt 0.503539 0.602822
vt 0.502569 0.602712
vt 0.858389 0.317273
vt 0.861372 0.317273
vt 0.834520 0.351344
vt 0.833529 0.351455
vt 0.996146 0.572302
vt 0.999079 0.572311
vt 0.975467 0.609792
vt 0.974494 0.609905
vt 0.996902 0.139302
vt 0.993860 0.139302
vt 0.968365 0.105404
vt 0.969375 0.105520
vt 0.971601 0.093843
vt 0.972611 0.093960
vt 0.305508 0.342279
vt 0.308533 0.342239
vt 0.282949 0.375964
vt 0.281929 0.375974
vt 0.430413 0.391460
vt 0.427421 0.391412
vt 0.404507 0.355388
vt 0.405516 0.355398
vt 0.374177 0.035572
vt 0.369370 0.035471
vt 0.343218 0.002315
vt 0.344224 0.002203
vt 0.360105 0.033447
vt 0.360049 0.036920
vt 0.324899 0.003314
vt 0.324831 0.000155
vt 0.391606 0.065944
vt 0.404001 0.084599
vt 0.837800 0.850780
vt 0.802885 0.722142
vt 0.839790 0.727561
vt 0.869364 0.832341
vt 0.076092 0.000199
vt 0.030863 0.124804
vt 0.000000 0.106787
vt 0.036895 0.004741
vt 0.488406 0.089684
vt 0.488834 0.088859
vt 0.499632 0.080908
vt 0.499645 0.081312
vt 0.469152 0.114782
vt 0.469107 0.112756
vt 0.455906 0.153307
vt 0.456046 0.144263
vt 0.460199 0.113127
vt 0.469794 0.091424
vt 0.447409 0.144284
vt 0.025828 0.609309
vt 0.027234 0.611395
vt 0.020011 0.641700
vt 0.018387 0.639290
vt 0.903950 0.393912
vt 0.904557 0.397062
vt 0.895520 0.421349
vt 0.894818 0.417709
vt 0.960209 0.378140
vt 0.957902 0.381543
vt 0.949978 0.354396
vt 0.952643 0.350463
vt 0.451883 0.287252
vt 0.450850 0.290163
vt 0.441280 0.262800
vt 0.442474 0.259437
vt 0.007363 0.174112
vt 0.009633 0.177462
vt 0.002623 0.206166
vt 0.000000 0.202296
vt 0.435948 0.000153
vt 0.436981 0.003061
vt 0.430215 0.030766
vt 0.429022 0.027406
vt 0.897057 0.709282
vt 0.896219 0.712370
vt 0.888689 0.684399
vt 0.889658 0.680831
vt 0.059207 0.586211
vt 0.058599 0.589362
vt 0.049031 0.564448
vt 0.049733 0.560807
vt 0.204906 0.628191
vt 0.203492 0.630288
vt 0.196124 0.600382
vt 0.197758 0.597959
vt 0.253437 0.006235
vt 0.251284 0.006189
vt 0.253324 0.000199
vt 0.255477 0.000246
vt 0.333197 0.005895
vt 0.330960 0.005879
vt 0.332061 0.000200
vt 0.334298 0.000216
vt 0.674178 0.000199
vt 0.676593 0.000240
vt 0.676895 0.005950
vt 0.674480 0.005910
vt 0.888717 0.000200
vt 0.891023 0.000230
vt 0.890995 0.006214
vt 0.888689 0.006184
vt 0.607291 0.000245
vt 0.609402 0.000200
vt 0.608872 0.007034
vt 0.606760 0.007079
vt 0.668049 0.000205
vt 0.670693 0.000200
vt 0.670893 0.005748
vt 0.668249 0.005753
vt 0.381308 0.000216
vt 0.383593 0.000200
vt 0.382277 0.006180
vt 0.379991 0.006196
vt 0.267454 0.006233
vt 0.264869 0.006228
vt 0.263542 0.000200
vt 0.266127 0.000205
vt 0.517751 0.006596
vt 0.515384 0.006636
vt 0.514827 0.000239
vt 0.517194 0.000199
vt 0.576116 0.594116
vt 0.579249 0.594188
vt 0.580591 0.600182
vt 0.577458 0.600111
vt 0.583998 0.634797
vt 0.581269 0.634825
vt 0.619130 0.558986
vt 0.616714 0.558961
vt 0.617903 0.553653
vt 0.620319 0.553678
vt 0.615296 0.572661
vt 0.606760 0.572599
vt 0.829838 0.881529
vt 0.840667 0.888844
vt 0.838229 0.892111
vt 0.827400 0.884796
vt 0.849763 0.861551
vt 0.859135 0.867881
vt 0.874817 0.829659
vt 0.884159 0.836061
vt 0.905958 0.851000
vt 0.880754 0.882465
vt 0.867357 0.905843
vt 0.842376 0.888992
vt 0.839938 0.892259
vt 0.864614 0.908880
vt 0.602078 0.863690
vt 0.588822 0.810537
vt 0.592376 0.809138
vt 0.605821 0.862620
vt 0.577062 0.863419
vt 0.565590 0.817419
vt 0.543975 0.874964
vt 0.530598 0.829764
vt 0.527085 0.818464
vt 0.562746 0.805960
vt 0.586621 0.794209
vt 0.589908 0.807450
vt 0.593462 0.806051
vt 0.590172 0.792805
vt 0.692710 0.923766
vt 0.669094 0.886502
vt 0.671035 0.885065
vt 0.694651 0.922329
vt 0.674980 0.936427
vt 0.654542 0.904178
vt 0.653410 0.953930
vt 0.631276 0.922341
vt 0.000000 0.842682
vt 0.004090 0.821767
vt 0.007584 0.822540
vt 0.003500 0.843477
vt 0.036014 0.829031
vt 0.032480 0.847150
vt 0.065543 0.844402
vt 0.060335 0.862055
vt 0.041768 0.800771
vt 0.074051 0.815569
vt 0.077698 0.803211
vt 0.044240 0.788250
vt 0.016115 0.789703
vt 0.018971 0.775236
vt 0.038738 0.800534
vt 0.012614 0.789429
vt 0.015470 0.774944
vt 0.937319 0.895713
vt 0.968129 0.903235
vt 0.967436 0.906307
vt 0.936626 0.898785
vt 0.947513 0.933350
vt 0.924047 0.919672
vt 0.935529 0.955388
vt 0.913205 0.940089
vt 0.945097 0.961945
vt 0.957570 0.939212
vt 0.964862 0.910894
vt 0.977185 0.916510
vt 0.966351 0.908052
vt 0.978685 0.913664
vt 0.927752 0.489575
vt 0.889977 0.515770
vt 0.888689 0.513531
vt 0.926460 0.487311
vt 0.941130 0.515691
vt 0.909576 0.540236
vt 0.952566 0.541128
vt 0.921555 0.566449
vt 0.941375 0.251551
vt 0.920740 0.269240
vt 0.918974 0.266561
vt 0.939748 0.248789
vt 0.944273 0.284344
vt 0.924395 0.296558
vt 0.923244 0.293990
vt 0.952540 0.317518
vt 0.932525 0.325592
vt 0.901001 0.337347
vt 0.894818 0.314786
vt 0.435657 0.840807
vt 0.376720 0.815737
vt 0.377867 0.812967
vt 0.436733 0.838057
vt 0.426384 0.865416
vt 0.373654 0.848757
vt 0.413727 0.898403
vt 0.361605 0.879677
vt 0.949429 0.607840
vt 0.940321 0.601519
vt 0.941599 0.599347
vt 0.950706 0.605668
vt 0.931706 0.627954
vt 0.924425 0.621557
vt 0.915925 0.650190
vt 0.908280 0.644038
vt 0.889037 0.629350
vt 0.907436 0.606631
vt 0.882560 0.624198
vt 0.901369 0.601300
vt 0.919322 0.585592
vt 0.941605 0.598488
vt 0.912620 0.574696
vt 0.918200 0.582239
vt 0.942676 0.596259
vt 0.920394 0.583363
vt 0.920119 0.580676
vt 0.914539 0.573133
vt 0.112017 0.917827
vt 0.145851 0.950138
vt 0.144154 0.952120
vt 0.110320 0.919810
vt 0.132017 0.895501
vt 0.161298 0.923464
vt 0.148857 0.876217
vt 0.180064 0.901697
vt 0.352103 0.501514
vt 0.353045 0.499064
vt 0.376607 0.509458
vt 0.375671 0.511899
vt 0.359718 0.468810
vt 0.380109 0.477806
vt 0.375570 0.431515
vt 0.396415 0.438997
vt 0.341267 0.460887
vt 0.359378 0.426107
vt 0.347956 0.422178
vt 0.329073 0.455418
vt 0.351038 0.498405
vt 0.329718 0.489249
vt 0.327631 0.488364
vt 0.313540 0.482045
vt 0.328751 0.491743
vt 0.350096 0.500856
vt 0.326664 0.490858
vt 0.312573 0.484539
vt 0.509056 0.872632
vt 0.506645 0.867869
vt 0.513342 0.863680
vt 0.515754 0.868443
vt 0.494488 0.845185
vt 0.500284 0.841560
vt 0.488338 0.822213
vt 0.494755 0.819907
vt 0.485794 0.850624
vt 0.478712 0.825671
vt 0.441280 0.839120
vt 0.452006 0.871734
vt 0.505494 0.868673
vt 0.495448 0.874957
vt 0.493988 0.875426
vt 0.454946 0.899819
vt 0.497860 0.879720
vt 0.507905 0.873436
vt 0.496399 0.880189
vt 0.457392 0.904521
vt 0.245589 0.920265
vt 0.243220 0.916773
vt 0.257834 0.905075
vt 0.260202 0.908567
vt 0.226272 0.897253
vt 0.238919 0.887129
vt 0.208866 0.872885
vt 0.221447 0.862613
vt 0.189996 0.888292
vt 0.207302 0.912439
vt 0.242254 0.918040
vt 0.220334 0.935587
vt 0.244622 0.921533
vt 0.222702 0.939079
vt 0.733902 0.323494
vt 0.738518 0.317095
vt 0.764617 0.336464
vt 0.759246 0.344309
vt 0.758955 0.290482
vt 0.786286 0.305254
vt 0.775390 0.346525
vt 0.769458 0.355180
vt 0.703109 0.348636
vt 0.720508 0.376139
vt 0.762272 0.279240
vt 0.790512 0.291107
vt 0.800269 0.312962
vt 0.780848 0.351617
vt 0.774637 0.360679
vt 0.727329 0.390861
vt 0.704733 0.381807
vt 0.691718 0.352554
vt 0.775542 0.234268
vt 0.807231 0.234332
vt 0.805081 0.297497
vt 0.807209 0.316764
vt 0.792858 0.361866
vt 0.786060 0.371713
vt 0.730739 0.398222
vt 0.709827 0.396959
vt 0.680958 0.390110
vt 0.675569 0.357948
vt 0.770566 0.217404
vt 0.800888 0.212988
vt 0.823540 0.234836
vt 0.812315 0.300641
vt 0.821514 0.323822
vt 0.806073 0.372355
vt 0.799276 0.382202
vt 0.737913 0.412424
vt 0.712358 0.404508
vt 0.683112 0.405296
vt 0.654779 0.365410
vt 0.654691 0.399600
vt 0.762438 0.189859
vt 0.790642 0.178923
vt 0.816150 0.210882
vt 0.831659 0.235052
vt 0.827119 0.306321
vt 0.833949 0.333584
vt 0.808569 0.375875
vt 0.801772 0.385723
vt 0.796093 0.385650
vt 0.747494 0.425968
vt 0.717865 0.419374
vt 0.684263 0.413018
vt 0.654110 0.415752
vt 0.608769 0.383224
vt 0.618318 0.352310
vt 0.758955 0.178054
vt 0.786246 0.163993
vt 0.804794 0.176939
vt 0.823838 0.209886
vt 0.848298 0.235059
vt 0.841891 0.311114
vt 0.836393 0.328723
vt 0.838777 0.335730
vt 0.810901 0.374501
vt 0.799873 0.390870
vt 0.751273 0.431187
vt 0.687150 0.428669
vt 0.722963 0.435633
vt 0.742930 0.428542
vt 0.653883 0.423940
vt 0.603995 0.398681
vt 0.596938 0.378973
vt 0.608942 0.348942
vt 0.744049 0.156304
vt 0.767450 0.135782
vt 0.799942 0.160481
vt 0.811864 0.175552
vt 0.839820 0.207791
vt 0.863070 0.239852
vt 0.847738 0.313218
vt 0.842240 0.330827
vt 0.653896 0.440530
vt 0.692566 0.445486
vt 0.745593 0.433889
vt 0.725626 0.440980
vt 0.601608 0.406409
vt 0.590936 0.393989
vt 0.602692 0.346696
vt 0.589051 0.376139
vt 0.737660 0.146982
vt 0.759447 0.123757
vt 0.779432 0.124256
vt 0.806784 0.158342
vt 0.826692 0.169942
vt 0.854772 0.202467
vt 0.863070 0.229551
vt 0.869870 0.241201
vt 0.848692 0.312463
vt 0.659313 0.457348
vt 0.596586 0.421321
vt 0.724754 0.441951
vt 0.694357 0.451804
vt 0.587935 0.401497
vt 0.582230 0.390861
vt 0.565736 0.357104
vt 0.584216 0.331611
vt 0.706867 0.121841
vt 0.720592 0.092020
vt 0.770735 0.110374
vt 0.785410 0.118553
vt 0.821132 0.151236
vt 0.841776 0.162060
vt 0.860432 0.201447
vt 0.868730 0.228532
vt 0.693706 0.452873
vt 0.660453 0.464735
vt 0.581622 0.415983
vt 0.591569 0.437438
vt 0.649278 0.457348
vt 0.578820 0.398222
vt 0.556496 0.369850
vt 0.571898 0.321554
vt 0.550193 0.344413
vt 0.676310 0.110447
vt 0.679140 0.077475
vt 0.727852 0.075325
vt 0.776329 0.103903
vt 0.797672 0.108853
vt 0.836217 0.143354
vt 0.847609 0.159909
vt 0.860604 0.200316
vt 0.571646 0.412424
vt 0.576605 0.432100
vt 0.647991 0.463613
vt 0.590282 0.443704
vt 0.551876 0.376223
vt 0.539340 0.355843
vt 0.542132 0.332650
vt 0.565510 0.312233
vt 0.656910 0.102620
vt 0.653277 0.068197
vt 0.672083 0.057465
vt 0.731428 0.067218
vt 0.787739 0.092902
vt 0.810220 0.099731
vt 0.833858 0.138408
vt 0.841464 0.140520
vt 0.847023 0.159226
vt 0.566629 0.428542
vt 0.542158 0.388520
vt 0.588898 0.444187
vt 0.573934 0.438849
vt 0.533914 0.361557
vt 0.530442 0.342859
vt 0.550604 0.290482
vt 0.523322 0.305204
vt 0.604822 0.121334
vt 0.589051 0.092397
vt 0.643351 0.047152
vt 0.669810 0.047951
vt 0.738592 0.053061
vt 0.800196 0.084185
vt 0.816045 0.096177
vt 0.839683 0.134854
vt 0.574084 0.437468
vt 0.564108 0.433909
vt 0.522499 0.372584
vt 0.532576 0.402064
vt 0.562065 0.425968
vt 0.524598 0.347964
vt 0.511479 0.314947
vt 0.508670 0.255549
vt 0.538382 0.251133
vt 0.598430 0.126418
vt 0.581279 0.098743
vt 0.582230 0.077676
vt 0.639482 0.037056
vt 0.672966 0.032441
vt 0.747866 0.040896
vt 0.797013 0.080737
vt 0.804895 0.080557
vt 0.814919 0.096103
vt 0.512918 0.386127
vt 0.512303 0.357813
vt 0.558340 0.431233
vt 0.528852 0.407329
vt 0.506188 0.320655
vt 0.495256 0.260073
vt 0.533321 0.234268
vt 0.502391 0.234268
vt 0.579443 0.140912
vt 0.559519 0.116509
vt 0.573652 0.084680
vt 0.578820 0.070315
vt 0.639713 0.020579
vt 0.684791 0.018980
vt 0.743302 0.038323
vt 0.751700 0.035407
vt 0.800847 0.075248
vt 0.527781 0.407329
vt 0.508122 0.391392
vt 0.493145 0.329485
vt 0.499539 0.367908
vt 0.509735 0.382680
vt 0.489208 0.263208
vt 0.487319 0.235251
vt 0.519136 0.177520
vt 0.546630 0.189297
vt 0.571898 0.146982
vt 0.550193 0.124124
vt 0.549634 0.104290
vt 0.569839 0.077648
vt 0.571646 0.056112
vt 0.651538 0.007118
vt 0.687826 0.012122
vt 0.746337 0.031464
vt 0.480611 0.339885
vt 0.474613 0.267130
vt 0.505155 0.386835
vt 0.494959 0.372063
vt 0.480021 0.236057
vt 0.506433 0.169241
vt 0.550126 0.178054
vt 0.523322 0.163333
vt 0.539340 0.112694
vt 0.544691 0.098180
vt 0.561817 0.064080
vt 0.566629 0.039995
vt 0.641503 0.007118
vt 0.654227 0.001034
vt 0.687480 0.012895
vt 0.493880 0.371686
vt 0.474952 0.343663
vt 0.463285 0.235919
vt 0.459919 0.272850
vt 0.478451 0.335204
vt 0.500535 0.164314
vt 0.511032 0.153620
vt 0.533914 0.106979
vt 0.534294 0.086391
vt 0.552235 0.050537
vt 0.562065 0.042569
vt 0.564115 0.033075
vt 0.638989 0.000198
vt 0.448350 0.241320
vt 0.486700 0.156945
vt 0.472887 0.337292
vt 0.454355 0.274937
vt 0.505362 0.147937
vt 0.522499 0.095953
vt 0.524713 0.072848
vt 0.549313 0.043969
vt 0.559142 0.036001
vt 0.453560 0.274173
vt 0.441991 0.242644
vt 0.491994 0.139129
vt 0.471899 0.151232
vt 0.447122 0.229392
vt 0.512918 0.082410
vt 0.520988 0.067583
vt 0.548510 0.045272
vt 0.477193 0.133417
vt 0.441280 0.227267
vt 0.466057 0.149108
vt 0.479403 0.128732
vt 0.509735 0.085857
vt 0.465703 0.147430
vt 0.470997 0.129614
vt 0.474307 0.124315
vt 0.504639 0.081440
vt 0.241938 0.283020
vt 0.247910 0.285550
vt 0.226500 0.286790
vt 0.201251 0.311612
vt 0.257455 0.289341
vt 0.202771 0.306991
vt 0.270074 0.296827
vt 0.213685 0.293691
vt 0.282660 0.310802
vt 0.261853 0.290804
vt 0.211516 0.295254
vt 0.222467 0.287371
vt 0.286699 0.322286
vt 0.273529 0.299330
vt 0.282026 0.351703
vt 0.280177 0.354365
vt 0.289193 0.330108
vt 0.275052 0.361971
vt 0.261272 0.374405
vt 0.256787 0.375543
vt 0.272955 0.365416
vt 0.201358 0.346347
vt 0.198932 0.318652
vt 0.202077 0.349177
vt 0.200260 0.342239
vt 0.206937 0.357836
vt 0.196124 0.326839
vt 0.213583 0.366356
vt 0.210196 0.363417
vt 0.234495 0.378498
vt 0.221155 0.373464
vt 0.240387 0.380267
vt 0.049497 0.331934
vt 0.043736 0.314040
vt 0.052351 0.310461
vt 0.057819 0.327489
vt 0.028646 0.318912
vt 0.034291 0.336925
vt 0.022052 0.241078
vt 0.031731 0.241078
vt 0.086909 0.295594
vt 0.091038 0.309426
vt 0.085983 0.364284
vt 0.078999 0.370735
vt 0.006962 0.245950
vt 0.028304 0.339079
vt 0.022660 0.321066
vt 0.030774 0.213118
vt 0.040052 0.214463
vt 0.070463 0.240197
vt 0.129221 0.278004
vt 0.132060 0.287474
vt 0.112209 0.340001
vt 0.085958 0.380818
vt 0.092601 0.373871
vt 0.065423 0.381513
vt 0.036800 0.341893
vt 0.021684 0.320293
vt 0.000000 0.247331
vt 0.015488 0.207643
vt 0.006962 0.235404
vt 0.044245 0.174954
vt 0.052874 0.178488
vt 0.076645 0.219418
vt 0.117981 0.240187
vt 0.149481 0.309922
vt 0.117489 0.347657
vt 0.072382 0.391596
vt 0.135150 0.422590
vt 0.139325 0.413643
vt 0.060481 0.383711
vt 0.031857 0.344091
vt 0.028805 0.166615
vt 0.001168 0.234360
vt 0.009694 0.206599
vt 0.049937 0.155802
vt 0.058287 0.160275
vt 0.086724 0.185682
vt 0.122196 0.226005
vt 0.153567 0.315395
vt 0.169980 0.287120
vt 0.184409 0.308024
vt 0.155656 0.378645
vt 0.069828 0.395200
vt 0.062868 0.385118
vt 0.125340 0.436456
vt 0.075641 0.395126
vt 0.158913 0.420286
vt 0.155699 0.429663
vt 0.034497 0.147463
vt 0.009517 0.205441
vt 0.022833 0.164413
vt 0.073914 0.111551
vt 0.081045 0.117663
vt 0.091045 0.171115
vt 0.129080 0.202842
vt 0.171162 0.384176
vt 0.121471 0.441800
vt 0.071772 0.400469
vt 0.188884 0.429220
vt 0.187214 0.439061
vt 0.150463 0.446339
vt 0.130013 0.439092
vt 0.023433 0.163714
vt 0.029125 0.144562
vt 0.061092 0.102319
vt 0.036912 0.142400
vt 0.084065 0.095134
vt 0.090708 0.102080
vt 0.109537 0.144172
vt 0.132030 0.192915
vt 0.194444 0.392433
vt 0.221260 0.451205
vt 0.221260 0.440769
vt 0.181630 0.456348
vt 0.147736 0.451813
vt 0.127286 0.444566
vt 0.071341 0.086345
vt 0.030948 0.138761
vt 0.055127 0.098680
vt 0.134384 0.054343
vt 0.138559 0.063290
vt 0.117441 0.132606
vt 0.144655 0.174624
vt 0.220273 0.401676
vt 0.215676 0.468492
vt 0.276923 0.422305
vt 0.279845 0.431698
vt 0.179796 0.462817
vt 0.148630 0.452808
vt 0.056280 0.098604
vt 0.066530 0.082630
vt 0.074600 0.082815
vt 0.124919 0.042024
vt 0.203208 0.032938
vt 0.204878 0.042779
vt 0.155639 0.101651
vt 0.150066 0.166786
vt 0.265491 0.385558
vt 0.214508 0.476056
vt 0.180462 0.463911
vt 0.291492 0.417108
vt 0.295166 0.426233
vt 0.284982 0.448200
vt 0.225950 0.468492
vt 0.070674 0.077194
vt 0.120993 0.036404
vt 0.190430 0.019418
vt 0.129591 0.039389
vt 0.237254 0.020794
vt 0.237254 0.031230
vt 0.194807 0.087751
vt 0.277120 0.381410
vt 0.305380 0.422590
vt 0.301205 0.413643
vt 0.300303 0.442735
vt 0.286300 0.454615
vt 0.227267 0.474907
vt 0.224476 0.007273
vt 0.126484 0.032367
vt 0.187323 0.012396
vt 0.305380 0.057784
vt 0.301205 0.066731
vt 0.220413 0.078625
vt 0.284873 0.378645
vt 0.310517 0.439092
vt 0.329915 0.390369
vt 0.335571 0.398116
vt 0.303037 0.449645
vt 0.287716 0.455110
vt 0.187677 0.013188
vt 0.221723 0.001044
vt 0.234750 0.007273
vt 0.310517 0.041282
vt 0.315444 0.065942
vt 0.310775 0.074489
vt 0.284873 0.101729
vt 0.307791 0.360067
vt 0.313098 0.444587
vt 0.302884 0.448230
vt 0.355699 0.381800
vt 0.349055 0.374853
vt 0.345381 0.411982
vt 0.315190 0.436456
vt 0.237324 0.000188
vt 0.313091 0.034197
vt 0.325253 0.052076
vt 0.315190 0.043918
vt 0.343622 0.088784
vt 0.337571 0.096211
vt 0.292513 0.107922
vt 0.323069 0.347682
vt 0.365508 0.395666
vt 0.358982 0.360472
vt 0.366137 0.366676
vt 0.349194 0.417373
vt 0.319003 0.441847
vt 0.353432 0.074918
vt 0.318182 0.037193
vt 0.328246 0.045351
vt 0.355698 0.098574
vt 0.349055 0.105520
vt 0.313902 0.125261
vt 0.330993 0.336202
vt 0.370418 0.401057
vt 0.350291 0.417373
vt 0.385272 0.338310
vt 0.377539 0.333019
vt 0.379206 0.377013
vt 0.368767 0.392136
vt 0.365508 0.084708
vt 0.329067 0.046685
vt 0.357245 0.069528
vt 0.386569 0.142151
vt 0.378683 0.147432
vt 0.323069 0.132692
vt 0.349482 0.309416
vt 0.295874 0.305749
vt 0.290463 0.313588
vt 0.398546 0.348374
vt 0.395585 0.272304
vt 0.404245 0.274469
vt 0.383895 0.381267
vt 0.373456 0.396390
vt 0.368767 0.088238
vt 0.399792 0.132083
vt 0.391990 0.160391
vt 0.383829 0.164761
vt 0.349482 0.170958
vt 0.308988 0.287459
vt 0.363884 0.260956
vt 0.404339 0.352242
vt 0.385000 0.380880
vt 0.416112 0.242158
vt 0.406213 0.242449
vt 0.419729 0.279742
vt 0.400756 0.343583
vt 0.373984 0.083715
vt 0.405009 0.127560
vt 0.407474 0.155118
vt 0.402053 0.136878
vt 0.353597 0.184804
vt 0.310607 0.192915
vt 0.290965 0.166786
vt 0.320489 0.254368
vt 0.370057 0.240187
vt 0.431597 0.247431
vt 0.425426 0.281879
vt 0.406453 0.345720
vt 0.432867 0.235202
vt 0.408397 0.132985
vt 0.413818 0.151225
vt 0.313693 0.202369
vt 0.268521 0.230324
vt 0.249881 0.204195
vt 0.325014 0.240187
vt 0.261450 0.289345
vt 0.271625 0.256254
vt 0.438108 0.248786
vt 0.426240 0.281097
vt 0.413455 0.152943
vt 0.438848 0.233026
vt 0.083940 0.811818
vt 0.123697 0.824166
vt 0.113237 0.854414
vt 0.073237 0.843922
vt 0.140736 0.829280
vt 0.130377 0.858908
vt 0.108428 0.884204
vt 0.062209 0.872081
vt 0.130783 0.889167
vt 0.110978 0.883974
vt 0.107554 0.886599
vt 0.061289 0.874441
vt 0.110104 0.886368
vt 0.129909 0.891561
vt 0.268359 0.858707
vt 0.293212 0.835724
vt 0.297876 0.842189
vt 0.272866 0.864792
vt 0.272563 0.808834
vt 0.250235 0.834451
vt 0.250891 0.889434
vt 0.245683 0.882403
vt 0.243496 0.879879
vt 0.222554 0.851851
vt 0.249002 0.891269
vt 0.243792 0.884240
vt 0.241605 0.881716
vt 0.220640 0.853708
vt 0.369523 0.926513
vt 0.360515 0.951730
vt 0.349347 0.947750
vt 0.359621 0.921890
vt 0.387652 0.932769
vt 0.379189 0.957798
vt 0.365937 0.890312
vt 0.377374 0.887466
vt 0.387364 0.960211
vt 0.395827 0.935181
vt 0.382345 0.888479
vt 0.397949 0.899742
vt 0.404802 0.898806
vt 0.413301 0.898645
vt 0.737804 0.703964
vt 0.735223 0.697043
vt 0.737707 0.703313
vt 0.729338 0.672486
vt 0.729352 0.672265
vt 0.885491 0.219246
vt 0.885468 0.219369
vt 0.881759 0.226361
vt 0.870302 0.249523
vt 0.873840 0.241053
vt 0.230282 0.008679
vt 0.226769 0.000085
vt 0.230268 0.008463
vt 0.377132 0.990660
vt 0.373862 0.989937
vt 0.380076 0.959853
vt 0.383352 0.960110
vt 0.409030 0.969804
vt 0.403647 0.996244
vt 0.078587 0.947549
vt 0.079349 0.950553
vt 0.043902 0.964775
vt 0.042902 0.961822
vt 0.084853 0.975010
vt 0.056453 0.992513
vt 0.585143 0.905660
vt 0.590475 0.898735
vt 0.618871 0.928769
vt 0.613374 0.934974
vt 0.563858 0.886476
vt 0.569709 0.879554
vt 0.583046 0.863531
vt 0.603760 0.882574
vt 0.632191 0.907488
vt 0.623030 0.924922
vt 0.575517 0.582119
vt 0.580931 0.589139
vt 0.552395 0.618941
vt 0.546824 0.612652
vt 0.604751 0.554337
vt 0.610108 0.560256
vt 0.592933 0.541443
vt 0.562022 0.565741
vt 0.542517 0.608544
vt 0.533213 0.590875
vt 0.910591 0.920869
vt 0.890808 0.892618
vt 0.919219 0.867451
vt 0.936233 0.890242
vt 0.884074 0.941114
vt 0.864173 0.913781
vt 0.321408 0.807970
vt 0.301320 0.836780
vt 0.275800 0.805554
vt 0.293117 0.782389
vt 0.355508 0.840282
vt 0.338446 0.866547
vt 0.301910 0.896438
vt 0.322439 0.882085
vt 0.337411 0.917488
vt 0.325158 0.932244
vt 0.281929 0.861176
vt 0.298625 0.848693
vt 0.305020 0.844283
vt 0.331003 0.876110
vt 0.350424 0.914546
vt 0.342471 0.917654
vt 0.730156 0.924501
vt 0.710347 0.910653
vt 0.732709 0.875989
vt 0.744555 0.890256
vt 0.711274 0.944880
vt 0.692565 0.931859
vt 0.719417 0.950555
vt 0.738425 0.930270
vt 0.749631 0.890145
vt 0.757320 0.893150
vt 0.907011 0.177202
vt 0.900817 0.172819
vt 0.926002 0.142310
vt 0.930604 0.147607
vt 0.887640 0.206532
vt 0.879945 0.201192
vt 0.863328 0.190464
vt 0.886821 0.162593
vt 0.858045 0.186769
vt 0.882044 0.158941
vt 0.909547 0.129917
vt 0.923161 0.138667
vt 0.903574 0.124532
vt 0.909168 0.125953
vt 0.955054 0.184128
vt 0.948910 0.188468
vt 0.925462 0.159214
vt 0.930037 0.153968
vt 0.526227 0.926482
vt 0.548180 0.944418
vt 0.528756 0.975572
vt 0.502569 0.963358
vt 0.915236 0.039243
vt 0.930933 0.044939
vt 0.920255 0.087900
vt 0.906518 0.079051
vt 0.926281 0.006248
vt 0.938866 0.010330
vt 0.901321 0.034221
vt 0.915907 0.003058
vt 0.907528 0.000174
vt 0.892188 0.030943
vt 0.903613 0.081071
vt 0.891001 0.074610
vt 0.886264 0.072566
vt 0.876431 0.072492
vt 0.046589 0.885256
vt 0.051206 0.883621
vt 0.069168 0.919751
vt 0.065215 0.922645
vt 0.036064 0.854217
vt 0.041219 0.852731
vt 0.039631 0.887694
vt 0.028405 0.856429
vt 0.000000 0.865301
vt 0.012396 0.897085
vt 0.061727 0.923573
vt 0.055146 0.926770
vt 0.052885 0.930172
vt 0.025218 0.935609
vt 0.360870 0.661548
vt 0.365391 0.663141
vt 0.347081 0.699540
vt 0.343218 0.696712
vt 0.160966 0.239250
vt 0.170100 0.231847
vt 0.193392 0.265018
vt 0.185853 0.274042
vt 0.144658 0.213587
vt 0.155268 0.206303
vt 0.128707 0.224302
vt 0.147367 0.250353
vt 0.182763 0.276856
vt 0.167540 0.284870
vt 0.948163 0.401700
vt 0.957087 0.408891
vt 0.932784 0.442619
vt 0.925462 0.433854
vt 0.821271 0.920419
vt 0.846024 0.900353
vt 0.870085 0.950507
vt 0.845333 0.970573
vt 0.983113 0.634908
vt 0.995078 0.644432
vt 0.976136 0.672870
vt 0.962236 0.663722
vt 0.700718 0.165282
vt 0.712869 0.174631
vt 0.691863 0.204647
vt 0.680307 0.195680
vt 0.588373 0.675757
vt 0.602252 0.670520
vt 0.613490 0.705459
vt 0.599201 0.711929
vt 0.945212 0.492756
vt 0.965016 0.485906
vt 0.976421 0.521889
vt 0.959362 0.534203
vt 0.937720 0.455936
vt 0.954826 0.446715
vt 0.955606 0.129447
vt 0.936737 0.132247
vt 0.919333 0.105146
vt 0.937226 0.088016
vt 0.963032 0.160405
vt 0.945199 0.166831
vt 0.975840 0.156538
vt 0.970245 0.124839
vt 0.941897 0.086616
vt 0.957349 0.087645
vt 0.797049 0.991296
vt 0.778369 0.988579
vt 0.796679 0.947649
vt 0.814436 0.964649
vt 0.440386 0.981150
vt 0.426533 0.991251
vt 0.404507 0.957303
vt 0.417912 0.948671
vt 0.983259 0.943961
vt 0.996454 0.954734
vt 0.977007 0.988268
vt 0.962236 0.980492
vt 0.014818 0.687557
vt 0.021695 0.689959
vt 0.006396 0.727861
vt 0.000000 0.724754
vt 0.819098 0.385135
vt 0.840237 0.399237
vt 0.808791 0.431012
vt 0.794667 0.413278
vt 0.849510 0.348995
vt 0.869450 0.363797
vt 0.844793 0.345613
vt 0.814311 0.381871
vt 0.789957 0.412354
vt 0.784498 0.412120
vt 0.462405 0.336088
vt 0.441228 0.350217
vt 0.416764 0.321814
vt 0.430982 0.303932
vt 0.476521 0.360617
vt 0.457946 0.373284
vt 0.498752 0.385713
vt 0.480375 0.397989
vt 0.297340 0.253547
vt 0.288058 0.246868
vt 0.308041 0.217133
vt 0.317283 0.223827
vt 0.207358 0.715238
vt 0.211099 0.718159
vt 0.199368 0.723371
vt 0.196124 0.720525
vt 0.222341 0.701601
vt 0.224658 0.703629
vt 0.235866 0.685312
vt 0.238227 0.687276
vt 0.243648 0.691839
vt 0.230000 0.708353
vt 0.220239 0.726432
vt 0.211099 0.718159
vt 0.215779 0.736513
vt 0.203604 0.726661
vt 0.900047 0.347446
vt 0.902924 0.351136
vt 0.897622 0.362443
vt 0.894818 0.359240
vt 0.914271 0.334109
vt 0.916475 0.336343
vt 0.835013 0.972011
vt 0.838377 0.969624
vt 0.843228 0.979825
vt 0.840592 0.981420
vt 0.820320 0.954925
vt 0.824123 0.952454
vt 0.808346 0.937629
vt 0.812021 0.935127
vt 0.802885 0.941479
vt 0.814693 0.958732
vt 0.833161 0.972428
vt 0.826325 0.976756
vt 0.839391 0.981765
vt 0.832714 0.985572
vt 0.476303 0.000155
vt 0.479326 0.002293
vt 0.474282 0.010808
vt 0.471925 0.009382
vt 0.228863 0.978011
vt 0.236531 0.980896
vt 0.231153 0.989214
vt 0.226769 0.987565
vt 0.237345 0.955613
vt 0.247353 0.959469
vt 0.245780 0.935794
vt 0.255843 0.939818
vt 0.260088 0.941526
vt 0.251629 0.961064
vt 0.242067 0.981025
vt 0.238139 0.980052
vt 0.234433 0.989877
vt 0.231914 0.989027
vt 0.623253 0.943882
vt 0.615097 0.946955
vt 0.612889 0.936725
vt 0.617468 0.935000
vt 0.634434 0.966248
vt 0.623985 0.970274
vt 0.643314 0.986437
vt 0.632798 0.990642
vt 0.647750 0.984653
vt 0.638899 0.964581
vt 0.624959 0.944780
vt 0.629097 0.943709
vt 0.618263 0.935198
vt 0.620894 0.934308
vt 0.439934 0.970213
vt 0.459242 0.966580
vt 0.466652 0.976492
vt 0.445491 0.983933
vt 0.438086 0.953026
vt 0.450040 0.949789
vt 0.435151 0.932872
vt 0.447002 0.930158
vt 0.449925 0.929480
vt 0.453058 0.948946
vt 0.463810 0.965989
vt 0.459242 0.966580
vt 0.472759 0.973717
vt 0.468843 0.975304
vt 0.154750 0.981486
vt 0.136643 0.978038
vt 0.141870 0.964937
vt 0.162041 0.971995
vt 0.146276 0.997571
vt 0.134836 0.994507
vt 0.452432 0.316947
vt 0.459002 0.312223
vt 0.463722 0.321292
vt 0.460580 0.323545
vt 0.438249 0.298820
vt 0.447073 0.292679
vt 0.429022 0.281356
vt 0.437603 0.276011
vt 0.258420 0.234272
vt 0.252102 0.229753
vt 0.259963 0.223402
vt 0.262918 0.225515
vt 0.247321 0.252532
vt 0.239027 0.246795
vt 0.675086 0.871307
vt 0.676700 0.868148
vt 0.683405 0.877761
vt 0.681018 0.880166
vt 0.663187 0.852466
vt 0.664902 0.850344
vt 0.649662 0.839919
vt 0.651343 0.838002
vt 0.655252 0.833454
vt 0.668901 0.845369
vt 0.656638 0.831820
vt 0.670322 0.843594
vt 0.681675 0.857443
vt 0.676865 0.866205
vt 0.685215 0.852806
vt 0.683287 0.855848
vt 0.691347 0.868381
vt 0.683982 0.876463
vt 0.696513 0.863248
vt 0.693652 0.866483
vt 0.461113 0.011061
vt 0.459667 0.008281
vt 0.464884 0.000198
vt 0.466996 0.002322
vt 0.987454 0.471687
vt 0.989824 0.471011
vt 0.992328 0.482327
vt 0.990191 0.483118
vt 0.981743 0.451178
vt 0.983469 0.450517
vt 0.975533 0.430628
vt 0.977355 0.430086
vt 0.978966 0.452043
vt 0.972803 0.431464
vt 0.962236 0.434863
vt 0.968287 0.455409
vt 0.987454 0.471687
vt 0.984176 0.472576
vt 0.984176 0.472576
vt 0.974063 0.475759
vt 0.989394 0.483464
vt 0.986812 0.484400
vt 0.986483 0.484630
vt 0.978831 0.487278
vt 0.002234 0.000195
vt 0.004314 0.000789
vt 0.001856 0.011046
vt 0.000000 0.010356
vt 0.395357 0.413111
vt 0.383537 0.429243
vt 0.373862 0.422310
vt 0.392450 0.403962
vt 0.267240 0.462414
vt 0.278790 0.478235
vt 0.276066 0.487800
vt 0.257413 0.469398
vt 0.193017 0.545411
vt 0.176216 0.556690
vt 0.165480 0.550256
vt 0.185971 0.532016
vt 0.201285 0.560445
vt 0.192101 0.567313
vt 0.213192 0.574422
vt 0.203770 0.581046
vt 0.140964 0.554706
vt 0.150666 0.540266
vt 0.162599 0.546419
vt 0.146495 0.564527
vt 0.849982 0.115342
vt 0.845748 0.111364
vt 0.848303 0.106282
vt 0.851200 0.108053
vt 0.845429 0.140488
vt 0.839658 0.136022
vt 0.851930 0.520590
vt 0.856325 0.516459
vt 0.857420 0.524207
vt 0.854476 0.526007
vt 0.845787 0.495743
vt 0.851646 0.491192
vt 0.461933 0.699954
vt 0.459322 0.697246
vt 0.459946 0.688461
vt 0.461786 0.689617
vt 0.455984 0.722054
vt 0.453538 0.720162
vt 0.392249 0.002631
vt 0.394680 0.000112
vt 0.394355 0.009985
vt 0.392665 0.011048
vt 0.185554 0.012299
vt 0.183867 0.009668
vt 0.192970 0.000153
vt 0.195492 0.003001
vt 0.782621 0.429246
vt 0.778369 0.421601
vt 0.784609 0.412316
vt 0.791110 0.419441
vt 0.874452 0.452918
vt 0.865546 0.460964
vt 0.858045 0.452550
vt 0.870007 0.442858
vt 0.884128 0.470795
vt 0.878743 0.475039
vt 0.692089 0.000171
vt 0.698175 0.004058
vt 0.692413 0.012057
vt 0.686436 0.008653
vt 0.958183 0.000175
vt 0.967087 0.002995
vt 0.962812 0.013218
vt 0.956107 0.010895
vt 0.969537 0.893606
vt 0.972591 0.894793
vt 0.970331 0.907149
vt 0.968365 0.906492
vt 0.975919 0.872718
vt 0.979340 0.873817
vt 0.982493 0.852058
vt 0.985847 0.853252
vt 0.990907 0.855133
vt 0.984520 0.875538
vt 0.996576 0.857347
vt 0.990333 0.877550
vt 0.977143 0.897925
vt 0.972783 0.896493
vt 0.985728 0.898178
vt 0.978702 0.896496
vt 0.973144 0.908692
vt 0.970426 0.907799
vt 0.979098 0.909381
vt 0.973836 0.908177
vt 0.730219 0.478393
vt 0.720246 0.485129
vt 0.698693 0.463401
vt 0.710217 0.455617
vt 0.759095 0.515263
vt 0.749153 0.522076
vt 0.782292 0.498722
vt 0.752945 0.463085
vt 0.712036 0.455459
vt 0.738295 0.437772
vt 0.172728 0.812124
vt 0.184094 0.855379
vt 0.153331 0.867426
vt 0.140197 0.817446
vt 0.205039 0.800006
vt 0.220324 0.842956
vt 0.199374 0.781599
vt 0.167872 0.793608
vt 0.140446 0.814691
vt 0.134836 0.793296
vt 0.702135 0.784273
vt 0.689541 0.834370
vt 0.661920 0.834507
vt 0.676472 0.776621
vt 0.740666 0.798945
vt 0.726124 0.847868
vt 0.745058 0.786575
vt 0.705216 0.771865
vt 0.675297 0.773279
vt 0.678857 0.758942
vt 0.913020 0.780336
vt 0.890301 0.816184
vt 0.870302 0.801895
vt 0.896554 0.760472
vt 0.940451 0.801739
vt 0.913983 0.836879
vt 0.914887 0.781718
vt 0.898711 0.762070
vt 0.228566 0.797728
vt 0.233364 0.791256
vt 0.257761 0.816731
vt 0.252217 0.824209
vt 0.196124 0.774102
vt 0.201311 0.767107
vt 0.226872 0.736643
vt 0.252669 0.765466
vt 0.282394 0.784246
vt 0.260088 0.814045
vt 0.655679 0.324425
vt 0.659916 0.311211
vt 0.691565 0.325801
vt 0.686669 0.341070
vt 0.625220 0.314226
vt 0.629462 0.300731
vt 0.645203 0.247382
vt 0.676855 0.258342
vt 0.590893 0.279345
vt 0.598590 0.246338
vt 0.712843 0.261709
vt 0.693271 0.322798
vt 0.594043 0.233581
vt 0.639300 0.227377
vt 0.587112 0.212251
vt 0.629659 0.194700
vt 0.676192 0.209198
vt 0.680203 0.229711
vt 0.584356 0.202912
vt 0.625526 0.180696
vt 0.669678 0.177662
vt 0.708945 0.201725
vt 0.713579 0.225428
vt 0.570079 0.182398
vt 0.607843 0.154894
vt 0.666877 0.163456
vt 0.563858 0.173470
vt 0.600265 0.143836
vt 0.635995 0.139172
vt 0.651804 0.166293
vt 0.696047 0.148662
vt 0.699285 0.165077
vt 0.629223 0.127535
vt 0.668121 0.117216
vt 0.676815 0.152825
vt 0.656067 0.105016
vt 0.662553 0.119272
vt 0.802557 0.903556
vt 0.806187 0.914884
vt 0.780142 0.928990
vt 0.775947 0.915900
vt 0.825325 0.895617
vt 0.828699 0.907049
vt 0.776289 0.930194
vt 0.772092 0.917106
vt 0.811832 0.849888
vt 0.788035 0.858241
vt 0.774485 0.913325
vt 0.757705 0.860965
vt 0.770630 0.914531
vt 0.753853 0.862168
vt 0.165480 0.954915
vt 0.189390 0.924207
vt 0.215254 0.937312
vt 0.189732 0.974076
vt 0.682508 1.000000
vt 0.662922 0.987993
vt 0.666350 0.955748
vt 0.686688 0.973147
vt 0.661920 0.990556
vt 0.664757 0.958452
vt 0.096124 0.973707
vt 0.079676 0.921777
vt 0.104224 0.912248
vt 0.128962 0.970288
vt 0.680472 0.484426
vt 0.673275 0.490749
vt 0.655791 0.470409
vt 0.664794 0.464161
vt 0.937720 0.632980
vt 0.965990 0.605983
vt 0.985520 0.627796
vt 0.952854 0.658990
vt 0.196124 0.967520
vt 0.216131 0.958705
vt 0.222801 0.988704
vt 0.199683 0.998890
vt 0.221292 0.478635
vt 0.226884 0.482132
vt 0.214843 0.504634
vt 0.208382 0.500592
vt 0.617705 0.513095
vt 0.607844 0.525414
vt 0.588373 0.508595
vt 0.599768 0.494361
vt 0.851155 0.998457
vt 0.845787 0.972467
vt 0.871860 0.962754
vt 0.878063 0.992785
vt 0.923348 0.986725
vt 0.894818 0.969188
vt 0.899966 0.944253
vt 0.935561 0.958491
vt 0.998268 0.365694
vt 0.992128 0.371087
vt 0.980622 0.346553
vt 0.986269 0.338921
vt 0.999596 0.367422
vt 0.988211 0.340502
vt 0.566450 0.983597
vt 0.549807 0.998219
vt 0.533213 0.975109
vt 0.555042 0.962475
vt 0.978102 0.523223
vt 0.996568 0.538004
vt 0.983572 0.560993
vt 0.962236 0.543913
vt 0.682511 0.933742
vt 0.715536 0.954343
vt 0.712337 0.982436
vt 0.674178 0.958632
vt 0.717607 0.950361
vt 0.714730 0.977836
vt 0.085804 0.788129
vt 0.097730 0.782780
vt 0.113048 0.809150
vt 0.099268 0.815329
vt 0.194832 0.470863
vt 0.203247 0.476126
vt 0.193589 0.500297
vt 0.183867 0.494215
vt 0.036773 0.602330
vt 0.054886 0.594597
vt 0.066339 0.622737
vt 0.045409 0.631672
vt 0.180017 0.006782
vt 0.168637 0.016007
vt 0.165480 0.009399
vt 0.176860 0.000174
vt 0.268793 0.109893
vt 0.257413 0.100668
vt 0.260571 0.094060
vt 0.271950 0.103284
vt 0.337277 0.822888
vt 0.337277 0.781703
vt 0.412148 0.780449
vt 0.409380 0.803416
vt 0.337277 0.764052
vt 0.412393 0.769076
vt 0.337277 0.716984
vt 0.412454 0.737787
vt 0.337089 0.705083
vt 0.412077 0.729515
vt 0.147167 0.108532
vt 0.176124 0.110498
vt 0.176050 0.111598
vt 0.147093 0.109632
vt 0.185993 0.143674
vt 0.159925 0.140286
vt 0.193872 0.189032
vt 0.174903 0.184804
vt 0.203786 0.189746
vt 0.196889 0.143976
vt 0.213449 0.285911
vt 0.203643 0.286749
vt 0.217586 0.285465
vt 0.191558 0.111714
vt 0.233317 0.189746
vt 0.229132 0.285078
vt 0.179883 0.111016
vt 0.248096 0.146310
vt 0.213728 0.146310
vt 0.241228 0.189421
vt 0.231979 0.284927
vt 0.179769 0.109919
vt 0.193087 0.108681
vt 0.257400 0.145872
vt 0.235534 0.108495
vt 0.271141 0.112988
vt 0.274578 0.110073
vt 0.282252 0.109089
vt 0.235679 0.107409
vt 0.271287 0.111902
vt 0.860443 0.633720
vt 0.834665 0.631843
vt 0.860953 0.541657
vt 0.848173 0.540936
vt 0.827400 0.631640
vt 0.778369 0.616261
vt 0.778900 0.520450
vt 0.787934 0.616814
vt 0.804109 0.618042
vt 0.792218 0.521351
vt 0.811942 0.618503
vt 0.574849 0.281967
vt 0.576054 0.276244
vt 0.577181 0.276532
vt 0.575970 0.282241
vt 0.545471 0.245697
vt 0.548965 0.245765
vt 0.925738 0.239429
vt 0.934754 0.241489
vt 0.934478 0.242590
vt 0.925462 0.240530
vt 0.947964 0.208959
vt 0.957138 0.209052
vt 0.957039 0.212517
vt 0.966575 0.160675
vt 0.974916 0.160909
vt 0.014291 0.985323
vt 0.027631 0.981887
vt 0.027928 0.983012
vt 0.014588 0.986448
vt 0.007252 0.953047
vt 0.018787 0.953517
vt 0.000000 0.905669
vt 0.010793 0.906292
vt 0.972313 0.219157
vt 0.980560 0.223126
vt 0.961810 0.293918
vt 0.949978 0.293984
vt 0.030916 0.003948
vt 0.030644 0.000207
vt 0.030896 0.000199
vt 0.031168 0.003939
vt 0.294766 0.132283
vt 0.294187 0.114296
vt 0.294633 0.114286
vt 0.295417 0.132268
vt 0.000884 0.067555
vt 0.000867 0.067708
vt 0.000000 0.067696
vt 0.000022 0.067530
vt 0.000436 0.061778
vt 0.001948 0.062096
vt 0.007802 0.035973
vt 0.009418 0.036030
vt 0.021980 0.000199
vt 0.023637 0.000207
vt 0.030149 0.000407
vt 0.015852 0.036341
vt 0.006927 0.063008
vt 0.001948 0.062096
vt 0.003907 0.067533
vt 0.001471 0.067418
vt 0.003901 0.067670
vt 0.001465 0.067566
vt 0.018113 0.768723
vt 0.006129 0.768210
vt 0.006136 0.768017
vt 0.018137 0.768390
vt 0.007908 0.763344
vt 0.023322 0.761989
vt 0.016594 0.739800
vt 0.030045 0.740354
vt 0.024452 0.707124
vt 0.037660 0.707857
vt 0.033254 0.604398
vt 0.050891 0.708734
vt 0.054117 0.741352
vt 0.040581 0.740785
vt 0.060878 0.764885
vt 0.045503 0.762915
vt 0.063064 0.770042
vt 0.054822 0.769548
vt 0.063060 0.770213
vt 0.054807 0.769824
vt 0.858045 0.709942
vt 0.866786 0.709205
vt 0.870474 0.708812
vt 0.867481 0.810726
vt 0.880759 0.708472
vt 0.883295 0.708338
vt 0.883419 0.676653
vt 0.873004 0.676902
vt 0.886036 0.676598
vt 0.891134 0.657924
vt 0.895077 0.657246
vt 0.899700 0.650348
vt 0.903089 0.650298
vt 0.899664 0.649930
vt 0.903063 0.649950
vt 0.074426 0.054852
vt 0.073547 0.037427
vt 0.075626 0.037473
vt 0.076568 0.054882
vt 0.870302 0.164961
vt 0.871838 0.138191
vt 0.874041 0.138206
vt 0.872379 0.165006
vt 0.992880 0.684921
vt 0.995202 0.684869
vt 0.995202 0.746399
vt 0.992880 0.746451
vt 0.992974 0.656293
vt 0.995202 0.656345
vt 0.989034 0.733719
vt 0.986751 0.733727
vt 0.741596 0.736302
vt 0.741603 0.726565
vt 0.864924 0.703302
vt 0.865537 0.707704
vt 0.741603 0.687682
vt 0.863622 0.686448
vt 0.741603 0.673101
vt 0.863055 0.679929
vt 0.741603 0.649286
vt 0.862409 0.669509
vt 0.741603 0.639079
vt 0.862292 0.664708
vt 0.741603 0.620273
vt 0.862073 0.655733
vt 0.741603 0.612214
vt 0.861988 0.651961
vt 0.791201 0.731012
vt 0.812099 0.848655
vt 0.774196 0.848655
vt 0.773749 0.730820
vt 0.821574 0.848655
vt 0.795974 0.730803
vt 0.759982 0.848655
vt 0.767478 0.730633
vt 0.937183 0.372034
vt 0.916079 0.467986
vt 0.882560 0.467986
vt 0.922412 0.371051
vt 0.425626 0.947814
vt 0.404507 0.947814
vt 0.440262 0.919168
vt 0.441321 0.920998
vt 0.447057 0.893678
vt 0.448104 0.895968
vt 0.088632 0.687851
vt 0.067657 0.687851
vt 0.051717 0.662005
vt 0.052798 0.660168
vt 0.042902 0.635469
vt 0.043976 0.633169
vt 0.958139 0.972092
vt 0.937720 0.972092
vt 0.973230 0.947907
vt 0.974034 0.950307
vt 0.980607 0.919444
vt 0.981692 0.922413
vt 0.294694 0.476884
vt 0.294187 0.456345
vt 0.326027 0.441476
vt 0.328539 0.442161
vt 0.707168 0.255018
vt 0.686436 0.254505
vt 0.721511 0.221654
vt 0.722282 0.224135
vt 0.728202 0.188388
vt 0.729047 0.191155
vt 0.701910 0.714671
vt 0.681268 0.715181
vt 0.665794 0.682376
vt 0.666583 0.679929
vt 0.655791 0.657903
vt 0.656661 0.655168
vt 0.218958 0.087511
vt 0.239455 0.087511
vt 0.205008 0.112614
vt 0.203946 0.108600
vt 0.197352 0.134784
vt 0.196124 0.130145
vt 0.397338 0.375823
vt 0.397338 0.396322
vt 0.365569 0.418481
vt 0.361605 0.417571
vt 0.427333 0.886825
vt 0.448001 0.886825
vt 0.408146 0.927976
vt 0.407276 0.925852
vt 0.399383 0.960137
vt 0.398378 0.957682
vt 0.122578 0.129025
vt 0.142674 0.127006
vt 0.160516 0.161061
vt 0.159489 0.163272
vt 0.168793 0.188341
vt 0.167605 0.190896
vt 0.429022 0.197434
vt 0.435153 0.182651
vt 0.454425 0.152980
vt 0.454492 0.156105
vt 0.478053 0.041767
vt 0.486095 0.028076
vt 0.513920 0.000197
vt 0.514004 0.003133
vt 0.185890 0.886472
vt 0.171609 0.894860
vt 0.211840 0.853144
vt 0.214903 0.853224
vt 0.239655 0.827331
vt 0.240677 0.827170
vt 0.236531 0.810863
vt 0.237553 0.810703
vt 0.063320 0.413749
vt 0.050161 0.402089
vt 0.023004 0.373886
vt 0.025849 0.373876
vt 0.000000 0.340794
vt 0.000938 0.340806
vt 0.601489 0.302404
vt 0.606481 0.318411
vt 0.582211 0.274597
vt 0.582211 0.271378
vt 0.557107 0.244421
vt 0.556991 0.243342
vt 0.539458 0.246366
vt 0.539342 0.245287
vt 0.297788 0.218922
vt 0.312275 0.207716
vt 0.272160 0.247194
vt 0.269276 0.247198
vt 0.246113 0.280135
vt 0.245156 0.280271
vt 0.246762 0.282784
vt 0.245805 0.282920
vt 0.293467 0.214399
vt 0.308065 0.205599
vt 0.267583 0.238765
vt 0.264579 0.238765
vt 0.240030 0.270339
vt 0.239027 0.270404
vt 0.241422 0.278946
vt 0.240419 0.279011
vt 0.387876 0.503756
vt 0.379991 0.503906
vt 0.388492 0.468861
vt 0.396597 0.468894
vt 0.925513 0.767815
vt 0.925547 0.774838
vt 0.908761 0.745782
vt 0.908715 0.744235
vt 0.892004 0.727296
vt 0.891865 0.726717
vt 0.882564 0.721129
vt 0.882560 0.720757
vt 0.980864 0.758915
vt 0.980838 0.765930
vt 0.963937 0.789709
vt 0.963983 0.788158
vt 0.947196 0.806965
vt 0.947321 0.806363
vt 0.937720 0.813120
vt 0.937738 0.812739
vt 0.122578 0.234205
vt 0.122614 0.227079
vt 0.136596 0.257677
vt 0.136542 0.259243
vt 0.150802 0.275170
vt 0.150863 0.275871
vt 0.162812 0.283912
vt 0.162795 0.284511
vt 0.484226 0.981332
vt 0.484182 0.974176
vt 0.498121 0.949086
vt 0.498177 0.950656
vt 0.510930 0.933075
vt 0.510946 0.933745
vt 0.523762 0.923852
vt 0.523778 0.924523
vt 0.775662 0.041271
vt 0.775688 0.048292
vt 0.758855 0.019278
vt 0.758806 0.017719
vt 0.741734 0.000776
vt 0.741596 0.000151
vt 0.303076 0.330294
vt 0.303059 0.337344
vt 0.285734 0.361467
vt 0.285788 0.359891
vt 0.268219 0.379302
vt 0.268418 0.378670
vt 0.257413 0.385873
vt 0.257431 0.385546
vt 0.545471 0.211468
vt 0.545499 0.204422
vt 0.559297 0.234751
vt 0.559234 0.236321
vt 0.575368 0.254350
vt 0.575553 0.255006
vt 0.586953 0.262109
vt 0.586950 0.262421
vt 0.876467 0.979073
vt 0.876431 0.972004
vt 0.890424 0.947463
vt 0.890478 0.949021
vt 0.907936 0.927739
vt 0.907754 0.928353
vt 0.916339 0.921065
vt 0.916344 0.921236
vt 0.287300 0.288530
vt 0.295261 0.288530
vt 0.284692 0.304547
vt 0.282408 0.304547
vt 0.284212 0.309860
vt 0.281929 0.309860
vt 0.379991 0.503904
vt 0.388361 0.504059
vt 0.395288 0.520654
vt 0.392755 0.520565
vt 0.394004 0.527944
vt 0.391471 0.527855
vt 0.494474 0.416744
vt 0.486981 0.417052
vt 0.484182 0.402402
vt 0.486198 0.402227
vt 0.484947 0.395585
vt 0.486962 0.395410
vt 0.883438 0.076743
vt 0.891779 0.076589
vt 0.879059 0.093193
vt 0.876535 0.093281
vt 0.878955 0.099355
vt 0.876431 0.099443
vt 0.717080 0.651057
vt 0.725034 0.651057
vt 0.729922 0.667060
vt 0.727641 0.667060
vt 0.730672 0.672389
vt 0.728391 0.672389
vt 0.774045 0.528672
vt 0.766111 0.528672
vt 0.776645 0.512710
vt 0.778921 0.512710
vt 0.776845 0.505856
vt 0.779120 0.505856
vt 0.567390 0.202347
vt 0.558988 0.202933
vt 0.551798 0.189700
vt 0.554358 0.189366
vt 0.551600 0.182898
vt 0.554160 0.182563
vt 0.870302 0.265286
vt 0.870445 0.264153
vt 0.907494 0.268587
vt 0.907352 0.269720
vt 0.886855 0.234790
vt 0.922398 0.235209
vt 0.904759 0.186307
vt 0.934564 0.188476
vt 0.424967 0.750396
vt 0.422893 0.750351
vt 0.422893 0.680019
vt 0.424967 0.680064
vt 0.968747 0.093857
vt 0.968587 0.092703
vt 0.978548 0.091476
vt 0.978708 0.092631
vt 0.948645 0.061433
vt 0.958227 0.061433
vt 0.937720 0.015118
vt 0.946601 0.015640
vt 0.976962 0.065778
vt 0.974494 0.065433
vt 0.974494 0.046967
vt 0.976962 0.047313
vt 0.988960 0.310904
vt 0.986751 0.310889
vt 0.988962 0.270850
vt 0.991440 0.271197
vt 0.951233 0.007324
vt 0.950270 0.007373
vt 0.949978 0.000247
vt 0.950941 0.000197
vt 0.842052 0.038091
vt 0.842052 0.057041
vt 0.839658 0.056985
vt 0.839658 0.038036
vt 0.842541 0.061085
vt 0.840147 0.061030
vt 0.871571 0.654143
vt 0.866523 0.685619
vt 0.864173 0.685672
vt 0.869252 0.654166
vt 0.043308 0.002333
vt 0.043053 0.002342
vt 0.042902 0.000207
vt 0.043188 0.000198
vt 0.832482 0.111536
vt 0.766111 0.000200
vt 0.789580 0.000200
vt 0.842906 0.111039
vt 0.747725 0.431276
vt 0.751532 0.431402
vt 0.766570 0.448145
vt 0.765988 0.448003
vt 0.772573 0.457478
vt 0.772207 0.457464
vt 0.490311 0.393820
vt 0.491887 0.393872
vt 0.509699 0.411486
vt 0.509056 0.411306
vt 0.516320 0.421304
vt 0.516006 0.421288
vt 0.128707 0.258741
vt 0.128765 0.257201
vt 0.146049 0.277631
vt 0.146258 0.278240
vt 0.155299 0.284711
vt 0.155294 0.284879
vt 0.956322 0.770364
vt 0.956250 0.768636
vt 0.969590 0.749196
vt 0.969515 0.749950
vt 0.943879 0.803455
vt 0.943849 0.795722
vt 0.981475 0.739979
vt 0.981497 0.740639
vt 0.533272 0.030124
vt 0.533213 0.028583
vt 0.550770 0.009078
vt 0.550561 0.009687
vt 0.559685 0.002793
vt 0.559686 0.002970
vt 0.196186 0.109889
vt 0.196124 0.108191
vt 0.208988 0.089944
vt 0.209047 0.090675
vt 0.218256 0.080948
vt 0.218273 0.081569
vt 0.220814 0.080920
vt 0.220828 0.081579
vt 0.012472 0.329096
vt 0.012535 0.327361
vt 0.026093 0.346670
vt 0.026047 0.347416
vt 0.000000 0.301271
vt 0.000048 0.293376
vt 0.036358 0.356249
vt 0.036343 0.356921
vt 0.173992 0.314269
vt 0.177788 0.314143
vt 0.159730 0.330827
vt 0.159134 0.330974
vt 0.153589 0.340765
vt 0.153222 0.340781
vt 0.539466 0.000249
vt 0.541050 0.000199
vt 0.522013 0.017792
vt 0.521384 0.017980
vt 0.515139 0.028411
vt 0.514827 0.028425
vt 0.153222 0.355932
vt 0.154797 0.355982
vt 0.173574 0.375040
vt 0.172978 0.374863
vt 0.179599 0.384544
vt 0.179289 0.384530
vt 0.527490 0.000251
vt 0.529073 0.000199
vt 0.509239 0.018996
vt 0.508640 0.019153
vt 0.502880 0.028231
vt 0.502569 0.028244
vt 0.067418 0.404280
vt 0.071214 0.404406
vt 0.086075 0.421115
vt 0.085480 0.420967
vt 0.092859 0.430736
vt 0.092488 0.430728
vt 0.701981 0.227428
vt 0.705785 0.227302
vt 0.687537 0.244015
vt 0.686955 0.244157
vt 0.680677 0.253755
vt 0.680307 0.253764
vt 0.879292 0.041354
vt 0.876431 0.041335
vt 0.898922 0.002958
vt 0.899871 0.002955
vt 0.867068 0.236536
vt 0.864173 0.236490
vt 0.888511 0.208335
vt 0.889454 0.208483
vt 0.715373 0.166735
vt 0.712128 0.166787
vt 0.686436 0.116695
vt 0.687499 0.116516
vt 0.756721 0.202878
vt 0.741737 0.190705
vt 0.643533 0.322425
vt 0.646474 0.322497
vt 0.671455 0.358130
vt 0.670514 0.358103
vt 0.912015 0.561750
vt 0.914935 0.561692
vt 0.889633 0.600273
vt 0.888689 0.600300
vt 0.422893 0.338532
vt 0.425860 0.338541
vt 0.449963 0.373652
vt 0.448981 0.373512
vt 0.458138 0.597845
vt 0.403638 0.725089
vt 0.371734 0.708706
vt 0.400658 0.609016
vt 0.377661 0.609016
vt 0.361605 0.709548
vt 0.618066 0.711779
vt 0.657717 0.831870
vt 0.603514 0.821337
vt 0.588373 0.726537
vt 0.999586 0.038453
vt 0.996638 0.038473
vt 0.974494 0.000192
vt 0.975476 0.000347
vt 0.947874 0.196845
vt 0.944891 0.196846
vt 0.919333 0.161685
vt 0.920310 0.161687
vt 0.893824 0.638477
vt 0.896790 0.638477
vt 0.871294 0.673937
vt 0.870302 0.673896
vt 0.087320 0.048800
vt 0.087320 0.052290
vt 0.049079 0.082363
vt 0.049031 0.081197
vt 0.129777 0.000126
vt 0.116182 0.017700
vt 0.996748 0.557520
vt 0.999704 0.557543
vt 0.975549 0.595628
vt 0.974494 0.595575
vt 0.147093 0.171023
vt 0.149890 0.171043
vt 0.174818 0.205627
vt 0.173968 0.205649
vt 0.718648 0.311987
vt 0.721669 0.311915
vt 0.693535 0.347059
vt 0.692565 0.347176
vt 0.360855 0.048567
vt 0.364417 0.048626
vt 0.393313 0.093771
vt 0.392170 0.093645
vt 0.312573 0.000160
vt 0.330597 0.015195
vt 0.404507 0.345712
vt 0.407518 0.345690
vt 0.430979 0.381351
vt 0.430017 0.381308
vt 0.220241 0.613953
vt 0.223134 0.613944
vt 0.197090 0.648989
vt 0.196124 0.649032
vt 0.698693 0.126673
vt 0.701659 0.126743
vt 0.726792 0.163136
vt 0.725827 0.163100
vt 0.214152 0.476050
vt 0.217113 0.475977
vt 0.190947 0.513744
vt 0.189996 0.513750
vt 0.731620 0.187156
vt 0.731730 0.187695
vt 0.720213 0.179985
vt 0.720230 0.179628
vt 0.744786 0.209889
vt 0.744753 0.210670
vt 0.717080 0.179801
vt 0.717085 0.180128
vt 0.955690 0.226153
vt 0.955542 0.226718
vt 0.943849 0.234614
vt 0.943855 0.234264
vt 0.971175 0.201524
vt 0.971137 0.202361
vt 0.985268 0.167456
vt 0.985215 0.176098
vt 0.591166 0.145653
vt 0.591000 0.146286
vt 0.582245 0.152206
vt 0.582254 0.151861
vt 0.606950 0.124439
vt 0.606898 0.126155
vt 0.556303 0.205556
vt 0.556484 0.206186
vt 0.546953 0.200026
vt 0.546936 0.199672
vt 0.572070 0.225248
vt 0.572122 0.226941
vt 0.545480 0.200223
vt 0.545471 0.199882
vt 0.587981 0.251448
vt 0.588029 0.259162
vt 0.931591 0.470144
vt 0.932477 0.468034
vt 0.941196 0.498120
vt 0.940172 0.500557
vt 0.956107 0.695120
vt 0.957202 0.690982
vt 0.965399 0.713755
vt 0.964134 0.718537
vt 0.825516 0.624788
vt 0.824783 0.627268
vt 0.815142 0.602668
vt 0.816130 0.599646
vt 0.756273 0.265959
vt 0.757365 0.270084
vt 0.748986 0.295552
vt 0.747725 0.290785
vt 0.964340 0.330933
vt 0.965360 0.333129
vt 0.957286 0.361420
vt 0.956107 0.358883
vt 0.000000 0.371206
vt 0.001087 0.367098
vt 0.010180 0.391349
vt 0.008924 0.396096
vt 0.315348 0.458373
vt 0.316436 0.462487
vt 0.307703 0.486565
vt 0.306444 0.481812
vt 0.888689 0.544810
vt 0.889694 0.542648
vt 0.898198 0.571069
vt 0.897036 0.573568
vt 0.247606 0.206202
vt 0.248491 0.208308
vt 0.240049 0.238024
vt 0.239027 0.235591
vt 0.337089 0.000285
vt 0.339578 0.000198
vt 0.340841 0.007364
vt 0.338351 0.007451
vt 0.200761 0.006407
vt 0.198103 0.006755
vt 0.196124 0.000544
vt 0.198782 0.000197
vt 0.948706 0.391195
vt 0.945897 0.390828
vt 0.947988 0.384262
vt 0.950797 0.384629
vt 0.940814 0.405720
vt 0.931591 0.405077
vt 0.613659 0.000200
vt 0.616000 0.000200
vt 0.615231 0.005670
vt 0.612889 0.005670
vt 0.388466 0.007192
vt 0.386120 0.007192
vt 0.386690 0.000200
vt 0.389036 0.000200
vt 0.915246 0.287859
vt 0.912706 0.287859
vt 0.912089 0.280287
vt 0.914629 0.280287
vt 0.909804 0.302833
vt 0.900947 0.302833
vt 0.912089 0.269715
vt 0.914629 0.269715
vt 0.365159 0.007778
vt 0.362415 0.007419
vt 0.361605 0.000194
vt 0.364348 0.000552
vt 0.934459 0.058476
vt 0.931832 0.058476
vt 0.931591 0.050967
vt 0.934218 0.050967
vt 0.934218 0.041858
vt 0.931591 0.041858
vt 0.983075 0.366736
vt 0.980622 0.366736
vt 0.980847 0.359724
vt 0.983300 0.359724
vt 0.994430 0.381195
vt 0.985878 0.381195
vt 0.827400 0.000200
vt 0.829640 0.000200
vt 0.829742 0.006307
vt 0.827503 0.006307
vt 0.619018 0.000200
vt 0.621413 0.000213
vt 0.621908 0.005695
vt 0.619513 0.005683
vt 0.484873 0.000200
vt 0.487180 0.000200
vt 0.486489 0.006975
vt 0.484182 0.006975
vt 0.600631 0.000200
vt 0.602938 0.000200
vt 0.603629 0.006975
vt 0.601322 0.006975
vt 0.643668 0.000200
vt 0.646195 0.000288
vt 0.646061 0.006510
vt 0.643533 0.006422
vt 0.680307 0.000212
vt 0.682607 0.000200
vt 0.682741 0.006422
vt 0.680441 0.006434
vt 0.993465 0.395178
vt 0.996193 0.421401
vt 0.968365 0.376683
vt 0.970002 0.376158
vt 0.995539 0.498977
vt 0.995245 0.521761
vt 0.968365 0.484653
vt 0.970194 0.484848
vt 0.093664 0.000199
vt 0.116571 0.000873
vt 0.072669 0.038216
vt 0.071886 0.035285
vt 0.062194 0.064740
vt 0.061289 0.061354
vt 0.974099 0.033146
vt 0.974099 0.059420
vt 0.949599 0.012559
vt 0.952172 0.011554
vt 0.925462 0.001341
vt 0.928435 0.000180
vt 0.202253 0.148262
vt 0.207144 0.123131
vt 0.228491 0.101554
vt 0.230352 0.103246
vt 0.253843 0.091896
vt 0.255994 0.093851
vt 0.236226 0.387423
vt 0.212034 0.387118
vt 0.191183 0.360957
vt 0.193477 0.359016
vt 0.183867 0.328525
vt 0.186517 0.326283
vt 0.756434 0.832604
vt 0.756370 0.859325
vt 0.719963 0.880438
vt 0.719963 0.853157
vt 0.695863 0.919114
vt 0.686436 0.886298
vt 0.723804 0.880355
vt 0.697093 0.918742
vt 0.969822 0.300214
vt 0.956107 0.308087
vt 0.992123 0.261380
vt 0.992211 0.261497
vt 0.326362 0.934599
vt 0.326360 0.980150
vt 0.292728 0.966198
vt 0.292728 0.922294
vt 0.264219 0.953696
vt 0.263542 0.906763
vt 0.741940 0.174651
vt 0.741834 0.182702
vt 0.726265 0.151829
vt 0.725953 0.151050
vt 0.708678 0.128230
vt 0.708452 0.127690
vt 0.698782 0.121387
vt 0.698693 0.121064
vt 0.182723 0.233392
vt 0.182605 0.241103
vt 0.168191 0.207788
vt 0.168081 0.206095
vt 0.151139 0.185978
vt 0.150911 0.185397
vt 0.142961 0.180142
vt 0.142944 0.179924
vt 0.140964 0.179902
vt 0.140988 0.180122
vt 0.761547 0.994143
vt 0.747725 0.994524
vt 0.753223 0.965069
vt 0.767502 0.964726
vt 0.754928 0.945509
vt 0.773335 0.945953
vt 0.757846 0.935345
vt 0.778098 0.935140
vt 0.023383 0.686831
vt 0.017708 0.687287
vt 0.011781 0.658768
vt 0.017337 0.658509
vt 0.009080 0.687760
vt 0.003344 0.659044
vt 0.007694 0.635889
vt 0.011960 0.635746
vt 0.000000 0.637454
vt 0.007694 0.635889
vt 0.007191 0.628099
vt 0.008821 0.628045
vt 0.001290 0.628887
vt 0.006736 0.628516
vt 0.435151 0.208823
vt 0.435296 0.201090
vt 0.449281 0.173922
vt 0.449223 0.175668
vt 0.674307 0.135139
vt 0.674178 0.124406
vt 0.687043 0.140451
vt 0.687117 0.143673
vt 0.691869 0.140332
vt 0.691943 0.143554
vt 0.995444 0.493669
vt 0.986751 0.493590
vt 0.996352 0.479259
vt 0.998690 0.479305
vt 0.997369 0.473841
vt 0.999708 0.473886
vt 0.995905 0.462298
vt 0.998342 0.462329
vt 0.995569 0.330349
vt 0.986751 0.330268
vt 0.996491 0.319454
vt 0.998863 0.319500
vt 0.996304 0.314969
vt 0.998676 0.315015
vt 0.998676 0.257525
vt 0.996304 0.257479
vt 0.177738 0.279474
vt 0.187456 0.280000
vt 0.192616 0.294057
vt 0.189979 0.294013
vt 0.192063 0.300403
vt 0.189426 0.300359
vt 0.269671 0.000200
vt 0.279819 0.000200
vt 0.286055 0.012337
vt 0.283145 0.012337
vt 0.286055 0.018412
vt 0.283145 0.018412
vt 0.974494 0.131006
vt 0.984078 0.131006
vt 0.989967 0.146277
vt 0.987218 0.146277
vt 0.989615 0.152373
vt 0.986867 0.152373
vt 0.996445 0.188662
vt 0.993751 0.188627
vt 0.455559 0.648955
vt 0.458172 0.648955
vt 0.458172 0.680258
vt 0.455559 0.680258
vt 0.453538 0.644719
vt 0.456151 0.644719
vt 0.456581 0.113758
vt 0.455394 0.113758
vt 0.453538 0.098030
vt 0.454719 0.098078
vt 0.484923 0.071775
vt 0.488515 0.071788
vt 0.723237 0.000775
vt 0.723209 0.000282
vt 0.731445 0.000199
vt 0.731468 0.000868
vt 0.742593 0.010124
vt 0.742795 0.010951
vt 0.754897 0.030881
vt 0.754948 0.032817
vt 0.690529 0.135739
vt 0.690610 0.137563
vt 0.673742 0.115268
vt 0.673449 0.114562
vt 0.664254 0.107573
vt 0.664227 0.107133
vt 0.661920 0.107167
vt 0.661949 0.107540
vt 0.407419 0.103032
vt 0.407573 0.105092
vt 0.393256 0.080160
vt 0.393079 0.079382
vt 0.386176 0.072395
vt 0.386120 0.071984
vt 0.937433 0.141851
vt 0.937403 0.145250
vt 0.907136 0.114743
vt 0.907076 0.113602
vt 0.108371 0.012432
vt 0.111818 0.012478
vt 0.081674 0.040497
vt 0.080520 0.040365
vt 0.079676 0.045470
vt 0.080829 0.045620
vt 0.723308 0.774345
vt 0.686436 0.640653
vt 0.733357 0.651057
vt 0.758306 0.757017
vt 0.712068 0.651057
vt 0.747850 0.757358
vt 0.330960 0.962565
vt 0.355500 0.952047
vt 0.369696 0.983735
vt 0.340352 0.993578
vt 0.288444 0.972751
vt 0.268796 0.997464
vt 0.251284 0.975819
vt 0.264454 0.956105
vt 0.941616 0.195439
vt 0.942711 0.198598
vt 0.932856 0.222512
vt 0.931591 0.218862
vt 0.549797 0.240363
vt 0.547612 0.242266
vt 0.539342 0.215915
vt 0.541867 0.213717
vt 0.057322 0.697733
vt 0.055988 0.700242
vt 0.049031 0.670981
vt 0.050711 0.667657
vt 0.595813 0.000173
vt 0.596351 0.001850
vt 0.582795 0.022109
vt 0.582245 0.020477
vt 0.528372 0.049477
vt 0.528944 0.051262
vt 0.515739 0.067096
vt 0.514827 0.065639
vt 0.446878 0.148240
vt 0.447884 0.150816
vt 0.436314 0.171299
vt 0.435151 0.168323
vt 0.318777 0.003413
vt 0.318702 0.000173
vt 0.321906 0.001963
vt 0.321980 0.005203
vt 0.995185 0.630182
vt 0.992433 0.630147
vt 0.991544 0.622560
vt 0.994297 0.622595
vt 0.990008 0.591810
vt 0.986751 0.591804
vt 0.759982 0.000200
vt 0.762604 0.000200
vt 0.762799 0.005425
vt 0.760178 0.005425
vt 0.977104 0.275120
vt 0.974494 0.275120
vt 0.974494 0.279352
vt 0.977104 0.279352
vt 0.974494 0.245850
vt 0.977104 0.245850
vt 0.845787 0.105580
vt 0.846706 0.086492
vt 0.847207 0.086525
vt 0.846479 0.105613
vt 0.999717 0.018517
vt 0.999717 0.026390
vt 0.996794 0.026323
vt 0.996794 0.018449
vt 0.995179 0.015559
vt 0.998102 0.015626
vt 0.980622 0.000199
vt 0.990360 0.000317
vt 0.995731 0.200297
vt 0.993218 0.257480
vt 0.990249 0.257412
vt 0.993028 0.200297
vt 0.993137 0.195850
vt 0.995841 0.195850
vt 0.980622 0.184576
vt 0.990048 0.184576
vt 0.937994 0.042236
vt 0.940658 0.042236
vt 0.940658 0.054058
vt 0.937994 0.054058
vt 0.940460 0.059369
vt 0.937795 0.059369
vt 0.934752 0.074170
vt 0.925462 0.074170
vt 0.192596 0.311677
vt 0.192596 0.333924
vt 0.189996 0.333924
vt 0.189996 0.311677
vt 0.192596 0.339351
vt 0.189996 0.339351
vt 0.521294 0.610253
vt 0.520956 0.583990
vt 0.540834 0.564832
vt 0.542487 0.565362
vt 0.563158 0.552524
vt 0.564768 0.553067
vt 0.136948 0.359460
vt 0.134836 0.337034
vt 0.158254 0.318867
vt 0.160077 0.318672
vt 0.177502 0.308747
vt 0.179609 0.308522
vt 0.051611 0.410798
vt 0.028808 0.410798
vt 0.009845 0.375398
vt 0.010933 0.372259
vt 0.000000 0.353222
vt 0.001257 0.349595
vt 0.943849 0.363205
vt 0.943849 0.336791
vt 0.965683 0.312007
vt 0.968269 0.313017
vt 0.982125 0.299946
vt 0.985113 0.301113
vt 0.689580 0.675073
vt 0.694527 0.700495
vt 0.663634 0.656043
vt 0.665517 0.654331
vt 0.643533 0.646708
vt 0.645709 0.644730
vt 0.951669 0.427079
vt 0.975171 0.422505
vt 0.930122 0.458759
vt 0.927897 0.456816
vt 0.921905 0.485189
vt 0.919333 0.482943
vt 0.280668 0.142851
vt 0.316785 0.129174
vt 0.273566 0.165323
vt 0.270293 0.165337
vt 0.246250 0.202031
vt 0.245156 0.202095
vt 0.894818 0.401691
vt 0.902319 0.383617
vt 0.924683 0.348795
vt 0.924743 0.352384
vt 0.951921 0.318927
vt 0.952077 0.320127
vt 0.460034 0.950290
vt 0.450031 0.916605
vt 0.480023 0.910198
vt 0.489994 0.943990
vt 0.447409 0.907700
vt 0.477342 0.901056
vt 0.516265 0.887504
vt 0.519281 0.922515
vt 0.508676 0.876724
vt 0.513091 0.884269
vt 0.736337 0.211735
vt 0.765689 0.221581
vt 0.755884 0.251013
vt 0.726532 0.239686
vt 0.744379 0.281981
vt 0.717275 0.269531
vt 0.733086 0.316463
vt 0.704822 0.303388
vt 0.000124 0.040534
vt 0.000000 0.031329
vt 0.012963 0.000000
vt 0.012843 0.002026
vt 0.943979 0.271631
vt 0.943849 0.263140
vt 0.956145 0.233140
vt 0.956049 0.235002
vt 0.974609 0.210944
vt 0.974297 0.211634
vt 0.983290 0.204002
vt 0.983260 0.204384
vt 0.901867 0.553626
vt 0.902006 0.562908
vt 0.888689 0.523733
vt 0.888745 0.521658
vt 0.590768 0.241210
vt 0.590935 0.250120
vt 0.578904 0.211642
vt 0.578832 0.209637
vt 0.563005 0.186714
vt 0.562582 0.185880
vt 0.551636 0.177693
vt 0.551600 0.177143
vt 0.704822 0.000210
vt 0.714368 0.000200
vt 0.721792 0.014719
vt 0.718939 0.014725
vt 0.721014 0.021367
vt 0.718161 0.021372
vt 0.913205 0.170269
vt 0.922723 0.170182
vt 0.926278 0.181892
vt 0.923717 0.181942
vt 0.926077 0.186733
vt 0.923516 0.186783
vt 0.188013 0.106509
vt 0.177738 0.106509
vt 0.191380 0.094219
vt 0.194328 0.094219
vt 0.191380 0.089441
vt 0.194328 0.089441
vt 0.700991 0.330040
vt 0.692565 0.330439
vt 0.704312 0.315851
vt 0.706856 0.315818
vt 0.703981 0.310095
vt 0.706524 0.310062
vt 0.970154 0.337944
vt 0.977432 0.308561
vt 0.989874 0.312298
vt 0.979445 0.342514
vt 0.975542 0.376348
vt 0.962236 0.374063
vt 0.713903 0.177302
vt 0.722412 0.201061
vt 0.719528 0.201061
vt 0.710951 0.177351
vt 0.723031 0.208164
vt 0.720147 0.208164
vt 0.289035 0.010162
vt 0.288651 0.010073
vt 0.288058 0.000187
vt 0.288393 0.000278
vt 0.296206 0.018742
vt 0.295649 0.018604
vt 0.319950 0.033096
vt 0.319142 0.033185
vt 0.876431 0.109372
vt 0.877522 0.109340
vt 0.879922 0.127086
vt 0.878852 0.127204
vt 0.903700 0.081051
vt 0.907036 0.081178
vt 0.557729 0.177327
vt 0.557812 0.175461
vt 0.573375 0.154198
vt 0.573085 0.154938
vt 0.583440 0.146115
vt 0.583413 0.146589
vt 0.533213 0.052519
vt 0.533213 0.048921
vt 0.561644 0.019985
vt 0.561795 0.021186
vt 0.367976 0.615849
vt 0.321841 0.743851
vt 0.288058 0.727086
vt 0.322163 0.625766
vt 0.042953 0.104624
vt 0.042902 0.100823
vt 0.070227 0.069565
vt 0.070227 0.070821
vt 0.110343 0.036273
vt 0.110320 0.033043
vt 0.142870 0.000162
vt 0.142757 0.001202
vt 0.525214 0.419583
vt 0.522054 0.419612
vt 0.496440 0.387258
vt 0.497499 0.387224
vt 0.963070 0.606036
vt 0.931591 0.573882
vt 0.954681 0.543153
vt 0.979409 0.576091
vt 0.717316 0.208521
vt 0.716317 0.211078
vt 0.704822 0.189937
vt 0.705976 0.186983
vt 0.769353 0.230405
vt 0.770668 0.232878
vt 0.761584 0.257384
vt 0.759982 0.254353
vt 0.844608 0.023867
vt 0.844055 0.025590
vt 0.833529 0.003042
vt 0.834410 0.001636
vt 0.758987 0.194362
vt 0.757905 0.197482
vt 0.747725 0.174183
vt 0.748974 0.170578
vt 0.847112 0.520606
vt 0.849222 0.522443
vt 0.842095 0.550619
vt 0.839658 0.548498
vt 0.453538 0.000228
vt 0.455882 0.000199
vt 0.456860 0.005411
vt 0.454516 0.005441
vt 0.202253 0.003124
vt 0.202253 0.000177
vt 0.207031 0.002456
vt 0.207031 0.005403
vt 0.383925 0.028586
vt 0.402710 0.059727
vt 0.397714 0.063360
vt 0.379181 0.031812
vt 0.349347 0.001737
vt 0.354759 0.001529
vt 0.917526 0.701982
vt 0.926534 0.732639
vt 0.917957 0.736090
vt 0.909141 0.704447
vt 0.956627 0.725622
vt 0.949792 0.692757
vt 0.888689 0.670813
vt 0.896923 0.671453
vt 0.902605 0.662641
vt 0.936203 0.659717
vt 0.181208 0.371005
vt 0.195845 0.387132
vt 0.194142 0.388223
vt 0.179548 0.372144
vt 0.202525 0.382843
vt 0.187773 0.366535
vt 0.172210 0.348235
vt 0.173730 0.346976
vt 0.173730 0.346976
vt 0.178726 0.343134
vt 0.171609 0.340211
vt 0.172498 0.339734
vt 0.173112 0.339456
vt 0.175611 0.338114
vt 0.991767 0.843477
vt 0.976826 0.846775
vt 0.967803 0.828007
vt 0.983034 0.824391
vt 0.958033 0.805879
vt 0.975434 0.804524
vt 0.956107 0.799427
vt 0.969667 0.795703
vt 0.015289 0.175424
vt 0.000000 0.169144
vt 0.003270 0.150542
vt 0.018932 0.156461
vt 0.009249 0.130571
vt 0.026920 0.133856
vt 0.019843 0.122870
vt 0.029385 0.126578
vt 0.711901 0.015487
vt 0.711332 0.017259
vt 0.698693 0.002723
vt 0.699162 0.000130
vn -0.207738 -0.959976 0.187861
vn -0.207738 -0.959976 0.187861
vn -0.207738 -0.959976 0.187861
vn -0.207738 -0.959976 0.187861
vn -0.074579 -0.840774 0.536225
vn -0.074579 -0.840774 0.536225
vn -0.074579 -0.840774 0.536225
vn -0.074579 -0.840774 0.536225
vn 0.029320 -0.990201 0.136535
vn 0.029320 -0.990201 0.136535
vn 0.029320 -0.990201 0.136535
vn 0.029320 -0.990201 0.136535
vn 0.035318 -0.990841 -0.130335
vn 0.035318 -0.990841 -0.130335
vn 0.035318 -0.990841 -0.130335
vn 0.035318 -0.990841 -0.130335
vn -0.555450 0.459912 0.692788
vn -0.562192 0.451138 0.693119
vn -0.562540 0.450681 0.693134
vn -0.555450 0.459912 0.692788
vn -0.450384 0.435134 0.779624
vn -0.334779 0.418222 0.844401
vn -0.338698 0.418629 0.842635
vn -0.444217 0.434283 0.783626
vn 0.135270 0.447905 0.883789
vn 0.280655 0.442308 0.851819
vn 0.278481 0.442227 0.852575
vn 0.119843 0.448030 0.885950
vn 0.514386 0.459049 0.724349
vn 0.562179 0.459026 0.687931
vn 0.562179 0.459026 0.687932
vn 0.501944 0.458791 0.733187
vn -0.686801 -0.017037 0.726646
vn -0.686801 -0.017037 0.726646
vn -0.686801 -0.017037 0.726646
vn -0.686801 -0.017037 0.726646
vn -0.439668 -0.064004 0.895877
vn -0.439668 -0.064004 0.895877
vn -0.439668 -0.064004 0.895877
vn -0.439668 -0.064004 0.895877
vn 0.116770 -0.197758 0.973271
vn 0.116770 -0.197758 0.973271
vn 0.116770 -0.197758 0.973271
vn 0.116770 -0.197758 0.973271
vn 0.609712 0.210345 0.764203
vn 0.609712 0.210345 0.764203
vn 0.609712 0.210345 0.764203
vn 0.609712 0.210345 0.764203
vn -0.596811 0.464772 0.654066
vn -0.606579 0.467506 0.643040
vn -0.606300 0.467429 0.643359
vn -0.596811 0.464772 0.654066
vn -0.517574 0.486184 0.704090
vn -0.398530 0.502320 0.767365
vn -0.398877 0.502255 0.767227
vn -0.517917 0.486134 0.703872
vn 0.081605 0.499253 0.862605
vn 0.258496 0.465150 0.846649
vn 0.258851 0.465039 0.846602
vn 0.107400 0.495357 0.862025
vn 0.492635 0.430951 0.756037
vn 0.549077 0.418174 0.723633
vn 0.549077 0.418174 0.723633
vn 0.498331 0.429768 0.752971
vn -0.548604 0.424193 -0.720482
vn -0.551463 0.428018 -0.716023
vn -0.499707 0.573311 -0.649313
vn -0.495293 0.579890 -0.646848
vn -0.190858 0.439818 -0.877572
vn -0.220340 0.440221 -0.870434
vn -0.183969 0.438814 -0.879544
vn -0.185489 0.438576 -0.879343
vn -0.321808 0.438601 -0.839089
vn 0.386681 0.410858 -0.825635
vn 0.405143 0.396384 -0.823856
vn 0.447410 0.403596 -0.798082
vn 0.469667 0.388158 -0.792935
vn 0.474439 0.395088 -0.786647
vn 0.396057 0.394892 -0.828975
vn 0.596091 0.382582 -0.705909
vn 0.590831 0.383574 -0.709781
vn 0.589699 0.383785 -0.710608
vn 0.596091 0.382582 -0.705909
vn -0.062112 -0.083589 -0.994563
vn -0.062112 -0.083589 -0.994563
vn -0.062112 -0.083589 -0.994563
vn -0.062112 -0.083589 -0.994563
vn 0.106713 0.099843 -0.989264
vn 0.106713 0.099843 -0.989264
vn 0.106713 0.099843 -0.989264
vn 0.106713 0.099843 -0.989264
vn -0.267149 0.038719 -0.962877
vn -0.267149 0.038719 -0.962877
vn -0.267149 0.038719 -0.962877
vn -0.267149 0.038719 -0.962877
vn 0.784684 -0.057095 -0.617261
vn 0.784684 -0.057095 -0.617261
vn 0.784684 -0.057095 -0.617261
vn 0.784684 -0.057095 -0.617261
vn -0.561195 0.446322 -0.697034
vn -0.594948 0.453376 -0.663692
vn -0.593150 0.453020 -0.665542
vn -0.561195 0.446322 -0.697034
vn -0.532682 0.461863 -0.709178
vn -0.153031 0.503433 -0.850374
vn -0.146516 0.507278 -0.849236
vn -0.525782 0.462394 -0.713964
vn -0.030862 0.545786 -0.837356
vn 0.258876 0.594025 -0.761655
vn 0.259699 0.593403 -0.761859
vn -0.019789 0.548255 -0.836077
vn 0.332503 0.570530 -0.750957
vn 0.379406 0.532709 -0.756486
vn 0.374532 0.540175 -0.753615
vn 0.329133 0.571798 -0.751478
vn -0.357988 -0.758288 -0.544834
vn -0.357988 -0.758288 -0.544834
vn -0.357988 -0.758288 -0.544834
vn -0.357988 -0.758288 -0.544834
vn -0.135807 -0.838419 -0.527835
vn -0.135807 -0.838419 -0.527835
vn -0.135807 -0.838419 -0.527835
vn -0.135807 -0.838419 -0.527835
vn 0.053425 -0.942882 -0.328816
vn 0.053425 -0.942882 -0.328816
vn 0.053425 -0.942882 -0.328816
vn 0.053425 -0.942882 -0.328816
vn 0.195836 -0.891210 -0.409136
vn 0.195836 -0.891210 -0.409136
vn 0.195836 -0.891210 -0.409136
vn 0.195836 -0.891210 -0.409136
vn 0.300248 -0.919850 -0.252443
vn 0.300248 -0.919850 -0.252443
vn 0.300248 -0.919850 -0.252443
vn 0.300248 -0.919850 -0.252443
vn 0.252919 -0.959251 -0.125974
vn 0.252919 -0.959251 -0.125974
vn 0.252919 -0.959251 -0.125974
vn 0.252919 -0.959251 -0.125974
vn 0.293719 -0.954196 0.056917
vn 0.293719 -0.954196 0.056917
vn 0.293719 -0.954196 0.056917
vn 0.293719 -0.954196 0.056917
vn 0.109488 -0.981445 0.157413
vn 0.109488 -0.981445 0.157413
vn 0.109488 -0.981445 0.157413
vn 0.109488 -0.981445 0.157413
vn 0.759977 0.476329 -0.442206
vn 0.696678 0.475341 -0.537299
vn 0.696678 0.475341 -0.537299
vn 0.761270 0.476281 -0.440027
vn 0.854879 0.501631 0.132472
vn 0.827084 0.472236 -0.304836
vn 0.827342 0.471758 -0.304876
vn 0.854796 0.501591 0.133153
vn 0.817975 0.488796 0.303307
vn 0.816898 0.488840 0.306127
vn 0.739947 0.466583 0.484539
vn 0.737854 0.471810 0.482666
vn 0.737834 0.471861 0.482648
vn 0.739947 0.466583 0.484539
vn 0.985556 0.159846 -0.055927
vn 0.985556 0.159846 -0.055927
vn 0.985556 0.159846 -0.055927
vn 0.985556 0.159846 -0.055927
vn 0.998105 -0.005084 0.061326
vn 0.998105 -0.005084 0.061326
vn 0.998105 -0.005084 0.061326
vn 0.998105 -0.005084 0.061326
vn 0.984038 -0.141169 -0.108356
vn 0.984038 -0.141169 -0.108356
vn 0.984038 -0.141169 -0.108356
vn 0.984038 -0.141169 -0.108356
vn 0.685153 -0.054428 0.726363
vn 0.685153 -0.054428 0.726363
vn 0.685153 -0.054428 0.726363
vn 0.685153 -0.054428 0.726363
vn 0.808790 0.415181 -0.416512
vn 0.737445 0.402295 -0.542525
vn 0.737445 0.402295 -0.542525
vn 0.802172 0.414251 -0.430019
vn 0.898479 0.401445 0.177699
vn 0.883150 0.418319 -0.212265
vn 0.882740 0.418355 -0.213891
vn 0.896517 0.399869 0.190691
vn 0.862542 0.384729 0.328642
vn 0.861846 0.384799 0.330381
vn 0.735805 0.397268 0.548424
vn 0.755090 0.391913 0.525588
vn 0.755396 0.391824 0.525215
vn 0.735805 0.397268 0.548424
vn -0.402748 -0.851919 -0.334706
vn -0.402748 -0.851919 -0.334706
vn -0.402748 -0.851919 -0.334706
vn -0.402748 -0.851919 -0.334706
vn -0.342749 -0.924768 -0.165311
vn -0.342749 -0.924768 -0.165311
vn -0.342749 -0.924768 -0.165311
vn -0.342749 -0.924768 -0.165311
vn -0.147800 -0.961868 0.230144
vn -0.147800 -0.961868 0.230144
vn -0.147800 -0.961868 0.230144
vn -0.147800 -0.961868 0.230144
vn -0.143438 -0.972718 0.182334
vn -0.143438 -0.972718 0.182334
vn -0.143438 -0.972718 0.182333
vn -0.143438 -0.972718 0.182333
vn -0.708035 0.455267 -0.539832
vn -0.745902 0.463699 -0.478135
vn -0.740436 0.462583 -0.487618
vn -0.708035 0.455267 -0.539832
vn -0.835705 0.476500 -0.273027
vn -0.835671 0.476583 -0.272988
vn -0.856758 0.506354 0.097836
vn -0.858094 0.506541 0.084208
vn -0.828496 0.491951 0.267541
vn -0.828550 0.491877 0.267511
vn -0.743751 0.488152 0.456664
vn -0.743682 0.488143 0.456785
vn -0.713745 0.478752 0.511238
vn -0.713701 0.478843 0.511214
vn -0.717083 0.471778 0.513047
vn -0.717083 0.471778 0.513047
vn -0.910924 0.178352 -0.372033
vn -0.910924 0.178352 -0.372033
vn -0.910924 0.178352 -0.372033
vn -0.910924 0.178352 -0.372033
vn -0.857806 -0.026255 -0.513302
vn -0.857806 -0.026255 -0.513302
vn -0.857806 -0.026255 -0.513302
vn -0.857806 -0.026255 -0.513302
vn -0.819127 0.058551 0.570616
vn -0.819127 0.058551 0.570616
vn -0.819127 0.058551 0.570616
vn -0.819127 0.058551 0.570616
vn -0.670689 -0.052127 0.739905
vn -0.670689 -0.052127 0.739905
vn -0.670689 -0.052127 0.739905
vn -0.670689 -0.052127 0.739905
vn -0.649261 0.573088 -0.500030
vn -0.679287 0.588915 -0.437892
vn -0.750302 0.439484 -0.493862
vn -0.713612 0.432568 -0.551038
vn -0.852461 0.446519 -0.271901
vn -0.775282 0.581494 -0.246581
vn -0.842370 0.538705 0.014506
vn -0.884615 0.458202 0.086646
vn -0.860383 0.443018 0.251945
vn -0.860420 0.443068 0.251732
vn -0.779009 0.450370 0.436248
vn -0.782454 0.450444 0.429960
vn -0.752569 0.450397 0.480398
vn -0.752522 0.450565 0.480314
vn -0.751983 0.452482 0.479356
vn -0.751983 0.452482 0.479356
vn -0.672198 0.149544 0.725111
vn -0.672198 0.149544 0.725111
vn -0.672198 0.149544 0.725111
vn -0.672198 0.149544 0.725111
vn -0.863830 0.090132 0.495656
vn -0.863830 0.090132 0.495656
vn -0.863830 0.090132 0.495656
vn -0.863830 0.090132 0.495656
vn -0.360412 0.143036 0.921761
vn -0.360412 0.143036 0.921761
vn -0.360412 0.143036 0.921761
vn -0.360412 0.143036 0.921761
vn 0.353262 0.116707 0.928216
vn 0.353262 0.116707 0.928216
vn 0.353262 0.116707 0.928216
vn 0.353262 0.116707 0.928216
vn 0.607135 0.058786 0.792421
vn 0.607135 0.058786 0.792421
vn 0.607135 0.058786 0.792421
vn 0.607135 0.058786 0.792421
vn 0.732718 0.026298 0.680024
vn 0.732718 0.026298 0.680024
vn 0.732718 0.026298 0.680024
vn 0.732718 0.026298 0.680024
vn -0.942608 0.055568 0.329247
vn -0.942607 0.055568 0.329246
vn -0.942608 0.055568 0.329247
vn -0.942607 0.055568 0.329247
vn 0.962458 -0.035908 0.269044
vn 0.962458 -0.035908 0.269044
vn 0.962458 -0.035908 0.269044
vn 0.962458 -0.035908 0.269044
vn -0.977280 0.032932 -0.209379
vn -0.977280 0.032932 -0.209379
vn -0.977280 0.032932 -0.209379
vn -0.977280 0.032932 -0.209379
vn 0.952063 -0.010455 -0.305725
vn 0.952063 -0.010455 -0.305725
vn 0.952063 -0.010455 -0.305725
vn 0.952063 -0.010455 -0.305725
vn -0.497175 0.000135 -0.867650
vn -0.497175 0.000135 -0.867650
vn -0.497175 0.000135 -0.867650
vn -0.497175 0.000135 -0.867650
vn -0.726238 -0.000882 -0.687443
vn -0.726238 -0.000882 -0.687443
vn -0.726238 -0.000882 -0.687443
vn -0.726238 -0.000882 -0.687443
vn -0.281214 0.011470 -0.959577
vn -0.281214 0.011470 -0.959577
vn -0.281214 0.011470 -0.959577
vn -0.281214 0.011470 -0.959577
vn 0.383957 -0.004149 -0.923342
vn 0.383957 -0.004149 -0.923342
vn 0.383957 -0.004149 -0.923342
vn 0.383957 -0.004149 -0.923342
vn 0.769016 -0.000370 -0.639230
vn 0.769016 -0.000370 -0.639230
vn 0.769016 -0.000370 -0.639230
vn 0.769016 -0.000370 -0.639230
vn 0.547840 0.004407 -0.836572
vn 0.547840 0.004407 -0.836572
vn 0.547840 0.004407 -0.836572
vn 0.547840 0.004407 -0.836572
vn -0.734000 0.199774 0.649103
vn -0.641652 0.198366 0.740901
vn -0.475824 0.205887 0.855103
vn -0.645135 0.211103 0.734328
vn -0.839791 0.199808 0.504804
vn -0.813460 0.197817 0.546947
vn -0.368575 0.206410 0.906393
vn -0.368575 0.206410 0.906393
vn 0.240291 0.231847 0.942607
vn 0.240291 0.231847 0.942607
vn 0.373246 0.241191 0.895832
vn 0.631098 0.271123 0.726779
vn 0.701531 0.258947 0.663928
vn 0.831512 0.267205 0.487021
vn 0.877145 0.265688 0.400033
vn -0.880720 0.201244 0.428757
vn -0.908029 0.196901 0.369747
vn 0.842224 0.272316 0.465299
vn 0.869397 0.269654 0.414048
vn -0.822135 0.264325 -0.504208
vn -0.897877 0.246916 -0.364484
vn -0.886098 0.252634 -0.388596
vn -0.595885 0.303461 -0.743527
vn 0.924518 0.287192 -0.250575
vn 0.924518 0.287192 -0.250575
vn 0.887647 0.292320 -0.355853
vn 0.730552 0.316195 -0.605239
vn -0.330847 0.305530 -0.892856
vn -0.536258 0.290626 -0.792442
vn -0.655051 0.283558 -0.700359
vn -0.200826 0.306816 -0.930340
vn 0.511510 0.308143 -0.802126
vn 0.401541 0.307847 -0.862551
vn 0.743050 0.298787 -0.598835
vn 0.649929 0.300575 -0.698031
vn -0.445683 0.812587 -0.375590
vn -0.373986 0.806169 -0.458504
vn -0.358304 0.833713 -0.420167
vn -0.413863 0.833482 -0.366094
vn -0.489536 0.811747 -0.318468
vn -0.447004 0.840704 -0.305621
vn -0.329364 0.806749 -0.490587
vn -0.181066 0.799920 -0.572139
vn -0.152364 0.866497 -0.475361
vn -0.311800 0.848937 -0.426717
vn 0.188558 0.795919 -0.575291
vn 0.190188 0.792747 -0.579120
vn 0.188853 0.832003 -0.521637
vn 0.177014 0.860857 -0.477065
vn 0.299148 0.793803 -0.529516
vn 0.348396 0.794166 -0.497917
vn 0.282876 0.845576 -0.452750
vn 0.253649 0.832270 -0.492939
vn 0.442711 0.806250 -0.392388
vn 0.521306 0.805499 -0.281799
vn 0.432031 0.879090 -0.201370
vn 0.348309 0.883394 -0.313521
vn -0.582239 0.788451 -0.198351
vn -0.579939 0.791654 -0.192237
vn -0.562028 0.808603 -0.174026
vn -0.567523 0.800196 -0.193917
vn 0.519526 0.842256 -0.143867
vn 0.581355 0.790769 -0.191600
vn 0.590744 0.777977 -0.213944
vn 0.560179 0.804520 -0.197352
vn -0.503069 0.797744 0.332456
vn -0.572276 0.797250 0.192075
vn -0.514846 0.839687 0.172800
vn -0.446057 0.846488 0.290674
vn 0.571112 0.797806 0.193229
vn 0.560556 0.799729 0.214967
vn 0.499453 0.845468 0.189027
vn 0.509197 0.843591 0.170507
vn -0.323907 0.828574 0.456672
vn -0.359187 0.794513 0.489626
vn -0.431624 0.797503 0.421532
vn -0.386800 0.843492 0.372703
vn -0.482725 0.794614 0.368192
vn -0.435220 0.836891 0.331959
vn -0.183265 0.807516 0.560653
vn -0.187465 0.790969 0.582430
vn -0.255144 0.796475 0.548205
vn -0.236006 0.816955 0.526200
vn 0.155679 0.841831 0.516802
vn 0.186118 0.788596 0.586069
vn 0.185518 0.788356 0.586581
vn 0.150913 0.845408 0.512358
vn 0.436256 0.837532 0.328970
vn 0.483343 0.796621 0.363007
vn 0.387653 0.794906 0.466745
vn 0.341608 0.852188 0.396334
vn 0.322192 0.794753 0.514355
vn 0.283278 0.852879 0.438578
vn -0.593995 -0.029519 -0.803927
vn -0.593995 -0.029519 -0.803927
vn -0.593995 -0.029519 -0.803927
vn -0.593995 -0.029519 -0.803927
vn -0.790299 -0.015071 -0.612536
vn -0.790299 -0.015071 -0.612536
vn -0.790299 -0.015071 -0.612536
vn -0.790299 -0.015071 -0.612536
vn -0.318544 0.022087 -0.947651
vn -0.318544 0.022087 -0.947651
vn -0.318544 0.022087 -0.947651
vn -0.318544 0.022087 -0.947651
vn 0.312484 0.009181 -0.949879
vn 0.312484 0.009181 -0.949879
vn 0.312484 0.009181 -0.949879
vn 0.312484 0.009181 -0.949879
vn 0.546178 -0.019574 -0.837441
vn 0.546178 -0.019574 -0.837441
vn 0.546178 -0.019574 -0.837441
vn 0.546178 -0.019574 -0.837441
vn 0.794873 0.076352 -0.601952
vn 0.794873 0.076352 -0.601952
vn 0.794873 0.076352 -0.601952
vn 0.794873 0.076352 -0.601952
vn -0.948054 -0.037219 -0.315926
vn -0.948054 -0.037219 -0.315926
vn -0.948054 -0.037219 -0.315926
vn -0.948054 -0.037219 -0.315926
vn 0.948664 0.009916 -0.316130
vn 0.948664 0.009916 -0.316130
vn 0.948664 0.009916 -0.316130
vn 0.948664 0.009916 -0.316130
vn -0.948711 0.000000 0.316145
vn -0.948711 0.000000 0.316145
vn -0.948711 0.000000 0.316145
vn -0.948711 0.000000 0.316145
vn 0.918128 0.126370 0.375595
vn 0.918128 0.126370 0.375595
vn 0.918128 0.126370 0.375595
vn 0.918128 0.126370 0.375595
vn -0.594258 0.000000 0.804275
vn -0.594258 0.000000 0.804275
vn -0.594258 0.000000 0.804275
vn -0.594258 0.000000 0.804275
vn -0.797200 0.000000 0.603715
vn -0.797200 0.000000 0.603715
vn -0.797200 0.000000 0.603715
vn -0.797200 0.000000 0.603715
vn -0.303145 -0.009757 0.952894
vn -0.303145 -0.009757 0.952894
vn -0.303145 -0.009757 0.952894
vn -0.303145 -0.009757 0.952894
vn 0.321709 -0.004483 0.946828
vn 0.321709 -0.004483 0.946828
vn 0.321709 -0.004483 0.946828
vn 0.321709 -0.004483 0.946828
vn 0.797201 0.000000 0.603714
vn 0.797201 0.000000 0.603714
vn 0.797201 0.000000 0.603714
vn 0.797201 0.000000 0.603714
vn 0.603855 0.001185 0.797093
vn 0.603855 0.001185 0.797093
vn 0.603855 0.001185 0.797093
vn 0.603855 0.001185 0.797093
vn -0.314897 0.894953 -0.316069
vn -0.328041 0.911801 -0.246997
vn -0.483881 0.867116 -0.118191
vn -0.483047 0.859853 -0.165284
vn -0.348649 0.929920 0.117019
vn -0.300252 0.933635 0.195382
vn -0.295302 0.928474 0.225238
vn -0.261168 0.932003 0.251321
vn -0.221233 0.902070 0.370575
vn -0.178044 0.844070 0.505812
vn -0.190077 0.857997 0.477191
vn 0.062766 0.947501 0.313532
vn 0.058163 0.942420 0.329336
vn 0.174405 0.960836 0.215355
vn 0.218376 0.953343 0.208444
vn 0.294991 0.928630 0.225001
vn 0.364328 0.922767 0.125561
vn 0.369494 0.922428 0.112249
vn 0.401180 0.913981 -0.060764
vn 0.451846 0.878655 -0.154275
vn 0.248731 0.967247 -0.050648
vn 0.134078 0.981078 -0.139677
vn 0.104408 0.941257 -0.321146
vn 0.124454 0.910299 -0.394800
vn 0.183154 0.922792 -0.338983
vn 0.154325 0.953385 -0.259307
vn -0.082292 0.968854 -0.233557
vn -0.263100 0.930518 -0.254781
vn -0.310508 0.904349 -0.292811
vn 0.085929 0.996299 0.001941
vn 0.105444 0.994207 0.020814
vn 0.019993 0.997314 0.070465
vn 0.089325 0.995578 0.029090
vn 0.075364 0.996840 -0.025095
vn 0.086962 0.994535 -0.057769
vn 0.060995 0.997071 -0.046148
vn 0.067087 0.995586 -0.065631
vn 0.095536 0.994401 0.045150
vn -0.059791 0.995617 0.071920
vn 0.032429 0.997807 0.057710
vn -0.119057 0.980688 -0.155168
vn -0.132356 0.980007 -0.148554
vn -0.030565 0.983239 -0.179739
vn -0.039907 0.987241 -0.154154
vn -0.062494 0.996924 -0.047289
vn -0.023651 0.996096 -0.085052
vn -0.062766 0.991642 -0.112722
vn -0.036504 0.993472 0.108074
vn -0.117205 0.992362 0.038470
vn -0.080437 0.988235 0.130084
vn -0.112080 0.991197 0.070470
vn -0.160337 0.986938 0.015654
vn -0.120991 0.992466 0.019288
vn 0.077833 0.991461 0.104630
vn 0.051090 0.989214 0.137282
vn 0.022393 0.993189 0.114340
vn -0.052223 0.988959 0.138685
vn -0.051747 0.992766 0.108338
vn 0.251105 0.955145 0.156986
vn 0.264992 0.955058 0.132832
vn 0.285948 0.947596 0.142463
vn 0.318149 0.942093 0.106030
vn 0.256480 0.962753 -0.085590
vn 0.225620 0.963039 -0.147147
vn 0.214175 0.963196 -0.162427
vn 0.191482 0.963867 -0.185191
vn 0.242148 0.961738 -0.128154
vn 0.019865 0.977763 -0.208770
vn 0.143098 0.977367 -0.155812
vn -0.159912 0.946943 -0.278796
vn -0.173757 0.947017 -0.270125
vn -0.096148 0.950770 -0.294605
vn -0.121634 0.957044 -0.263195
vn -0.214083 0.963228 -0.162356
vn -0.278675 0.940251 -0.195625
vn -0.318669 0.924920 -0.207298
vn -0.262112 0.951423 0.161530
vn -0.326029 0.939098 0.108628
vn -0.192852 0.967346 0.164467
vn -0.173323 0.976664 0.126835
vn -0.223284 0.963452 0.148004
vn -0.190461 0.961667 0.197284
vn 0.003129 0.963736 0.266837
vn 0.005349 0.971622 0.236479
vn 0.054896 0.974929 0.215640
vn 0.058021 0.963129 0.262708
vn 0.096845 0.958890 0.266742
vn -0.086171 -0.996176 -0.014401
vn -0.073029 -0.997329 0.001628
vn -0.087418 -0.995916 -0.022580
vn 0.009020 -0.999924 -0.008434
vn -0.048757 -0.998634 -0.018791
vn -0.050625 -0.998690 -0.007397
vn -0.021571 -0.999263 -0.031764
vn -0.017989 -0.999805 -0.008107
vn -0.002336 -0.998305 -0.058153
vn -0.168382 -0.974049 -0.151245
vn -0.119974 -0.990619 -0.065428
vn 0.000450 -0.998453 0.055598
vn -0.048844 -0.998682 -0.015760
vn -0.054747 -0.998422 -0.012500
vn -0.000513 -0.999374 -0.035364
vn 0.001743 -0.995569 -0.094014
vn -0.025855 -0.999666 -0.000337
vn -0.055678 -0.997784 0.036437
vn -0.056554 -0.997686 0.037741
vn -0.041700 -0.998872 0.022703
vn -0.056127 -0.997927 0.031482
vn -0.112933 -0.993373 -0.021360
vn -0.007821 -0.997186 -0.074563
vn -0.007548 -0.997295 -0.073110
vn -0.026267 -0.998815 -0.040974
vn -0.044253 -0.998860 -0.017919
vn -0.045733 -0.998624 -0.025646
vn -0.048271 -0.998732 0.014277
vn -0.070012 -0.997195 -0.026454
vn -0.052178 -0.928889 -0.366664
vn -0.095392 -0.934661 -0.342504
vn 0.014028 -0.999890 -0.004912
vn 0.077633 -0.996611 -0.027178
vn 0.043673 -0.924646 -0.378316
vn 0.042267 -0.916329 -0.398189
vn -0.122385 -0.992201 -0.023626
vn -0.098479 -0.995122 -0.005817
vn 0.287304 -0.929835 -0.229921
vn 0.296554 -0.917680 -0.264421
vn 0.114217 -0.989602 0.087421
vn 0.125987 -0.987908 0.090359
vn 0.271798 -0.940085 -0.205831
vn 0.284170 -0.934311 -0.215200
vn 0.000000 -1.000000 -0.000000
vn 0.000000 -1.000000 -0.000000
vn -0.035589 -0.993636 -0.106866
vn 0.374072 -0.906860 -0.194101
vn 0.453190 -0.878528 -0.151019
vn 0.000000 -1.000000 0.000000
vn 0.499919 -0.816708 0.288216
vn 0.415446 -0.872632 0.256745
vn -0.018569 -0.996579 0.080538
vn -0.018569 -0.996579 0.080538
vn 0.000000 -1.000000 0.000000
vn 0.314868 -0.918695 0.238447
vn 0.317832 -0.917088 0.240692
vn 0.000000 -1.000000 0.000001
vn 0.164982 -0.904876 0.392403
vn 0.159990 -0.908336 0.386431
vn -0.066394 -0.992598 0.101695
vn -0.066394 -0.992598 0.101695
vn 0.102486 -0.994123 0.034864
vn 0.201528 -0.896798 0.393878
vn 0.215718 -0.897753 0.384064
vn 0.115460 -0.992916 0.028053
vn 0.072769 -0.995082 -0.067210
vn -0.073676 -0.927271 0.367070
vn -0.122944 -0.914060 0.386495
vn 0.029401 -0.995299 -0.092281
vn -0.098302 -0.989057 -0.110010
vn -0.339342 -0.907936 0.245964
vn -0.247264 -0.909324 0.334650
vn 0.000000 -1.000000 0.000002
vn -0.317832 -0.917088 0.240691
vn -0.314872 -0.918693 0.238450
vn 0.000000 -1.000000 0.000000
vn 0.000000 -1.000000 0.000000
vn -0.379850 -0.916347 0.126580
vn -0.375511 -0.918331 0.125134
vn 0.000000 -1.000000 -0.000000
vn 0.000000 -1.000000 0.000001
vn -0.457859 -0.875835 -0.152575
vn -0.400833 -0.898812 -0.177398
vn 0.013448 -0.997256 -0.072805
vn 0.000000 -1.000000 -0.000000
vn -0.386337 -0.891658 -0.235986
vn -0.361715 -0.907347 -0.214206
vn -0.042184 -0.997431 0.057895
vn -0.042184 -0.997431 0.057895
vn -0.276692 -0.884989 -0.374480
vn -0.179810 -0.911004 -0.371134
vn 0.105273 -0.992413 -0.063510
vn 0.000000 -1.000000 0.000001
vn 0.096662 -0.984822 0.144158
vn 0.057409 -0.987578 0.146265
vn 0.055080 -0.987693 0.146382
vn 0.096662 -0.984822 0.144158
vn -0.115351 -0.977542 0.176370
vn -0.145766 -0.963432 0.224837
vn -0.151008 -0.960634 0.233194
vn -0.115351 -0.977542 0.176370
vn -0.061527 -0.960583 0.271101
vn -0.051384 -0.971562 0.231141
vn -0.054122 -0.968783 0.241931
vn -0.061527 -0.960583 0.271101
vn -0.090022 -0.993615 0.068015
vn -0.090022 -0.993615 0.068015
vn -0.090022 -0.993615 0.068015
vn -0.090022 -0.993615 0.068015
vn -0.275516 -0.961290 0.003695
vn -0.313867 -0.948015 0.052480
vn -0.368030 -0.921519 0.123921
vn -0.368030 -0.921519 0.123921
vn -0.279134 -0.957387 -0.074128
vn -0.279134 -0.957387 -0.074128
vn -0.279134 -0.957387 -0.074128
vn -0.279134 -0.957387 -0.074128
vn -0.204756 -0.966453 -0.155061
vn -0.204756 -0.966453 -0.155061
vn -0.204756 -0.966453 -0.155060
vn -0.204756 -0.966453 -0.155060
vn -0.154105 -0.981774 -0.111230
vn -0.154105 -0.981774 -0.111230
vn -0.154105 -0.981774 -0.111230
vn -0.154105 -0.981774 -0.111230
vn -0.014967 -0.976246 -0.216146
vn -0.017859 -0.979127 -0.202464
vn -0.011541 -0.972581 -0.232277
vn -0.011541 -0.972581 -0.232277
vn 0.153785 -0.908865 -0.387704
vn 0.151830 -0.908348 -0.389681
vn 0.130726 -0.902324 -0.410758
vn 0.130726 -0.902324 -0.410758
vn 0.130939 -0.946772 -0.294071
vn 0.132574 -0.948523 -0.287624
vn 0.152392 -0.966560 -0.206249
vn 0.152392 -0.966560 -0.206249
vn 0.204756 -0.966453 -0.155060
vn 0.204756 -0.966453 -0.155060
vn 0.204756 -0.966453 -0.155060
vn 0.204756 -0.966453 -0.155060
vn 0.242051 -0.966905 -0.080660
vn 0.242051 -0.966905 -0.080660
vn 0.242051 -0.966905 -0.080660
vn 0.242051 -0.966905 -0.080660
vn 0.373094 -0.919244 0.125661
vn 0.359743 -0.929367 0.082834
vn 0.355977 -0.931783 0.071144
vn 0.373094 -0.919244 0.125661
vn 0.224985 -0.947910 0.225497
vn 0.224985 -0.947910 0.225497
vn 0.224985 -0.947910 0.225497
vn 0.224985 -0.947910 0.225497
vn 0.220169 -0.928487 0.299062
vn 0.238255 -0.949708 0.203199
vn 0.239460 -0.950865 0.196250
vn 0.220169 -0.928487 0.299062
vn 0.207470 -0.739212 0.640720
vn 0.204481 -0.739007 0.641916
vn 0.204360 -0.738998 0.641964
vn 0.207470 -0.739212 0.640720
vn -0.205482 -0.738228 0.642493
vn -0.206189 -0.737784 0.642776
vn -0.206267 -0.737736 0.642807
vn -0.205482 -0.738228 0.642493
vn -0.399978 -0.736644 0.545320
vn -0.398742 -0.736995 0.545750
vn -0.398910 -0.736948 0.545692
vn -0.399978 -0.736644 0.545320
vn -0.537835 -0.738257 0.407075
vn -0.537835 -0.738257 0.407075
vn -0.537835 -0.738257 0.407075
vn -0.537835 -0.738257 0.407075
vn -0.640817 -0.736009 0.218278
vn -0.641026 -0.735331 0.219943
vn -0.642255 -0.731144 0.230078
vn -0.642255 -0.731144 0.230078
vn -0.639108 -0.738975 -0.213206
vn -0.639108 -0.738975 -0.213206
vn -0.639108 -0.738975 -0.213206
vn -0.639108 -0.738975 -0.213206
vn -0.543361 -0.737268 -0.401491
vn -0.543388 -0.737239 -0.401509
vn -0.545553 -0.734853 -0.402942
vn -0.545553 -0.734853 -0.402942
vn -0.415958 -0.729229 -0.543327
vn -0.415958 -0.729229 -0.543327
vn -0.415958 -0.729229 -0.543327
vn -0.415958 -0.729229 -0.543327
vn -0.212056 -0.720596 -0.660131
vn -0.212282 -0.720664 -0.659985
vn -0.210869 -0.720241 -0.660899
vn -0.210869 -0.720241 -0.660899
vn 0.219302 -0.726391 -0.651355
vn 0.219032 -0.725913 -0.651978
vn 0.220511 -0.728525 -0.648557
vn 0.220511 -0.728525 -0.648558
vn 0.405181 -0.736077 -0.542235
vn 0.404964 -0.736147 -0.542302
vn 0.401491 -0.737255 -0.543379
vn 0.401491 -0.737255 -0.543379
vn 0.539091 -0.736689 -0.408252
vn 0.539091 -0.736690 -0.408251
vn 0.539091 -0.736689 -0.408251
vn 0.539091 -0.736689 -0.408252
vn 0.639061 -0.739088 -0.212956
vn 0.639061 -0.739088 -0.212956
vn 0.639061 -0.739088 -0.212956
vn 0.639061 -0.739088 -0.212956
vn 0.639530 -0.738061 0.215097
vn 0.638861 -0.738710 0.214859
vn 0.638739 -0.738828 0.214816
vn 0.639530 -0.738061 0.215097
vn 0.527507 -0.748588 0.401687
vn 0.527507 -0.748588 0.401687
vn 0.527507 -0.748588 0.401687
vn 0.527507 -0.748588 0.401687
vn 0.402162 -0.754821 0.518181
vn 0.415355 -0.746501 0.519824
vn 0.415673 -0.746297 0.519862
vn 0.402162 -0.754821 0.518181
vn 0.224246 -0.378946 0.897838
vn 0.249344 -0.388690 0.886988
vn 0.249820 -0.388873 0.886774
vn 0.224245 -0.378946 0.897838
vn -0.321850 -0.389240 0.863079
vn -0.315067 -0.395804 0.862596
vn -0.314704 -0.396154 0.862568
vn -0.321850 -0.389240 0.863079
vn -0.552189 -0.405858 0.728263
vn -0.551516 -0.406571 0.728375
vn -0.551565 -0.406520 0.728367
vn -0.552189 -0.405858 0.728262
vn -0.776733 -0.318864 0.543149
vn -0.776733 -0.318864 0.543149
vn -0.776733 -0.318864 0.543149
vn -0.776733 -0.318864 0.543149
vn -0.862627 -0.409005 0.297639
vn -0.862415 -0.409114 0.298103
vn -0.859197 -0.410742 0.305075
vn -0.859197 -0.410742 0.305075
vn -0.869509 -0.403737 -0.284519
vn -0.869509 -0.403737 -0.284519
vn -0.869509 -0.403737 -0.284519
vn -0.869509 -0.403737 -0.284519
vn -0.765459 -0.387586 -0.513662
vn -0.765391 -0.387615 -0.513743
vn -0.773763 -0.384073 -0.503764
vn -0.773763 -0.384073 -0.503764
vn -0.588587 -0.309203 -0.746967
vn -0.588587 -0.309203 -0.746967
vn -0.588587 -0.309203 -0.746967
vn -0.588587 -0.309203 -0.746967
vn -0.280354 -0.379101 -0.881864
vn -0.280334 -0.379049 -0.881893
vn -0.280536 -0.379571 -0.881604
vn -0.280536 -0.379571 -0.881604
vn 0.316817 -0.392182 -0.863609
vn 0.316817 -0.392182 -0.863609
vn 0.316817 -0.392182 -0.863609
vn 0.316817 -0.392182 -0.863609
vn 0.583729 -0.383923 -0.715446
vn 0.583436 -0.383993 -0.715648
vn 0.565076 -0.388242 -0.727981
vn 0.565076 -0.388242 -0.727982
vn 0.753325 -0.396475 -0.524699
vn 0.753624 -0.402251 -0.519851
vn 0.753629 -0.402352 -0.519766
vn 0.753325 -0.396475 -0.524699
vn 0.868743 -0.414486 -0.271084
vn 0.867466 -0.415407 -0.273750
vn 0.867384 -0.415466 -0.273920
vn 0.868743 -0.414486 -0.271084
vn 0.866354 -0.411981 0.282315
vn 0.866955 -0.411568 0.281072
vn 0.867037 -0.411511 0.280901
vn 0.866355 -0.411981 0.282315
vn 0.739300 -0.390143 0.548839
vn 0.739300 -0.390143 0.548839
vn 0.739300 -0.390143 0.548839
vn 0.739300 -0.390143 0.548839
vn 0.574904 -0.377093 0.726144
vn 0.574904 -0.377093 0.726144
vn 0.574904 -0.377093 0.726144
vn 0.574904 -0.377093 0.726144
vn -0.272360 0.605001 -0.748193
vn -0.261205 0.623631 -0.736788
vn -0.212414 0.817729 -0.534976
vn -0.218062 0.816044 -0.535277
vn 0.952007 -0.004089 -0.306050
vn 0.952007 -0.004089 -0.306050
vn 0.957164 0.019750 -0.288871
vn 0.965135 0.069057 -0.252480
vn 0.160190 -0.917430 0.364227
vn 0.194049 -0.830765 0.521703
vn 0.204416 -0.806225 0.555171
vn 0.165340 -0.911012 0.377783
vn -0.951409 -0.004370 0.307900
vn -0.951409 -0.004370 0.307900
vn -0.939477 0.059729 0.337364
vn -0.947567 0.019315 0.318972
vn 0.204485 0.616833 -0.760068
vn 0.212128 0.626224 -0.750230
vn 0.178432 0.780634 -0.598976
vn 0.166403 0.766025 -0.620899
vn 0.939198 0.036499 0.341432
vn 0.939198 0.036499 0.341432
vn 0.939321 0.055910 0.338454
vn 0.934664 0.150851 0.321943
vn -0.165140 -0.806942 0.567075
vn -0.163916 -0.805644 0.569272
vn -0.157885 -0.799176 0.579991
vn -0.157885 -0.799176 0.579991
vn -0.911991 -0.028932 -0.409189
vn -0.911991 -0.028932 -0.409189
vn -0.936011 0.009605 -0.351839
vn -0.917250 -0.021140 -0.397751
vn 0.468332 0.578576 -0.667768
vn 0.466746 0.582217 -0.665712
vn 0.334429 0.780816 -0.527716
vn 0.328905 0.777777 -0.535616
vn 0.881861 -0.011200 0.471377
vn 0.881861 -0.011200 0.471377
vn 0.878488 0.001862 0.477761
vn 0.865587 0.046172 0.498625
vn -0.225079 -0.898375 0.377175
vn -0.346475 -0.806798 0.478572
vn -0.347144 -0.805903 0.479595
vn -0.217104 -0.897047 0.384932
vn -0.886668 0.012120 -0.462247
vn -0.886668 0.012120 -0.462247
vn -0.891575 -0.022069 -0.452334
vn -0.888192 0.002321 -0.459467
vn -0.408898 -0.861975 0.299670
vn -0.408898 -0.861975 0.299670
vn -0.408898 -0.861975 0.299670
vn -0.408898 -0.861975 0.299670
vn -0.456102 -0.014163 -0.889815
vn -0.456102 -0.014163 -0.889815
vn -0.491396 0.026274 -0.870540
vn -0.462975 -0.006424 -0.886348
vn 0.624820 0.629234 -0.462238
vn 0.624820 0.629234 -0.462238
vn 0.460009 0.829954 -0.315543
vn 0.490190 0.801791 -0.341826
vn 0.451457 0.014436 0.892176
vn 0.451457 0.014436 0.892176
vn 0.454276 0.019033 0.890658
vn 0.463420 0.034105 0.885482
vn -0.416169 -0.884344 0.211513
vn -0.461265 -0.857803 0.226733
vn -0.453730 -0.862474 0.224204
vn -0.416169 -0.884344 0.211513
vn -0.321680 -0.024658 -0.946527
vn -0.321680 -0.024658 -0.946527
vn -0.350035 -0.013902 -0.936634
vn -0.326014 -0.023024 -0.945085
vn 0.545259 0.791365 -0.276466
vn 0.705427 0.617328 -0.348251
vn 0.675805 0.651667 -0.344409
vn 0.488115 0.821101 -0.295866
vn 0.306558 0.098410 0.946751
vn 0.306558 0.098410 0.946751
vn 0.305484 0.113511 0.945407
vn 0.295348 0.224351 0.928675
vn -0.409187 -0.902752 -0.132682
vn -0.409187 -0.902752 -0.132682
vn -0.409187 -0.902752 -0.132682
vn -0.409187 -0.902752 -0.132682
vn 0.335465 -0.105122 -0.936169
vn 0.335465 -0.105122 -0.936169
vn 0.310520 0.025477 -0.950226
vn 0.333008 -0.090807 -0.938541
vn 0.678380 0.701979 0.216858
vn 0.678380 0.701979 0.216858
vn 0.523852 0.831336 0.185632
vn 0.527166 0.829081 0.186334
vn -0.330232 0.106751 0.937844
vn -0.330232 0.106751 0.937844
vn -0.331084 0.105211 0.937717
vn -0.336033 0.096219 0.936923
vn -0.391659 -0.865774 -0.311511
vn -0.386002 -0.871037 -0.303804
vn -0.385758 -0.871261 -0.303471
vn -0.391659 -0.865774 -0.311511
vn 0.621570 -0.092060 -0.777930
vn 0.621571 -0.092060 -0.777930
vn 0.623241 0.064105 -0.779398
vn 0.622426 -0.076440 -0.778937
vn 0.519533 0.771225 0.367828
vn 0.616685 0.635701 0.464310
vn 0.625740 0.622084 0.470596
vn 0.529418 0.759305 0.378382
vn -0.610874 -0.008942 0.791677
vn -0.610874 -0.008942 0.791677
vn -0.611018 -0.003570 0.791608
vn -0.611537 0.038346 0.790286
vn -0.236089 -0.881633 -0.408638
vn -0.236089 -0.881633 -0.408638
vn -0.236089 -0.881633 -0.408638
vn -0.236089 -0.881633 -0.408638
vn 0.809971 0.004167 -0.586456
vn 0.809971 0.004167 -0.586456
vn 0.812118 0.114398 -0.572169
vn 0.810253 0.008651 -0.586016
vn 0.435510 0.628643 0.644313
vn 0.435510 0.628643 0.644313
vn 0.435510 0.628643 0.644313
vn 0.435510 0.628643 0.644313
vn -0.815208 -0.051051 0.576915
vn -0.815208 -0.051051 0.576915
vn -0.815254 -0.050468 0.576901
vn -0.816250 -0.036872 0.576521
vn -0.128605 -0.896051 -0.424915
vn -0.129039 -0.896777 -0.423250
vn -0.129100 -0.896878 -0.423017
vn -0.128605 -0.896051 -0.424915
vn 0.951422 0.016254 -0.307460
vn 0.951422 0.016254 -0.307460
vn 0.945796 0.044889 -0.321643
vn 0.950931 0.018972 -0.308820
vn 0.208562 0.699427 0.683596
vn 0.207950 0.699016 0.684203
vn 0.203528 0.696035 0.688557
vn 0.203528 0.696035 0.688557
vn -0.956798 -0.039799 0.288015
vn -0.956798 -0.039799 0.288015
vn -0.957647 -0.028336 0.286547
vn -0.958816 0.091278 0.268960
vn 0.184051 -0.861325 -0.473544
vn 0.180564 -0.867369 -0.463753
vn 0.167365 -0.920020 -0.354334
vn 0.167461 -0.922455 -0.347898
vn 0.954088 -0.031629 0.297852
vn 0.954088 -0.031629 0.297852
vn 0.965520 0.051735 0.255138
vn 0.958394 -0.006750 0.285367
vn -0.225633 0.812141 0.538068
vn -0.259338 0.654800 0.709916
vn -0.264251 0.654813 0.708090
vn -0.223534 0.827299 0.515373
vn -0.954502 0.003664 -0.298182
vn -0.954502 0.003664 -0.298182
vn -0.953712 0.003552 -0.300702
vn -0.951660 0.003266 -0.307135
vn 0.214893 -0.914738 -0.342164
vn 0.222573 -0.906660 -0.358370
vn 0.222286 -0.906969 -0.357764
vn 0.214893 -0.914738 -0.342164
vn 0.799885 -0.007843 0.600102
vn 0.799885 -0.007843 0.600102
vn 0.799893 0.081432 0.594592
vn 0.800192 0.001709 0.599742
vn -0.371476 0.747347 0.550888
vn -0.371594 0.747145 0.551084
vn -0.365347 0.757767 0.540658
vn -0.365347 0.757767 0.540658
vn -0.808078 0.003381 -0.589066
vn -0.808078 0.003381 -0.589066
vn -0.807269 0.010057 -0.590098
vn -0.799972 0.060371 -0.596993
vn 0.448067 -0.840034 -0.305907
vn 0.447179 -0.840761 -0.305208
vn 0.434204 -0.851140 -0.295006
vn 0.434204 -0.851140 -0.295006
vn 0.603217 0.003146 0.797571
vn 0.603217 0.003146 0.797571
vn 0.613781 0.098979 0.783247
vn 0.604945 0.015833 0.796110
vn -0.619453 0.648256 0.442766
vn -0.624917 0.639904 0.447216
vn -0.527448 0.772259 0.354139
vn -0.520189 0.779949 0.347969
vn -0.604766 -0.003457 -0.796396
vn -0.604766 -0.003457 -0.796396
vn -0.603247 0.001658 -0.797553
vn -0.592993 0.034728 -0.804459
vn 0.555583 -0.808341 -0.194713
vn 0.555976 -0.808021 -0.194914
vn 0.558077 -0.806312 -0.195987
vn 0.558077 -0.806312 -0.195987
vn 0.319573 -0.033694 0.946962
vn 0.319573 -0.033694 0.946962
vn 0.380607 0.015008 0.924615
vn 0.328718 -0.026517 0.944056
vn -0.752896 0.585780 0.300016
vn -0.747748 0.593798 0.297112
vn -0.617488 0.756797 0.214396
vn -0.630090 0.744338 0.221240
vn -0.365478 0.026394 -0.930446
vn -0.365478 0.026394 -0.930446
vn -0.364513 0.053145 -0.929681
vn -0.354252 0.202291 -0.913008
vn 0.424884 -0.893399 0.145986
vn 0.424949 -0.893355 0.146065
vn 0.426792 -0.892103 0.148327
vn 0.426792 -0.892103 0.148327
vn -0.407405 -0.002985 0.913243
vn -0.407405 -0.002985 0.913243
vn -0.374560 0.069373 0.924604
vn -0.402471 0.008263 0.915396
vn -0.650713 0.722075 -0.234905
vn -0.651479 0.721869 -0.233409
vn -0.520731 0.835620 -0.174865
vn -0.506554 0.843687 -0.177748
vn 0.423400 0.206722 -0.882043
vn 0.423400 0.206722 -0.882043
vn 0.424875 0.207151 -0.881232
vn 0.432077 0.209241 -0.877227
vn 0.407539 -0.844210 0.348170
vn 0.407539 -0.844210 0.348170
vn 0.283777 -0.922505 0.261639
vn 0.294833 -0.916774 0.269441
vn -0.595365 -0.185725 0.781695
vn -0.595365 -0.185725 0.781695
vn -0.595467 -0.091236 0.798182
vn -0.595927 -0.160731 0.786788
vn -0.587032 0.641764 -0.493489
vn -0.587032 0.641764 -0.493489
vn -0.430181 0.819804 -0.377976
vn -0.424432 0.824761 -0.373668
vn 0.587300 0.185109 -0.787917
vn 0.587300 0.185109 -0.787917
vn 0.595223 0.173917 -0.784514
vn 0.614383 0.145974 -0.775387
vn -0.470612 0.697085 -0.540922
vn -0.495535 0.695162 -0.520764
vn -0.391928 0.841997 -0.370720
vn -0.363580 0.853761 -0.372697
vn 0.684670 0.004273 -0.728841
vn 0.684670 0.004273 -0.728841
vn 0.699756 0.020307 -0.714093
vn 0.724387 0.047663 -0.687744
vn 0.276522 -0.930567 0.239960
vn 0.347828 -0.866605 0.357786
vn 0.346357 -0.856365 0.382982
vn 0.268265 -0.930588 0.249079
vn -0.687400 -0.178034 0.704120
vn -0.687400 -0.178034 0.704120
vn -0.694193 -0.119835 0.709743
vn -0.690202 -0.156486 0.706494
vn 0.356734 0.632148 -0.687844
vn 0.356734 0.632148 -0.687844
vn 0.356734 0.632148 -0.687844
vn 0.356734 0.632148 -0.687844
vn 0.945353 -0.074159 0.317503
vn 0.945353 -0.074159 0.317503
vn 0.940233 -0.052549 0.336452
vn 0.943890 -0.067632 0.323261
vn -0.182678 -0.890811 0.416035
vn -0.139517 -0.942737 0.302954
vn -0.162336 -0.943248 0.289706
vn -0.029249 -0.882614 0.469188
vn -0.906034 0.182211 -0.381970
vn -0.906034 0.182211 -0.381970
vn -0.911744 0.172840 -0.372624
vn -0.929224 0.141698 -0.341269
vn 0.453993 0.684963 -0.569839
vn 0.449224 0.686130 -0.572209
vn 0.449129 0.686153 -0.572256
vn 0.453993 0.684963 -0.569839
vn 0.399081 -0.375070 0.836694
vn 0.399081 -0.375070 0.836694
vn 0.796439 -0.127808 0.591058
vn 0.562303 -0.294702 0.772636
vn -0.169191 -0.777910 0.605170
vn -0.174225 -0.773219 0.609737
vn -0.119040 -0.821237 0.558032
vn -0.119040 -0.821237 0.558032
vn -0.740613 0.195489 -0.642866
vn -0.740613 0.195489 -0.642866
vn -0.748906 0.184744 -0.636403
vn -0.767413 0.159768 -0.620929
vn -0.534818 -0.736567 0.414053
vn -0.534818 -0.736567 0.414053
vn -0.534818 -0.736567 0.414053
vn -0.534818 -0.736567 0.414053
vn -0.055297 0.500011 -0.864252
vn -0.055297 0.500011 -0.864252
vn -0.177038 0.440509 -0.880119
vn -0.403379 0.301738 -0.863852
vn 0.544402 0.724323 -0.423064
vn 0.544402 0.724323 -0.423064
vn 0.544402 0.724323 -0.423064
vn 0.544402 0.724323 -0.423064
vn 0.319921 -0.240500 0.916412
vn 0.319921 -0.240500 0.916412
vn 0.607778 -0.145421 0.780678
vn 0.392268 -0.220116 0.893126
vn -0.682989 -0.700935 0.205463
vn -0.674574 -0.713844 0.188084
vn -0.674703 -0.713654 0.188346
vn -0.682989 -0.700935 0.205463
vn 0.127089 0.430537 -0.893581
vn 0.127089 0.430536 -0.893581
vn 0.055809 0.397919 -0.915722
vn -0.202208 0.259308 -0.944390
vn 0.689516 0.706611 -0.158960
vn 0.689412 0.706520 -0.159811
vn 0.687890 0.705172 -0.171869
vn 0.687890 0.705172 -0.171869
vn 0.170208 -0.019014 0.985225
vn 0.170208 -0.019014 0.985225
vn 0.170208 -0.019014 0.985225
vn 0.170208 -0.019014 0.985225
vn -0.727792 -0.642521 -0.239760
vn -0.727792 -0.642521 -0.239760
vn -0.727792 -0.642521 -0.239760
vn -0.727792 -0.642521 -0.239760
vn 0.791495 0.565559 -0.231685
vn 0.791495 0.565559 -0.231685
vn 0.791495 0.565559 -0.231685
vn 0.791495 0.565559 -0.231685
vn 0.714366 0.657162 0.240456
vn 0.714366 0.657162 0.240456
vn 0.714366 0.657162 0.240456
vn 0.714366 0.657162 0.240456
vn -0.710609 -0.360322 0.604320
vn -0.710609 -0.360322 0.604320
vn -0.377075 -0.045692 0.925055
vn -0.587193 -0.231207 0.775724
vn -0.566850 -0.745266 -0.351084
vn -0.557223 -0.749950 -0.356480
vn -0.557346 -0.749891 -0.356412
vn -0.566850 -0.745266 -0.351084
vn 0.810504 0.463565 -0.358039
vn 0.810503 0.463565 -0.358039
vn 0.800998 0.414360 -0.432097
vn 0.735701 0.250625 -0.629230
vn 0.572882 0.730845 0.371040
vn 0.572989 0.730738 0.371086
vn 0.575298 0.728411 0.372088
vn 0.575298 0.728411 0.372088
vn -0.607352 -0.045734 0.793115
vn -0.607352 -0.045734 0.793115
vn -0.643737 -0.043489 0.764010
vn -0.618630 -0.045057 0.784389
vn -0.458678 -0.737337 -0.495932
vn -0.458678 -0.737337 -0.495932
vn -0.458678 -0.737337 -0.495932
vn -0.458678 -0.737337 -0.495932
vn 0.886419 0.361530 -0.289065
vn 0.886419 0.361530 -0.289065
vn 0.883716 0.313713 -0.347319
vn 0.859392 0.200234 -0.470481
vn 0.464860 0.724154 0.509417
vn 0.464860 0.724154 0.509417
vn 0.464860 0.724154 0.509417
vn 0.464860 0.724154 0.509417
vn -0.873815 -0.157506 0.460042
vn -0.873815 -0.157506 0.460042
vn -0.790709 -0.099161 0.604108
vn -0.852075 -0.140764 0.504137
vn -0.205674 -0.730240 -0.651496
vn -0.212873 -0.729803 -0.649672
vn -0.212302 -0.729839 -0.649818
vn -0.205674 -0.730240 -0.651496
vn 0.858646 0.464953 0.215746
vn 0.858646 0.464952 0.215746
vn 0.892710 0.431511 0.129875
vn 0.941022 0.262018 -0.214065
vn 0.219853 0.705369 0.673884
vn 0.219157 0.705370 0.674109
vn 0.213504 0.705367 0.675924
vn 0.213504 0.705367 0.675924
vn -0.989103 -0.106406 0.101755
vn -0.989102 -0.106406 0.101755
vn -0.989103 -0.106406 0.101755
vn -0.989102 -0.106406 0.101755
vn 0.484943 -0.670486 -0.561497
vn 0.492284 -0.667660 -0.558468
vn 0.492054 -0.667750 -0.558564
vn 0.484943 -0.670486 -0.561497
vn 0.497755 0.294536 0.815775
vn 0.497755 0.294536 0.815775
vn 0.563209 0.236811 0.791654
vn 0.704337 0.086596 0.704564
vn -0.507244 0.665994 0.546951
vn -0.507863 0.665777 0.546641
vn -0.487427 0.672715 0.556659
vn -0.487427 0.672715 0.556659
vn -0.870881 0.233379 -0.432550
vn -0.870881 0.233379 -0.432550
vn -0.772362 0.060786 -0.632268
vn -0.845241 0.176851 -0.504274
vn 0.257267 -0.699848 -0.666353
vn 0.257267 -0.699848 -0.666353
vn 0.257267 -0.699848 -0.666353
vn 0.257267 -0.699848 -0.666353
vn 0.637268 0.452787 0.623597
vn 0.637268 0.452787 0.623597
vn 0.637268 0.452787 0.623597
vn 0.637268 0.452787 0.623597
vn -0.399233 0.654701 0.641857
vn -0.403922 0.653954 0.639681
vn -0.438800 0.647771 0.622774
vn -0.438800 0.647771 0.622774
vn -0.973239 0.145816 -0.177604
vn -0.959149 0.035877 -0.280617
vn -0.956049 0.023756 -0.292243
vn -0.971171 0.117222 -0.207570
vn 0.676847 -0.700412 -0.226497
vn 0.676829 -0.700418 -0.226533
vn 0.677387 -0.700225 -0.225462
vn 0.677387 -0.700225 -0.225462
vn 0.209090 0.129918 0.969228
vn 0.209090 0.129918 0.969228
vn 0.272963 0.095505 0.957272
vn 0.396983 0.024703 0.917494
vn -0.678210 0.700281 0.222793
vn -0.675821 0.701096 0.227442
vn -0.675954 0.701052 0.227184
vn -0.678210 0.700281 0.222793
vn -0.690727 0.458203 -0.559415
vn -0.690727 0.458203 -0.559415
vn -0.690727 0.458203 -0.559415
vn -0.690727 0.458203 -0.559415
vn 0.588190 -0.690946 -0.420269
vn 0.588478 -0.690676 -0.420309
vn 0.595299 -0.684241 -0.421228
vn 0.595299 -0.684241 -0.421228
vn 0.333569 0.210707 0.918877
vn 0.333569 0.210707 0.918877
vn 0.407032 0.154507 0.900252
vn 0.539317 0.041408 0.841084
vn -0.598396 0.684255 0.416795
vn -0.592147 0.689946 0.416337
vn -0.592014 0.690067 0.416327
vn -0.598396 0.684255 0.416795
vn -0.786227 0.337530 -0.517610
vn -0.786227 0.337530 -0.517610
vn -0.641710 0.115875 -0.758143
vn -0.752987 0.274637 -0.597984
vn -0.431359 0.706872 -0.560590
vn -0.428804 0.711910 -0.556157
vn 0.887781 -0.196851 -0.416046
vn 0.836348 -0.077764 -0.542655
vn 0.823848 -0.060558 -0.563567
vn 0.867320 -0.162725 -0.470401
vn 0.410220 -0.744972 0.526057
vn 0.410220 -0.744972 0.526057
vn 0.410220 -0.744972 0.526057
vn 0.410220 -0.744972 0.526057
vn -0.878492 0.474688 0.054060
vn -0.878492 0.474688 0.054060
vn -0.889007 0.440431 0.125246
vn -0.888118 0.329277 0.320661
vn -0.228215 0.692925 -0.683940
vn -0.228215 0.692925 -0.683940
vn -0.228215 0.692925 -0.683940
vn -0.228215 0.692925 -0.683940
vn 0.982384 -0.061182 -0.176572
vn 0.982384 -0.061182 -0.176572
vn 0.977763 -0.059571 -0.201074
vn 0.981288 -0.060784 -0.182699
vn -0.076204 -0.822618 0.563465
vn -0.061748 -0.814499 0.576870
vn 0.058819 -0.733112 0.677559
vn 0.058819 -0.733112 0.677560
vn -0.889360 0.430068 -0.155179
vn -0.889360 0.430068 -0.155179
vn -0.915816 0.393981 -0.077843
vn -0.950668 0.273780 0.145858
vn 0.538603 -0.735435 0.411147
vn 0.538603 -0.735435 0.411147
vn 0.538603 -0.735435 0.411147
vn 0.538603 -0.735435 0.411147
vn -0.827207 0.525829 0.198074
vn -0.827207 0.525829 0.198074
vn -0.828331 0.494066 0.264133
vn -0.792140 0.350513 0.499656
vn -0.556772 0.712406 -0.427179
vn -0.556772 0.712406 -0.427179
vn 0.843947 -0.388292 -0.370111
vn 0.843947 -0.388292 -0.370111
vn 0.749193 -0.214965 -0.626498
vn 0.825062 -0.340961 -0.450575
vn 0.664158 -0.716099 0.214701
vn 0.664169 -0.716095 0.214680
vn 0.666738 -0.715254 0.209455
vn 0.666739 -0.715254 0.209455
vn -0.559877 0.421255 0.713500
vn -0.559877 0.421255 0.713500
vn -0.559877 0.421255 0.713500
vn -0.559877 0.421255 0.713500
vn -0.670742 0.710739 -0.212024
vn -0.672119 0.710924 -0.206986
vn 0.712834 -0.424691 -0.558127
vn 0.712834 -0.424691 -0.558127
vn 0.561856 -0.210945 -0.799887
vn 0.677029 -0.366098 -0.638439
vn 0.503237 -0.634612 -0.586533
vn 0.499252 -0.640563 -0.583461
vn 0.499119 -0.640760 -0.583358
vn 0.503237 -0.634612 -0.586533
vn 0.786323 0.002045 0.617812
vn 0.786323 0.002045 0.617812
vn 0.786037 0.003907 0.618167
vn 0.772203 0.078317 0.630530
vn -0.547173 0.537225 0.641865
vn -0.548083 0.537084 0.641206
vn -0.575186 0.532529 0.620945
vn -0.575187 0.532529 0.620945
vn -0.794736 0.007730 -0.606906
vn -0.794736 0.007730 -0.606906
vn -0.757788 -0.004835 -0.652483
vn -0.792177 0.006829 -0.610253
vn 0.666059 -0.575721 -0.474248
vn 0.666018 -0.575633 -0.474412
vn 0.666641 -0.576973 -0.471902
vn 0.666641 -0.576973 -0.471902
vn 0.598726 -0.003120 0.800948
vn 0.598726 -0.003120 0.800948
vn 0.601950 -0.002031 0.798531
vn 0.626259 0.006301 0.779590
vn -0.714584 0.495243 0.494070
vn -0.712647 0.494087 0.498008
vn -0.712769 0.494160 0.497760
vn -0.714584 0.495243 0.494070
vn -0.594525 0.005457 -0.804059
vn -0.594525 0.005457 -0.804059
vn -0.562302 -0.019679 -0.826698
vn -0.590883 0.002565 -0.806753
vn 0.268711 -0.583337 -0.766493
vn 0.265833 -0.582737 -0.767952
vn 0.265570 -0.582682 -0.768085
vn 0.268711 -0.583337 -0.766493
vn 0.929471 -0.006233 0.368843
vn 0.929471 -0.006233 0.368843
vn 0.929403 -0.007787 0.368985
vn 0.928682 -0.021874 0.370231
vn -0.293032 0.500734 0.814492
vn -0.293291 0.500797 0.814360
vn -0.295895 0.501424 0.813031
vn -0.295895 0.501424 0.813031
vn -0.931792 0.006343 -0.362937
vn -0.931792 0.006343 -0.362936
vn -0.929575 -0.019452 -0.368119
vn -0.931592 0.003661 -0.363487
vn -0.232478 -0.550816 -0.801596
vn -0.234219 -0.549743 -0.801826
vn -0.234134 -0.549796 -0.801814
vn -0.232478 -0.550816 -0.801596
vn 0.984622 -0.014117 -0.174125
vn 0.984622 -0.014117 -0.174125
vn 0.981344 -0.013788 -0.191768
vn 0.936108 -0.010543 -0.351553
vn 0.241773 0.470018 0.848899
vn 0.241826 0.469991 0.848898
vn 0.239912 0.470967 0.848901
vn 0.239912 0.470967 0.848900
vn -0.987987 0.011400 0.154113
vn -0.987987 0.011400 0.154113
vn -0.985087 0.041264 0.167036
vn -0.987791 0.013825 0.155168
vn -0.495580 -0.519763 -0.695879
vn -0.495580 -0.519763 -0.695879
vn -0.495580 -0.519763 -0.695879
vn -0.495580 -0.519763 -0.695879
vn 0.872737 -0.009987 -0.488088
vn 0.872737 -0.009987 -0.488088
vn 0.869466 -0.015033 -0.493764
vn 0.842034 -0.054187 -0.536695
vn 0.518457 0.442431 0.731749
vn 0.518457 0.442431 0.731749
vn 0.518457 0.442431 0.731749
vn 0.518457 0.442431 0.731749
vn -0.884189 0.013163 0.466944
vn -0.884189 0.013163 0.466944
vn -0.830581 0.033479 0.555890
vn -0.878759 0.015412 0.477017
vn -0.676429 -0.499657 -0.541097
vn -0.679696 -0.497513 -0.538975
vn -0.679611 -0.497569 -0.539031
vn -0.676429 -0.499657 -0.541097
vn 0.673446 -0.000621 -0.739236
vn 0.673446 -0.000621 -0.739236
vn 0.662587 -0.004881 -0.748969
vn 0.575052 -0.037222 -0.817270
vn 0.710017 0.422737 0.563179
vn 0.710085 0.422698 0.563122
vn 0.706793 0.424578 0.565842
vn 0.706793 0.424578 0.565842
vn -0.693355 0.005691 0.720574
vn -0.693355 0.005691 0.720574
vn -0.739722 0.073020 0.668939
vn -0.699417 0.013988 0.714577
vn 0.823159 -0.541063 -0.172223
vn 0.832015 -0.540236 -0.126084
vn 0.848663 -0.519342 0.100277
vn 0.848663 -0.519342 0.100277
vn 0.309035 -0.005501 0.951035
vn 0.309035 -0.005501 0.951035
vn 0.306917 -0.002760 0.951732
vn 0.291552 0.016984 0.956404
vn -0.828467 0.491764 0.267976
vn -0.828102 0.491591 0.269416
vn -0.828118 0.491599 0.269352
vn -0.828467 0.491764 0.267976
vn -0.308508 0.007755 -0.951190
vn -0.308508 0.007755 -0.951190
vn -0.273725 -0.020818 -0.961583
vn -0.304261 0.004237 -0.952579
vn -0.822490 -0.485392 -0.296488
vn -0.822490 -0.485392 -0.296488
vn -0.822490 -0.485392 -0.296488
vn -0.822490 -0.485392 -0.296488
vn 0.364047 0.015561 -0.931251
vn 0.364047 0.015561 -0.931251
vn 0.355346 0.020244 -0.934516
vn 0.293245 0.053019 -0.954566
vn 0.857349 0.413027 0.307182
vn 0.857349 0.413027 0.307182
vn 0.857349 0.413027 0.307182
vn 0.857349 0.413027 0.307182
vn -0.373391 -0.007543 0.927643
vn -0.373391 -0.007543 0.927643
vn -0.370053 0.003907 0.929002
vn -0.372995 -0.006176 0.927813
vn 0.778191 -0.576685 0.248703
vn 0.778153 -0.576711 0.248762
vn 0.778849 -0.576237 0.247678
vn 0.778849 -0.576237 0.247679
vn -0.314252 -0.002753 0.949336
vn -0.314252 -0.002753 0.949336
vn -0.311627 -0.000185 0.950204
vn -0.294202 0.016759 0.955597
vn -0.825466 0.497631 -0.266401
vn -0.825103 0.498323 -0.266231
vn -0.825120 0.498291 -0.266239
vn -0.825466 0.497631 -0.266401
vn 0.320655 0.004060 -0.947187
vn 0.320655 0.004060 -0.947187
vn 0.355305 -0.036538 -0.934036
vn 0.325347 -0.001371 -0.945594
vn -0.842796 -0.491686 0.218951
vn -0.842092 -0.488435 0.228718
vn -0.842108 -0.488506 0.228507
vn -0.842796 -0.491686 0.218951
vn -0.315672 0.024353 -0.948556
vn -0.315672 0.024353 -0.948556
vn -0.308560 0.021677 -0.950958
vn -0.259664 0.003435 -0.965693
vn 0.875718 0.417634 -0.242282
vn 0.875685 0.417568 -0.242513
vn 0.876926 0.420145 -0.233408
vn 0.876926 0.420145 -0.233408
vn 0.328405 -0.024742 0.944213
vn 0.328405 -0.024742 0.944213
vn 0.256688 -0.048800 0.965262
vn 0.319057 -0.027925 0.947324
vn 0.458331 -0.573218 0.679231
vn 0.458006 -0.573232 0.679437
vn 0.467489 -0.572765 0.673345
vn 0.467489 -0.572765 0.673345
vn -0.764707 -0.000239 0.644378
vn -0.764707 -0.000239 0.644378
vn -0.779294 -0.005425 0.626635
vn -0.859941 -0.037465 0.509016
vn -0.493356 0.498631 -0.712718
vn -0.486779 0.499405 -0.716687
vn -0.486955 0.499385 -0.716582
vn -0.493356 0.498631 -0.712718
vn 0.767034 -0.000721 -0.641605
vn 0.767034 -0.000721 -0.641605
vn 0.866692 -0.002244 -0.498838
vn 0.781418 -0.000922 -0.624008
vn 0.645191 -0.578416 0.499162
vn 0.645191 -0.578416 0.499162
vn 0.645191 -0.578416 0.499162
vn 0.645191 -0.578416 0.499162
vn -0.581611 -0.001594 0.813466
vn -0.581611 -0.001594 0.813466
vn -0.579734 0.002171 0.814803
vn -0.566397 0.028303 0.823646
vn -0.684867 0.502605 -0.527585
vn -0.684867 0.502605 -0.527585
vn -0.684867 0.502605 -0.527585
vn -0.684867 0.502605 -0.527585
vn 0.582079 0.002768 -0.813128
vn 0.582079 0.002768 -0.813128
vn 0.694594 0.057450 -0.717104
vn 0.597591 0.009911 -0.801740
vn 0.170888 -0.555341 0.813876
vn 0.170888 -0.555342 0.813875
vn 0.170888 -0.555341 0.813875
vn 0.170888 -0.555341 0.813875
vn -0.919281 0.008238 0.393515
vn -0.919281 0.008238 0.393515
vn -0.921088 0.011382 0.389189
vn -0.932820 0.033206 0.358811
vn -0.184085 0.483486 -0.855777
vn -0.184085 0.483486 -0.855777
vn -0.184085 0.483486 -0.855777
vn -0.184085 0.483486 -0.855777
vn 0.925139 -0.006765 -0.379569
vn 0.925139 -0.006765 -0.379569
vn 0.946921 -0.040167 -0.318947
vn 0.927958 -0.010702 -0.372532
vn -0.359522 -0.509125 0.782007
vn -0.359522 -0.509125 0.782007
vn -0.359522 -0.509125 0.782007
vn -0.359522 -0.509125 0.782007
vn -0.981397 0.015134 -0.191391
vn -0.981397 0.015134 -0.191391
vn -0.980474 0.014258 -0.196131
vn -0.972789 0.007671 -0.231568
vn 0.371398 0.440267 -0.817452
vn 0.371398 0.440267 -0.817452
vn 0.371398 0.440267 -0.817452
vn 0.371398 0.440267 -0.817452
vn 0.978476 -0.015813 0.205753
vn 0.978476 -0.015813 0.205753
vn 0.952302 -0.042983 0.302116
vn 0.975794 -0.019198 0.217847
vn -0.736755 -0.489704 0.466243
vn -0.736755 -0.489704 0.466243
vn -0.736755 -0.489704 0.466243
vn -0.736755 -0.489704 0.466243
vn -0.638024 0.023760 -0.769650
vn -0.638024 0.023760 -0.769650
vn -0.640430 0.034115 -0.767259
vn -0.656909 0.116650 -0.744892
vn 0.764325 0.420182 -0.489136
vn 0.764325 0.420182 -0.489136
vn 0.764325 0.420182 -0.489136
vn 0.764325 0.420182 -0.489136
vn 0.640813 -0.023141 0.767348
vn 0.640813 -0.023141 0.767348
vn 0.570707 -0.015721 0.821003
vn 0.633504 -0.022351 0.773417
vn -0.588794 -0.495190 0.638834
vn -0.588815 -0.495216 0.638794
vn -0.587605 -0.493755 0.641035
vn -0.587605 -0.493755 0.641036
vn -0.849954 0.020257 -0.526467
vn -0.849954 0.020257 -0.526467
vn -0.858461 0.026484 -0.512194
vn -0.907548 0.067124 -0.414549
vn 0.608136 0.425229 -0.670337
vn 0.609219 0.426440 -0.668582
vn 0.609222 0.426443 -0.668577
vn 0.608136 0.425229 -0.670337
vn 0.846792 -0.020917 0.531513
vn 0.846792 -0.020917 0.531513
vn 0.868850 -0.113642 0.481855
vn 0.850067 -0.032459 0.525673
vn 0.129480 0.952337 0.276206
vn 0.217640 0.930520 0.294558
vn 0.806185 -0.001387 -0.591662
vn 0.806185 -0.001387 -0.591662
vn 0.818681 -0.001730 -0.574246
vn 0.828209 -0.001997 -0.560415
vn -0.295985 -0.819768 -0.490279
vn -0.359939 -0.795695 -0.487148
vn -0.803539 -0.000858 0.595252
vn -0.803539 -0.000858 0.595252
vn -0.775643 0.000410 0.631171
vn -0.793349 -0.000386 0.608768
vn 0.226338 0.966452 0.121411
vn 0.216194 0.969679 0.113946
vn 0.608681 -0.004336 -0.793403
vn 0.608681 -0.004336 -0.793403
vn 0.609115 -0.004591 -0.793068
vn 0.609446 -0.004785 -0.792813
vn -0.484784 -0.812157 -0.324631
vn -0.484785 -0.812157 -0.324631
vn -0.603712 0.000000 0.797202
vn -0.603712 0.000000 0.797202
vn -0.605263 0.000000 0.796026
vn -0.604727 0.000000 0.796433
vn 0.036268 0.987944 0.150505
vn 0.023924 0.966595 0.255189
vn 0.956260 -0.007802 -0.292414
vn 0.956260 -0.007802 -0.292414
vn 0.960631 -0.008924 -0.277683
vn 0.961735 -0.009217 -0.273827
vn -0.105674 -0.924826 -0.365418
vn -0.092091 -0.887326 -0.451854
vn -0.955228 0.005361 0.295823
vn -0.955228 0.005361 0.295823
vn -0.953694 0.005887 0.300719
vn -0.954473 0.005621 0.298245
vn 0.004640 0.977613 0.210361
vn -0.005230 0.973236 0.229748
vn 0.911265 -0.075922 0.404761
vn 0.911265 -0.075922 0.404761
vn 0.909192 -0.079920 0.408635
vn 0.907115 -0.083862 0.412444
vn 0.108669 -0.835558 -0.538547
vn 0.097421 -0.856136 -0.507485
vn -0.945810 0.015507 -0.324349
vn -0.945810 0.015507 -0.324349
vn -0.954503 0.016884 -0.297723
vn -0.950907 0.016302 -0.309048
vn -0.172714 0.979763 0.101163
vn -0.182032 0.977273 0.108636
vn 0.831329 0.033171 0.554789
vn 0.831329 0.033171 0.554789
vn 0.828554 0.035456 0.558785
vn 0.827312 0.036472 0.560557
vn 0.344824 -0.860490 -0.375038
vn 0.366197 -0.836316 -0.408014
vn -0.745820 0.062557 -0.663203
vn -0.745820 0.062557 -0.663203
vn -0.770675 0.072901 -0.633044
vn -0.760201 0.068492 -0.646067
vn -0.097457 0.992500 0.073803
vn -0.102042 0.991774 0.077276
vn 0.627403 0.020969 0.778413
vn 0.627403 0.020969 0.778413
vn 0.623691 0.022606 0.781344
vn 0.623112 0.022860 0.781798
vn 0.294515 -0.929256 -0.223034
vn 0.284699 -0.934057 -0.215600
vn -0.627404 -0.020963 -0.778412
vn -0.627404 -0.020963 -0.778412
vn -0.623114 -0.022852 -0.781797
vn -0.623692 -0.022598 -0.781343
vn 0.229854 0.965988 0.118463
vn 0.209196 0.975386 0.069712
vn 0.316145 0.000000 -0.948711
vn 0.316145 0.000000 -0.948711
vn 0.331993 0.000000 -0.943282
vn 0.342971 0.000000 -0.939346
vn -0.561845 -0.797315 -0.220497
vn -0.581180 -0.790394 -0.193670
vn -0.323380 0.005300 0.946254
vn -0.323379 0.005300 0.946254
vn -0.292631 0.007092 0.956199
vn -0.303052 0.006487 0.952952
vn -0.216953 0.964796 0.148663
vn -0.374515 0.918783 0.124802
vn 0.585819 0.214112 0.781647
vn 0.585819 0.214112 0.781647
vn 0.562231 0.226488 0.795361
vn 0.524623 0.245292 0.815231
vn 0.538033 -0.806075 -0.246502
vn 0.613232 -0.763011 -0.204351
vn -0.322422 -0.004598 -0.946585
vn -0.322422 -0.004598 -0.946585
vn -0.339751 -0.006647 -0.940492
vn -0.339054 -0.006565 -0.940744
vn 0.200674 0.977373 -0.066872
vn 0.242034 0.966910 -0.080654
vn -0.291033 -0.018244 -0.956539
vn -0.291033 -0.018244 -0.956539
vn -0.283167 -0.019110 -0.958880
vn -0.276513 -0.019839 -0.960806
vn -0.528159 -0.830706 0.176001
vn -0.528158 -0.830706 0.176002
vn 0.316144 0.000000 0.948711
vn 0.316145 0.000000 0.948711
vn 0.339552 0.000000 0.940587
vn 0.329275 0.000000 0.944234
vn -0.268534 0.948421 -0.168487
vn -0.228419 0.962070 -0.149154
vn -0.316144 0.000000 0.948711
vn -0.316144 0.000000 0.948711
vn -0.321904 0.000000 0.946772
vn -0.325220 0.000000 0.945638
vn 0.604065 -0.727556 0.325220
vn 0.604065 -0.727556 0.325220
vn 0.007003 -0.209806 -0.977718
vn 0.007003 -0.209806 -0.977718
vn 0.086270 -0.222943 -0.971007
vn 0.065239 -0.219590 -0.973409
vn 0.221792 0.971354 -0.085320
vn 0.131011 0.975396 -0.177312
vn -0.804275 0.000000 -0.594258
vn -0.804275 0.000000 -0.594258
vn -0.799973 0.000000 -0.600036
vn -0.797310 0.000000 -0.603570
vn -0.416994 -0.823456 0.384754
vn -0.330830 -0.830706 0.447749
vn 0.779404 -0.073210 0.622229
vn 0.779404 -0.073210 0.622229
vn 0.792302 -0.065178 0.606638
vn 0.788439 -0.067611 0.611386
vn 0.174104 0.975861 -0.131847
vn 0.169198 0.977218 -0.128132
vn -0.603714 0.000000 -0.797201
vn -0.603713 0.000000 -0.797201
vn -0.603714 0.000000 -0.797201
vn -0.603714 0.000000 -0.797201
vn -0.443811 -0.830706 0.336094
vn -0.443811 -0.830706 0.336094
vn 0.603714 0.000000 0.797201
vn 0.603714 0.000000 0.797201
vn 0.622501 0.000000 0.782619
vn 0.615936 0.000000 0.787796
vn 0.015765 0.978139 -0.207352
vn 0.062370 0.978608 -0.196053
vn -0.933121 0.069690 -0.352744
vn -0.933121 0.069690 -0.352744
vn -0.934228 0.065205 -0.350666
vn -0.934950 0.062223 -0.349280
vn -0.136438 -0.830231 0.540464
vn -0.168772 -0.830706 0.530512
vn 0.944850 -0.031675 0.325967
vn 0.944850 -0.031675 0.325967
vn 0.952628 -0.028092 0.302837
vn 0.950336 -0.029178 0.309856
vn -0.138290 0.968343 -0.207817
vn -0.157063 0.963897 -0.215020
vn -0.936951 0.016281 0.349081
vn -0.936951 0.016281 0.349081
vn -0.937995 0.014851 0.346330
vn -0.938678 0.013908 0.344514
vn 0.233210 -0.824051 0.516287
vn 0.247528 -0.822060 0.512783
vn 0.931741 0.073741 -0.355556
vn 0.931741 0.073741 -0.355556
vn 0.920691 0.063990 -0.385011
vn 0.924424 0.067194 -0.375400
vn -0.203709 0.966801 -0.154268
vn -0.160997 0.979395 -0.121922
vn -0.603713 0.000000 0.797202
vn -0.603713 0.000000 0.797202
vn -0.584840 0.000000 0.811148
vn -0.576777 0.000000 0.816902
vn 0.443811 -0.830706 0.336095
vn 0.443811 -0.830706 0.336095
vn 0.603714 0.000000 -0.797201
vn 0.603714 0.000000 -0.797201
vn 0.573098 0.000000 -0.819487
vn 0.583347 0.000000 -0.812223
vn -0.042758 0.970876 -0.235738
vn -0.035525 0.973294 -0.226797
vn -0.778988 -0.074314 0.622620
vn -0.778988 -0.074314 0.622620
vn -0.778919 -0.068039 0.623423
vn -0.778875 -0.065048 0.623797
vn 0.253803 -0.830298 0.496174
vn 0.253803 -0.830298 0.496174
vn 0.804274 0.000000 -0.594258
vn 0.804274 0.000000 -0.594258
vn 0.799491 0.000000 -0.600679
vn 0.801060 0.000000 -0.598584
vn 0.013848 -0.993897 0.109439
vn -0.140485 -0.956054 -0.257341
vn -0.064481 -0.995092 -0.075059
vn -0.064796 -0.997814 0.013005
vn -0.073284 -0.997177 -0.016351
vn -0.018817 -0.996758 -0.078223
vn -0.046517 -0.998478 -0.029641
vn -0.203426 -0.946184 0.251700
vn 0.136078 0.975396 -0.173449
vn 0.005350 -0.988886 -0.148578
vn 0.064326 0.997911 -0.006015
vn -0.166144 0.700880 -0.693660
vn -0.166144 0.700880 -0.693660
vn -0.166144 0.700880 -0.693660
vn -0.166144 0.700880 -0.693660
vn -0.104894 -0.099402 -0.989503
vn -0.104894 -0.099402 -0.989503
vn -0.104894 -0.099402 -0.989503
vn -0.104894 -0.099402 -0.989503
vn -0.118259 -0.844205 0.522812
vn -0.118259 -0.844205 0.522812
vn -0.258405 0.628207 -0.733882
vn -0.207392 0.827771 -0.521328
vn -0.135996 -0.838648 -0.527423
vn -0.135996 -0.838648 -0.527423
vn -0.135996 -0.838648 -0.527423
vn -0.135996 -0.838648 -0.527423
vn 0.191511 -0.836422 0.513539
vn 0.157032 -0.922508 0.352589
vn -0.179676 0.799948 -0.572538
vn -0.143803 0.876121 -0.460145
vn -0.069652 0.971676 -0.225821
vn 0.041725 0.990640 0.129969
vn 0.066817 0.975410 0.210024
vn 0.037770 0.992209 0.118723
vn -0.303054 0.026621 -0.952602
vn -0.303054 0.026621 -0.952601
vn -0.303054 0.026621 -0.952602
vn -0.303054 0.026621 -0.952601
vn -0.111407 -0.930029 -0.350191
vn -0.105765 -0.937170 -0.332456
vn 0.000000 -1.000000 -0.000001
vn 0.046160 -0.988085 0.146826
vn 0.046160 -0.988085 0.146826
vn 0.203655 -0.738949 0.642246
vn 0.203655 -0.738949 0.642246
vn 0.256222 -0.391317 0.883867
vn 0.256222 -0.391317 0.883867
vn 0.307220 0.685553 -0.660024
vn 0.307220 0.685553 -0.660024
vn 0.307220 0.685554 -0.660024
vn 0.307220 0.685553 -0.660024
vn -0.034244 0.106804 -0.993690
vn -0.034244 0.106804 -0.993690
vn -0.034244 0.106804 -0.993690
vn -0.034244 0.106804 -0.993690
vn -0.100976 -0.942130 0.319679
vn -0.118150 -0.942171 0.313616
vn -0.196686 -0.887383 0.416973
vn -0.052891 -0.878067 0.475606
vn 0.249541 0.599176 -0.760735
vn 0.249981 0.599041 -0.760697
vn 0.177319 0.795299 -0.579705
vn 0.212878 0.635670 -0.742028
vn 0.201774 0.642810 -0.738974
vn 0.158440 0.805102 -0.571584
vn 0.032844 -0.964811 -0.260885
vn 0.032844 -0.964811 -0.260885
vn 0.032844 -0.964811 -0.260885
vn 0.032844 -0.964811 -0.260885
vn -0.156133 -0.816034 0.556517
vn -0.164850 -0.811888 0.560057
vn -0.163746 -0.812418 0.559611
vn -0.156133 -0.816034 0.556517
vn 0.188585 0.815201 -0.547616
vn 0.189247 0.790164 -0.582946
vn 0.185265 0.890324 -0.415932
vn 0.062001 0.995651 0.069539
vn -0.026942 0.957475 0.287254
vn -0.021394 0.975777 0.217719
vn -0.081995 0.962729 0.257739
vn 0.302944 -0.037707 -0.952262
vn 0.302944 -0.037707 -0.952262
vn 0.302944 -0.037707 -0.952262
vn 0.302944 -0.037707 -0.952262
vn 0.140782 -0.885634 -0.442529
vn 0.070533 -0.907157 -0.414839
vn 0.140114 -0.815160 -0.562034
vn 0.180623 -0.803132 -0.567762
vn -0.094249 -0.995272 -0.023471
vn 0.000000 -1.000000 0.000000
vn -0.150304 -0.944311 0.292720
vn -0.152779 -0.944960 0.289326
vn -0.109777 -0.931411 0.347020
vn -0.109777 -0.931411 0.347020
vn -0.205983 -0.737331 0.643362
vn -0.205888 -0.737312 0.643414
vn -0.204192 -0.736970 0.644345
vn -0.204192 -0.736970 0.644345
vn -0.304439 -0.402045 0.863526
vn -0.303942 -0.402195 0.863631
vn -0.289565 -0.406489 0.866556
vn -0.289565 -0.406489 0.866556
vn 0.325702 -0.019407 -0.945273
vn 0.325702 -0.019407 -0.945273
vn 0.325702 -0.019407 -0.945273
vn 0.325702 -0.019407 -0.945273
vn 0.017036 -0.954832 -0.296658
vn 0.017036 -0.954832 -0.296658
vn 0.017036 -0.954832 -0.296658
vn 0.017036 -0.954832 -0.296658
vn 0.613118 0.012916 -0.789886
vn 0.613118 0.012916 -0.789886
vn 0.613118 0.012916 -0.789886
vn 0.613118 0.012916 -0.789886
vn 0.343922 0.652113 -0.675623
vn 0.343922 0.652113 -0.675623
vn 0.343922 0.652113 -0.675623
vn 0.343922 0.652113 -0.675623
vn 0.611785 0.429316 -0.664384
vn 0.611785 0.429316 -0.664384
vn 0.558492 0.005847 -0.829489
vn 0.558492 0.005847 -0.829489
vn 0.558492 0.005847 -0.829489
vn 0.558492 0.005847 -0.829489
vn -0.591630 -0.498622 0.633521
vn -0.591631 -0.498622 0.633521
vn 0.574621 0.386500 -0.721407
vn 0.574621 0.386500 -0.721407
vn 0.437082 0.688996 -0.578138
vn 0.437082 0.688996 -0.578138
vn 0.384705 0.027674 -0.922625
vn 0.384705 0.027674 -0.922625
vn 0.384705 0.027674 -0.922625
vn 0.384705 0.027674 -0.922625
vn -0.252526 -0.691674 0.676623
vn -0.252526 -0.691674 0.676623
vn 0.399508 0.500854 -0.767814
vn 0.399508 0.500854 -0.767814
vn 0.463371 0.589851 -0.661335
vn 0.345755 0.793019 -0.501572
vn 0.187151 -0.902498 -0.387906
vn 0.187151 -0.902498 -0.387906
vn 0.187151 -0.902498 -0.387906
vn 0.187151 -0.902498 -0.387906
vn -0.345143 -0.808573 0.476535
vn -0.248285 -0.900891 0.356019
vn -0.169605 0.979182 0.111521
vn 0.563425 0.050957 -0.824594
vn 0.563425 0.050958 -0.824594
vn 0.563425 0.050958 -0.824594
vn 0.563425 0.050957 -0.824594
vn 0.275146 -0.928221 -0.250402
vn 0.293466 -0.908531 -0.297405
vn 0.074958 -0.994166 0.077558
vn -0.032560 -0.987086 0.156846
vn -0.032560 -0.987086 0.156846
vn -0.396139 -0.737730 0.546652
vn -0.396139 -0.737730 0.546652
vn -0.550005 -0.408168 0.728624
vn -0.550005 -0.408167 0.728624
vn -0.864659 -0.407947 0.293162
vn -0.864659 -0.407947 0.293162
vn -0.640025 -0.738496 0.212112
vn -0.640025 -0.738496 0.212112
vn -0.248739 -0.968119 -0.029566
vn -0.248739 -0.968119 -0.029566
vn 0.347266 -0.907653 -0.235739
vn -0.049827 -0.987487 -0.149619
vn 0.508572 -0.820283 -0.261706
vn 0.955979 0.047599 -0.289549
vn 0.955979 0.047599 -0.289549
vn 0.955979 0.047599 -0.289549
vn 0.955979 0.047599 -0.289549
vn -0.127342 0.980450 0.150002
vn -0.490681 -0.838618 0.236542
vn -0.490681 -0.838618 0.236542
vn 0.302330 -0.941776 -0.147154
vn 0.302330 -0.941776 -0.147154
vn 0.302330 -0.941776 -0.147154
vn 0.302330 -0.941776 -0.147154
vn 0.722937 0.595552 -0.350258
vn 0.584309 0.762827 -0.276908
vn -0.668472 -0.722645 0.175868
vn -0.668472 -0.722645 0.175868
vn 0.736611 0.074077 -0.672248
vn 0.736611 0.074077 -0.672248
vn 0.736611 0.074077 -0.672248
vn 0.736611 0.074077 -0.672248
vn 0.690562 0.707529 -0.150087
vn 0.690563 0.707529 -0.150087
vn -0.841600 -0.486350 0.234887
vn -0.841600 -0.486350 0.234887
vn 0.952104 -0.011363 -0.305564
vn 0.952104 -0.011363 -0.305564
vn 0.952104 -0.011363 -0.305564
vn 0.952104 -0.011363 -0.305564
vn 0.874864 0.415926 -0.248231
vn 0.874864 0.415926 -0.248231
vn -0.753062 -0.391384 -0.528881
vn -0.759385 -0.389734 -0.521000
vn -0.759761 -0.389634 -0.520527
vn -0.753063 -0.391384 -0.528881
vn -0.537960 -0.740840 -0.402188
vn -0.541163 -0.738999 -0.401278
vn -0.541386 -0.738870 -0.401214
vn -0.537960 -0.740840 -0.402188
vn -0.204756 -0.966453 -0.155059
vn -0.204756 -0.966453 -0.155060
vn -0.204756 -0.966453 -0.155060
vn -0.204756 -0.966453 -0.155059
vn 0.334518 -0.907702 0.253328
vn 0.322917 -0.914288 0.244543
vn 0.000000 -1.000000 -0.000000
vn 0.000000 -1.000000 -0.000001
vn 0.443811 -0.830706 0.336095
vn 0.443811 -0.830705 0.336095
vn 0.797202 0.000000 0.603713
vn 0.797202 0.000000 0.603713
vn 0.797202 0.000000 0.603713
vn 0.797202 0.000000 0.603713
vn -0.215181 0.962844 -0.163180
vn -0.216671 0.962356 -0.164084
vn -0.152387 0.981560 -0.115401
vn -0.070644 0.996066 -0.053494
vn 0.292022 0.930114 0.222736
vn 0.432769 0.840433 0.326165
vn 0.482137 0.798021 0.361533
vn -0.380483 -0.875080 -0.299111
vn -0.380523 -0.875057 -0.299129
vn -0.372140 -0.879953 -0.295286
vn -0.372140 -0.879953 -0.295286
vn 0.193519 -0.980632 0.030182
vn 0.193519 -0.980632 0.030182
vn 0.193519 -0.980632 0.030182
vn 0.193519 -0.980632 0.030182
vn 0.593876 0.657058 0.464312
vn 0.607770 0.645537 0.462490
vn 0.497603 0.784963 0.369086
vn 0.447433 0.793340 0.412814
vn 0.732586 0.475494 0.487055
vn 0.731941 0.475698 0.487825
vn -0.549360 -0.753458 -0.361254
vn -0.548874 -0.753657 -0.361579
vn -0.538081 -0.757966 -0.368722
vn -0.538081 -0.757966 -0.368722
vn 0.974209 0.050531 0.219916
vn 0.974209 0.050531 0.219916
vn 0.974209 0.050531 0.219916
vn 0.974209 0.050531 0.219916
vn 0.561596 0.736286 0.377481
vn 0.569270 0.733020 0.372308
vn 0.569141 0.733076 0.372395
vn 0.561596 0.736286 0.377481
vn 0.764721 0.388157 0.514331
vn 0.764843 0.388012 0.514258
vn -0.682429 -0.495950 -0.536958
vn -0.682492 -0.495920 -0.536906
vn -0.686466 -0.493976 -0.533621
vn -0.686466 -0.493976 -0.533621
vn 0.770765 0.000073 0.637120
vn 0.770765 0.000073 0.637120
vn 0.770765 0.000073 0.637120
vn 0.770765 0.000073 0.637120
vn 0.716799 0.419625 0.556879
vn 0.712877 0.421306 0.560632
vn 0.712829 0.421326 0.560677
vn 0.716799 0.419625 0.556879
vn 0.797200 0.000000 0.603716
vn 0.797200 0.000000 0.603716
vn 0.797200 0.000000 0.603716
vn 0.797200 0.000000 0.603716
vn 0.210018 -0.958643 0.192083
vn 0.210018 -0.958643 0.192083
vn 0.210018 -0.958643 0.192083
vn 0.210018 -0.958643 0.192083
vn 0.834661 -0.174766 0.522301
vn 0.834661 -0.174766 0.522301
vn 0.834661 -0.174766 0.522301
vn 0.834661 -0.174766 0.522301
vn 0.761204 0.010006 0.648436
vn 0.761204 0.010006 0.648436
vn 0.761204 0.010006 0.648436
vn 0.761204 0.010006 0.648436
vn 0.748983 0.274839 0.602899
vn -0.279601 -0.377152 -0.882938
vn -0.279601 -0.377152 -0.882938
vn -0.217274 -0.722144 -0.656735
vn -0.217274 -0.722144 -0.656735
vn -0.036450 -0.992914 -0.113111
vn -0.036450 -0.992914 -0.113111
vn 0.133957 -0.896906 0.421444
vn 0.023687 -0.996840 0.075823
vn 0.168773 -0.830706 0.530512
vn 0.303155 -0.006107 0.952922
vn 0.303155 -0.006107 0.952922
vn 0.303155 -0.006107 0.952922
vn 0.303155 -0.006107 0.952922
vn -0.059565 0.980508 -0.187234
vn -0.130801 -0.899696 -0.416459
vn -0.130801 -0.899696 -0.416459
vn 0.033858 -0.983483 0.177803
vn 0.033858 -0.983483 0.177803
vn 0.033858 -0.983483 0.177803
vn 0.033858 -0.983483 0.177804
vn 0.225865 0.710820 0.666123
vn 0.225865 0.710820 0.666123
vn -0.238174 -0.727936 -0.642948
vn -0.238174 -0.727936 -0.642948
vn 0.537823 0.092183 0.838003
vn 0.537823 0.092183 0.838003
vn 0.537823 0.092183 0.838003
vn 0.537823 0.092183 0.838003
vn 0.241675 0.705132 0.666620
vn 0.241675 0.705132 0.666620
vn -0.241177 -0.545425 -0.802711
vn -0.241177 -0.545425 -0.802711
vn 0.394741 0.112676 0.911857
vn 0.394741 0.112676 0.911857
vn 0.394741 0.112676 0.911857
vn 0.394741 0.112676 0.911857
vn 0.249575 0.466011 0.848850
vn 0.249575 0.466011 0.848850
vn 0.291316 -0.376221 -0.879541
vn 0.291316 -0.376221 -0.879541
vn 0.291316 -0.376221 -0.879541
vn 0.291316 -0.376221 -0.879541
vn 0.215932 -0.720416 -0.659071
vn 0.215932 -0.720416 -0.659071
vn 0.199353 -0.918923 -0.340351
vn 0.199353 -0.918923 -0.340351
vn -0.019697 -0.899503 0.436471
vn 0.162636 -0.986581 -0.014377
vn -0.076385 -0.826859 0.557198
vn -0.364857 -0.005902 0.931045
vn -0.364857 -0.005902 0.931045
vn -0.364857 -0.005902 0.931045
vn -0.364857 -0.005902 0.931045
vn -0.050055 0.965319 -0.256229
vn -0.087045 0.976328 -0.198004
vn -0.106779 0.993566 -0.037743
vn -0.201732 0.865102 0.459241
vn -0.187837 0.816346 0.546166
vn -0.186537 0.788432 0.586155
vn 0.172141 -0.881283 -0.440123
vn 0.162256 -0.927597 -0.336506
vn -0.076071 -0.838575 0.539449
vn -0.076071 -0.838575 0.539449
vn -0.076071 -0.838575 0.539449
vn -0.076071 -0.838575 0.539449
vn -0.247346 0.654692 0.714281
vn -0.214826 0.821483 0.528219
vn 0.346065 -0.684229 -0.641927
vn 0.346065 -0.684229 -0.641927
vn 0.346065 -0.684228 -0.641927
vn 0.346065 -0.684229 -0.641927
vn -0.185782 -0.073008 0.979875
vn -0.185782 -0.073008 0.979875
vn -0.185782 -0.073008 0.979875
vn -0.185782 -0.073008 0.979875
vn -0.319819 0.664485 0.675408
vn -0.319819 0.664485 0.675408
vn 0.258498 -0.581182 -0.771626
vn 0.258498 -0.581182 -0.771626
vn -0.328645 0.136890 0.934480
vn -0.328645 0.136890 0.934480
vn -0.328645 0.136890 0.934480
vn -0.328645 0.136890 0.934480
vn -0.286637 0.499176 0.817718
vn -0.286637 0.499176 0.817718
vn 0.591954 -0.381931 -0.709732
vn 0.591954 -0.381931 -0.709732
vn 0.406610 -0.735617 -0.541789
vn 0.406610 -0.735617 -0.541789
vn 0.121897 -0.936410 -0.329054
vn 0.121897 -0.936410 -0.329054
vn -0.373788 -0.909391 0.182457
vn -0.141949 -0.977044 -0.158856
vn -0.467087 -0.814436 0.344272
vn -0.585995 -0.000707 0.810315
vn -0.585995 -0.000707 0.810315
vn -0.585995 -0.000707 0.810315
vn -0.585995 -0.000707 0.810315
vn 0.271054 0.961832 -0.037549
vn 0.225588 -0.903367 -0.364744
vn 0.225588 -0.903367 -0.364744
vn -0.198703 -0.969087 0.146243
vn -0.198703 -0.969087 0.146243
vn -0.198703 -0.969087 0.146243
vn -0.198703 -0.969087 0.146243
vn -0.374090 0.742798 0.555255
vn -0.374090 0.742798 0.555255
vn 0.495280 -0.666489 -0.557216
vn 0.495280 -0.666489 -0.557216
vn -0.489385 0.013279 0.871967
vn -0.489385 0.013279 0.871967
vn -0.489385 0.013279 0.871967
vn -0.489385 0.013279 0.871967
vn -0.516485 0.662705 0.542277
vn -0.516485 0.662705 0.542277
vn 0.497356 -0.643366 -0.581995
vn 0.497356 -0.643366 -0.581995
vn -0.643214 0.147445 0.751356
vn -0.643214 0.147445 0.751356
vn -0.643214 0.147445 0.751356
vn -0.643214 0.147445 0.751356
vn -0.534663 0.539074 0.650795
vn -0.534663 0.539074 0.650795
vn -0.711440 0.493366 0.500443
vn -0.711440 0.493366 0.500443
vn -0.877590 0.081654 0.472407
vn -0.877590 0.081654 0.472407
vn -0.877590 0.081654 0.472407
vn -0.877590 0.081654 0.472407
vn 0.665631 -0.574803 -0.475959
vn 0.665631 -0.574803 -0.475959
vn -0.588268 0.693435 0.416039
vn -0.588268 0.693435 0.416039
vn -0.898303 0.019850 0.438928
vn -0.898303 0.019850 0.438929
vn -0.898303 0.019850 0.438928
vn -0.898303 0.019850 0.438928
vn 0.583998 -0.694844 -0.419688
vn 0.583998 -0.694844 -0.419688
vn -0.628664 0.634063 0.450272
vn -0.515983 0.784839 0.343204
vn -0.143441 -0.972718 0.182332
vn -0.143441 -0.972718 0.182332
vn -0.143441 -0.972718 0.182332
vn -0.143441 -0.972718 0.182332
vn 0.456221 -0.833255 -0.312328
vn 0.456221 -0.833255 -0.312328
vn 0.169913 0.977022 -0.128674
vn -0.797200 0.000000 0.603715
vn -0.797200 0.000000 0.603715
vn -0.797200 0.000000 0.603715
vn -0.797200 0.000000 0.603715
vn -0.334517 -0.907703 0.253327
vn -0.443811 -0.830706 0.336094
vn 0.000000 -1.000000 0.000001
vn 0.204756 -0.966453 -0.155060
vn 0.204756 -0.966453 -0.155060
vn 0.539091 -0.736690 -0.408251
vn 0.539091 -0.736690 -0.408251
vn 0.753787 -0.405803 -0.516846
vn 0.753787 -0.405803 -0.516846
vn -0.827467 0.491299 0.271890
vn -0.827461 0.491296 0.271912
vn -0.827359 0.491250 0.272307
vn -0.827359 0.491250 0.272307
vn -0.949312 0.057867 0.308963
vn -0.949312 0.057867 0.308962
vn -0.949312 0.057867 0.308963
vn -0.949312 0.057867 0.308962
vn 0.767392 -0.553111 -0.324311
vn 0.774257 -0.550512 -0.312191
vn 0.775541 -0.550007 -0.309884
vn 0.767392 -0.553111 -0.324310
vn -0.857287 0.441714 0.264475
vn -0.857197 0.441681 0.264822
vn -0.675826 0.701109 0.227388
vn -0.675860 0.701098 0.227323
vn -0.676186 0.700991 0.226679
vn -0.676186 0.700991 0.226679
vn -0.982242 -0.039065 0.183507
vn -0.982242 -0.039065 0.183507
vn -0.982242 -0.039065 0.183507
vn -0.982242 -0.039065 0.183507
vn 0.676183 -0.699278 -0.231922
vn 0.676242 -0.699516 -0.231028
vn 0.676248 -0.699540 -0.230939
vn 0.676183 -0.699278 -0.231922
vn -0.825423 0.494725 0.271891
vn -0.825383 0.494757 0.271954
vn -0.622805 0.752260 0.214985
vn -0.727964 0.624258 0.283496
vn -0.723999 0.630108 0.280696
vn -0.562470 0.807722 0.176671
vn -0.131103 -0.965164 0.226429
vn -0.131103 -0.965164 0.226429
vn -0.131103 -0.965164 0.226429
vn -0.131103 -0.965164 0.226429
vn 0.548180 -0.814641 -0.189364
vn 0.549370 -0.813630 -0.190263
vn 0.548983 -0.813959 -0.189970
vn 0.548180 -0.814641 -0.189364
vn -0.539941 0.824855 0.167563
vn -0.576503 0.794854 0.189346
vn -0.577638 0.794204 0.188610
vn -0.537358 0.828070 0.159833
vn -0.418459 0.903040 0.097016
vn -0.421543 0.903006 0.082953
vn 0.045180 0.995736 -0.080434
vn 0.083495 0.990498 -0.109280
vn 0.267729 0.953171 -0.140663
vn 0.275360 0.948719 -0.155274
vn 0.228697 0.966395 -0.117380
vn 0.230848 0.964479 -0.128411
vn -0.951690 -0.013162 0.306777
vn -0.951690 -0.013162 0.306777
vn -0.951690 -0.013162 0.306777
vn -0.951690 -0.013162 0.306777
vn -0.414944 -0.887925 0.198523
vn -0.388844 -0.903632 0.179580
vn -0.542294 -0.811437 0.217915
vn -0.545556 -0.806442 0.228079
vn 0.010800 -0.997595 0.068459
vn 0.013724 -0.996114 0.086992
vn 0.300072 -0.952164 -0.057801
vn 0.301282 -0.951811 -0.057316
vn 0.315692 -0.947462 -0.051521
vn 0.315692 -0.947462 -0.051521
vn 0.639337 -0.738945 -0.212624
vn 0.639342 -0.738942 -0.212619
vn 0.639411 -0.738906 -0.212535
vn 0.639411 -0.738906 -0.212535
vn 0.865759 -0.419320 -0.273189
vn 0.865771 -0.419274 -0.273222
vn 0.865562 -0.420087 -0.272635
vn 0.865561 -0.420087 -0.272635
vn -0.824396 0.499463 -0.266286
vn -0.824392 0.499468 -0.266289
vn -0.823903 0.500091 -0.266631
vn -0.823903 0.500091 -0.266631
vn -0.953858 0.027105 -0.299031
vn -0.953858 0.027105 -0.299031
vn -0.953858 0.027105 -0.299031
vn -0.953858 0.027105 -0.299031
vn 0.776083 -0.577940 0.252351
vn 0.776883 -0.577501 0.250888
vn 0.776896 -0.577494 0.250865
vn 0.776083 -0.577940 0.252351
vn -0.772161 0.583378 -0.251868
vn -0.851254 0.447178 -0.274588
vn -0.667947 0.710566 -0.221229
vn -0.666499 0.710703 -0.225122
vn -0.994257 0.106226 0.013034
vn -0.994257 0.106226 0.013034
vn -0.994257 0.106226 0.013034
vn -0.994257 0.106226 0.013034
vn 0.659197 -0.718457 0.221991
vn 0.660273 -0.717624 0.221482
vn 0.660179 -0.717698 0.221527
vn 0.659197 -0.718456 0.221991
vn -0.835975 0.474668 -0.275385
vn -0.835976 0.474672 -0.275373
vn -0.506996 0.843999 -0.174987
vn -0.649416 0.722626 -0.236793
vn -0.643090 0.724614 -0.247728
vn -0.482160 0.856129 -0.185917
vn -0.382494 -0.908625 -0.167629
vn -0.382494 -0.908625 -0.167629
vn -0.382494 -0.908625 -0.167629
vn -0.382494 -0.908625 -0.167629
vn 0.406652 -0.899850 0.157808
vn 0.416897 -0.896790 0.148204
vn 0.415949 -0.897082 0.149097
vn 0.406652 -0.899850 0.157808
vn -0.536342 0.828803 -0.159448
vn -0.572151 0.798106 -0.188864
vn -0.427575 0.900850 -0.075162
vn 0.038694 0.993521 0.106863
vn 0.261205 0.952379 0.157310
vn 0.227487 0.964496 0.134150
vn 0.234371 0.968140 0.088179
vn -0.949221 -0.002917 -0.314597
vn -0.949221 -0.002917 -0.314597
vn -0.949221 -0.002917 -0.314597
vn -0.949221 -0.002917 -0.314597
vn -0.384406 -0.911199 -0.148151
vn -0.386387 -0.901288 -0.195920
vn -0.536469 -0.812953 -0.226511
vn -0.531182 -0.826000 -0.188600
vn 0.016711 -0.995014 -0.098322
vn 0.002971 -0.999336 -0.036308
vn 0.309113 -0.950237 0.038710
vn 0.309600 -0.950088 0.038466
vn 0.262689 -0.962911 0.061617
vn 0.262690 -0.962911 0.061617
vn 0.636731 -0.740565 0.214796
vn 0.636640 -0.740637 0.214817
vn 0.634793 -0.742101 0.215231
vn 0.634793 -0.742101 0.215231
vn 0.867321 -0.410685 0.281234
vn 0.867337 -0.410696 0.281168
vn 0.866674 -0.410237 0.283868
vn 0.866674 -0.410237 0.283868
vn -0.910550 0.001458 0.413396
vn -0.910550 0.001458 0.413396
vn -0.910550 0.001458 0.413396
vn -0.910550 0.001458 0.413396
vn -0.147801 -0.961868 0.230143
vn -0.147801 -0.961868 0.230143
vn -0.147801 -0.961868 0.230143
vn -0.147801 -0.961868 0.230143
vn -0.948711 0.000000 0.316144
vn -0.948711 0.000000 0.316144
vn -0.948711 0.000000 0.316144
vn -0.948711 0.000000 0.316144
vn -0.138959 -0.989509 -0.039529
vn -0.164615 -0.985667 -0.036925
vn -0.074830 -0.996306 -0.042140
vn -0.956701 -0.022109 -0.290233
vn -0.956701 -0.022109 -0.290233
vn -0.956701 -0.022109 -0.290233
vn -0.956701 -0.022109 -0.290233
vn -0.353816 -0.915155 -0.193148
vn -0.353816 -0.915155 -0.193148
vn -0.353816 -0.915155 -0.193148
vn -0.353816 -0.915155 -0.193148
vn -0.902424 -0.020897 -0.430343
vn -0.902424 -0.020897 -0.430343
vn -0.902424 -0.020897 -0.430343
vn -0.902424 -0.020897 -0.430343
vn -0.955506 0.024972 -0.293914
vn -0.955506 0.024972 -0.293914
vn -0.955506 0.024972 -0.293914
vn -0.955506 0.024972 -0.293914
vn -0.918822 0.235282 -0.316874
vn -0.918822 0.235282 -0.316874
vn -0.938092 0.189911 0.289687
vn -0.938091 0.189911 0.289687
vn -0.945106 0.056439 0.321852
vn -0.945106 0.056439 0.321852
vn -0.945106 0.056439 0.321852
vn -0.945106 0.056439 0.321852
vn -0.485258 0.499579 -0.717597
vn -0.485258 0.499579 -0.717597
vn -0.498428 -0.004422 -0.866920
vn -0.498428 -0.004422 -0.866920
vn -0.498428 -0.004422 -0.866920
vn -0.498428 -0.004422 -0.866920
vn 0.455852 -0.573328 0.680804
vn 0.455852 -0.573328 0.680804
vn -0.552055 0.428811 -0.715092
vn -0.552055 0.428811 -0.715092
vn -0.432012 0.705571 -0.561725
vn -0.432012 0.705571 -0.561725
vn -0.804295 0.034225 -0.593244
vn -0.804295 0.034225 -0.593244
vn -0.804295 0.034225 -0.593244
vn -0.804295 0.034225 -0.593244
vn 0.406093 -0.703335 0.583445
vn 0.406093 -0.703335 0.583445
vn 0.406093 -0.703335 0.583445
vn 0.406093 -0.703335 0.583445
vn -0.501350 0.694602 -0.515922
vn -0.405989 0.831307 -0.379607
vn -0.356379 -0.752549 -0.553773
vn -0.356379 -0.752549 -0.553773
vn -0.356379 -0.752549 -0.553773
vn -0.356379 -0.752549 -0.553773
vn 0.348113 -0.868737 0.352298
vn 0.283458 -0.927066 0.245357
vn 0.104004 0.958354 0.265972
vn -0.610345 -0.009118 -0.792083
vn -0.610345 -0.009118 -0.792083
vn -0.610345 -0.009118 -0.792083
vn -0.610345 -0.009118 -0.792083
vn -0.168997 -0.906170 -0.387680
vn -0.277946 -0.825784 -0.490742
vn 0.127621 -0.988830 -0.076992
vn 0.243179 -0.954196 0.174282
vn 0.243179 -0.954196 0.174282
vn 0.418854 -0.744253 0.520240
vn 0.418854 -0.744253 0.520240
vn 0.519090 -0.487244 0.702238
vn 0.519090 -0.487244 0.702238
vn 0.519090 -0.487244 0.702238
vn 0.519090 -0.487244 0.702238
vn 0.506349 -0.637696 -0.580478
vn 0.506349 -0.637696 -0.580478
vn 0.506349 -0.637696 -0.580478
vn 0.506349 -0.637696 -0.580478
vn 0.767774 -0.018651 0.640449
vn 0.767774 -0.018651 0.640449
vn 0.731458 0.004168 0.681874
vn 0.448112 0.144623 0.882201
vn -0.524963 0.630559 0.571673
vn -0.524963 0.630559 0.571673
vn -0.524963 0.630559 0.571673
vn -0.524963 0.630559 0.571673
vn -0.458551 -0.099829 -0.883043
vn -0.644508 -0.040853 -0.763505
vn -0.656348 -0.028559 -0.753918
vn -0.656348 -0.028559 -0.753918
vn -0.574583 -0.057490 -0.816424
vn -0.648621 -0.031426 -0.760462
vn 0.572470 -0.705730 -0.417400
vn 0.572470 -0.705730 -0.417400
vn 0.572470 -0.705730 -0.417400
vn 0.572470 -0.705730 -0.417400
vn 0.642599 0.017701 0.765998
vn 0.543430 0.031798 0.838852
vn -0.590519 0.685149 0.426448
vn -0.590519 0.685149 0.426448
vn -0.590519 0.685149 0.426448
vn -0.590519 0.685149 0.426448
vn 0.200753 -0.736681 -0.645755
vn 0.200753 -0.736681 -0.645755
vn 0.200753 -0.736681 -0.645755
vn 0.200753 -0.736681 -0.645755
vn 0.905792 -0.001423 0.423721
vn 0.905791 -0.001423 0.423721
vn 0.904235 -0.001640 0.427032
vn 0.883933 -0.004335 0.467593
vn -0.209581 0.717537 0.664241
vn -0.209581 0.717537 0.664241
vn -0.209581 0.717537 0.664241
vn -0.209581 0.717537 0.664241
vn -0.952541 -0.040526 -0.301699
vn -0.928976 -0.043436 -0.367584
vn -0.217805 -0.669931 -0.709756
vn -0.217805 -0.669931 -0.709756
vn -0.217805 -0.669931 -0.709756
vn -0.217805 -0.669931 -0.709756
vn 0.888926 -0.009349 -0.457955
vn 0.888926 -0.009349 -0.457955
vn 0.884832 -0.004185 -0.465891
vn 0.857298 0.027896 -0.514064
vn 0.221164 0.650985 0.726157
vn 0.221164 0.650985 0.726157
vn 0.221164 0.650985 0.726157
vn 0.221164 0.650985 0.726157
vn -0.935318 0.105159 0.337821
vn -0.972088 0.080075 0.220529
vn -0.434038 -0.688721 -0.580754
vn -0.434038 -0.688721 -0.580754
vn -0.434038 -0.688721 -0.580754
vn -0.434038 -0.688721 -0.580754
vn 0.813680 -0.092882 -0.573844
vn 0.836805 -0.099968 -0.538298
vn 0.445165 0.666764 0.597707
vn 0.445165 0.666764 0.597707
vn 0.445165 0.666764 0.597707
vn 0.445165 0.666764 0.597707
vn -0.708195 0.050778 0.704188
vn -0.770846 0.051171 0.634962
vn -0.606039 -0.661687 -0.441460
vn -0.606039 -0.661687 -0.441460
vn -0.606039 -0.661687 -0.441460
vn -0.606039 -0.661687 -0.441460
vn 0.757855 -0.130713 -0.639194
vn 0.757855 -0.130713 -0.639194
vn 0.756175 -0.136813 -0.639908
vn 0.743585 -0.179252 -0.644166
vn 0.618753 0.640303 0.455145
vn 0.618753 0.640303 0.455145
vn 0.618753 0.640303 0.455145
vn 0.618753 0.640303 0.455145
vn -0.754987 0.181382 0.630155
vn -0.772078 0.135099 0.621002
vn -0.253867 -0.035707 -0.966580
vn -0.253867 -0.035707 -0.966580
vn -0.242755 -0.038834 -0.969310
vn -0.252747 -0.036023 -0.966862
vn 0.734683 -0.656741 0.170096
vn 0.734683 -0.656741 0.170096
vn 0.734683 -0.656741 0.170096
vn 0.734683 -0.656741 0.170096
vn 0.264552 0.046277 0.963260
vn 0.211675 0.077543 0.974259
vn -0.704061 0.666222 0.245858
vn -0.704061 0.666222 0.245858
vn -0.704061 0.666222 0.245858
vn -0.704061 0.666222 0.245858
vn -0.738004 -0.623725 -0.257521
vn -0.738004 -0.623725 -0.257521
vn -0.738004 -0.623725 -0.257521
vn -0.738004 -0.623725 -0.257521
vn 0.239429 0.100087 -0.965741
vn 0.287834 0.133329 -0.948354
vn 0.753594 0.602055 0.263866
vn 0.753594 0.602055 0.263866
vn 0.753594 0.602055 0.263866
vn 0.753594 0.602055 0.263866
vn -0.334129 0.011353 0.942459
vn -0.356928 0.014030 0.934027
vn 0.318194 -0.034320 -0.947404
vn 0.318194 -0.034320 -0.947404
vn 0.383471 -0.044937 -0.922459
vn 0.326026 -0.035590 -0.944691
vn 0.699687 -0.689517 0.187093
vn 0.699687 -0.689517 0.187093
vn 0.699687 -0.689517 0.187093
vn 0.699687 -0.689517 0.187093
vn -0.298228 0.042685 0.953540
vn -0.443052 0.065936 0.894068
vn -0.718285 0.668113 -0.194144
vn -0.718285 0.668113 -0.194144
vn -0.718285 0.668113 -0.194144
vn -0.718285 0.668113 -0.194144
vn -0.730286 -0.652125 0.203509
vn -0.730286 -0.652125 0.203509
vn -0.730286 -0.652125 0.203509
vn -0.730286 -0.652125 0.203509
vn -0.179242 0.026815 -0.983439
vn -0.179242 0.026815 -0.983439
vn -0.174381 0.026688 -0.984316
vn -0.106184 0.024861 -0.994036
vn 0.748412 0.629420 -0.209067
vn 0.748412 0.629420 -0.209067
vn 0.748412 0.629420 -0.209067
vn 0.748412 0.629420 -0.209067
vn 0.227104 -0.075979 0.970902
vn 0.195684 -0.069807 0.978179
vn 0.936782 0.061051 -0.344547
vn 0.936782 0.061051 -0.344547
vn 0.933343 0.119344 -0.338568
vn 0.936690 0.063863 -0.344286
vn 0.406041 -0.684753 0.605181
vn 0.406041 -0.684753 0.605181
vn 0.406041 -0.684753 0.605181
vn 0.406041 -0.684753 0.605181
vn -0.932515 -0.077344 0.352752
vn -0.940037 -0.129590 0.315495
vn -0.416627 0.662928 -0.622052
vn -0.416627 0.662928 -0.622052
vn -0.416627 0.662928 -0.622052
vn -0.416627 0.662928 -0.622052
vn 0.581292 -0.660652 0.475015
vn 0.581292 -0.660652 0.475015
vn 0.581292 -0.660652 0.475015
vn 0.581292 -0.660652 0.475015
vn -0.561152 0.069150 0.824819
vn -0.619511 0.095077 0.779209
vn -0.596398 0.639844 -0.484674
vn -0.596398 0.639844 -0.484674
vn -0.596398 0.639844 -0.484674
vn -0.596398 0.639844 -0.484674
vn 0.829170 0.189738 -0.525810
vn 0.803190 0.124587 -0.582550
vn 0.135364 -0.674429 0.725825
vn 0.135364 -0.674429 0.725825
vn 0.135364 -0.674429 0.725825
vn 0.135364 -0.674429 0.725825
vn -0.944239 0.056303 0.324410
vn -0.954008 0.055355 0.294627
vn -0.141722 0.652051 -0.744811
vn -0.141722 0.652051 -0.744811
vn -0.141722 0.652051 -0.744811
vn -0.141722 0.652051 -0.744811
vn 0.926081 -0.062745 -0.372072
vn 0.960075 -0.071563 -0.270433
vn -0.267738 -0.663125 0.698987
vn -0.267738 -0.663125 0.698987
vn -0.267738 -0.663125 0.698987
vn -0.267738 -0.663125 0.698987
vn -0.953681 0.002432 -0.300811
vn -0.824817 0.011171 -0.565289
vn 0.275735 0.639867 -0.717315
vn 0.275735 0.639867 -0.717315
vn 0.275735 0.639867 -0.717315
vn 0.275735 0.639867 -0.717315
vn 0.929422 -0.062348 0.363713
vn 0.923004 -0.065139 0.379238
vn -0.669406 -0.594141 0.445972
vn -0.669407 -0.594141 0.445972
vn -0.669406 -0.594141 0.445972
vn -0.669406 -0.594141 0.445972
vn -0.670779 0.207097 -0.712156
vn -0.683203 0.273424 -0.677106
vn 0.681474 0.573749 -0.454319
vn 0.681474 0.573749 -0.454319
vn 0.681474 0.573749 -0.454319
vn 0.681474 0.573749 -0.454319
vn 0.501769 0.012104 0.864917
vn 0.501805 -0.003892 0.864972
vn 0.941138 -0.140036 0.307651
vn 0.941138 -0.140036 0.307651
vn 0.923679 -0.208289 0.321609
vn 0.940421 -0.143284 0.308348
vn -0.506760 -0.646328 0.570487
vn -0.506760 -0.646328 0.570487
vn -0.506760 -0.646328 0.570487
vn -0.506760 -0.646328 0.570487
vn -0.937957 0.103412 -0.330973
vn -0.900622 0.160274 -0.403969
vn 0.518231 0.623639 -0.585244
vn 0.518231 0.623639 -0.585244
vn 0.518231 0.623639 -0.585244
vn 0.518231 0.623639 -0.585244
vn -0.520186 -0.639328 0.566275
vn -0.520186 -0.639328 0.566275
vn -0.520186 -0.639328 0.566275
vn -0.520186 -0.639328 0.566275
vn -0.900127 0.167722 -0.402046
vn -0.900127 0.167722 -0.402046
vn -0.900820 0.171013 -0.399095
vn -0.910351 0.230897 -0.343436
vn 0.531124 0.616836 -0.580879
vn 0.531124 0.616836 -0.580879
vn 0.531124 0.616836 -0.580879
vn 0.531124 0.616836 -0.580879
vn 0.916122 -0.245313 0.317084
vn 0.882041 -0.191390 0.430551
vn 0.179244 -0.026814 0.983439
vn 0.179244 -0.026814 0.983439
vn 0.142252 -0.008575 0.989793
vn 0.176669 -0.025540 0.983939
vn -0.727585 -0.642963 0.239204
vn -0.727585 -0.642963 0.239204
vn -0.727585 -0.642963 0.239204
vn -0.727585 -0.642963 0.239204
vn -0.192308 -0.018868 -0.981153
vn -0.057087 -0.049410 -0.997146
vn 0.745319 0.620374 -0.244206
vn 0.745319 0.620374 -0.244206
vn 0.745319 0.620374 -0.244206
vn 0.745319 0.620374 -0.244206
vn -0.514845 0.093504 0.852169
vn -0.514845 0.093504 0.852169
vn -0.612307 0.115751 0.782101
vn -0.538589 0.098891 0.836745
vn -0.621575 -0.639584 -0.452302
vn -0.621575 -0.639584 -0.452302
vn -0.621575 -0.639584 -0.452302
vn -0.621575 -0.639584 -0.452302
vn 0.504790 -0.073953 -0.860069
vn 0.588869 -0.082159 -0.804042
vn 0.634360 0.618326 0.463961
vn 0.634360 0.618326 0.463961
vn 0.634360 0.618326 0.463961
vn 0.634360 0.618326 0.463961
vn -0.711815 0.131335 0.689979
vn -0.711815 0.131335 0.689979
vn -0.728955 0.173427 0.662229
vn -0.714288 0.137138 0.686284
vn -0.625346 -0.640229 -0.446150
vn -0.625346 -0.640229 -0.446150
vn -0.625346 -0.640229 -0.446150
vn -0.625346 -0.640229 -0.446150
vn 0.612694 -0.100216 -0.783940
vn 0.612695 -0.100216 -0.783940
vn 0.624983 -0.106026 -0.773404
vn 0.667637 -0.126653 -0.733634
vn 0.638211 0.618444 0.458492
vn 0.638211 0.618444 0.458492
vn 0.638211 0.618444 0.458492
vn 0.638211 0.618444 0.458492
vn -0.888926 0.009349 0.457955
vn -0.888926 0.009349 0.457955
vn -0.777439 0.013426 0.628815
vn -0.877215 0.009871 0.479996
vn -0.219558 -0.672897 -0.706402
vn -0.219558 -0.672897 -0.706402
vn -0.219558 -0.672897 -0.706402
vn -0.219558 -0.672897 -0.706402
vn 0.853453 -0.006052 -0.521135
vn 0.767516 0.001518 -0.641028
vn 0.224860 0.652728 0.723453
vn 0.224860 0.652728 0.723453
vn 0.224860 0.652728 0.723453
vn 0.224860 0.652728 0.723453
vn -0.930564 0.019969 -0.365584
vn -0.930564 0.019969 -0.365584
vn -0.886921 0.013268 -0.461731
vn -0.927511 0.019450 -0.373290
vn 0.180023 -0.725732 -0.664006
vn 0.180023 -0.725732 -0.664006
vn 0.180023 -0.725732 -0.664006
vn 0.180023 -0.725732 -0.664006
vn 0.922204 -0.037158 0.384913
vn 0.861519 -0.035024 0.506516
vn -0.190642 0.706305 0.681754
vn -0.190642 0.706305 0.681754
vn -0.190642 0.706305 0.681754
vn -0.190642 0.706305 0.681754
vn -0.767758 0.018637 -0.640469
vn -0.767758 0.018637 -0.640469
vn -0.741186 -0.058781 -0.668721
vn -0.764797 0.009110 -0.644207
vn 0.518966 -0.632326 -0.575186
vn 0.518966 -0.632326 -0.575186
vn 0.518966 -0.632326 -0.575186
vn 0.518965 -0.632326 -0.575186
vn 0.753170 0.199917 0.626712
vn 0.835088 0.187544 0.517160
vn -0.508810 0.628008 0.588827
vn -0.508810 0.628008 0.588827
vn -0.508810 0.628008 0.588827
vn -0.508810 0.628008 0.588827
vn 0.591982 -0.696549 -0.405434
vn 0.591982 -0.696549 -0.405434
vn 0.591982 -0.696549 -0.405434
vn 0.591982 -0.696549 -0.405434
vn 0.581251 0.043932 0.812538
vn 0.581251 0.043932 0.812538
vn 0.579187 0.045506 0.813923
vn 0.560100 0.059870 0.826259
vn -0.608762 0.675434 0.416171
vn -0.608762 0.675434 0.416171
vn -0.608762 0.675434 0.416171
vn -0.608762 0.675434 0.416171
vn -0.543086 -0.073596 -0.836446
vn -0.528301 -0.049429 -0.847617
vn 0.636292 -0.706230 -0.310437
vn 0.636292 -0.706230 -0.310437
vn 0.636292 -0.706230 -0.310437
vn 0.636292 -0.706230 -0.310437
vn 0.228141 0.036671 0.972937
vn 0.228141 0.036671 0.972937
vn 0.225568 0.038086 0.973483
vn 0.203591 0.050120 0.977772
vn -0.706073 0.666214 0.240042
vn -0.706073 0.666214 0.240042
vn -0.706073 0.666214 0.240042
vn -0.706073 0.666214 0.240042
vn -0.306795 -0.058080 -0.950002
vn -0.244461 -0.053317 -0.968192
vn 0.680527 -0.695164 0.231581
vn 0.680527 -0.695164 0.231581
vn 0.680527 -0.695164 0.231582
vn 0.680527 -0.695164 0.231581
vn -0.388423 0.063524 0.919289
vn -0.388423 0.063524 0.919289
vn -0.379791 0.064482 0.922822
vn -0.314244 0.071458 0.946649
vn -0.700145 0.673684 -0.236529
vn -0.700145 0.673684 -0.236529
vn -0.700145 0.673684 -0.236529
vn -0.700145 0.673684 -0.236529
vn 0.274295 -0.093832 -0.957057
vn 0.378413 -0.082980 -0.921910
vn 0.352281 -0.058121 -0.934088
vn 0.352281 -0.058121 -0.934088
vn 0.312691 -0.067466 -0.947456
vn 0.347910 -0.059165 -0.935659
vn 0.675908 -0.704521 0.216330
vn 0.675908 -0.704521 0.216330
vn 0.675908 -0.704521 0.216330
vn 0.675908 -0.704521 0.216330
vn -0.363981 0.033949 0.930787
vn -0.363981 0.033949 0.930787
vn -0.365458 0.034056 0.930205
vn -0.377115 0.034900 0.925508
vn -0.694974 0.683850 -0.222171
vn -0.694974 0.683850 -0.222171
vn -0.694974 0.683850 -0.222171
vn -0.694974 0.683850 -0.222171
vn -0.228140 -0.036671 -0.972937
vn -0.228140 -0.036671 -0.972937
vn -0.206215 -0.056422 -0.976879
vn -0.226097 -0.038520 -0.973343
vn 0.639135 -0.735222 -0.225731
vn 0.639135 -0.735222 -0.225731
vn 0.639135 -0.735222 -0.225731
vn 0.639135 -0.735222 -0.225731
vn 0.253867 0.035707 0.966580
vn 0.253867 0.035707 0.966580
vn 0.249751 0.037006 0.967603
vn 0.210570 0.049258 0.976337
vn -0.705622 0.666560 0.240405
vn -0.705622 0.666560 0.240405
vn -0.705623 0.666560 0.240405
vn -0.705622 0.666560 0.240405
vn 0.394500 -0.684787 0.612728
vn 0.394500 -0.684787 0.612728
vn 0.394500 -0.684787 0.612728
vn 0.394500 -0.684787 0.612728
vn -0.936781 -0.061055 0.344549
vn -0.936781 -0.061055 0.344549
vn -0.937203 -0.063564 0.342944
vn -0.943882 -0.113890 0.310026
vn -0.407424 0.662440 -0.628633
vn -0.407424 0.662440 -0.628633
vn -0.407424 0.662440 -0.628633
vn -0.407424 0.662440 -0.628633
vn 0.909167 0.050010 -0.413417
vn 0.939303 -0.001062 -0.343088
vn 0.398583 -0.828285 -0.393796
vn 0.398583 -0.828285 -0.393796
vn 0.398583 -0.828285 -0.393796
vn 0.398583 -0.828285 -0.393796
vn 0.700985 0.018787 0.712928
vn 0.700985 0.018787 0.712928
vn 0.700985 0.018787 0.712928
vn 0.700985 0.018787 0.712928
vn -0.417413 0.807818 0.416168
vn -0.417413 0.807818 0.416168
vn -0.417413 0.807818 0.416168
vn -0.417413 0.807818 0.416168
vn -0.706258 -0.020556 -0.707657
vn -0.706258 -0.020556 -0.707656
vn 0.312891 -0.786622 -0.532283
vn 0.312891 -0.786622 -0.532283
vn 0.312891 -0.786622 -0.532283
vn 0.312891 -0.786622 -0.532283
vn 0.867586 0.229908 0.440949
vn 0.867586 0.229908 0.440949
vn 0.867586 0.229908 0.440949
vn 0.867586 0.229908 0.440949
vn -0.360425 0.746947 0.558716
vn -0.360425 0.746947 0.558716
vn -0.360425 0.746947 0.558716
vn -0.360425 0.746947 0.558716
vn -0.943482 -0.007014 -0.331350
vn -0.943482 -0.007014 -0.331350
vn -0.086456 -0.731229 -0.676631
vn -0.086456 -0.731229 -0.676631
vn -0.086456 -0.731229 -0.676631
vn -0.086456 -0.731229 -0.676631
vn 0.888117 0.073441 -0.453713
vn 0.888117 0.073441 -0.453713
vn 0.888117 0.073441 -0.453713
vn 0.888117 0.073441 -0.453713
vn 0.092149 0.711288 0.696834
vn 0.092149 0.711288 0.696834
vn 0.092149 0.711288 0.696834
vn 0.092149 0.711288 0.696834
vn -0.865240 -0.077090 0.495396
vn -0.865240 -0.077090 0.495396
vn -0.865240 -0.077090 0.495396
vn -0.865240 -0.077090 0.495396
vn -0.402364 -0.798082 -0.448518
vn -0.402364 -0.798082 -0.448518
vn -0.402364 -0.798082 -0.448518
vn -0.402364 -0.798082 -0.448518
vn 0.775904 0.018198 -0.630588
vn 0.775904 0.018198 -0.630588
vn 0.419545 0.767255 0.485080
vn 0.419545 0.767255 0.485080
vn 0.419545 0.767255 0.485080
vn 0.419545 0.767255 0.485080
vn -0.686274 -0.039435 0.726274
vn -0.686274 -0.039435 0.726274
vn -0.138645 0.765225 -0.628656
vn -0.138645 0.765225 -0.628656
vn -0.138645 0.765225 -0.628656
vn -0.138645 0.765225 -0.628656
vn 0.747929 -0.090272 -0.657611
vn 0.747929 -0.090272 -0.657611
vn 0.747929 -0.090272 -0.657611
vn 0.747929 -0.090272 -0.657611
vn 0.123380 -0.788131 0.603014
vn 0.123380 -0.788131 0.603014
vn 0.123380 -0.788131 0.603014
vn 0.123380 -0.788131 0.603014
vn -0.766837 0.080539 0.636768
vn -0.766837 0.080539 0.636768
vn 0.014902 0.737955 -0.674685
vn 0.014902 0.737955 -0.674685
vn 0.014902 0.737955 -0.674685
vn 0.014902 0.737955 -0.674685
vn 0.870415 -0.064621 -0.488059
vn 0.870415 -0.064621 -0.488059
vn 0.870415 -0.064621 -0.488059
vn 0.870415 -0.064621 -0.488059
vn -0.020205 -0.764189 0.644676
vn -0.020205 -0.764189 0.644676
vn -0.020205 -0.764189 0.644676
vn -0.020205 -0.764189 0.644676
vn -0.890110 0.069109 0.450475
vn -0.890110 0.069109 0.450475
vn -0.048341 0.799217 -0.599095
vn -0.048341 0.799217 -0.599095
vn -0.048341 0.799217 -0.599095
vn -0.048341 0.799217 -0.599095
vn 0.987133 0.052797 0.150934
vn 0.987133 0.052797 0.150934
vn 0.987133 0.052797 0.150934
vn 0.987133 0.052797 0.150934
vn 0.054254 -0.821165 0.568106
vn 0.054254 -0.821165 0.568106
vn -0.989091 -0.050408 -0.138409
vn -0.989092 -0.050408 -0.138409
vn 0.445201 0.801945 -0.398347
vn 0.445201 0.801945 -0.398347
vn 0.445201 0.801945 -0.398347
vn 0.445201 0.801945 -0.398347
vn 0.915901 -0.048518 0.398461
vn 0.915901 -0.048518 0.398461
vn 0.915901 -0.048518 0.398461
vn 0.915901 -0.048518 0.398461
vn -0.425799 -0.822982 0.376026
vn -0.425799 -0.822982 0.376026
vn -0.425799 -0.822982 0.376026
vn -0.425799 -0.822982 0.376026
vn -0.842926 0.037887 -0.536694
vn -0.842926 0.037887 -0.536694
vn -0.607531 -0.784947 0.121505
vn -0.607531 -0.784947 0.121505
vn -0.607531 -0.784947 0.121505
vn -0.607531 -0.784947 0.121505
vn -0.687015 0.054730 -0.724579
vn -0.687015 0.054730 -0.724579
vn 0.636699 0.758780 -0.137355
vn 0.636699 0.758780 -0.137355
vn 0.636699 0.758780 -0.137355
vn 0.636699 0.758780 -0.137355
vn 0.821618 -0.038745 0.568720
vn 0.821618 -0.038745 0.568720
vn -0.550510 -0.834683 -0.015601
vn -0.550510 -0.834683 -0.015601
vn -0.550510 -0.834683 -0.015601
vn -0.550510 -0.834683 -0.015601
vn -0.296008 0.048043 -0.953977
vn -0.296008 0.048043 -0.953977
vn -0.296008 0.048043 -0.953977
vn -0.296008 0.048043 -0.953977
vn 0.581616 0.813396 0.010484
vn 0.581616 0.813396 0.010484
vn 0.581616 0.813396 0.010484
vn 0.581616 0.813396 0.010484
vn 0.316366 -0.040802 0.947759
vn 0.316366 -0.040802 0.947759
vn 0.316366 -0.040802 0.947759
vn 0.316366 -0.040802 0.947759
vn -0.539262 -0.839733 -0.063607
vn -0.539262 -0.839733 -0.063607
vn -0.539262 -0.839733 -0.063607
vn -0.539262 -0.839733 -0.063607
vn 0.323205 -0.039960 -0.945485
vn 0.323205 -0.039960 -0.945485
vn 0.323205 -0.039960 -0.945485
vn 0.323205 -0.039960 -0.945485
vn 0.569479 0.819307 0.066562
vn 0.569479 0.819307 0.066562
vn 0.569479 0.819307 0.066562
vn 0.569479 0.819307 0.066562
vn -0.255676 0.050445 0.965446
vn -0.255676 0.050445 0.965446
vn -0.404012 -0.824345 -0.396523
vn -0.404012 -0.824345 -0.396523
vn -0.404012 -0.824345 -0.396523
vn -0.404012 -0.824345 -0.396523
vn 0.681306 0.036739 -0.731076
vn 0.681306 0.036739 -0.731076
vn 0.681306 0.036739 -0.731077
vn 0.681306 0.036739 -0.731076
vn 0.428161 0.803164 0.414253
vn 0.428161 0.803164 0.414253
vn 0.428161 0.803164 0.414253
vn 0.428161 0.803164 0.414253
vn -0.672652 -0.041569 0.738791
vn -0.672652 -0.041569 0.738791
vn 0.521971 -0.817307 0.244040
vn 0.521971 -0.817307 0.244040
vn 0.521971 -0.817307 0.244040
vn 0.521971 -0.817307 0.244040
vn -0.572082 0.026591 0.819765
vn -0.572082 0.026591 0.819765
vn -0.548583 0.794137 -0.261542
vn -0.548583 0.794137 -0.261542
vn -0.548583 0.794137 -0.261542
vn -0.548583 0.794137 -0.261542
vn 0.572452 -0.015735 -0.819788
vn 0.572452 -0.015735 -0.819788
vn 0.274592 -0.064968 -0.959364
vn 0.274592 -0.064968 -0.959364
vn 0.274592 -0.064968 -0.959364
vn 0.274592 -0.064968 -0.959364
vn 0.505773 -0.820904 0.265159
vn 0.505773 -0.820904 0.265159
vn 0.505773 -0.820904 0.265159
vn 0.505773 -0.820904 0.265159
vn -0.292028 0.057033 0.954708
vn -0.292028 0.057033 0.954708
vn -0.292028 0.057033 0.954708
vn -0.292028 0.057033 0.954708
vn -0.533583 0.799342 -0.276299
vn -0.533583 0.799342 -0.276299
vn -0.533583 0.799342 -0.276299
vn -0.533584 0.799342 -0.276299
vn -0.491319 0.032502 -0.870373
vn -0.491319 0.032502 -0.870373
vn -0.491319 0.032502 -0.870373
vn -0.491319 0.032502 -0.870373
vn 0.468002 -0.830471 -0.302145
vn 0.468002 -0.830471 -0.302145
vn 0.468002 -0.830471 -0.302145
vn 0.468002 -0.830471 -0.302145
vn 0.492734 -0.034116 0.869511
vn 0.492734 -0.034116 0.869511
vn -0.496099 0.809333 0.314429
vn -0.496099 0.809333 0.314429
vn -0.496099 0.809333 0.314429
vn -0.496099 0.809333 0.314429
vn -0.626217 0.034021 -0.778906
vn -0.626217 0.034021 -0.778906
vn -0.626217 0.034021 -0.778906
vn -0.626217 0.034021 -0.778906
vn 0.369691 -0.832261 -0.413123
vn 0.369691 -0.832261 -0.413123
vn 0.369691 -0.832261 -0.413123
vn 0.369691 -0.832261 -0.413123
vn 0.626180 -0.043903 0.778441
vn 0.626180 -0.043903 0.778441
vn -0.392695 0.812334 0.431166
vn -0.392695 0.812334 0.431166
vn -0.392695 0.812334 0.431166
vn -0.392695 0.812334 0.431166
vn -0.147201 -0.982805 0.111475
vn -0.147201 -0.982805 0.111475
vn -0.147201 -0.982805 0.111475
vn -0.147201 -0.982805 0.111475
vn 0.519210 -0.005982 0.854626
vn 0.519210 -0.005982 0.854626
vn 0.519210 -0.005982 0.854626
vn 0.519210 -0.005982 0.854626
vn -0.315228 0.917353 0.243093
vn -0.315228 0.917353 0.243093
vn -0.315228 0.917353 0.243093
vn -0.315228 0.917353 0.243093
vn -0.504027 0.166425 -0.847502
vn -0.504027 0.166425 -0.847502
vn -0.504027 0.166425 -0.847502
vn -0.504027 0.166425 -0.847502
vn -0.102118 -0.986212 -0.130226
vn -0.102118 -0.986212 -0.130226
vn -0.102118 -0.986211 -0.130226
vn -0.102118 -0.986211 -0.130226
vn -0.802856 0.083655 0.590274
vn -0.802856 0.083655 0.590274
vn -0.802856 0.083655 0.590274
vn -0.802856 0.083655 0.590274
vn -0.225280 0.922629 -0.313056
vn -0.225280 0.922629 -0.313056
vn -0.225280 0.922629 -0.313056
vn -0.225280 0.922629 -0.313056
vn 0.789556 0.062461 -0.610492
vn 0.789556 0.062461 -0.610492
vn 0.789556 0.062461 -0.610492
vn 0.789556 0.062461 -0.610492
vn 0.990432 -0.079393 0.112878
vn 0.990432 -0.079393 0.112878
vn 0.990432 -0.079393 0.112878
vn 0.990432 -0.079393 0.112878
vn 0.052874 -0.987148 -0.150811
vn 0.052874 -0.987148 -0.150811
vn 0.052874 -0.987148 -0.150811
vn 0.052874 -0.987148 -0.150811
vn -0.964275 0.236486 -0.119364
vn -0.964275 0.236486 -0.119364
vn -0.964275 0.236486 -0.119364
vn -0.964275 0.236486 -0.119364
vn 0.189542 0.922603 -0.335971
vn 0.189542 0.922603 -0.335971
vn 0.189542 0.922603 -0.335971
vn 0.189542 0.922603 -0.335971
vn 0.213417 0.742121 -0.635381
vn 0.213417 0.742121 -0.635381
vn 0.213417 0.742121 -0.635381
vn 0.213417 0.742121 -0.635381
vn 0.948281 0.051202 0.313275
vn 0.948281 0.051202 0.313275
vn 0.948281 0.051202 0.313275
vn 0.948281 0.051202 0.313275
vn -0.261573 -0.737096 0.623113
vn -0.261573 -0.737096 0.623113
vn -0.261573 -0.737096 0.623113
vn -0.261573 -0.737096 0.623113
vn -0.955680 0.021423 -0.293628
vn -0.955680 0.021423 -0.293628
vn -0.952975 0.062557 0.296522
vn -0.952975 0.062557 0.296522
vn -0.952975 0.062557 0.296522
vn -0.952975 0.062557 0.296522
vn -0.061352 0.795851 -0.602377
vn -0.061352 0.795851 -0.602377
vn -0.061352 0.795851 -0.602377
vn -0.061352 0.795851 -0.602377
vn 0.947002 -0.051303 -0.317106
vn 0.947002 -0.051303 -0.317106
vn 0.055795 -0.816890 0.574088
vn 0.055795 -0.816890 0.574088
vn 0.055795 -0.816890 0.574088
vn 0.055795 -0.816890 0.574088
vn -0.909789 -0.017819 -0.414689
vn -0.909789 -0.017819 -0.414689
vn -0.909789 -0.017819 -0.414689
vn -0.909789 -0.017819 -0.414689
vn 0.030638 0.808439 -0.587783
vn 0.030638 0.808439 -0.587783
vn 0.030638 0.808439 -0.587783
vn 0.030638 0.808439 -0.587783
vn 0.917831 0.018584 0.396536
vn 0.917831 0.018584 0.396536
vn -0.024858 -0.829689 0.557672
vn -0.024858 -0.829689 0.557672
vn -0.944934 0.041672 -0.324597
vn -0.944934 0.041672 -0.324597
vn -0.944934 0.041672 -0.324597
vn -0.944934 0.041672 -0.324597
vn 0.349190 0.809556 -0.471895
vn 0.349190 0.809556 -0.471895
vn 0.349190 0.809556 -0.471895
vn 0.349190 0.809556 -0.471895
vn 0.950066 -0.039056 0.309594
vn 0.950066 -0.039056 0.309594
vn 0.950066 -0.039056 0.309594
vn 0.950066 -0.039056 0.309594
vn -0.335727 -0.830597 0.444294
vn -0.335727 -0.830597 0.444294
vn -0.882474 0.006192 -0.470320
vn -0.882474 0.006192 -0.470320
vn -0.882474 0.006192 -0.470320
vn -0.882474 0.006192 -0.470320
vn 0.267572 0.839120 -0.473585
vn 0.267572 0.839120 -0.473584
vn 0.267572 0.839120 -0.473585
vn 0.267572 0.839120 -0.473584
vn 0.901395 -0.008829 0.432908
vn 0.901395 -0.008829 0.432908
vn -0.251270 -0.858760 0.446537
vn -0.251270 -0.858760 0.446537
vn -0.251270 -0.858760 0.446537
vn -0.251270 -0.858760 0.446537
vn 0.441875 0.021921 0.896809
vn 0.441875 0.021921 0.896809
vn 0.441875 0.021921 0.896809
vn 0.441875 0.021921 0.896809
vn -0.472029 -0.821175 0.320719
vn -0.472029 -0.821175 0.320719
vn -0.472028 -0.821175 0.320719
vn -0.472029 -0.821175 0.320719
vn -0.576138 -0.008876 -0.817304
vn -0.576138 -0.008876 -0.817304
vn 0.501926 0.798110 -0.333302
vn 0.501926 0.798110 -0.333302
vn 0.501926 0.798110 -0.333302
vn 0.501926 0.798110 -0.333302
vn -0.518979 0.043836 0.853662
vn -0.518979 0.043836 0.853662
vn -0.518979 0.043836 0.853662
vn -0.518979 0.043836 0.853662
vn -0.561032 -0.812177 -0.160035
vn -0.561032 -0.812177 -0.160035
vn -0.561032 -0.812177 -0.160035
vn -0.561032 -0.812177 -0.160035
vn 0.527133 -0.042941 -0.848697
vn 0.527133 -0.042941 -0.848697
vn 0.586065 0.791412 0.173765
vn 0.586065 0.791412 0.173765
vn 0.586065 0.791412 0.173765
vn 0.586065 0.791412 0.173765
vn -0.560930 0.019591 0.827632
vn -0.560930 0.019591 0.827632
vn -0.560930 0.019591 0.827632
vn -0.560930 0.019591 0.827632
vn -0.498564 -0.823002 -0.272217
vn -0.498564 -0.823002 -0.272217
vn -0.498564 -0.823002 -0.272217
vn -0.498564 -0.823002 -0.272217
vn 0.585506 -0.017751 -0.810474
vn 0.585506 -0.017751 -0.810474
vn 0.585506 -0.017751 -0.810474
vn 0.585506 -0.017751 -0.810474
vn 0.521194 0.803469 0.287740
vn 0.521194 0.803469 0.287740
vn 0.521194 0.803469 0.287740
vn 0.521194 0.803469 0.287740
vn -0.808617 -0.006220 0.588303
vn -0.808617 -0.006220 0.588302
vn -0.808617 -0.006220 0.588302
vn -0.808617 -0.006220 0.588302
vn -0.323512 -0.761981 -0.561004
vn -0.323512 -0.761981 -0.561004
vn -0.323512 -0.761981 -0.561004
vn -0.323512 -0.761981 -0.561004
vn 0.811496 0.006317 -0.584324
vn 0.811496 0.006317 -0.584324
vn 0.332124 0.740180 0.584660
vn 0.332124 0.740180 0.584660
vn 0.332124 0.740180 0.584660
vn 0.332124 0.740180 0.584660
vn -0.914118 -0.213075 -0.344945
vn -0.914118 -0.213075 -0.344945
vn -0.914118 -0.213075 -0.344945
vn -0.914118 -0.213075 -0.344945
vn 0.234029 -0.753724 -0.614109
vn 0.234029 -0.753724 -0.614109
vn 0.234029 -0.753724 -0.614109
vn 0.234029 -0.753724 -0.614109
vn 0.918907 0.220706 0.326954
vn 0.918907 0.220706 0.326954
vn 0.918907 0.220706 0.326954
vn 0.918907 0.220706 0.326954
vn -0.191834 0.742087 0.642267
vn -0.289857 0.716632 0.634367
vn -0.171486 0.746361 0.643069
vn -0.811088 0.029020 -0.584204
vn -0.811088 0.029020 -0.584204
vn -0.811088 0.029020 -0.584204
vn -0.811088 0.029020 -0.584204
vn 0.297881 -0.821168 -0.486775
vn 0.297881 -0.821168 -0.486775
vn 0.297881 -0.821168 -0.486776
vn 0.297881 -0.821168 -0.486775
vn 0.791542 -0.036103 0.610048
vn 0.791542 -0.036103 0.610048
vn -0.316588 0.799817 0.509966
vn -0.316588 0.799817 0.509966
vn -0.316588 0.799817 0.509966
vn -0.316588 0.799817 0.509966
vn 0.494103 -0.834668 -0.243292
vn 0.494103 -0.834668 -0.243292
vn 0.494103 -0.834668 -0.243292
vn 0.494103 -0.834668 -0.243292
vn 0.508582 0.031560 0.860435
vn 0.508582 0.031560 0.860435
vn 0.508582 0.031560 0.860435
vn 0.508582 0.031560 0.860435
vn -0.518885 0.814288 0.260181
vn -0.518885 0.814288 0.260181
vn -0.518885 0.814288 0.260181
vn -0.518885 0.814288 0.260181
vn -0.508611 -0.031562 -0.860418
vn -0.508611 -0.031562 -0.860417
vn 0.542939 -0.833142 -0.105319
vn 0.542939 -0.833142 -0.105319
vn 0.542938 -0.833142 -0.105319
vn 0.542938 -0.833142 -0.105319
vn 0.298702 0.032923 0.953778
vn 0.298702 0.032923 0.953778
vn 0.298702 0.032923 0.953778
vn 0.298702 0.032923 0.953778
vn -0.573098 0.812516 0.106660
vn -0.573098 0.812516 0.106660
vn -0.573098 0.812516 0.106660
vn -0.573098 0.812516 0.106660
vn -0.308503 -0.040970 -0.950341
vn -0.308503 -0.040970 -0.950341
vn -0.308503 -0.040970 -0.950341
vn -0.308503 -0.040970 -0.950341
vn 0.587547 -0.808914 0.021142
vn 0.587547 -0.808914 0.021142
vn 0.587547 -0.808914 0.021142
vn 0.587547 -0.808914 0.021142
vn -0.405122 0.029286 0.913793
vn -0.405122 0.029286 0.913793
vn -0.405122 0.029286 0.913793
vn -0.405122 0.029286 0.913793
vn -0.616557 0.786817 -0.027856
vn -0.616557 0.786817 -0.027856
vn -0.616557 0.786817 -0.027856
vn -0.616557 0.786817 -0.027856
vn 0.381017 -0.011657 -0.924495
vn 0.381017 -0.011657 -0.924495
vn -0.389061 -0.007752 -0.921180
vn -0.389061 -0.007752 -0.921180
vn -0.389061 -0.007752 -0.921179
vn -0.389061 -0.007752 -0.921179
vn 0.497771 -0.833219 -0.240770
vn 0.497771 -0.833219 -0.240770
vn 0.497771 -0.833219 -0.240770
vn 0.497771 -0.833219 -0.240770
vn 0.404393 -0.021008 0.914344
vn 0.404393 -0.021008 0.914344
vn 0.404393 -0.021008 0.914344
vn 0.404393 -0.021008 0.914344
vn -0.523954 0.812011 0.257120
vn -0.523954 0.812011 0.257120
vn -0.523954 0.812011 0.257120
vn -0.523954 0.812011 0.257120
vn 0.312895 -0.070711 -0.947152
vn 0.312895 -0.070711 -0.947152
vn 0.312895 -0.070711 -0.947152
vn 0.312895 -0.070711 -0.947152
vn 0.518775 -0.822319 0.233802
vn 0.518776 -0.822319 0.233802
vn 0.518775 -0.822319 0.233802
vn 0.518775 -0.822319 0.233802
vn -0.319624 0.055660 0.945908
vn -0.319624 0.055660 0.945908
vn -0.319624 0.055660 0.945908
vn -0.319624 0.055660 0.945908
vn -0.546783 0.800979 -0.243847
vn -0.546783 0.800979 -0.243847
vn -0.546783 0.800979 -0.243847
vn -0.546783 0.800979 -0.243847
vn -0.790133 0.025740 0.612395
vn -0.790133 0.025740 0.612395
vn -0.790133 0.025740 0.612395
vn -0.790133 0.025740 0.612395
vn -0.437752 0.811382 -0.387340
vn -0.437752 0.811382 -0.387340
vn -0.437752 0.811382 -0.387340
vn -0.437752 0.811382 -0.387340
vn 0.742881 -0.016144 -0.669229
vn 0.742881 -0.016144 -0.669229
vn 0.417103 -0.833452 0.362467
vn 0.417103 -0.833452 0.362467
vn 0.417103 -0.833452 0.362467
vn 0.417103 -0.833452 0.362467
vn 0.474359 0.640276 0.604177
vn 0.474359 0.640276 0.604177
vn 0.474359 0.640276 0.604177
vn 0.474359 0.640276 0.604177
vn -0.791642 -0.054671 0.608534
vn -0.791642 -0.054671 0.608534
vn -0.791642 -0.054671 0.608534
vn -0.791642 -0.054671 0.608534
vn -0.435147 -0.668031 -0.603640
vn -0.435147 -0.668031 -0.603640
vn -0.435147 -0.668031 -0.603640
vn -0.435147 -0.668031 -0.603640
vn 0.824716 -0.056990 -0.562669
vn 0.824716 -0.056990 -0.562669
vn -0.896546 0.285846 0.338374
vn -0.896546 0.285846 0.338374
vn -0.896546 0.285846 0.338374
vn -0.896546 0.285846 0.338374
vn 0.116528 -0.985235 0.125430
vn 0.116528 -0.985235 0.125430
vn 0.116528 -0.985235 0.125430
vn 0.116528 -0.985235 0.125430
vn 0.934704 -0.191395 -0.299493
vn 0.934704 -0.191395 -0.299493
vn 0.934704 -0.191395 -0.299493
vn 0.934704 -0.191395 -0.299493
vn 0.302936 0.893425 0.331695
vn 0.302936 0.893425 0.331695
vn 0.302936 0.893425 0.331695
vn 0.302936 0.893425 0.331695
vn 0.367814 -0.817625 -0.442947
vn 0.367814 -0.817625 -0.442947
vn 0.367814 -0.817625 -0.442947
vn 0.367814 -0.817625 -0.442947
vn 0.299572 0.201531 0.932546
vn 0.299572 0.201531 0.932546
vn -0.373545 0.814316 0.444244
vn -0.373545 0.814316 0.444244
vn -0.373545 0.814316 0.444244
vn -0.373545 0.814316 0.444244
vn -0.372790 -0.123182 -0.919703
vn -0.372790 -0.123182 -0.919703
vn -0.488433 -0.085098 -0.868442
vn -0.488433 -0.085098 -0.868442
vn 0.414952 -0.853262 -0.315847
vn 0.414952 -0.853262 -0.315847
vn 0.414952 -0.853262 -0.315847
vn 0.414951 -0.853262 -0.315847
vn 0.427440 0.046417 0.902851
vn 0.427440 0.046417 0.902851
vn -0.426369 0.846566 0.318645
vn -0.426369 0.846566 0.318645
vn -0.426369 0.846566 0.318645
vn -0.426369 0.846566 0.318645
vn 0.121997 -0.873899 -0.470549
vn 0.121997 -0.873899 -0.470549
vn 0.121997 -0.873900 -0.470549
vn 0.121997 -0.873899 -0.470549
vn 0.857225 -0.007551 0.514887
vn 0.857225 -0.007551 0.514887
vn -0.127683 0.865942 0.483571
vn -0.127682 0.865942 0.483571
vn -0.127682 0.865942 0.483571
vn -0.127683 0.865942 0.483571
vn -0.974971 -0.036705 -0.219282
vn -0.974971 -0.036705 -0.219282
vn -0.197481 -0.857492 -0.475089
vn -0.197481 -0.857492 -0.475089
vn -0.197481 -0.857492 -0.475089
vn -0.197481 -0.857492 -0.475089
vn 0.833264 0.052953 -0.550333
vn 0.833264 0.052953 -0.550333
vn 0.204874 0.855328 0.475858
vn 0.204874 0.855328 0.475858
vn 0.204874 0.855328 0.475858
vn 0.204874 0.855328 0.475857
vn -0.902042 0.121216 0.414279
vn -0.902042 0.121216 0.414279
vn -0.319782 -0.846360 -0.425927
vn -0.319782 -0.846360 -0.425927
vn -0.319782 -0.846360 -0.425927
vn -0.319782 -0.846360 -0.425927
vn 0.863274 -0.108479 -0.492940
vn 0.863274 -0.108479 -0.492940
vn 0.329272 0.836114 0.438741
vn 0.329272 0.836114 0.438741
vn 0.329272 0.836114 0.438741
vn 0.329272 0.836114 0.438741
vn -0.629757 0.049798 0.775195
vn -0.629757 0.049798 0.775195
vn -0.434430 -0.817336 -0.378461
vn -0.434430 -0.817336 -0.378461
vn -0.434430 -0.817336 -0.378461
vn -0.434430 -0.817336 -0.378461
vn 0.728712 -0.223631 -0.647277
vn 0.728712 -0.223631 -0.647277
vn 0.430262 0.812662 0.393008
vn 0.430262 0.812662 0.393008
vn 0.430262 0.812662 0.393008
vn 0.430262 0.812662 0.393008
vn -0.732620 0.234855 0.638835
vn -0.732620 0.234855 0.638835
vn -0.218086 -0.045724 -0.974858
vn -0.218086 -0.045724 -0.974858
vn 0.516178 -0.828738 -0.216226
vn 0.516178 -0.828738 -0.216226
vn 0.516178 -0.828738 -0.216226
vn 0.516178 -0.828738 -0.216226
vn 0.155728 0.109786 0.981680
vn 0.155728 0.109786 0.981680
vn -0.523356 0.823207 0.220067
vn -0.523356 0.823207 0.220067
vn -0.523356 0.823207 0.220067
vn -0.523356 0.823207 0.220068
vn -0.570025 -0.802608 -0.175759
vn -0.570025 -0.802608 -0.175759
vn -0.570025 -0.802608 -0.175759
vn -0.570025 -0.802608 -0.175759
vn 0.327502 0.160757 -0.931075
vn 0.327502 0.160757 -0.931075
vn 0.571720 0.801499 0.175315
vn 0.571720 0.801499 0.175315
vn 0.571720 0.801499 0.175315
vn 0.571720 0.801499 0.175315
vn -0.314667 0.009080 0.949159
vn -0.314667 0.009080 0.949159
vn 0.438767 -0.054002 -0.896977
vn 0.438767 -0.054002 -0.896977
vn 0.544303 -0.829374 0.125988
vn 0.544303 -0.829374 0.125988
vn 0.544303 -0.829374 0.125988
vn 0.544303 -0.829374 0.125988
vn -0.578919 0.087884 0.810635
vn -0.578919 0.087884 0.810635
vn -0.553670 0.822068 -0.132871
vn -0.553670 0.822068 -0.132871
vn -0.553670 0.822068 -0.132871
vn -0.553670 0.822068 -0.132871
vn -0.604177 -0.778998 0.167726
vn -0.604177 -0.778998 0.167726
vn -0.604177 -0.778998 0.167726
vn -0.604177 -0.778998 0.167726
vn -0.032303 0.022765 -0.999219
vn -0.032303 0.022765 -0.999219
vn 0.619005 0.766195 -0.172560
vn 0.619005 0.766195 -0.172560
vn 0.619005 0.766195 -0.172560
vn 0.619005 0.766195 -0.172560
vn 0.263148 -0.083018 0.961177
vn 0.263148 -0.083018 0.961177
vn 0.912255 0.256110 -0.319684
vn 0.912255 0.256110 -0.319684
vn 0.291840 -0.800141 0.524027
vn 0.291840 -0.800141 0.524027
vn 0.291840 -0.800141 0.524027
vn 0.291840 -0.800141 0.524027
vn -0.942473 -0.246618 0.225663
vn -0.942473 -0.246618 0.225663
vn -0.296122 0.787321 -0.540775
vn -0.296122 0.787321 -0.540775
vn -0.296122 0.787321 -0.540775
vn -0.296122 0.787321 -0.540775
vn 0.431855 -0.796600 0.423000
vn 0.431855 -0.796600 0.423000
vn 0.431855 -0.796600 0.423000
vn 0.431855 -0.796600 0.423000
vn -0.668215 0.117647 0.734607
vn -0.668215 0.117647 0.734607
vn -0.435522 0.789666 -0.432143
vn -0.435522 0.789666 -0.432143
vn -0.435522 0.789666 -0.432143
vn -0.435522 0.789666 -0.432143
vn 0.853365 0.274484 -0.443201
vn 0.853365 0.274484 -0.443201
vn 0.122751 -0.812039 0.570547
vn 0.122751 -0.812039 0.570547
vn 0.122751 -0.812039 0.570547
vn 0.122751 -0.812039 0.570547
vn -0.971545 0.053175 0.230808
vn -0.971545 0.053175 0.230808
vn -0.133751 0.802659 -0.581249
vn -0.133751 0.802659 -0.581249
vn -0.133751 0.802659 -0.581248
vn -0.133751 0.802659 -0.581248
vn 0.869596 -0.050907 -0.491132
vn 0.869596 -0.050907 -0.491132
vn -0.229043 -0.824774 0.516999
vn -0.229043 -0.824774 0.516999
vn -0.229043 -0.824774 0.516999
vn -0.229043 -0.824774 0.516999
vn -0.604549 0.019540 -0.796328
vn -0.604549 0.019540 -0.796328
vn 0.239112 0.814432 -0.528702
vn 0.239112 0.814432 -0.528702
vn 0.239112 0.814432 -0.528702
vn 0.239111 0.814432 -0.528702
vn 0.938632 -0.058087 0.339994
vn 0.938632 -0.058087 0.339994
vn -0.481073 -0.802468 0.353008
vn -0.481073 -0.802467 0.353008
vn -0.481073 -0.802468 0.353008
vn -0.481073 -0.802468 0.353008
vn -0.691267 0.334205 -0.640669
vn -0.691267 0.334205 -0.640669
vn 0.482689 0.798391 -0.359977
vn 0.482689 0.798391 -0.359977
vn 0.482689 0.798391 -0.359977
vn 0.482689 0.798391 -0.359977
vn 0.501663 0.023529 0.864743
vn 0.501663 0.023529 0.864743
vn 0.874328 -0.341793 0.344570
vn 0.874328 -0.341793 0.344570
vn -0.365111 -0.810607 0.457831
vn -0.365111 -0.810607 0.457831
vn -0.365112 -0.810607 0.457831
vn -0.365112 -0.810607 0.457831
vn -0.748560 0.310284 -0.585988
vn -0.748560 0.310284 -0.585988
vn 0.370383 0.798954 -0.473802
vn 0.370383 0.798954 -0.473802
vn 0.370383 0.798954 -0.473802
vn 0.370383 0.798954 -0.473802
vn -0.368941 -0.810402 0.455117
vn -0.368941 -0.810402 0.455117
vn -0.368941 -0.810402 0.455117
vn -0.368941 -0.810402 0.455117
vn -0.912627 0.325386 -0.247459
vn -0.912627 0.325386 -0.247459
vn 0.370975 0.800487 -0.470743
vn 0.370976 0.800487 -0.470743
vn 0.370975 0.800487 -0.470743
vn 0.370975 0.800487 -0.470743
vn 0.937489 -0.311780 0.154623
vn 0.937489 -0.311780 0.154623
vn 0.104970 0.009700 0.994428
vn 0.104970 0.009700 0.994428
vn -0.580505 -0.800686 0.148037
vn -0.580505 -0.800686 0.148037
vn -0.580505 -0.800686 0.148037
vn -0.580505 -0.800686 0.148037
vn 0.054818 -0.073779 -0.995767
vn 0.054818 -0.073779 -0.995767
vn 0.594793 0.791331 -0.141482
vn 0.594793 0.791331 -0.141482
vn 0.594793 0.791331 -0.141482
vn 0.594793 0.791331 -0.141482
vn -0.672213 0.129625 0.728922
vn -0.672213 0.129625 0.728922
vn -0.450667 -0.816455 -0.360972
vn -0.450667 -0.816455 -0.360972
vn -0.450667 -0.816455 -0.360972
vn -0.450667 -0.816455 -0.360971
vn 0.657138 -0.088615 -0.748544
vn 0.657138 -0.088615 -0.748544
vn 0.448013 0.815048 0.367398
vn 0.448013 0.815048 0.367398
vn 0.448013 0.815048 0.367398
vn 0.448013 0.815048 0.367398
vn -0.741044 0.206360 0.638959
vn -0.741044 0.206360 0.638959
vn -0.444376 -0.818107 -0.365008
vn -0.444376 -0.818107 -0.365008
vn -0.444376 -0.818107 -0.365008
vn -0.444376 -0.818107 -0.365008
vn 0.700172 -0.142933 -0.699521
vn 0.700172 -0.142933 -0.699521
vn 0.440472 0.815295 0.375871
vn 0.440472 0.815295 0.375871
vn 0.440472 0.815295 0.375871
vn 0.440472 0.815295 0.375871
vn -0.685023 0.015837 0.728349
vn -0.685023 0.015837 0.728349
vn -0.224927 -0.802972 -0.551946
vn -0.224927 -0.802972 -0.551946
vn -0.224927 -0.802972 -0.551946
vn -0.224927 -0.802972 -0.551946
vn 0.678449 0.008125 -0.734602
vn 0.678449 0.008125 -0.734602
vn 0.236930 0.798990 0.552702
vn 0.236930 0.798990 0.552702
vn 0.236930 0.798990 0.552702
vn 0.236930 0.798990 0.552702
vn -0.840391 0.007259 -0.541933
vn -0.840391 0.007259 -0.541933
vn 0.110089 -0.871348 -0.478156
vn 0.110089 -0.871348 -0.478157
vn 0.110089 -0.871348 -0.478156
vn 0.110089 -0.871348 -0.478157
vn 0.786891 -0.032316 0.616245
vn 0.786891 -0.032316 0.616245
vn -0.121580 0.864888 0.487019
vn -0.121580 0.864888 0.487019
vn -0.121580 0.864888 0.487019
vn -0.121580 0.864888 0.487019
vn -0.727586 -0.093064 -0.679674
vn -0.727586 -0.093064 -0.679674
vn 0.332358 -0.841464 -0.426001
vn 0.332358 -0.841464 -0.426001
vn 0.332358 -0.841464 -0.426001
vn 0.332358 -0.841464 -0.426001
vn 0.858188 0.182792 0.479688
vn 0.858188 0.182792 0.479688
vn -0.335270 0.837464 0.431566
vn -0.335270 0.837464 0.431566
vn -0.335270 0.837463 0.431566
vn -0.335270 0.837464 0.431566
vn 0.440156 -0.848100 -0.294938
vn 0.440156 -0.848100 -0.294938
vn 0.440156 -0.848100 -0.294938
vn 0.440156 -0.848100 -0.294938
vn 0.541077 0.073850 0.837724
vn 0.541077 0.073850 0.837724
vn -0.447856 0.841593 0.301903
vn -0.447856 0.841593 0.301903
vn -0.447856 0.841593 0.301903
vn -0.447856 0.841593 0.301903
vn -0.557900 -0.098611 -0.824028
vn -0.557900 -0.098611 -0.824028
vn 0.504230 -0.842920 -0.187716
vn 0.504230 -0.842920 -0.187716
vn 0.504230 -0.842920 -0.187716
vn 0.504230 -0.842920 -0.187716
vn 0.152262 0.077823 0.985271
vn 0.152262 0.077823 0.985271
vn -0.512416 0.837194 0.191143
vn -0.512416 0.837194 0.191143
vn -0.512416 0.837194 0.191143
vn -0.512416 0.837194 0.191143
vn -0.368891 -0.062674 -0.927357
vn -0.368891 -0.062674 -0.927357
vn 0.523485 -0.832033 0.183532
vn 0.523485 -0.832033 0.183532
vn 0.523485 -0.832033 0.183532
vn 0.523485 -0.832033 0.183532
vn -0.241601 0.078610 0.967186
vn -0.241601 0.078610 0.967186
vn -0.535600 0.824428 -0.182898
vn -0.535600 0.824428 -0.182898
vn -0.535600 0.824428 -0.182898
vn -0.535600 0.824428 -0.182898
vn 0.161971 -0.103945 -0.981306
vn 0.161971 -0.103945 -0.981306
vn 0.266543 -0.078039 -0.960658
vn 0.266543 -0.078039 -0.960659
vn 0.526350 -0.832494 0.172945
vn 0.526350 -0.832494 0.172945
vn 0.526350 -0.832494 0.172945
vn 0.526350 -0.832494 0.172945
vn -0.392028 0.035977 0.919250
vn -0.392028 0.035977 0.919250
vn -0.537521 0.824603 -0.176356
vn -0.537521 0.824603 -0.176356
vn -0.537521 0.824603 -0.176356
vn -0.537521 0.824603 -0.176356
vn -0.160528 -0.096903 -0.982263
vn -0.160528 -0.096903 -0.982263
vn 0.555236 -0.802830 -0.217204
vn 0.555236 -0.802830 -0.217204
vn 0.555236 -0.802830 -0.217204
vn 0.555236 -0.802830 -0.217204
vn 0.116167 0.077967 0.990165
vn 0.116167 0.077967 0.990165
vn -0.561675 0.797662 0.219674
vn -0.561675 0.797662 0.219674
vn -0.561675 0.797662 0.219674
vn -0.561675 0.797662 0.219674
vn 0.274378 -0.807773 0.521746
vn 0.274378 -0.807773 0.521746
vn 0.274378 -0.807773 0.521746
vn 0.274378 -0.807773 0.521746
vn -0.945573 -0.235711 0.224350
vn -0.945573 -0.235711 0.224350
vn -0.283627 0.793057 -0.539088
vn -0.283627 0.793057 -0.539088
vn -0.283627 0.793057 -0.539088
vn -0.283627 0.793057 -0.539088
vn 0.762955 0.208282 -0.611979
vn 0.762955 0.208282 -0.611979
vn 0.139204 -0.946670 -0.290582
vn 0.139204 -0.946670 -0.290582
vn 0.139204 -0.946670 -0.290582
vn 0.139204 -0.946670 -0.290582
vn 0.792032 -0.128745 0.596749
vn 0.792032 -0.128745 0.596749
vn 0.792032 -0.128745 0.596749
vn 0.792032 -0.128745 0.596749
vn -0.133002 0.950044 0.282360
vn -0.133002 0.950044 0.282360
vn -0.133002 0.950044 0.282360
vn -0.133002 0.950044 0.282360
vn -0.760728 0.225747 -0.608549
vn -0.760728 0.225747 -0.608549
vn 0.147846 -0.964867 -0.217195
vn 0.147846 -0.964867 -0.217195
vn 0.960715 0.198375 0.194099
vn 0.960715 0.198375 0.194099
vn 0.960715 0.198375 0.194099
vn 0.960715 0.198375 0.194099
vn -0.146577 0.967065 0.208088
vn -0.146577 0.967065 0.208088
vn -0.939272 0.001651 -0.343169
vn -0.939272 0.001651 -0.343169
vn -0.098507 -0.937893 -0.332647
vn -0.098507 -0.937893 -0.332647
vn -0.098507 -0.937893 -0.332647
vn -0.098507 -0.937893 -0.332647
vn 0.937078 -0.148104 -0.316149
vn 0.937078 -0.148104 -0.316149
vn 0.937078 -0.148104 -0.316149
vn 0.937078 -0.148104 -0.316149
vn 0.091514 0.941347 0.324794
vn 0.091514 0.941347 0.324794
vn 0.091514 0.941347 0.324794
vn 0.091514 0.941347 0.324794
vn -0.842673 0.510244 0.171914
vn -0.842673 0.510244 0.171914
vn -0.145595 -0.912381 -0.382573
vn -0.145595 -0.912381 -0.382573
vn -0.145595 -0.912381 -0.382573
vn -0.145595 -0.912381 -0.382573
vn 0.680293 0.610683 -0.405299
vn 0.680293 0.610683 -0.405299
vn 0.143246 0.914069 0.379418
vn 0.143246 0.914069 0.379418
vn 0.143246 0.914069 0.379418
vn 0.143246 0.914069 0.379418
vn -0.819035 0.048121 0.571723
vn -0.819035 0.048121 0.571723
vn -0.184265 0.976602 -0.110887
vn -0.184265 0.976602 -0.110887
vn 0.720443 -0.033913 -0.692684
vn 0.720443 -0.033913 -0.692684
vn 0.720443 -0.033913 -0.692684
vn 0.720443 -0.033913 -0.692684
vn 0.189994 -0.974386 0.120310
vn 0.189994 -0.974386 0.120310
vn -0.699766 0.066539 0.711267
vn -0.699766 0.066539 0.711267
vn -0.125211 0.969417 -0.211077
vn -0.125211 0.969417 -0.211077
vn 0.922937 -0.134262 -0.360778
vn 0.922937 -0.134262 -0.360778
vn 0.922937 -0.134262 -0.360778
vn 0.922937 -0.134262 -0.360778
vn 0.129310 -0.965552 0.225808
vn 0.129310 -0.965552 0.225808
vn -0.897505 0.196455 0.394828
vn -0.897505 0.196455 0.394828
vn 0.080087 0.949280 -0.304062
vn 0.080087 0.949280 -0.304062
vn 0.978613 0.009125 0.205509
vn 0.978613 0.009125 0.205509
vn 0.978613 0.009125 0.205509
vn 0.978613 0.009125 0.205509
vn -0.079885 -0.946100 0.313869
vn -0.079885 -0.946100 0.313869
vn -0.079885 -0.946100 0.313869
vn -0.079885 -0.946100 0.313869
vn -0.978511 0.129799 -0.160212
vn -0.978511 0.129799 -0.160212
vn 0.080581 0.959698 -0.269233
vn 0.080581 0.959698 -0.269233
vn 0.826748 0.290684 0.481654
vn 0.826748 0.290684 0.481654
vn 0.826748 0.290684 0.481654
vn 0.826748 0.290684 0.481654
vn -0.086259 -0.955390 0.282469
vn -0.086259 -0.955390 0.282469
vn -0.899188 -0.117850 -0.421394
vn -0.899188 -0.117850 -0.421394
vn -0.229835 -0.965927 0.118996
vn -0.229835 -0.965927 0.118996
vn -0.229835 -0.965927 0.118996
vn -0.229835 -0.965927 0.118996
vn -0.608427 0.175781 -0.773897
vn -0.608427 0.175781 -0.773897
vn 0.226761 0.966791 -0.117879
vn 0.226761 0.966791 -0.117879
vn 0.504390 0.104954 0.857074
vn 0.504390 0.104954 0.857074
vn -0.266662 -0.935220 0.232928
vn -0.266662 -0.935220 0.232928
vn -0.266662 -0.935220 0.232928
vn -0.266662 -0.935220 0.232928
vn -0.308944 -0.502718 -0.807359
vn -0.308944 -0.502718 -0.807359
vn -0.308944 -0.502718 -0.807359
vn -0.308944 -0.502718 -0.807359
vn 0.257883 0.939772 -0.224333
vn 0.257883 0.939772 -0.224333
vn 0.233720 0.573139 0.785421
vn 0.233720 0.573139 0.785421
vn -0.268804 -0.954487 -0.129223
vn -0.268804 -0.954487 -0.129223
vn -0.268804 -0.954487 -0.129223
vn -0.268804 -0.954487 -0.129223
vn 0.189448 0.447414 -0.874031
vn 0.189448 0.447414 -0.874031
vn 0.262702 0.956484 0.126988
vn 0.262702 0.956484 0.126988
vn -0.356924 0.057407 0.932368
vn -0.356924 0.057407 0.932368
vn -0.327702 -0.924410 -0.195133
vn -0.327702 -0.924410 -0.195133
vn -0.327702 -0.924410 -0.195133
vn -0.327702 -0.924410 -0.195133
vn 0.596000 -0.123611 -0.793413
vn 0.596000 -0.123611 -0.793413
vn 0.596000 -0.123611 -0.793413
vn 0.596000 -0.123611 -0.793413
vn 0.323784 0.926404 0.192199
vn 0.323784 0.926404 0.192199
vn -0.600901 0.222430 0.767752
vn -0.600901 0.222430 0.767752
vn 0.175927 -0.966889 0.184864
vn 0.175927 -0.966889 0.184864
vn -0.559904 0.209574 0.801615
vn -0.559904 0.209574 0.801615
vn -0.169018 0.969265 -0.178770
vn -0.169018 0.969265 -0.178770
vn 0.686939 0.025941 -0.726252
vn 0.686939 0.025941 -0.726252
vn 0.287168 -0.215368 -0.933355
vn 0.287168 -0.215368 -0.933355
vn 0.287168 -0.215368 -0.933355
vn 0.287168 -0.215368 -0.933355
vn 0.275805 -0.957057 0.089293
vn 0.275805 -0.957057 0.089293
vn 0.275805 -0.957057 0.089293
vn 0.275805 -0.957057 0.089293
vn -0.215148 0.359640 0.907949
vn -0.215148 0.359640 0.907949
vn -0.269414 0.959243 -0.085260
vn -0.269414 0.959243 -0.085260
vn -0.485147 -0.041364 -0.873454
vn -0.485147 -0.041364 -0.873454
vn -0.485147 -0.041364 -0.873454
vn -0.485147 -0.041364 -0.873454
vn 0.332210 -0.941694 -0.053371
vn 0.332210 -0.941694 -0.053371
vn 0.332210 -0.941694 -0.053371
vn 0.332210 -0.941694 -0.053371
vn 0.498339 0.114973 0.859325
vn 0.498339 0.114973 0.859325
vn -0.320757 0.946042 0.046029
vn -0.320757 0.946042 0.046029
vn -0.611953 -0.197526 -0.765831
vn -0.611953 -0.197526 -0.765831
vn -0.611953 -0.197526 -0.765831
vn -0.611953 -0.197526 -0.765831
vn 0.317841 -0.933563 -0.165640
vn 0.317841 -0.933563 -0.165640
vn 0.317841 -0.933563 -0.165640
vn 0.317841 -0.933563 -0.165640
vn 0.613442 0.346412 0.709709
vn 0.613442 0.346412 0.709709
vn -0.309389 0.937547 0.159011
vn -0.309389 0.937547 0.159011
vn -0.952999 0.033306 0.301137
vn -0.952999 0.033306 0.301137
vn -0.952999 0.033306 0.301137
vn -0.952999 0.033306 0.301137
vn -0.120061 0.972701 -0.198589
vn -0.120061 0.972701 -0.198589
vn 0.966079 0.221891 -0.132123
vn 0.966079 0.221891 -0.132123
vn 0.124960 -0.969125 0.212561
vn 0.124960 -0.969125 0.212561
vn -0.854707 -0.481757 -0.193355
vn -0.854707 -0.481757 -0.193355
vn -0.854707 -0.481757 -0.193355
vn -0.854707 -0.481757 -0.193355
vn 0.076967 0.962225 -0.261150
vn 0.076967 0.962225 -0.261150
vn 0.808422 0.548585 0.213328
vn 0.808422 0.548585 0.213328
vn -0.079378 -0.959828 0.269126
vn -0.079378 -0.959828 0.269126
vn -0.079378 -0.959828 0.269126
vn -0.079378 -0.959828 0.269126
vn -0.980286 0.016028 -0.196932
vn -0.980286 0.016028 -0.196932
vn -0.980286 0.016028 -0.196932
vn -0.980286 0.016028 -0.196932
vn 0.101928 0.970833 -0.217012
vn 0.101928 0.970833 -0.217012
vn 0.872755 0.451181 0.186373
vn 0.872755 0.451181 0.186373
vn 0.872755 0.451181 0.186373
vn 0.872755 0.451181 0.186373
vn -0.093517 -0.969180 0.227915
vn -0.093517 -0.969180 0.227915
vn -0.093517 -0.969180 0.227915
vn -0.093517 -0.969180 0.227915
vn -0.831197 -0.135043 -0.539328
vn -0.831197 -0.135043 -0.539328
vn -0.831197 -0.135043 -0.539328
vn -0.831197 -0.135043 -0.539328
vn 0.150614 0.960836 -0.232615
vn 0.150614 0.960836 -0.232615
vn 0.800301 0.205388 0.563325
vn 0.800301 0.205388 0.563325
vn -0.157653 -0.957379 0.242013
vn -0.157653 -0.957379 0.242013
vn 0.287414 0.170593 0.942492
vn 0.287414 0.170593 0.942492
vn 0.287414 0.170593 0.942492
vn 0.287414 0.170593 0.942492
vn -0.288097 -0.949239 0.126274
vn -0.288097 -0.949239 0.126274
vn -0.288097 -0.949239 0.126274
vn -0.288097 -0.949239 0.126274
vn -0.424452 0.015068 -0.905325
vn -0.424452 0.015068 -0.905325
vn 0.277648 0.953335 -0.118595
vn 0.277648 0.953335 -0.118595
vn -0.538442 -0.548729 0.639513
vn -0.538442 -0.548729 0.639513
vn -0.538442 -0.548729 0.639513
vn -0.538442 -0.548729 0.639513
vn -0.200360 -0.930210 -0.307515
vn -0.200360 -0.930210 -0.307515
vn -0.200360 -0.930210 -0.307515
vn -0.200360 -0.930210 -0.307515
vn 0.490855 0.620517 -0.611572
vn 0.490855 0.620517 -0.611572
vn 0.198077 0.931433 0.305284
vn 0.198077 0.931433 0.305284
vn -0.570328 0.164506 0.804776
vn -0.570328 0.164506 0.804776
vn -0.570327 0.164506 0.804776
vn -0.570328 0.164506 0.804776
vn -0.299643 -0.940985 -0.157358
vn -0.299643 -0.940985 -0.157358
vn -0.299643 -0.940985 -0.157358
vn -0.299643 -0.940985 -0.157358
vn 0.530085 0.060626 -0.845774
vn 0.530085 0.060626 -0.845774
vn 0.530085 0.060626 -0.845774
vn 0.530085 0.060626 -0.845774
vn 0.289699 0.945196 0.150594
vn 0.289699 0.945196 0.150594
vn -0.936695 -0.024551 0.349285
vn -0.936695 -0.024551 0.349285
vn -0.936695 -0.024551 0.349285
vn -0.936695 -0.024551 0.349285
vn -0.098956 -0.941043 -0.323491
vn -0.098956 -0.941043 -0.323491
vn -0.098956 -0.941043 -0.323491
vn -0.098956 -0.941043 -0.323491
vn 0.919320 0.141548 -0.367172
vn 0.919320 0.141548 -0.367172
vn 0.096468 0.944125 0.315154
vn 0.096468 0.944125 0.315154
vn 0.096468 0.944125 0.315154
vn 0.096468 0.944125 0.315154
vn -0.950629 -0.278694 -0.136505
vn -0.950629 -0.278694 -0.136505
vn -0.950629 -0.278694 -0.136505
vn -0.950629 -0.278694 -0.136505
vn 0.150013 -0.962415 -0.226394
vn 0.150013 -0.962415 -0.226394
vn 0.929220 0.362275 0.072844
vn 0.929220 0.362275 0.072844
vn -0.147649 0.964903 0.217167
vn -0.147649 0.964903 0.217167
vn -0.811908 0.046078 -0.581965
vn -0.811908 0.046078 -0.581965
vn -0.811907 0.046078 -0.581965
vn -0.811907 0.046078 -0.581965
vn 0.139030 -0.941128 -0.308138
vn 0.139030 -0.941128 -0.308138
vn 0.139030 -0.941128 -0.308138
vn 0.139030 -0.941128 -0.308138
vn 0.760338 0.347943 0.548472
vn 0.760338 0.347943 0.548472
vn -0.122967 0.943956 0.306310
vn -0.122967 0.943956 0.306310
vn -0.122967 0.943956 0.306310
vn -0.122967 0.943956 0.306310
vn 0.314889 -0.934970 -0.163326
vn 0.314889 -0.934970 -0.163326
vn 0.314889 -0.934970 -0.163326
vn 0.314889 -0.934970 -0.163326
vn 0.603001 0.100516 0.791382
vn 0.603002 0.100516 0.791382
vn 0.603001 0.100516 0.791382
vn 0.603002 0.100516 0.791382
vn -0.306583 0.938837 0.156816
vn -0.306583 0.938837 0.156816
vn -0.555582 0.139296 -0.819711
vn -0.555582 0.139296 -0.819711
vn 0.330266 -0.942639 -0.048546
vn 0.330266 -0.942639 -0.048546
vn 0.330266 -0.942639 -0.048546
vn 0.330266 -0.942639 -0.048546
vn 0.404316 -0.253885 0.878676
vn 0.404316 -0.253885 0.878676
vn 0.404316 -0.253885 0.878676
vn 0.404316 -0.253885 0.878676
vn -0.320057 0.946669 0.037159
vn -0.320058 0.946669 0.037159
vn -0.288894 0.568856 -0.770028
vn -0.288894 0.568856 -0.770028
vn 0.251738 -0.962858 0.097630
vn 0.251738 -0.962858 0.097630
vn 0.251738 -0.962858 0.097630
vn 0.251738 -0.962858 0.097630
vn -0.433606 -0.127693 0.892009
vn -0.433606 -0.127693 0.892009
vn -0.433606 -0.127693 0.892009
vn -0.433606 -0.127693 0.892009
vn -0.244660 0.964979 -0.094647
vn -0.244660 0.964979 -0.094647
vn 0.464757 0.218646 -0.858018
vn 0.464757 0.218646 -0.858018
vn -0.437389 0.151872 -0.886355
vn -0.437389 0.151872 -0.886355
vn -0.437389 0.151872 -0.886355
vn -0.437389 0.151872 -0.886355
vn 0.348292 -0.935217 -0.063741
vn 0.348292 -0.935217 -0.063741
vn 0.348292 -0.935217 -0.063741
vn 0.348292 -0.935217 -0.063741
vn 0.464496 -0.051790 0.884059
vn 0.464496 -0.051790 0.884059
vn 0.464496 -0.051790 0.884059
vn 0.464496 -0.051790 0.884059
vn -0.336683 0.939937 0.056250
vn -0.336683 0.939937 0.056250
vn 0.393103 0.023607 -0.919191
vn 0.393103 0.023607 -0.919191
vn 0.393103 0.023607 -0.919191
vn 0.393103 0.023607 -0.919191
vn 0.280132 -0.958007 0.061226
vn 0.280132 -0.958007 0.061226
vn 0.280132 -0.958007 0.061226
vn 0.280132 -0.958007 0.061226
vn -0.331255 0.119692 0.935919
vn -0.331255 0.119692 0.935919
vn -0.331255 0.119692 0.935919
vn -0.331255 0.119692 0.935919
vn -0.275268 0.959919 -0.052759
vn -0.275268 0.959919 -0.052759
vn -0.773098 -0.061107 0.631336
vn -0.773098 -0.061107 0.631336
vn -0.773098 -0.061107 0.631336
vn -0.773098 -0.061107 0.631336
vn -0.190795 0.977011 -0.095116
vn -0.190795 0.977011 -0.095116
vn 0.827906 0.187717 -0.528521
vn 0.827906 0.187717 -0.528521
vn 0.195193 -0.975091 0.105338
vn 0.195193 -0.975091 0.105338
vn 0.197275 0.943290 0.266996
vn 0.197275 0.943290 0.266996
vn 0.602501 -0.007054 -0.798087
vn 0.602501 -0.007054 -0.798087
vn 0.602501 -0.007054 -0.798087
vn 0.602501 -0.007054 -0.798087
vn -0.197274 -0.943290 -0.266995
vn -0.197274 -0.943290 -0.266995
vn -0.197274 -0.943290 -0.266995
vn -0.197274 -0.943290 -0.266995
vn -0.602507 0.007054 0.798083
vn -0.602507 0.007054 0.798083
vn 0.009362 0.999284 -0.036669
vn 0.009362 0.999284 -0.036669
vn 0.612666 -0.006679 -0.790314
vn 0.612666 -0.006679 -0.790314
vn -0.011625 -0.999149 0.039583
vn -0.011625 -0.999149 0.039583
vn -0.011625 -0.999149 0.039583
vn -0.011625 -0.999149 0.039583
vn -0.612604 0.000000 0.790390
vn -0.612604 0.000000 0.790390
vn 0.051128 0.950484 0.306539
vn 0.051128 0.950484 0.306539
vn 0.946533 -0.012342 -0.322369
vn 0.946534 -0.012342 -0.322369
vn 0.946533 -0.012342 -0.322369
vn 0.946534 -0.012342 -0.322369
vn -0.048059 -0.950328 -0.307517
vn -0.048059 -0.950328 -0.307517
vn -0.947018 0.008078 0.321080
vn -0.947018 0.008078 0.321080
vn -0.002035 0.981785 0.189984
vn -0.002035 0.981785 0.189984
vn 0.986340 -0.007744 0.164544
vn 0.986340 -0.007744 0.164544
vn 0.986340 -0.007744 0.164544
vn 0.986340 -0.007744 0.164544
vn -0.002467 -0.981643 -0.190712
vn -0.002467 -0.981643 -0.190712
vn -0.002467 -0.981643 -0.190712
vn -0.002467 -0.981643 -0.190712
vn -0.986588 0.023545 -0.161522
vn -0.986588 0.023545 -0.161522
vn -0.010534 0.992454 -0.122166
vn -0.010534 0.992454 -0.122166
vn 0.870097 0.040145 0.491243
vn 0.870097 0.040145 0.491243
vn 0.870097 0.040145 0.491243
vn 0.870097 0.040145 0.491243
vn 0.018165 -0.991808 0.126439
vn 0.018165 -0.991808 0.126439
vn 0.018165 -0.991808 0.126439
vn 0.018165 -0.991808 0.126439
vn -0.857456 0.113091 -0.501976
vn -0.857456 0.113091 -0.501976
vn 0.019829 0.999691 -0.015016
vn 0.019829 0.999691 -0.015016
vn 0.599142 0.033249 0.799952
vn 0.599142 0.033249 0.799952
vn -0.019829 -0.999691 0.015016
vn -0.019829 -0.999691 0.015016
vn -0.599144 -0.033229 -0.799952
vn -0.599144 -0.033229 -0.799952
vn -0.175616 0.982718 -0.058521
vn -0.175616 0.982718 -0.058521
vn 0.165592 -0.014239 -0.986091
vn 0.165592 -0.014239 -0.986091
vn 0.165592 -0.014239 -0.986091
vn 0.165592 -0.014239 -0.986091
vn 0.175615 -0.982718 0.058521
vn 0.175615 -0.982718 0.058521
vn 0.175615 -0.982718 0.058521
vn 0.175615 -0.982718 0.058521
vn -0.165592 0.014237 0.986092
vn -0.165592 0.014237 0.986092
vn -0.306838 -0.335738 -0.890579
vn -0.306838 -0.335738 -0.890579
vn -0.306838 -0.335738 -0.890579
vn -0.306838 -0.335738 -0.890579
vn -0.281266 0.955041 0.093728
vn -0.281266 0.955041 0.093728
vn 0.306840 0.335733 0.890580
vn 0.306840 0.335733 0.890580
vn 0.281267 -0.955041 -0.093728
vn 0.281267 -0.955041 -0.093728
vn 0.281267 -0.955041 -0.093728
vn 0.281267 -0.955041 -0.093728
vn 0.127824 0.990882 -0.042596
vn 0.127824 0.990882 -0.042596
vn -0.449225 0.000000 -0.893419
vn -0.449225 0.000000 -0.893419
vn -0.449225 0.000000 -0.893419
vn -0.449225 0.000000 -0.893419
vn -0.127824 -0.990882 0.042595
vn -0.127824 -0.990882 0.042595
vn -0.127824 -0.990882 0.042595
vn -0.127824 -0.990882 0.042595
vn 0.449223 0.000000 0.893420
vn 0.449223 0.000000 0.893420
vn -0.013849 0.998919 -0.044384
vn -0.013849 0.998919 -0.044384
vn -0.362418 0.000000 0.932016
vn -0.362418 0.000000 0.932016
vn 0.012271 -0.998751 0.048432
vn 0.012271 -0.998751 0.048433
vn 0.012271 -0.998751 0.048432
vn 0.012271 -0.998751 0.048433
vn 0.357175 -0.257148 -0.897943
vn 0.357175 -0.257148 -0.897943
vn 0.762841 0.000000 0.646586
vn 0.762841 0.000000 0.646586
vn 0.762841 0.000000 0.646586
vn 0.762841 0.000000 0.646586
vn 0.016975 0.999592 -0.022974
vn 0.016975 0.999592 -0.022974
vn -0.762842 0.000000 -0.646584
vn -0.762843 0.000000 -0.646584
vn -0.016975 -0.999592 0.022974
vn -0.016975 -0.999592 0.022974
vn -0.016975 -0.999592 0.022974
vn -0.016975 -0.999592 0.022974
vn 0.000000 1.000000 0.000000
vn 0.000000 1.000000 0.000000
vn -0.698087 0.000000 -0.716013
vn -0.698087 0.000000 -0.716013
vn -0.698087 0.000000 -0.716013
vn -0.698087 0.000000 -0.716013
vn 0.000000 -1.000000 0.000000
vn 0.000000 -1.000000 0.000000
vn 0.000000 -1.000000 0.000000
vn 0.000000 -1.000000 0.000000
vn 0.698087 0.000000 0.716013
vn 0.698087 0.000000 0.716013
vn 0.942998 -0.025330 0.331832
vn 0.942998 -0.025330 0.331832
vn 0.942998 -0.025330 0.331832
vn 0.942998 -0.025330 0.331832
vn 0.015127 0.998754 -0.047550
vn 0.015127 0.998754 -0.047550
vn -0.942999 0.025330 -0.331831
vn -0.942999 0.025330 -0.331831
vn -0.015126 -0.998754 0.047549
vn -0.015126 -0.998754 0.047549
vn -0.015126 -0.998754 0.047549
vn -0.015126 -0.998754 0.047549
vn 0.946583 0.024708 -0.321512
vn 0.946583 0.024708 -0.321512
vn 0.946583 0.024708 -0.321512
vn 0.946583 0.024708 -0.321512
vn -0.074825 0.996741 0.030150
vn -0.074825 0.996741 0.030150
vn -0.946831 0.002136 0.321724
vn -0.946831 0.002136 0.321724
vn 0.075431 -0.996689 -0.030355
vn 0.075431 -0.996689 -0.030355
vn 0.075431 -0.996689 -0.030355
vn 0.075431 -0.996689 -0.030355
vn 0.455336 0.000000 -0.890320
vn 0.455336 0.000000 -0.890320
vn 0.455336 0.000000 -0.890320
vn 0.455336 0.000000 -0.890320
vn 0.062708 0.996901 0.047489
vn 0.062708 0.996901 0.047489
vn -0.455331 0.000000 0.890322
vn -0.455331 0.000000 0.890322
vn -0.062708 -0.996901 -0.047488
vn -0.062708 -0.996901 -0.047488
vn -0.062708 -0.996901 -0.047488
vn -0.062708 -0.996901 -0.047488
vn 0.114581 0.992778 -0.035542
vn 0.114581 0.992778 -0.035542
vn -0.777584 -0.024456 0.628303
vn -0.777584 -0.024456 0.628303
vn -0.115366 -0.992664 0.036185
vn -0.115366 -0.992664 0.036185
vn -0.115366 -0.992664 0.036185
vn -0.115366 -0.992664 0.036185
vn 0.777125 0.000000 -0.629346
vn 0.777125 0.000000 -0.629346
vn -0.983362 0.016125 0.180941
vn -0.983362 0.016125 0.180941
vn -0.983362 0.016125 0.180941
vn -0.983362 0.016125 0.180941
vn -0.023254 0.997054 -0.073097
vn -0.023254 0.997054 -0.073097
vn 0.983362 -0.016126 -0.180942
vn 0.983362 -0.016126 -0.180942
vn 0.023254 -0.997054 0.073094
vn 0.023254 -0.997054 0.073094
vn -0.888344 0.117015 -0.444019
vn -0.888344 0.117015 -0.444019
vn -0.888344 0.117015 -0.444019
vn -0.888344 0.117015 -0.444019
vn -0.009865 0.999470 0.031010
vn -0.009865 0.999470 0.031010
vn 0.888343 -0.117012 0.444020
vn 0.888343 -0.117012 0.444020
vn 0.009865 -0.999470 -0.031008
vn 0.009865 -0.999470 -0.031008
vn 0.009865 -0.999470 -0.031008
vn 0.009865 -0.999470 -0.031008
vn -0.944831 0.008610 -0.327445
vn -0.944831 0.008610 -0.327445
vn -0.944831 0.008610 -0.327445
vn -0.944831 0.008610 -0.327445
vn 0.117886 0.977557 -0.174600
vn 0.117886 0.977557 -0.174600
vn 0.929763 -0.122239 0.347272
vn 0.929763 -0.122239 0.347272
vn 0.929763 -0.122239 0.347272
vn 0.929763 -0.122239 0.347272
vn -0.125082 -0.977119 0.172026
vn -0.125082 -0.977119 0.172026
vn -0.125082 -0.977119 0.172026
vn -0.125082 -0.977119 0.172026
vn -0.807367 -0.035554 -0.588978
vn -0.807367 -0.035554 -0.588978
vn -0.807367 -0.035554 -0.588978
vn -0.807367 -0.035554 -0.588978
vn -0.139094 0.986630 0.084933
vn -0.139094 0.986630 0.084933
vn 0.805031 0.054050 0.590765
vn 0.805031 0.054050 0.590765
vn 0.142547 -0.986353 -0.082388
vn 0.142547 -0.986353 -0.082388
vn 0.141688 0.988725 0.048459
vn 0.141688 0.988725 0.048459
vn 0.436028 0.333216 0.835971
vn 0.436028 0.333216 0.835971
vn 0.436028 0.333216 0.835971
vn 0.436028 0.333216 0.835971
vn -0.145066 -0.987846 -0.055814
vn -0.145066 -0.987847 -0.055814
vn -0.145066 -0.987847 -0.055814
vn -0.145066 -0.987847 -0.055814
vn -0.429756 -0.017480 -0.902776
vn -0.429756 -0.017480 -0.902776
vn 0.025230 0.999499 0.019106
vn 0.025230 0.999499 0.019106
vn -0.430026 0.000000 0.902817
vn -0.430026 0.000000 0.902817
vn -0.430026 0.000000 0.902817
vn -0.430026 0.000000 0.902817
vn -0.025230 -0.999499 -0.019106
vn -0.025230 -0.999499 -0.019106
vn -0.025230 -0.999499 -0.019106
vn -0.025230 -0.999499 -0.019106
vn 0.430029 0.000000 -0.902815
vn 0.430029 0.000000 -0.902815
vn 0.603712 0.000000 -0.797202
vn 0.603712 0.000000 -0.797202
vn 0.603712 0.000000 -0.797202
vn 0.603712 0.000000 -0.797202
vn -0.220598 0.960952 -0.167058
vn -0.220598 0.960952 -0.167058
vn -0.603715 0.000000 0.797200
vn -0.603715 0.000000 0.797200
vn -0.603715 0.000000 0.797200
vn -0.603715 0.000000 0.797200
vn 0.220598 -0.960952 0.167057
vn 0.220598 -0.960952 0.167057
vn 0.220598 -0.960952 0.167057
vn 0.220598 -0.960952 0.167057
vn 0.019923 0.997838 0.062625
vn 0.019923 0.997838 0.062625
vn -0.868078 -0.025324 0.495781
vn -0.868078 -0.025324 0.495781
vn -0.868078 -0.025324 0.495781
vn -0.868078 -0.025324 0.495781
vn -0.019922 -0.997838 -0.062621
vn -0.019922 -0.997838 -0.062621
vn -0.019922 -0.997838 -0.062621
vn -0.019922 -0.997838 -0.062621
vn 0.868078 0.025332 -0.495781
vn 0.868078 0.025332 -0.495781
vn -0.187658 0.981013 0.048979
vn -0.187658 0.981013 0.048979
vn -0.981730 0.023723 -0.188793
vn -0.981730 0.023723 -0.188793
vn -0.981730 0.023723 -0.188793
vn -0.981730 0.023723 -0.188793
vn 0.188449 -0.980869 -0.048811
vn 0.188449 -0.980869 -0.048811
vn 0.188449 -0.980869 -0.048811
vn 0.188449 -0.980869 -0.048811
vn 0.981740 -0.010759 0.189923
vn 0.981740 -0.010759 0.189923
vn 0.131974 0.977017 0.167394
vn 0.131974 0.977017 0.167394
vn -0.848516 0.000000 -0.529171
vn -0.848516 0.000000 -0.529171
vn -0.848516 0.000000 -0.529171
vn -0.848516 0.000000 -0.529171
vn -0.133648 -0.976616 -0.168403
vn -0.133648 -0.976616 -0.168403
vn -0.133648 -0.976616 -0.168403
vn -0.133648 -0.976616 -0.168403
vn 0.849242 -0.025988 0.527364
vn 0.849242 -0.025988 0.527364
vn 0.603714 0.000000 0.797201
vn 0.603714 0.000000 0.797201
vn 0.603714 0.000000 0.797201
vn 0.603714 0.000000 0.797201
vn 0.000000 1.000000 0.000000
vn 0.000000 1.000000 0.000000
vn -0.603714 0.000000 -0.797201
vn -0.603714 0.000000 -0.797201
vn 0.000000 -1.000000 -0.000000
vn 0.000000 -1.000000 -0.000000
vn 0.000000 -1.000000 -0.000000
vn 0.000000 -1.000000 -0.000000
vn 0.214700 0.000000 0.976680
vn 0.214700 0.000000 0.976680
vn 0.214700 0.000000 0.976680
vn 0.214700 0.000000 0.976680
vn 0.007730 0.998887 -0.046523
vn 0.007730 0.998887 -0.046523
vn -0.215080 -0.026462 -0.976238
vn -0.215080 -0.026462 -0.976238
vn -0.006770 -0.998681 0.050889
vn -0.006770 -0.998681 0.050889
vn -0.006770 -0.998681 0.050889
vn -0.006770 -0.998681 0.050889
vn -0.470427 0.000350 0.882439
vn -0.470426 0.000350 0.882439
vn -0.470426 0.000350 0.882439
vn -0.470427 0.000350 0.882439
vn 0.080002 0.996330 0.030438
vn 0.080002 0.996330 0.030438
vn 0.470451 0.000000 -0.882426
vn 0.470451 0.000000 -0.882426
vn -0.079171 -0.996347 -0.031999
vn -0.079171 -0.996347 -0.031999
vn -0.079171 -0.996347 -0.031999
vn -0.079171 -0.996347 -0.031999
vn 0.390005 0.000000 0.920813
vn 0.390005 0.000000 0.920813
vn 0.390005 0.000000 0.920813
vn 0.390005 0.000000 0.920813
vn -0.095198 0.994953 0.031723
vn -0.095198 0.994953 0.031723
vn -0.390004 0.000000 -0.920813
vn -0.390004 0.000000 -0.920813
vn -0.390004 0.000000 -0.920813
vn -0.390004 0.000000 -0.920813
vn 0.095198 -0.994953 -0.031723
vn 0.095198 -0.994953 -0.031723
vn 0.095198 -0.994953 -0.031723
vn 0.095198 -0.994953 -0.031723
vn -0.290492 0.009581 0.956829
vn -0.290492 0.009581 0.956829
vn -0.290492 0.009581 0.956829
vn -0.290492 0.009581 0.956829
vn -0.043567 0.996757 0.067663
vn -0.043567 0.996757 0.067663
vn 0.290334 -0.001499 -0.956924
vn 0.290334 -0.001499 -0.956924
vn 0.290334 -0.001499 -0.956924
vn 0.290334 -0.001499 -0.956924
vn 0.045642 -0.996172 -0.074547
vn 0.045642 -0.996172 -0.074547
vn 0.045642 -0.996172 -0.074547
vn 0.045642 -0.996172 -0.074547
vn -0.924159 -0.008496 0.381914
vn -0.924159 -0.008496 0.381914
vn -0.924159 -0.008496 0.381914
vn -0.924159 -0.008496 0.381914
vn 0.071674 0.979259 0.189511
vn 0.071674 0.979259 0.189511
vn 0.923102 -0.005127 -0.384520
vn 0.923102 -0.005127 -0.384520
vn -0.065412 -0.979194 -0.192094
vn -0.065412 -0.979194 -0.192094
vn -0.065412 -0.979194 -0.192094
vn -0.065412 -0.979194 -0.192094
vn -0.314773 0.708829 0.631252
s off
g pCube2
usemtl initialShadingGroup
f 1520/1420/422 1521/1421/423 1522/1422/424 1523/1423/425
f 1524/2135/426 1525/2134/427 1526/2138/428 1527/2139/429
f 1528/1434/430 1529/1435/431 1530/1436/432 1531/1437/433
f 1532/1448/434 1533/1449/435 1534/1450/436 1535/1451/437
s 1
f 288/1150/438 988/1153/439 989/1154/440 293/1151/441
f 289/2798/442 965/2799/443 966/2800/444 294/2801/445
f 290/2802/446 942/2804/447 943/2805/448 295/2803/449
f 291/1094/450 292/1090/451 297/1091/452 296/1095/453
s off
f 1252/897/454 1253/899/455 1254/900/456 1255/898/457
f 1256/2808/458 1257/2809/459 1258/2810/460 1259/2811/461
f 1260/2836/462 1261/2837/463 1262/2833/464 1263/2832/465
f 1264/871/466 1265/870/467 1266/869/468 1267/872/469
s 4
f 298/563/470 992/566/471 993/567/472 303/564/473
f 299/2815/474 969/2814/475 970/2818/476 304/2819/477
f 300/2816/478 946/2822/479 947/2823/480 305/2820/481
f 301/504/482 302/498/483 307/499/484 306/505/485
s 7
f 314/520/486 1116/523/487 1117/524/488 319/518/489
s 8
f 1782/2838/490 1794/2839/491 316/2840/492
f 316/2840/492 1794/2839/491 315/2841/493
f 315/2841/493 1794/2839/491 1780/2842/494
s 9
f 1786/2843/495 316/2844/496 1796/2845/497
f 1788/2848/498 1798/2846/499 317/2847/500
f 1796/2845/497 316/2844/496 1798/2846/499
f 316/2844/496 317/2847/500 1798/2846/499
s 11
f 317/471/501 838/468/502 839/467/503 1792/472/504
s off
f 1268/2849/505 1269/2850/506 1270/2851/507 1271/2852/508
f 1272/2855/509 1273/2856/510 1274/2857/511 1275/2858/512
f 1276/2864/513 1277/2865/514 1278/2866/515 1279/2867/516
f 1280/1267/517 1281/1266/518 1282/1265/519 1283/1268/520
s 12
f 322/1125/521 1120/1131/522 1121/1132/523 327/1124/524
f 323/2872/525 781/2873/526 782/2874/527 328/2875/528
f 324/2674/529 800/2677/530 801/2678/531 329/2671/532
f 325/2683/533 842/2688/534 843/2689/535 330/2684/536
s off
f 1536/2152/537 1537/2153/538 1538/2149/539 1539/2148/540
f 1540/2708/541 1541/2709/542 1542/2705/543 1543/2704/544
f 1544/1456/545 1545/1457/546 1546/1458/547 1547/1459/548
f 1548/1473/549 1549/1474/550 1550/1475/551 1551/1476/552
f 1553/1487/553 1552/1488/554 1554/1489/555 1555/1490/556
f 1557/1495/557 1556/1496/558 1558/1497/559 1559/1498/560
f 1561/1506/561 1560/1507/562 1562/1508/563 1563/1509/564
f 1565/1514/565 1564/1515/566 1566/1516/567 1567/1517/568
s 16
f 343/1069/569 331/1075/570 326/1076/571 346/1070/572
f 344/1071/573 872/1068/574 873/1067/575 347/1072/576
f 345/1078/577 344/1071/573 347/1072/576 348/1079/578
f 292/1090/579 918/1087/580 919/1086/581 297/1091/582
s off
f 1285/456/583 1284/457/584 1286/458/585 1287/459/586
f 1289/486/587 1288/487/588 1290/481/589 1291/480/590
f 1293/496/591 1292/497/592 1294/489/593 1295/488/594
f 1297/3729/595 1296/3728/596 1298/3727/597 1299/3730/598
s 18
f 349/464/599 321/463/600 318/465/601 313/466/602
f 350/473/603 876/470/604 877/469/605 311/474/606
f 351/478/607 350/473/603 311/474/606 309/479/608
f 302/498/609 922/493/610 923/492/611 307/499/612
s off
f 1568/1534/613 1569/1535/614 1570/1536/615 1571/1537/616
f 1572/1542/617 1573/1543/618 1574/1544/619 1575/1545/620
f 1576/1562/621 1577/1563/622 1578/1564/623 1579/1565/624
f 1580/1582/625 1581/1583/626 1582/1584/627 1583/1585/628
s 20
f 327/1124/629 352/1116/630 355/1119/631 322/1125/632
f 1050/1123/633 1051/1122/634 353/1127/635 356/1128/636
f 1070/1141/637 1071/1140/638 354/1143/639 357/1144/640
f 1004/1147/641 1005/1146/642 288/1150/643 293/1151/644
s off
f 1300/509/645 1301/510/646 1302/511/647 1303/512/648
f 1304/538/649 1305/548/650 1306/549/651 1307/539/652
f 1308/3073/653 1309/3074/654 1310/3072/655 1311/3071/656
f 1312/3081/657 1313/3082/658 1314/3080/659 1315/3079/660
s 23
f 319/518/661 358/517/662 312/519/663 314/520/664
f 1046/526/665 1047/525/666 359/531/667 310/532/668
f 1066/547/669 1067/546/670 360/554/671 308/555/672
f 1000/560/673 1001/559/674 298/563/675 303/564/676
s off
f 1404/3419/677 1405/3416/678 1406/3415/679 1407/3420/680
f 1408/3441/681 1409/3442/682 1410/3438/683 1411/3437/684
f 1412/2876/685 1413/2877/686 1414/2878/687 1415/2879/688
f 1416/2880/689 1417/2881/690 1418/2882/691 1419/2883/692
f 1420/3617/693 1421/3616/694 1422/3615/695 1423/3618/696
f 1424/3713/697 1425/3712/698 1426/3711/699 1427/3714/700
f 1428/570/701 1429/571/702 1430/572/703 1431/573/704
f 1432/574/705 1433/575/706 1434/576/707 1435/577/708
f 1436/635/709 1437/636/710 1438/637/711 1439/638/712
f 1440/623/713 1441/624/714 1442/615/715 1443/614/716
f 1444/2884/717 1445/2885/718 1446/2886/719 1447/2887/720
f 1449/710/721 1448/707/722 1450/706/723 1451/711/724
f 1453/2902/725 1452/2903/726 1454/2904/727 1455/2905/728
f 1457/2920/729 1456/2921/730 1458/2919/731 1459/2918/732
f 1460/3789/733 1461/3790/734 1462/3791/735 1463/3792/736
f 1464/1204/737 1465/1203/738 1466/1205/739 1467/1206/740
s 26
f 361/667/741 996/685/742 362/686/743 377/650/744
f 363/656/745 997/666/746 361/667/741 377/650/744
f 362/2922/743 973/2923/747 364/2924/748 377/2925/744
s 27
f 364/2924/749 950/2926/750 365/2927/751 377/2925/752
f 365/597/751 366/588/753 377/584/752
f 366/588/753 926/589/754 927/585/755 377/584/752
s 26
f 1109/646/756 1110/652/757 363/656/745 377/650/744
s 27
f 367/583/758 369/582/759 377/584/752 927/585/755
s 28
f 370/649/760 1108/647/761 1109/646/762 377/650/763
s 29
f 369/582/764 880/586/765 371/587/766 377/584/767
s 28
f 372/670/768 1113/671/769 373/657/770 377/650/763
f 373/657/770 370/649/760 377/650/763
f 374/2911/771 372/2910/768 377/2912/763
s 29
f 375/2913/772 374/2911/773 377/2912/767
f 371/587/766 376/594/774 377/584/767
f 376/594/774 835/606/775 375/607/772 377/584/767
s 31
f 332/1596/776 1124/1597/777 1125/1598/778 410/1599/779
f 337/1604/780 332/1596/776 410/1599/779 411/1605/781
f 333/1600/782 785/1606/783 786/1607/784 425/1601/785
s 33
f 334/1614/786 804/1624/787 805/1625/788 424/1615/789
f 335/1651/790 846/1669/791 847/1670/792 423/1652/793
f 336/1685/794 338/1702/795 421/1703/796 422/1686/797
s 31
f 339/1634/798 1054/1623/799 1055/1622/800 412/1635/801
s 33
f 868/1720/802 869/1719/803 340/1735/804 420/1736/805
s 37
f 341/1683/806 1074/1668/807 1075/1667/808 413/1684/809
s 38
f 340/1735/810 342/1752/811 419/1753/812 420/1736/813
s 37
f 984/1733/814 985/1734/815 283/1717/816 414/1718/817
f 283/1717/816 1008/1701/818 1009/1700/819 414/1718/817
f 961/1767/820 962/1768/821 284/1750/822 415/1751/823
s 38
f 938/1802/824 939/1803/825 285/1784/826 416/1785/827
f 914/1787/828 915/1786/829 287/1804/830 418/1805/831
f 287/1804/830 286/1818/832 417/1819/833 418/1805/831
s off
f 1648/3793/834 1649/3794/835 1650/3795/836 1651/3796/837
f 1653/3801/838 1652/3802/839 1654/3803/840 1655/3804/841
f 1656/2937/842 1657/2938/843 1658/2939/844 1659/2940/845
f 1660/2941/846 1661/2942/847 1662/2943/848 1663/2944/849
f 1664/3777/850 1665/3776/851 1666/3775/852 1667/3778/853
f 1668/3665/854 1669/3664/855 1670/3663/856 1671/3666/857
f 1673/714/858 1672/715/859 1674/716/860 1675/717/861
f 1676/718/862 1677/719/863 1678/720/864 1679/721/865
f 1681/722/866 1680/723/867 1682/724/868 1683/725/869
f 1684/726/870 1685/727/871 1686/728/872 1687/729/873
f 1688/3809/874 1689/3810/875 1690/3811/876 1691/3812/877
f 1693/3817/878 1692/3818/879 1694/3819/880 1695/3820/881
f 1696/2945/882 1697/2946/883 1698/2947/884 1699/2948/885
f 1700/2949/886 1701/2950/887 1702/2951/888 1703/2952/889
f 1704/3509/890 1705/3510/891 1706/3506/892 1707/3505/893
f 1709/3683/894 1708/3685/895 1710/3686/896 1711/3684/897
s 31
f 411/1605/781 410/1599/779 426/1603/898 427/1611/899
f 412/1635/801 1055/1622/800 1056/1633/900 428/1648/901
s 37
f 413/1684/809 1075/1667/808 1076/1682/902 429/1699/903
f 414/1718/817 1009/1700/819 1010/1716/904 430/1732/905
f 983/1749/906 984/1733/814 414/1718/817 430/1732/905
f 960/1783/907 961/1767/820 415/1751/823 431/1766/908
s 38
f 937/1817/909 938/1802/824 416/1785/827 432/1801/910
f 418/1805/831 417/1819/833 433/1833/911 434/1820/912
f 913/1806/913 914/1787/828 418/1805/831 434/1820/912
f 420/1736/813 419/1753/812 435/1771/914 436/1754/915
s 33
f 867/1737/916 868/1720/802 420/1736/805 436/1754/917
f 422/1686/797 421/1703/796 437/1721/918 438/1704/919
f 423/1652/793 847/1670/792 848/1687/920 439/1671/921
f 424/1615/789 805/1625/788 806/1638/922 440/1626/923
s 31
f 425/1601/785 786/1607/784 787/1616/924 441/1608/925
f 410/1599/779 1125/1598/778 1126/1602/926 426/1603/898
f 427/1611/899 426/1603/898 442/1610/927 443/1620/928
f 428/1648/901 1056/1633/900 1057/1647/929 444/1665/930
s 37
f 429/1699/903 1076/1682/902 1077/1698/931 445/1715/932
f 430/1732/905 1010/1716/904 1011/1731/933 446/1748/934
f 982/1765/935 983/1749/906 430/1732/905 446/1748/934
f 959/1800/936 960/1783/907 431/1766/908 447/1782/937
s 38
f 936/1832/938 937/1817/909 432/1801/910 448/1816/939
f 434/1820/912 433/1833/911 449/1844/940 450/1834/941
f 912/1821/942 913/1806/913 434/1820/912 450/1834/941
f 436/1754/915 435/1771/914 451/1789/943 452/1772/944
s 33
f 866/1755/945 867/1737/916 436/1754/917 452/1772/946
f 438/1704/919 437/1721/918 453/1738/947 454/1722/948
f 439/1671/921 848/1687/920 849/1705/949 455/1688/950
f 440/1626/923 806/1638/922 807/1654/951 456/1639/952
s 31
f 441/1608/925 787/1616/924 788/1627/953 457/1617/954
f 426/1603/898 1126/1602/926 1127/1609/955 442/1610/927
f 443/1620/928 442/1610/927 378/1619/956 380/1631/957
f 444/1665/930 1057/1647/929 1058/1662/958 385/1677/959
s 37
f 445/1715/932 1077/1698/931 1078/1712/960 387/1727/961
f 446/1748/934 1011/1731/933 1012/1745/962 390/1762/963
f 981/1779/964 982/1765/935 446/1748/934 390/1762/963
f 958/1813/965 959/1800/936 447/1782/937 389/1797/966
s 38
f 935/1841/967 936/1832/938 448/1816/939 391/1829/968
f 450/1834/941 449/1844/940 392/1851/969 393/1845/970
f 911/1835/971 912/1821/942 450/1834/941 393/1845/970
f 452/1772/944 451/1789/943 388/1808/972 386/1790/973
s 33
f 865/1773/974 866/1755/945 452/1772/946 386/1790/975
f 454/1722/948 453/1738/947 384/1756/976 383/1739/977
f 455/1688/950 849/1705/949 850/1723/978 382/1706/979
f 456/1639/952 807/1654/951 808/1673/980 381/1655/981
s 31
f 457/1617/954 788/1627/953 789/1640/982 379/1628/983
f 442/1610/927 1127/1609/955 1128/1618/984 378/1619/956
s 43
f 507/1866/985 815/1867/986 796/1868/987
f 511/1882/988 512/1880/989 858/1878/990
f 515/1897/991 951/1895/992 928/1885/993
f 506/1877/994 796/1868/987 1135/1873/995
f 513/1886/996 514/1884/997 904/1883/998
f 516/1896/999 974/1893/1000 951/1895/992
f 951/1895/992 974/1893/1000 928/1885/993
f 508/1875/1001 857/1872/1002 816/1870/1003
f 509/1879/1004 510/1874/1005 857/1872/1002
f 517/1894/1006 1019/1891/1007 974/1893/1000
f 974/1893/1000 1019/1891/1007 928/1885/993
f 1019/1891/1007 518/1889/1008 928/1885/993
f 518/1889/1008 1085/1887/1009 928/1885/993
f 1085/1887/1009 1086/1869/1010 928/1885/993
f 928/1885/993 1086/1869/1010 514/1884/997
f 514/1884/997 1086/1869/1010 904/1883/998
f 904/1883/998 1086/1869/1010 881/1881/1011
f 881/1881/1011 1086/1869/1010 512/1880/989
f 512/1880/989 1086/1869/1010 858/1878/990
f 858/1878/990 1086/1869/1010 510/1874/1005
f 510/1874/1005 1086/1869/1010 857/1872/1002
f 857/1872/1002 1086/1869/1010 816/1870/1003
f 816/1870/1003 1086/1869/1010 815/1867/986
f 815/1867/986 1086/1869/1010 796/1868/987
f 1086/1869/1010 520/1871/1012 796/1868/987
f 521/1876/1013 1135/1873/995 520/1871/1012
f 796/1868/987 520/1871/1012 1135/1873/995
s 50
f 395/1898/1014 792/1899/1015 793/1900/1016 458/1901/1017
s 51
f 397/1904/1018 811/1913/1019 812/1914/1020 459/1905/1021
s 52
f 398/1941/1022 853/1958/1023 854/1959/1024 460/1942/1025
s 53
f 399/1973/1026 400/1986/1027 462/1987/1028 461/1974/1029
s 54
f 861/2001/1030 862/2000/1031 402/2015/1032 463/2016/1033
s 55
f 402/2015/1034 404/2027/1035 464/2028/1036 463/2016/1037
s 56
f 907/2055/1038 908/2054/1039 409/2066/1040 465/2067/1041
s 57
f 409/2066/1042 408/2079/1043 466/2080/1044 465/2067/1045
s 58
f 931/2093/1046 932/2092/1047 407/2099/1048 467/2100/1049
s 59
f 954/2086/1050 955/2087/1051 405/2072/1052 468/2073/1053
s 60
f 977/2059/1054 978/2060/1055 406/2046/1056 469/2047/1057
s 61
f 406/2046/1058 1015/2033/1059 1016/2032/1060 469/2047/1061
s 62
f 403/2019/1062 1081/2008/1063 1082/2007/1064 470/2020/1065
s 63
f 401/1978/1066 1061/1966/1067 1062/1965/1068 471/1979/1069
s 64
f 396/1934/1070 394/1919/1071 473/1920/1072 472/1935/1073
s 65
f 394/1919/1074 1131/1909/1075 1132/1908/1076 473/1920/1077
s 66
f 458/1901/1078 793/1900/1079 794/1906/1080 474/1907/1081
s 67
f 459/1905/1082 812/1914/1083 813/1929/1084 475/1915/1085
s 68
f 460/1942/1086 854/1959/1087 855/1975/1088 476/1960/1089
s off
f 461/1974/1090 462/1987/1091 478/2002/1092 477/1988/1093
s 69
f 860/2017/1094 861/2001/1095 463/2016/1096 479/2029/1097
s off
f 463/2016/1098 464/2028/1099 480/2042/1100 479/2029/1101
s 70
f 906/2068/1102 907/2055/1103 465/2067/1104 481/2081/1105
s off
f 465/2067/1106 466/2080/1107 482/2094/1108 481/2081/1109
s 71
f 930/2107/1110 931/2093/1111 467/2100/1112 483/2111/1113
s 72
f 953/2096/1114 954/2086/1115 468/2073/1116 484/2082/1117
s 73
f 976/2069/1118 977/2059/1119 469/2047/1120 485/2057/1121
s 74
f 469/2047/1122 1016/2032/1123 1017/2043/1124 485/2057/1125
s 75
f 470/2020/1126 1082/2007/1127 1083/2018/1128 486/2030/1129
s 76
f 471/1979/1130 1062/1965/1131 1063/1977/1132 487/1990/1133
s off
f 472/1935/1134 473/1920/1135 489/1932/1136 488/1948/1137
s 77
f 473/1920/1138 1132/1908/1139 1133/1918/1140 489/1932/1141
s 78
f 474/1907/1142 794/1906/1143 795/1916/1144 490/1917/1145
s 79
f 475/1915/1146 813/1929/1147 814/1944/1148 491/1930/1149
s 80
f 476/1960/1150 855/1975/1151 856/1989/1152 492/1976/1153
s off
f 477/744/1154 478/740/1155 494/734/1156 493/745/1157
s 81
f 859/731/1158 860/736/1159 479/737/1160 495/732/1161
s off
f 479/737/1162 480/741/1163 496/738/1164 495/732/1165
s 82
f 905/747/1166 906/749/1167 481/752/1168 497/750/1169
s off
f 481/2081/1170 482/2094/1171 498/2108/1172 497/2109/1173
s 83
f 929/2118/1174 930/2107/1175 483/2111/1176 499/2121/1177
s 84
f 952/2110/1178 953/2096/1179 484/2082/1180 500/2095/1181
s 85
f 975/2083/1182 976/2069/1183 485/2057/1184 501/2084/1185
s 86
f 485/770/1186 1017/764/1187 1018/762/1188 501/767/1189
s 87
f 486/757/1190 1083/758/1191 1084/754/1192 502/753/1193
s 88
f 487/769/1194 1063/775/1195 1064/771/1196 503/765/1197
s off
f 488/783/1198 489/786/1199 505/784/1200 504/781/1201
s 89
f 489/1932/1202 1133/1918/1203 1134/1931/1204 505/1945/1205
s 90
f 490/2953/1206 795/2954/1207 796/2955/1208 506/2956/1209
s 91
f 491/2957/1210 814/2959/1211 815/2960/1212 507/2958/1213
s 92
f 492/2963/1214 856/2965/1215 857/2966/1216 508/2964/1217
s off
f 1316/3355/1218 1317/3354/1219 1318/3353/1220 1319/3356/1221
s 93
f 858/730/1222 859/731/1223 495/732/1224 511/733/1225
s off
f 495/732/1226 496/738/1227 512/739/1228 511/733/1229
s 94
f 904/748/1230 905/747/1231 497/750/1232 513/751/1233
s off
f 1321/3733/1234 1320/3735/1235 1322/3736/1236 1323/3734/1237
s 95
f 928/2969/1238 929/2970/1239 499/2971/1240 515/2972/1241
s off
f 1324/2977/1242 1325/2978/1243 1326/2979/1244 1327/2980/1245
s 96
f 974/773/1246 975/774/1247 501/767/1248 517/768/1249
s 97
f 501/767/1250 1018/762/1251 1019/761/1252 517/768/1253
s 98
f 502/753/1254 1084/754/1255 1085/755/1256 518/756/1257
s 99
f 503/765/1258 1064/771/1259 1065/772/1260 519/766/1261
s off
f 504/781/1262 505/784/1263 521/785/1264 520/782/1265
f 505/784/1266 1134/787/1267 1135/788/1268 521/785/1269
s 100
f 328/2669/1270 782/2670/1271 783/2666/1272 522/2665/1273
s 101
f 329/789/1274 334/790/1275 524/791/1276 523/792/1277
s 102
f 784/2702/1278 785/2706/1279 333/2707/1280 525/2703/1281
s 103
f 333/795/1282 328/796/1283 522/797/1284 525/798/1285
s 104
f 329/2671/1286 801/2678/1287 802/2681/1288 526/2682/1289
s 105
f 330/801/1290 335/802/1291 528/803/1292 527/804/1293
s 106
f 803/1460/1294 804/1462/1295 334/1463/1296 529/1461/1297
s 107
f 334/807/1298 329/808/1299 526/809/1300 529/810/1301
s 108
f 330/2684/1302 843/2689/1303 844/2693/1304 530/2694/1305
s 109
f 331/813/1306 336/814/1307 532/815/1308 531/816/1309
s 110
f 845/1477/1310 846/1479/1311 335/1480/1312 533/1478/1313
s 111
f 335/819/1314 330/820/1315 530/821/1316 533/822/1317
s off
f 338/1493/1318 336/1494/1319 534/1492/1320 535/1491/1321
s 112
f 336/2981/1322 331/2982/1323 536/2983/1324 534/2984/1325
s 113
f 331/1075/1326 343/1069/1327 537/1080/1328 536/1081/1329
s 114
f 343/2987/1330 338/2988/1331 535/2989/1332 537/2990/1333
s 115
f 340/1502/1334 869/1503/1335 870/1500/1336 539/1499/1337
s 116
f 338/2993/1338 343/2994/1339 540/2995/1340 538/2996/1341
s 117
f 871/1073/1342 872/1068/1343 344/1071/1344 541/1077/1345
s 118
f 344/2999/1346 340/3000/1347 539/3001/1348 541/3002/1349
s off
f 342/1512/1350 340/1513/1351 542/1511/1352 543/1510/1353
s 119
f 340/3003/1354 344/3004/1355 544/3005/1356 542/3006/1357
s 120
f 344/1071/1358 345/1078/1359 545/1082/1360 544/1083/1361
s 121
f 345/3009/1362 342/3010/1363 543/3011/1364 545/3012/1365
s 122
f 287/1520/1366 915/1521/1367 916/1519/1368 547/1518/1369
s 123
f 342/3551/1370 345/3552/1371 548/3553/1372 546/3554/1373
s 124
f 917/1092/1374 918/1087/1375 292/1090/1376 549/1093/1377
s 125
f 292/3823/1378 287/3824/1379 547/3825/1380 549/3826/1381
s off
f 286/1454/1382 287/1455/1383 551/1453/1384 550/1452/1385
s 126
f 287/3555/1386 292/3556/1387 552/3557/1388 551/3558/1389
s off
f 292/2651/1390 291/2652/1391 553/2648/1392 552/2647/1393
s 127
f 291/3829/1394 286/3830/1395 550/3831/1396 553/3832/1397
s 128
f 285/1440/1398 939/1441/1399 940/1439/1400 554/1438/1401
s 129
f 286/825/1402 291/826/1403 556/827/1404 555/828/1405
s 130
f 941/2637/1406 942/2641/1407 290/2642/1408 557/2638/1409
s 131
f 290/831/1410 285/832/1411 554/833/1412 557/834/1413
s 132
f 284/2128/1414 962/2129/1415 963/2130/1416 558/2131/1417
s 133
f 285/837/1418 290/838/1419 560/839/1420 559/840/1421
s 134
f 964/2627/1422 965/2631/1423 289/2632/1424 561/2628/1425
s 135
f 289/843/1426 284/844/1427 558/845/1428 561/846/1429
s 136
f 283/1426/1430 985/1427/1431 986/1425/1432 562/1424/1433
s 137
f 284/3559/1434 289/3560/1435 564/3561/1436 563/3562/1437
s 138
f 987/2617/1438 988/2621/1439 288/2622/1440 565/2618/1441
s 139
f 288/3835/1442 283/3836/1443 562/3837/1444 565/3838/1445
s 140
f 1007/1586/1446 1008/1588/1447 283/1589/1448 567/1587/1449
s 141
f 283/3565/1450 288/3566/1451 568/3567/1452 567/3568/1453
s 142
f 288/1150/1454 1005/1146/1455 1006/1148/1456 568/1152/1457
s 143
f 354/3841/1458 341/3842/1459 566/3843/1460 569/3844/1461
s 144
f 1073/1566/1462 1074/1568/1463 341/1569/1464 571/1567/1465
s 145
f 341/3015/1466 354/3016/1467 572/3017/1468 571/3018/1469
s 146
f 354/1143/1470 1071/1140/1471 1072/1142/1472 572/1145/1473
s 147
f 353/3021/1474 339/3022/1475 570/3023/1476 573/3024/1477
s 148
f 1053/1546/1478 1054/1548/1479 339/1549/1480 575/1547/1481
s 149
f 339/3025/1482 353/3026/1483 576/3027/1484 575/3028/1485
s 150
f 353/1127/1486 1051/1122/1487 1052/1126/1488 576/1133/1489
s 151
f 352/3031/1490 337/3032/1491 574/3033/1492 577/3034/1493
s 152
f 332/1540/1494 337/1541/1495 579/1539/1496 578/1538/1497
s 153
f 337/3847/1498 352/3848/1499 580/3849/1500 579/3850/1501
s 154
f 352/1116/1502 327/1124/1503 581/1129/1504 580/1130/1505
s 155
f 327/3571/1506 332/3572/1507 578/3573/1508 581/3574/1509
s 156
f 327/2659/1510 1121/2660/1511 1122/2656/1512 582/2655/1513
s 157
f 328/3577/1514 333/3578/1515 584/3579/1516 583/3580/1517
s 158
f 1123/2142/1518 1124/2143/1519 332/2144/1520 585/2145/1521
s 159
f 332/3853/1522 327/3854/1523 582/3855/1524 585/3856/1525
s off
f 1785/2870/1526 797/2871/1527 798/2869/1528 586/2868/1529
s 160
f 1791/849/1530 325/850/1531 588/851/1532 587/852/1533
s 161
f 799/2156/1534 800/2157/1535 324/2158/1536 589/2159/1537
s 162
f 324/855/1538 1784/856/1539 586/857/1540 589/858/1541
s 163
f 1790/2231/1542 839/2232/1543 840/2228/1544 590/2227/1545
s 164
f 321/3037/1546 326/3038/1547 592/3039/1548 591/3040/1549
s 165
f 841/2237/1550 842/2241/1551 325/2242/1552 593/2238/1553
s 166
f 325/3859/1554 1789/3860/1555 590/3861/1556 593/3862/1557
s off
f 346/3583/1558 326/3584/1559 594/3585/1560 595/3586/1561
s 167
f 326/3591/1562 321/3592/1563 596/3593/1564 594/3594/1565
s off
f 321/463/1566 349/464/1567 597/461/1568 596/460/1569
s 168
f 349/3041/1570 346/3042/1571 595/3043/1572 597/3044/1573
s 169
f 347/2343/1574 873/2341/1575 874/2337/1576 599/2344/1577
s 170
f 346/3045/1578 349/3046/1579 600/3047/1580 598/3048/1581
s 171
f 875/475/1582 876/470/1583 350/473/1584 601/477/1585
s off
f 350/3053/1586 347/3054/1587 599/3055/1588 601/3056/1589
f 348/3595/1590 347/3596/1591 602/3597/1592 603/3598/1593
f 347/490/1594 350/473/1595 604/483/1596 602/491/1597
f 350/473/1598 351/478/1599 605/482/1600 604/483/1601
s 172
f 351/3337/1602 348/3338/1603 603/3334/1604 605/3333/1605
s 173
f 297/2251/1606 919/2252/1607 920/2248/1608 607/2247/1609
s 174
f 348/861/1610 351/862/1611 608/863/1612 606/864/1613
s 175
f 921/500/1614 922/493/1615 302/498/1616 609/503/1617
s 176
f 302/3865/1618 297/3866/1619 607/3867/1620 609/3868/1621
s off
f 296/2219/1622 297/2220/1623 611/2216/1624 610/2215/1625
s 177
f 297/865/1626 302/866/1627 612/867/1628 611/868/1629
s off
f 302/2225/1630 301/2226/1631 613/2222/1632 612/2221/1633
s 178
f 301/873/1634 296/874/1635 610/875/1636 613/876/1637
s 179
f 295/3871/1638 943/3872/1639 944/3873/1640 614/3874/1641
s 180
f 296/879/1642 301/880/1643 616/881/1644 615/882/1645
s 181
f 945/2825/1646 946/2822/1647 300/2816/1648 617/2826/1649
s off
f 300/887/1650 295/888/1651 614/889/1652 617/890/1653
s 182
f 293/2199/1654 989/2200/1655 990/2196/1656 618/2195/1657
s 183
f 294/3059/1658 299/3060/1659 620/3061/1660 619/3062/1661
s 184
f 991/2205/1662 992/2209/1663 298/2210/1664 621/2206/1665
s 185
f 298/893/1666 293/894/1667 618/895/1668 621/896/1669
s off
f 1328/3881/1670 1329/3882/1671 1330/3883/1672 1331/3884/1673
f 295/1315/1674 300/1316/1675 624/1312/1676 623/1311/1677
s 186
f 968/2812/1678 969/2814/1679 299/2815/1680 625/2813/1681
s 187
f 299/901/1682 294/902/1683 622/903/1684 625/904/1685
s 188
f 1069/2283/1686 1070/2287/1687 357/2288/1688 627/2284/1689
s 189
f 357/3067/1690 360/3068/1691 628/3069/1692 627/3070/1693
s 190
f 360/554/1694 1067/546/1695 1068/551/1696 628/556/1697
s off
f 359/531/1698 356/540/1699 626/550/1700 629/545/1701
s 191
f 1003/2301/1702 1004/2305/1703 293/2306/1704 631/2302/1705
s 192
f 293/3075/1706 298/3076/1707 632/3077/1708 631/3078/1709
s 193
f 298/563/1710 1001/559/1711 1002/561/1712 632/565/1713
s 194
f 360/3377/1714 357/3378/1715 630/3374/1716 633/3373/1717
s 7
f 319/2369/489 1117/2367/488 1118/2363/1718 634/2370/1719
s 195
f 1779/909/1720 323/910/1721 636/911/1722 635/912/1723
s off
f 1119/4021/1724 1120/4022/1725 322/4023/1726 637/4024/1727
s 196
f 322/917/1728 319/918/1729 634/919/1730 637/920/1731
s off
f 1778/2862/1732 778/2863/1733 779/2860/1734 638/2859/1735
s 197
f 1783/923/1736 324/924/1737 640/925/1738 639/926/1739
s 198
f 780/4027/1740 781/4028/1741 323/4029/1742 641/4030/1743
s 199
f 323/929/1744 1777/930/1745 638/931/1746 641/932/1747
s off
f 322/936/1748 355/939/1749 643/940/1750 642/937/1751
s 200
f 355/516/1752 358/517/1753 644/514/1754 643/513/1755
s 23
f 358/517/662 319/518/661 645/515/1756 644/514/1757
s 201
f 319/935/1758 322/936/1759 642/937/1760 645/938/1761
s 202
f 1049/2269/1762 1050/2273/1763 356/2274/1764 647/2270/1765
s off
f 356/540/1766 359/531/1767 648/533/1768 647/541/1769
s 23
f 359/531/667 1047/525/666 1048/529/1770 648/533/1771
s 203
f 358/3395/1772 355/3396/1773 646/3392/1774 649/3391/1775
s 204
f 303/2391/1776 993/2392/1777 994/2390/1778 650/2389/1779
s 205
f 304/3601/1780 362/3602/1781 652/3603/1782 651/3604/1783
s 206
f 995/697/1784 996/685/1785 361/667/1786 653/698/1787
s 207
f 361/3427/1788 303/3428/1789 650/3426/1790 653/3425/1791
s 208
f 999/2409/1792 1000/2411/1793 303/2412/1794 654/2410/1795
s 209
f 303/3443/1796 361/3444/1797 656/3440/1798 654/3439/1799
s 210
f 361/667/1800 997/666/1801 998/682/1802 656/684/1803
s 211
f 363/3889/1804 308/3890/1805 655/3891/1806 657/3892/1807
s 212
f 304/2429/1808 970/2430/1809 971/2428/1810 658/2427/1811
s 213
f 305/943/1812 364/944/1813 660/945/1814 659/946/1815
s 214
f 972/2441/1816 973/2443/1817 362/2444/1818 661/2442/1819
s 215
f 362/951/1820 304/952/1821 658/953/1822 661/954/1823
s 216
f 305/2457/1824 947/2458/1825 948/2456/1826 662/2455/1827
s 217
f 306/959/1828 365/960/1829 664/961/1830 663/962/1831
s 218
f 949/2928/1832 950/2926/1833 364/2924/1834 665/2929/1835
s 219
f 364/967/1836 305/968/1837 662/969/1838 665/970/1839
s off
f 306/2477/1840 307/2478/1841 667/2476/1842 666/2475/1843
s 220
f 307/3609/1844 366/3610/1845 668/3611/1846 667/3612/1847
s off
f 366/3083/1848 365/3084/1849 669/3085/1850 668/3086/1851
s 221
f 365/975/1852 306/976/1853 666/977/1854 669/978/1855
s 222
f 307/2491/1856 923/2492/1857 924/2490/1858 670/2489/1859
s 223
f 309/3285/1860 367/3286/1861 672/3282/1862 671/3281/1863
s 224
f 925/595/1864 926/589/1865 366/588/1866 673/596/1867
s 225
f 366/3893/1868 307/3894/1869 670/3895/1870 673/3896/1871
s 226
f 1112/2513/1872 1066/2515/1873 308/2516/1874 674/2514/1875
s 227
f 308/3087/1876 363/3088/1877 676/3089/1878 674/3090/1879
s 228
f 363/656/1880 1110/652/1881 1111/660/1882 676/665/1883
s 229
f 368/3095/1884 310/3096/1885 675/3097/1886 677/3098/1887
s off
f 309/3619/1888 311/3620/1889 679/3621/1890 678/3622/1891
s 230
f 311/3103/1892 369/3104/1893 680/3105/1894 679/3106/1895
s off
f 369/582/1896 367/583/1897 681/581/1898 680/580/1899
s 231
f 367/3111/1900 309/3112/1901 678/3113/1902 681/3114/1903
s 232
f 1045/2606/1904 1046/2605/1905 310/2607/1906 682/2608/1907
s 233
f 310/3119/1908 368/3120/1909 684/3121/1910 682/3122/1911
s 234
f 368/644/1912 1043/645/1913 1044/643/1914 684/642/1915
s 235
f 370/3125/1916 312/3126/1917 683/3127/1918 685/3128/1919
s 236
f 311/3627/1920 877/3628/1921 878/3629/1922 686/3630/1923
s 237
f 313/3133/1924 371/3134/1925 688/3135/1926 687/3136/1927
s 238
f 879/591/1928 880/586/1929 369/582/1930 689/592/1931
s 239
f 369/3141/1932 311/3142/1933 686/3143/1934 689/3144/1935
s 240
f 1115/4037/1936 1116/4038/1937 314/4039/1938 690/4040/1939
s 241
f 314/1195/1940 373/1196/1941 692/1192/1942 690/1191/1943
s 242
f 373/2892/1944 1113/2893/1945 1114/2891/1946 692/2890/1947
s 243
f 372/1247/1948 315/1248/1949 691/1244/1950 693/1243/1951
s off
f 314/1332/1952 312/1335/1953 694/1333/1954 695/1330/1955
s 244
f 312/3901/1956 370/3902/1957 696/3903/1958 694/3904/1959
s off
f 370/649/1960 373/657/1961 697/668/1962 696/669/1963
s 245
f 373/1331/1964 314/1332/1965 695/1330/1966 697/1329/1967
s off
f 316/4051/1968 315/4052/1969 698/4053/1970 699/4054/1971
s 246
f 315/983/1972 372/984/1973 700/985/1974 698/986/1975
s off
f 372/2910/1976 374/2911/1977 701/2909/1978 700/2908/1979
s 247
f 374/991/1980 316/992/1981 699/993/1982 701/994/1983
s off
f 317/4059/1984 316/4060/1985 702/4061/1986 703/4062/1987
s 248
f 316/999/1988 374/1000/1989 704/1001/1990 702/1002/1991
s off
f 374/2911/1992 375/2913/1993 705/2914/1994 704/2915/1995
s 249
f 375/1007/1996 317/1008/1997 703/1009/1998 705/1010/1999
s off
f 313/2547/2000 318/2548/2001 707/2546/2002 706/2545/2003
s 250
f 318/3905/2004 376/3906/2005 708/3907/2006 707/3908/2007
s off
f 376/594/2008 371/587/2009 709/604/2010 708/605/2011
s 251
f 371/3263/2012 313/3264/2013 706/3260/2014 709/3259/2015
s 252
f 837/1215/2016 838/1216/2017 317/1211/2018 710/1207/2019
s 253
f 317/1211/2020 375/1212/2021 712/1208/2022 710/1207/2023
s 254
f 375/607/2024 835/606/2025 836/620/2026 712/622/2027
s 255
f 376/3641/2028 318/3642/2029 711/3643/2030 713/3644/2031
s 31
f 378/1619/956 1128/1618/984 1129/1629/2032 714/1630/2033
s 256
f 379/1418/2034 395/1419/2035 716/1415/2036 715/1414/2037
s 65
f 1130/1921/2038 1131/1909/1075 394/1919/1074 717/1933/2039
s 257
f 394/3799/2040 378/3800/2041 714/3798/2042 717/3797/2043
s 31
f 380/1631/957 378/1619/956 718/1644/2044 719/1645/2045
s 258
f 378/3645/2046 394/3646/2047 720/3647/2048 718/3648/2049
s 64
f 394/1919/1071 396/1934/1070 721/1951/2050 720/1952/2051
s 259
f 396/3807/2052 380/3808/2053 719/3806/2054 721/3805/2055
s 31
f 379/1628/983 789/1640/982 790/1656/2056 722/1657/2057
s 260
f 381/1015/2058 397/1016/2059 724/1017/2060 723/1018/2061
s 50
f 791/1902/2062 792/1899/1015 395/1898/1014 725/1903/2063
s 261
f 395/1021/2064 379/1022/2065 722/1023/2066 725/1024/2067
s 33
f 381/1655/981 808/1673/980 809/1690/2068 726/1691/2069
s 262
f 382/1027/2070 398/1028/2071 728/1029/2072 727/1030/2073
s 51
f 810/1925/2074 811/1913/1019 397/1904/1018 729/1926/2075
s 263
f 397/1033/2076 381/1034/2077 726/1035/2078 729/1036/2079
s 33
f 382/1706/979 850/1723/978 851/1740/2080 730/1741/2081
s 264
f 383/3651/2082 399/3652/2083 732/3653/2084 731/3654/2085
s 52
f 852/1971/2086 853/1958/1023 398/1941/1022 733/1972/2087
s 265
f 398/3913/2088 382/3914/2089 730/3915/2090 733/3916/2091
s 33
f 383/1739/977 384/1756/976 735/1774/2092 734/1775/2093
s 266
f 384/3659/2094 400/3660/2095 736/3661/2096 735/3662/2097
s 53
f 400/1986/1027 399/1973/1026 737/1998/2098 736/1999/2099
s 267
f 399/3919/2100 383/3920/2101 734/3921/2102 737/3922/2103
s 31
f 385/1677/959 1058/1662/958 1059/1678/2104 739/1694/2105
s 268
f 380/3149/2106 396/3150/2107 740/3151/2108 738/3152/2109
s 63
f 1060/1980/2110 1061/1966/1067 401/1978/1066 741/1991/2111
s 269
f 401/3155/2112 385/3156/2113 739/3157/2114 741/3158/2115
s 33
f 864/1791/2116 865/1773/974 386/1790/975 743/1809/2117
s 270
f 386/3493/2118 402/3494/2119 744/3490/2120 743/3489/2121
s 54
f 402/2015/1032 862/2000/1031 863/2013/2122 744/2024/2123
s 271
f 400/3161/2124 384/3162/2125 742/3163/2126 745/3164/2127
s 37
f 387/1727/961 1078/1712/960 1079/1728/2128 747/1744/2129
s 272
f 385/3167/2130 401/3168/2131 748/3169/2132 746/3170/2133
s 62
f 1080/2021/2134 1081/2008/1063 403/2019/1062 749/2031/2135
s 273
f 403/3173/2136 387/3174/2137 747/3175/2138 749/3176/2139
s 38
f 386/1790/973 388/1808/972 751/1823/2140 750/1824/2141
s 274
f 388/3179/2142 404/3180/2143 752/3181/2144 751/3182/2145
s 55
f 404/2027/1035 402/2015/1034 753/2038/2146 752/2039/2147
s 275
f 402/3185/2148 386/3186/2149 750/3187/2150 753/3188/2151
s 37
f 980/1798/2152 981/1779/964 390/1762/963 754/1799/2153
s 276
f 390/3815/2154 406/3816/2155 756/3814/2156 754/3813/2157
s 60
f 406/2046/1056 978/2060/1055 979/2074/2158 756/2075/2159
s 277
f 405/3667/2160 389/3668/2161 755/3669/2162 757/3670/2163
s 37
f 390/1762/963 1012/1745/962 1013/1763/2164 759/1778/2165
s 278
f 387/3925/2166 403/3926/2167 760/3927/2168 758/3928/2169
s 61
f 1014/2048/2170 1015/2033/1059 406/2046/1058 761/2058/2171
s 279
f 406/3673/2172 390/3674/2173 759/3675/2174 761/3676/2175
s 37
f 957/1830/2176 958/1813/965 389/1797/966 762/1831/2177
s 280
f 389/1039/2178 405/1040/2179 764/1041/2180 762/1042/2181
s 59
f 405/2072/1052 955/2087/1051 956/2101/2182 764/2102/2183
s 281
f 407/1045/2184 391/1046/2185 763/1047/2186 765/1048/2187
s 38
f 934/1852/2188 935/1841/967 391/1829/968 766/1853/2189
s 282
f 391/1051/2190 407/1052/2191 768/1053/2192 766/1054/2193
s 58
f 407/2099/1048 932/2092/1047 933/2105/2194 768/2115/2195
s 283
f 408/1057/2196 392/1058/2197 767/1059/2198 769/1060/2199
s 38
f 910/1846/2200 911/1835/971 393/1845/970 771/1854/2201
s 284
f 393/3507/2202 409/3508/2203 772/3504/2204 771/3503/2205
s 56
f 409/2066/1040 908/2054/1039 909/2063/2206 772/2076/2207
s 285
f 404/3525/2208 388/3526/2209 770/3522/2210 773/3521/2211
s 38
f 393/1845/970 392/1851/969 774/1860/2212 775/1861/2213
s 286
f 392/3931/2214 408/3932/2215 776/3933/2216 774/3934/2217
s 57
f 408/2079/1043 409/2066/1042 777/2090/2218 776/2091/2219
s 287
f 409/3679/2220 393/3680/2221 775/3681/2222 777/3682/2223
s 288
f 1799/2170/2224 1800/2171/2225 1803/2172/2226
f 1802/2174/2227 1803/2172/2226 1801/2173/2228
f 1800/2171/2225 1801/2173/2228 1803/2172/2226
s 289
f 1807/2175/2229 1808/2176/2230 1806/2177/2231
f 1808/2176/2230 1809/2178/2232 1806/2177/2231
f 1806/2177/2231 1809/2178/2232 1805/2179/2233
f 1804/2180/2234 1805/2181/2233 1809/2182/2232
s off
f 779/3195/2235 1793/3197/2236 1781/3198/2237 639/3196/2238
f 1333/3191/2239 1332/3192/2240 1334/3193/2241 1335/3194/2242
s 198
f 324/4031/2243 781/4028/1741 780/4027/1740 640/4032/2244
s 12
f 782/2670/527 781/2673/526 324/2674/529 329/2671/532
s 100
f 783/2666/1272 782/2670/1271 329/2671/2245 523/2672/2246
s off
f 1585/2712/2247 1584/2714/2248 1586/2715/2249 1587/2713/2250
s 102
f 334/2710/2251 785/2706/1279 784/2702/1278 524/2711/2252
s 31
f 786/1607/784 785/1606/783 334/1614/2253 424/1615/2254
f 787/1616/924 786/1607/784 424/1615/2254 440/1626/2255
f 788/1627/953 787/1616/924 440/1626/2255 456/1639/2256
f 789/1640/982 788/1627/953 456/1639/2256 381/1655/2257
f 790/1656/2056 789/1640/982 381/1655/2257 723/1674/2258
s off
f 1713/3199/2259 1712/3200/2260 1714/3201/2261 1715/3202/2262
s 50
f 397/1904/2263 792/1899/1015 791/1902/2062 724/1910/2264
f 793/1900/1016 792/1899/1015 397/1904/2263 459/1905/2265
s 66
f 794/1906/1080 793/1900/1079 459/1905/2266 475/1915/2267
s 78
f 795/1916/1144 794/1906/1143 475/1915/2268 491/1930/2269
s 90
f 796/2955/1208 795/2954/1207 491/2957/2270 507/2958/2271
s off
f 833/3207/2272 834/3209/2273 1787/3210/2274 587/3208/2275
f 1336/3203/2276 1337/3204/2277 1338/3205/2278 1339/3206/2279
s 161
f 325/2164/2280 831/2161/2281 832/2160/2282 588/2165/2283
s 12
f 830/2680/2284 831/2679/2285 325/2683/533 330/2684/536
s 104
f 829/2685/2286 830/2680/2287 330/2684/2288 527/2690/2289
s off
f 1588/1468/2290 1589/1471/2291 1590/1472/2292 1591/1469/2293
s 106
f 335/1466/2294 827/1465/2295 828/1464/2296 528/1467/2297
s 33
f 826/1637/2298 827/1636/2299 335/1651/790 423/1652/793
f 825/1653/2300 826/1637/2298 423/1652/793 439/1671/921
f 824/1672/2301 825/1653/2300 439/1671/921 455/1688/950
f 823/1689/2302 824/1672/2301 455/1688/950 382/1706/979
f 822/1707/2303 823/1689/2302 382/1706/979 727/1724/2304
s off
f 1716/3211/2305 1717/3212/2306 1718/3213/2307 1719/3214/2308
s 51
f 398/1941/2309 820/1927/2310 821/1938/2311 728/1955/2312
f 819/1928/2313 820/1927/2310 398/1941/2309 460/1942/2314
s 67
f 818/1943/2315 819/1928/2316 460/1942/2317 476/1960/2318
s 79
f 817/1961/2319 818/1943/2320 476/1960/2321 492/1976/2322
s 91
f 816/2962/2323 817/2961/2324 492/2963/2325 508/2964/2326
f 815/2960/1212 814/2959/1211 817/2961/2324 816/2962/2323
s 79
f 814/1944/1148 813/1929/1147 818/1943/2320 817/1961/2319
s 67
f 813/1929/1084 812/1914/1083 819/1928/2316 818/1943/2315
s 51
f 812/1914/1020 811/1913/1019 820/1927/2310 819/1928/2313
f 821/1938/2311 820/1927/2310 811/1913/1019 810/1925/2074
s off
f 1721/3215/2327 1720/3216/2328 1722/3217/2329 1723/3218/2330
s 33
f 809/1690/2068 808/1673/980 823/1689/2302 822/1707/2303
f 808/1673/980 807/1654/951 824/1672/2301 823/1689/2302
f 807/1654/951 806/1638/922 825/1653/2300 824/1672/2301
f 806/1638/922 805/1625/788 826/1637/2298 825/1653/2300
f 805/1625/788 804/1624/787 827/1636/2299 826/1637/2298
s 106
f 828/1464/2296 827/1465/2295 804/1462/1295 803/1460/1294
s off
f 1593/2183/2331 1592/2184/2332 1594/2185/2333 1595/2186/2334
s 104
f 802/2681/1288 801/2678/1287 830/2680/2287 829/2685/2286
s 12
f 801/2678/531 800/2677/530 831/2679/2285 830/2680/2284
s 161
f 832/2160/2282 831/2161/2281 800/2157/1535 799/2156/1534
s off
f 1341/1297/2335 1340/1298/2336 1342/1296/2337 1343/1295/2338
f 798/2331/2339 1795/2335/2340 1797/2336/2341 833/2332/2342
s 254
f 836/620/2026 835/606/2025 376/594/2343 713/621/2344
s off
f 1469/631/2345 1468/633/2346 1470/634/2347 1471/632/2348
s 252
f 318/1217/2349 838/1216/2017 837/1215/2016 711/1218/2350
s 11
f 839/467/503 838/468/502 318/465/2351 321/463/2352
s 163
f 840/2228/1544 839/2232/1543 321/2233/2353 591/2234/2354
s off
f 1345/3219/2355 1344/3220/2356 1346/3221/2357 1347/3222/2358
s 165
f 326/2243/2359 842/2241/1551 841/2237/1550 592/2244/2360
s 12
f 843/2689/535 842/2688/534 326/2691/2361 331/2692/2362
s 108
f 844/2693/1304 843/2689/1303 331/2692/2363 531/2697/2364
s off
f 1597/1483/2365 1596/1485/2366 1598/1486/2367 1599/1484/2368
s 110
f 336/1481/2369 846/1479/1311 845/1477/1310 532/1482/2370
s 33
f 847/1670/792 846/1669/791 336/1685/794 422/1686/797
f 848/1687/920 847/1670/792 422/1686/797 438/1704/919
f 849/1705/949 848/1687/920 438/1704/919 454/1722/948
f 850/1723/978 849/1705/949 454/1722/948 383/1739/977
f 851/1740/2080 850/1723/978 383/1739/977 731/1757/2371
s off
f 1725/3657/2372 1724/3658/2373 1726/3656/2374 1727/3655/2375
s 52
f 399/1973/2376 853/1958/1023 852/1971/2086 732/1983/2377
f 854/1959/1024 853/1958/1023 399/1973/2376 461/1974/2378
s 68
f 855/1975/1088 854/1959/1087 461/1974/2379 477/1988/2380
s 80
f 856/1989/1152 855/1975/1151 477/1988/2381 493/2003/2382
s 92
f 857/2966/1216 856/2965/1215 493/2967/2383 509/2968/2384
s 93
f 494/734/2385 859/731/1223 858/730/1222 510/735/2386
s 81
f 478/740/2387 860/736/1159 859/731/1158 494/734/2388
s 69
f 462/1987/2389 861/2001/1095 860/2017/1094 478/2002/2390
s 54
f 400/1986/2391 862/2000/1031 861/2001/1030 462/1987/2392
f 863/2013/2122 862/2000/1031 400/1986/2391 745/2014/2393
s off
f 1728/1063/2394 1729/1064/2395 1730/1065/2396 1731/1066/2397
s 33
f 384/1756/976 865/1773/974 864/1791/2116 742/1792/2398
f 453/1738/947 866/1755/945 865/1773/974 384/1756/976
f 437/1721/918 867/1737/916 866/1755/945 453/1738/947
f 421/1703/796 868/1720/802 867/1737/916 437/1721/918
f 338/1702/795 869/1719/803 868/1720/802 421/1703/796
s 115
f 870/1500/1336 869/1503/1335 338/1504/2399 538/1505/2400
s off
f 1601/2189/2401 1600/2190/2402 1602/2191/2403 1603/2192/2404
s 117
f 343/1069/2405 872/1068/1343 871/1073/1342 540/1074/2406
s 16
f 873/1067/575 872/1068/574 343/1069/569 346/1070/572
s 169
f 874/2337/1576 873/2341/1575 346/2342/2407 598/2338/2408
s off
f 1349/3051/2409 1348/3052/2410 1350/3050/2411 1351/3049/2412
s 171
f 349/464/2413 876/470/1583 875/475/1582 600/476/2414
s 18
f 877/469/605 876/470/604 349/464/599 313/466/602
s 236
f 878/3629/1922 877/3628/1921 313/3631/2415 687/3632/2416
s off
f 1473/616/2417 1472/625/2418 1474/626/2419 1475/617/2420
s 238
f 371/587/2421 880/586/1929 879/591/1928 688/593/2422
s 94
f 496/738/2423 882/742/2424 881/743/2425 512/739/2426
s 82
f 480/741/2427 883/746/2428 882/742/2429 496/738/2430
s 70
f 464/2028/2431 884/2041/2432 883/2056/2433 480/2042/2434
s 56
f 404/2027/2435 885/2040/2436 884/2041/2437 464/2028/2438
f 886/2052/2439 885/2040/2436 404/2027/2435 773/2053/2440
s off
f 1732/3519/2441 1733/3518/2442 1734/3517/2443 1735/3520/2444
s 38
f 388/1808/972 888/1822/2445 887/1836/2446 770/1837/2447
f 451/1789/943 889/1807/2448 888/1822/2445 388/1808/972
f 435/1771/914 890/1788/2449 889/1807/2448 451/1789/943
f 419/1753/812 891/1770/2450 890/1788/2449 435/1771/914
f 342/1752/811 892/1769/2451 891/1770/2450 419/1753/812
s 122
f 893/1523/2452 892/1522/2453 342/1524/2454 546/1525/2455
s off
f 1605/1532/2456 1604/1529/2457 1606/1528/2458 1607/1533/2459
s 124
f 345/1078/2460 895/1085/2461 894/1088/2462 548/1089/2463
s 16
f 896/1084/2464 895/1085/2465 345/1078/577 348/1079/578
s 173
f 897/2254/2466 896/2253/2467 348/2255/2468 606/2256/2469
s off
f 1353/501/2470 1352/506/2471 1354/507/2472 1355/502/2473
s 175
f 351/478/2474 899/485/2475 898/494/2476 608/495/2477
s 18
f 900/484/2478 899/485/2479 351/478/607 309/479/608
s 222
f 901/2494/2480 900/2493/2481 309/2495/2482 671/2496/2483
s off
f 1477/3278/2484 1476/3277/2485 1478/3279/2486 1479/3280/2487
s 224
f 367/583/2488 903/590/2489 902/598/2490 672/599/2491
s 94
f 881/743/2425 882/742/2424 905/747/1231 904/748/1230
s 82
f 882/742/2429 883/746/2428 906/749/1167 905/747/1166
s 70
f 883/2056/2433 884/2041/2432 907/2055/1103 906/2068/1102
s 56
f 884/2041/2437 885/2040/2436 908/2054/1039 907/2055/1038
f 909/2063/2206 908/2054/1039 885/2040/2436 886/2052/2439
s off
f 1736/3687/2492 1737/3688/2493 1738/3689/2494 1739/3690/2495
s 38
f 887/1836/2446 888/1822/2445 911/1835/971 910/1846/2200
f 888/1822/2445 889/1807/2448 912/1821/942 911/1835/971
f 889/1807/2448 890/1788/2449 913/1806/913 912/1821/942
f 890/1788/2449 891/1770/2450 914/1787/828 913/1806/913
f 891/1770/2450 892/1769/2451 915/1786/829 914/1787/828
s 122
f 916/1519/1368 915/1521/1367 892/1522/2453 893/1523/2452
s off
f 1609/1530/2496 1608/1527/2497 1610/1526/2498 1611/1531/2499
s 124
f 894/1088/2462 895/1085/2461 918/1087/1375 917/1092/1374
s 16
f 919/1086/581 918/1087/580 895/1085/2465 896/1084/2464
s 173
f 920/2248/1608 919/2252/1607 896/2253/2467 897/2254/2466
s off
f 1357/3693/2500 1356/3694/2501 1358/3695/2502 1359/3696/2503
s 175
f 898/494/2476 899/485/2475 922/493/1615 921/500/1614
s 18
f 923/492/611 922/493/610 899/485/2479 900/484/2478
s 222
f 924/2490/1858 923/2492/1857 900/2493/2481 901/2494/2480
s off
f 1481/3699/2504 1480/3700/2505 1482/3701/2506 1483/3702/2507
s 224
f 902/598/2490 903/590/2489 926/589/1865 925/595/1864
s 27
f 927/585/755 926/589/754 903/590/2508 367/583/758
s 95
f 498/2973/2509 929/2970/1239 928/2969/1238 514/2974/2510
s 83
f 482/2094/2511 930/2107/1175 929/2118/1174 498/2108/2512
s 71
f 466/2080/2513 931/2093/1111 930/2107/1110 482/2094/2514
s 58
f 408/2079/2515 932/2092/1047 931/2093/1046 466/2080/2516
f 933/2105/2194 932/2092/1047 408/2079/2515 769/2106/2517
s off
f 1741/3223/2518 1740/3224/2519 1742/3225/2520 1743/3226/2521
s 38
f 392/1851/969 935/1841/967 934/1852/2188 767/1857/2522
f 449/1844/940 936/1832/938 935/1841/967 392/1851/969
f 433/1833/911 937/1817/909 936/1832/938 449/1844/940
f 417/1819/833 938/1802/824 937/1817/909 433/1833/911
f 286/1818/832 939/1803/825 938/1802/824 417/1819/833
s 128
f 940/1439/1400 939/1441/1399 286/1442/2523 555/1443/2524
s off
f 1613/1446/2525 1612/1445/2526 1614/1444/2527 1615/1447/2528
s 130
f 291/2643/2529 942/2641/1407 941/2637/1406 556/2644/2530
s 1
f 943/2805/448 942/2804/447 291/2806/450 296/2807/453
s 179
f 944/3873/1640 943/3872/1639 296/3875/2531 615/3876/2532
s off
f 1361/885/2533 1360/886/2534 1362/884/2535 1363/883/2536
s 181
f 301/2827/2537 946/2822/1647 945/2825/1646 616/2831/2538
s 4
f 947/2823/480 946/2822/479 301/2827/482 306/2828/485
s 216
f 948/2456/1826 947/2458/1825 306/2459/2539 663/2460/2540
s off
f 1485/2933/2541 1484/2935/2542 1486/2936/2543 1487/2934/2544
s 218
f 365/2927/2545 950/2926/1833 949/2928/1832 664/2930/2546
s off
f 499/2971/2547 952/2975/2548 951/2976/2549 515/2972/2550
s 84
f 483/2111/2551 953/2096/1179 952/2110/1178 499/2121/2552
s 72
f 467/2100/2553 954/2086/1115 953/2096/1114 483/2111/2554
s 59
f 407/2099/2555 955/2087/1051 954/2086/1050 467/2100/2556
f 956/2101/2182 955/2087/1051 407/2099/2555 765/2112/2557
s off
f 1745/3229/2558 1744/3230/2559 1746/3231/2560 1747/3232/2561
s 37
f 391/1829/2562 958/1813/965 957/1830/2176 763/1840/2563
f 448/1816/2564 959/1800/936 958/1813/965 391/1829/2562
f 432/1801/2565 960/1783/907 959/1800/936 448/1816/2564
f 416/1785/2566 961/1767/820 960/1783/907 432/1801/2565
f 285/1784/2567 962/1768/821 961/1767/820 416/1785/2566
s 132
f 963/2130/1416 962/2129/1415 285/2132/2568 559/2133/2569
s off
f 1617/2140/2570 1616/2137/2571 1618/2136/2572 1619/2141/2573
s 134
f 290/2633/2574 965/2631/1423 964/2627/1422 560/2634/2575
s 1
f 966/2800/444 965/2799/443 290/2802/446 295/2803/449
s off
f 967/3937/2576 966/3938/2577 295/3939/2578 623/3940/2579
f 1365/2824/2580 1364/2829/2581 1366/2830/2582 1367/2821/2583
s 186
f 300/2816/2584 969/2814/1679 968/2812/1678 624/2817/2585
s 4
f 970/2818/476 969/2814/475 300/2816/478 305/2820/481
s 212
f 971/2428/1810 970/2430/1809 305/2431/2586 659/2432/2587
s off
f 1489/3233/2588 1488/3234/2589 1490/3235/2590 1491/3236/2591
s 214
f 364/2445/2592 973/2443/1817 972/2441/1816 660/2446/2593
s 96
f 500/778/2594 975/774/1247 974/773/1246 516/779/2595
s 85
f 484/2082/2596 976/2069/1183 975/2083/1182 500/2095/2597
s 73
f 468/2073/2598 977/2059/1119 976/2069/1118 484/2082/2599
s 60
f 405/2072/2600 978/2060/1055 977/2059/1054 468/2073/2601
f 979/2074/2158 978/2060/1055 405/2072/2600 757/2085/2602
s off
f 1749/3943/2603 1748/3944/2604 1750/3945/2605 1751/3946/2606
s 37
f 389/1797/966 981/1779/964 980/1798/2152 755/1812/2607
f 447/1782/937 982/1765/935 981/1779/964 389/1797/966
f 431/1766/908 983/1749/906 982/1765/935 447/1782/937
f 415/1751/823 984/1733/814 983/1749/906 431/1766/908
f 284/1750/822 985/1734/815 984/1733/814 415/1751/823
s 136
f 986/1425/1432 985/1427/1431 284/1428/2608 563/1429/2609
s off
f 1621/1432/2610 1620/1431/2611 1622/1430/2612 1623/1433/2613
s 138
f 289/2623/2614 988/2621/1439 987/2617/1438 564/2624/2615
s 1
f 989/1154/440 988/1153/439 289/1155/442 294/1156/445
s 182
f 990/2196/1656 989/2200/1655 294/2201/2616 619/2202/2617
s off
f 1369/3065/2618 1368/3066/2619 1370/3064/2620 1371/3063/2621
s 184
f 299/2211/2622 992/2209/1663 991/2205/1662 620/2212/2623
s 4
f 993/567/472 992/566/471 299/568/474 304/569/477
s 204
f 994/2390/1778 993/2392/1777 304/2393/2624 651/2394/2625
s off
f 1493/3949/2626 1492/3950/2627 1494/3951/2628 1495/3952/2629
s 206
f 362/686/2630 996/685/1785 995/697/1784 652/699/2631
s 210
f 998/682/1802 997/666/1801 363/656/2632 657/683/2633
s off
f 1497/708/2634 1496/712/2635 1498/713/2636 1499/709/2637
s 208
f 308/2413/2638 1000/2411/1793 999/2409/1792 655/2414/2639
s 23
f 360/554/671 1001/559/674 1000/560/673 308/555/672
s 193
f 1002/561/1712 1001/559/1711 360/554/2640 633/562/2641
s off
f 1372/1096/2642 1373/1097/2643 1374/1098/2644 1375/1099/2645
s 191
f 357/2307/2646 1004/2305/1703 1003/2301/1702 630/2308/2647
s 20
f 354/1143/639 1005/1146/642 1004/1147/641 357/1144/640
s 142
f 1006/1148/1456 1005/1146/1455 354/1143/2648 569/1149/2649
s off
f 1624/1593/2650 1625/1592/2651 1626/1594/2652 1627/1595/2653
s 140
f 341/1590/2654 1008/1588/1447 1007/1586/1446 566/1591/2655
s 37
f 1009/1700/819 1008/1701/818 341/1683/806 413/1684/809
f 1010/1716/904 1009/1700/819 413/1684/809 429/1699/903
f 1011/1731/933 1010/1716/904 429/1699/903 445/1715/932
f 1012/1745/962 1011/1731/933 445/1715/932 387/1727/961
f 1013/1763/2164 1012/1745/962 387/1727/961 758/1764/2656
s off
f 1753/3786/2657 1752/3785/2658 1754/3787/2659 1755/3788/2660
s 61
f 403/2019/2661 1015/2033/1059 1014/2048/2170 760/2049/2662
f 1016/2032/1060 1015/2033/1059 403/2019/2661 470/2020/2663
s 74
f 1017/2043/1124 1016/2032/1123 470/2020/2664 486/2030/2665
s 86
f 1018/762/1188 1017/764/1187 486/757/2666 502/753/2667
s 97
f 1019/761/1252 1018/762/1251 502/753/2668 518/756/2669
s 228
f 1021/658/2670 1020/651/2671 368/644/2672 677/659/2673
s off
f 1501/1100/2674 1500/1101/2675 1502/1102/2676 1503/1103/2677
s 226
f 310/2519/2678 1023/2518/2679 1022/2517/2680 675/2520/2681
s 23
f 359/531/667 1024/536/2682 1023/537/2683 310/532/668
s 190
f 1025/544/2684 1024/536/2685 359/531/2686 629/545/2687
s off
f 1376/557/2688 1377/558/2689 1378/553/2690 1379/552/2691
s 188
f 356/2291/2692 1027/2290/2693 1026/2289/2694 626/2292/2695
s 20
f 353/1127/635 1028/1134/2696 1027/1135/2697 356/1128/636
s 146
f 1029/1138/2698 1028/1134/2699 353/1127/2700 573/1139/2701
s off
f 1628/1577/2702 1629/1576/2703 1630/1580/2704 1631/1581/2705
s 144
f 339/1572/2706 1031/1571/2707 1030/1570/2708 570/1573/2709
s 37
f 1032/1649/2710 1031/1650/2711 339/1634/2712 412/1635/2713
f 1033/1666/2714 1032/1649/2710 412/1635/2713 428/1648/2715
f 1034/1681/2716 1033/1666/2714 428/1648/2715 444/1665/2717
f 1035/1695/2718 1034/1681/2716 444/1665/2717 385/1677/2719
f 1036/1713/2720 1035/1695/2718 385/1677/2719 746/1714/2721
s off
f 1757/1104/2722 1756/1105/2723 1758/1106/2724 1759/1107/2725
s 62
f 401/1978/2726 1038/1993/2727 1037/2009/2728 748/2010/2729
f 1039/1992/2730 1038/1993/2727 401/1978/2726 471/1979/2731
s 75
f 1040/2004/2732 1039/1992/2733 471/1979/2734 487/1990/2735
s 87
f 1041/759/2736 1040/763/2737 487/769/2738 503/765/2739
s 98
f 1042/760/2740 1041/759/2741 503/765/2742 519/766/2743
s 234
f 1107/648/2744 1108/647/2745 370/649/2746 685/653/2747
s off
f 1505/691/2748 1504/692/2749 1506/677/2750 1507/676/2751
s 232
f 312/2603/2752 1105/2604/2753 1106/2602/2754 683/2601/2755
s 23
f 358/517/662 1104/521/2756 1105/522/2757 312/519/663
f 1103/1112/2758 1104/1114/2756 358/1115/662 649/1113/2759
s off
f 1380/1108/2760 1381/1109/2761 1382/1110/2762 1383/1111/2763
s 202
f 355/2277/2764 1101/2276/2765 1102/2275/2766 646/2278/2767
s 20
f 352/1116/630 1100/1117/2768 1101/1118/2769 355/1119/631
s 150
f 1099/1120/2770 1100/1117/2771 352/1116/2772 577/1121/2773
s off
f 1632/1557/2774 1633/1556/2775 1634/1560/2776 1635/1561/2777
s 148
f 337/1552/2778 1097/1551/2779 1098/1550/2780 574/1553/2781
s 31
f 1096/1612/2782 1097/1613/2783 337/1604/780 411/1605/781
f 1095/1621/2784 1096/1612/2782 411/1605/781 427/1611/899
f 1094/1632/2785 1095/1621/2784 427/1611/899 443/1620/928
f 1093/1646/2786 1094/1632/2785 443/1620/928 380/1631/957
f 1092/1663/2787 1093/1646/2786 380/1631/957 738/1664/2788
s off
f 1760/1157/2789 1761/1158/2790 1762/1159/2791 1763/1160/2792
s 63
f 396/1934/2793 1090/1954/2794 1091/1967/2795 740/1968/2796
f 1089/1953/2797 1090/1954/2794 396/1934/2793 472/1935/2798
s 76
f 1088/1962/2799 1089/1953/2800 472/1935/2801 488/1948/2802
s 88
f 1087/776/2803 1088/780/2804 488/783/2805 504/781/2806
s 99
f 1086/777/2807 1087/776/2808 504/781/2809 520/782/2810
s 23
f 1023/537/2683 1024/536/2682 1067/546/670 1066/547/669
s 190
f 1068/551/1696 1067/546/1695 1024/536/2685 1025/544/2684
s off
f 1384/1161/2811 1385/1162/2812 1386/1163/2813 1387/1164/2814
s 188
f 1026/2289/2694 1027/2290/2693 1070/2287/1687 1069/2283/1686
s 20
f 1027/1135/2697 1028/1134/2696 1071/1140/638 1070/1141/637
s 146
f 1072/1142/1472 1071/1140/1471 1028/1134/2699 1029/1138/2698
s off
f 1636/1578/2815 1637/1575/2816 1638/1574/2817 1639/1579/2818
s 144
f 1030/1570/2708 1031/1571/2707 1074/1568/1463 1073/1566/1462
s 37
f 1075/1667/808 1074/1668/807 1031/1650/2711 1032/1649/2710
f 1076/1682/902 1075/1667/808 1032/1649/2710 1033/1666/2714
f 1077/1698/931 1076/1682/902 1033/1666/2714 1034/1681/2716
f 1078/1712/960 1077/1698/931 1034/1681/2716 1035/1695/2718
f 1079/1728/2128 1078/1712/960 1035/1695/2718 1036/1713/2720
s off
f 1765/1165/2819 1764/1166/2820 1766/1167/2821 1767/1168/2822
s 62
f 1037/2009/2728 1038/1993/2727 1081/2008/1063 1080/2021/2134
f 1082/2007/1064 1081/2008/1063 1038/1993/2727 1039/1992/2730
s 75
f 1083/2018/1128 1082/2007/1127 1039/1992/2733 1040/2004/2732
s 87
f 1084/754/1192 1083/758/1191 1040/763/2737 1041/759/2736
s 98
f 1085/755/1256 1084/754/1255 1041/759/2741 1042/760/2740
s 43
f 1086/1869/1010 1085/1887/1009 1065/1888/2823
f 1085/1887/1009 1042/1890/2824 1065/1888/2823
f 1042/1890/2824 519/1892/2825 1065/1888/2823
s 99
f 1065/772/1260 1064/771/1259 1087/776/2808 1086/777/2807
s 88
f 1064/771/1196 1063/775/1195 1088/780/2804 1087/776/2803
s 76
f 1063/1977/1132 1062/1965/1131 1089/1953/2800 1088/1962/2799
s 63
f 1062/1965/1068 1061/1966/1067 1090/1954/2794 1089/1953/2797
f 1091/1967/2795 1090/1954/2794 1061/1966/1067 1060/1980/2110
s off
f 1769/1169/2826 1768/1170/2827 1770/1171/2828 1771/1172/2829
s 31
f 1059/1678/2104 1058/1662/958 1093/1646/2786 1092/1663/2787
f 1058/1662/958 1057/1647/929 1094/1632/2785 1093/1646/2786
f 1057/1647/929 1056/1633/900 1095/1621/2784 1094/1632/2785
f 1056/1633/900 1055/1622/800 1096/1612/2782 1095/1621/2784
f 1055/1622/800 1054/1623/799 1097/1613/2783 1096/1612/2782
s 148
f 1098/1550/2780 1097/1551/2779 1054/1548/1479 1053/1546/1478
s off
f 1641/1558/2830 1640/1555/2831 1642/1554/2832 1643/1559/2833
s 150
f 1052/1126/1488 1051/1122/1487 1100/1117/2771 1099/1120/2770
s 20
f 1101/1118/2769 1100/1117/2768 1051/1122/634 1050/1123/633
s 202
f 1102/2275/2766 1101/2276/2765 1050/2273/1763 1049/2269/1762
s off
f 1389/534/2834 1388/542/2835 1390/543/2836 1391/535/2837
s 23
f 1048/529/1770 1047/525/666 1104/521/2756 1103/530/2758
f 1105/522/2757 1104/521/2756 1047/525/666 1046/526/665
s 232
f 1106/2602/2754 1105/2604/2753 1046/2605/1905 1045/2606/1904
s off
f 1509/663/2838 1508/678/2839 1510/679/2840 1511/664/2841
s 234
f 1044/643/1914 1043/645/1913 1108/647/2745 1107/648/2744
s 28
f 1109/646/762 1108/647/761 1043/645/2842 368/644/2843
s 26
f 368/644/2844 1020/651/2845 1110/652/757 1109/646/756
s 228
f 1111/660/1882 1110/652/1881 1020/651/2671 1021/658/2670
s off
f 1512/689/2846 1513/702/2847 1514/703/2848 1515/690/2849
s 226
f 1022/2517/2680 1023/2518/2679 1066/2515/1873 1112/2513/1872
s 242
f 1114/2891/1946 1113/2893/1945 372/2894/2850 693/2895/2851
s off
f 1517/2900/2852 1516/2901/2853 1518/2899/2854 1519/2898/2855
s 240
f 315/4041/2856 1116/4038/1937 1115/4037/1936 691/4042/2857
s 7
f 1117/524/488 1116/523/487 315/527/2858 1776/528/2859
f 1118/2363/1718 1117/2367/488 320/2368/2860 635/2364/2861
s off
f 1393/3957/2862 1392/3958/2863 1394/3959/2864 1395/3960/2865
f 1397/2379/2866 1396/2380/2867 1398/2378/2868 1399/2377/2869
s 12
f 1121/1132/523 1120/1131/522 323/1136/525 328/1137/528
s 156
f 1122/2656/1512 1121/2660/1511 328/2661/2870 583/2662/2871
s off
f 1645/2150/2872 1644/2154/2873 1646/2155/2874 1647/2151/2875
s 158
f 333/2146/2876 1124/2143/1519 1123/2142/1518 584/2147/2877
s 31
f 1125/1598/778 1124/1597/777 333/1600/782 425/1601/785
f 1126/1602/926 1125/1598/778 425/1601/785 441/1608/925
f 1127/1609/955 1126/1602/926 441/1608/925 457/1617/954
f 1128/1618/984 1127/1609/955 457/1617/954 379/1628/983
f 1129/1629/2032 1128/1618/984 379/1628/983 715/1641/2878
s off
f 1773/1411/2879 1772/1410/2880 1774/1412/2881 1775/1413/2882
s 65
f 395/1898/2883 1131/1909/1075 1130/1921/2038 716/1922/2884
f 1132/1908/1076 1131/1909/1075 395/1898/2883 458/1901/2885
s 77
f 1133/1918/1140 1132/1908/1139 458/1901/2886 474/1907/2887
s 89
f 1134/1931/1204 1133/1918/1203 474/1907/2888 490/1917/2889
s off
f 1401/3237/2890 1400/3238/2891 1402/3239/2892 1403/3240/2893
f 650/2389/2894 994/2390/2895 1137/2386/2896 1136/2385/2897
s 294
f 994/3417/2898 995/3418/2899 1138/3414/2900 1137/3413/2901
s off
f 995/2403/2902 653/2404/2903 1139/2400/2904 1138/2399/2905
s 207
f 653/3425/1791 650/3426/1790 1136/3422/2906 1139/3421/2907
s 295
f 998/3433/2908 999/3434/2909 1141/3430/2910 1140/3429/2911
s off
f 999/2409/2912 654/2410/2913 1142/2406/2914 1141/2405/2915
s 209
f 654/3439/1799 656/3440/1798 1143/3436/2916 1142/3435/2917
s off
f 656/684/2918 998/682/2919 1140/695/2920 1143/696/2921
f 658/2427/2922 971/2428/2923 1145/2424/2924 1144/2423/2925
s 296
f 971/1173/2926 972/1174/2927 1146/1175/2928 1145/1176/2929
s off
f 972/2441/2930 661/2442/2931 1147/2438/2932 1146/2437/2933
s 215
f 661/954/1823 658/953/1822 1144/955/2934 1147/956/2935
s off
f 662/2455/2936 948/2456/2937 1149/2452/2938 1148/2451/2939
s 297
f 948/1179/2940 949/1180/2941 1150/1181/2942 1149/1182/2943
s off
f 949/2469/2944 665/2470/2945 1151/2466/2946 1150/2465/2947
s 219
f 665/970/1839 662/969/1838 1148/971/2948 1151/972/2949
s off
f 666/2475/2950 667/2476/2951 1153/2472/2952 1152/2471/2953
s 220
f 667/3612/1847 668/3611/1846 1154/3613/2954 1153/3614/2955
s off
f 668/2483/2956 669/2484/2957 1155/2480/2958 1154/2479/2959
s 221
f 669/978/1855 666/977/1854 1152/979/2960 1155/980/2961
s off
f 670/2489/2962 924/2490/2963 1157/2486/2964 1156/2485/2965
s 298
f 924/3707/2966 925/3708/2967 1158/3709/2968 1157/3710/2969
s off
f 925/595/2970 673/596/2971 1159/608/2972 1158/609/2973
s 225
f 673/3896/1871 670/3895/1870 1156/3897/2974 1159/3898/2975
s 299
f 1111/3241/2976 1112/3242/2977 1161/3243/2978 1160/3244/2979
s off
f 1112/2513/2980 674/2514/2981 1162/2510/2982 1161/2509/2983
s 227
f 674/3090/1879 676/3089/1878 1163/3091/2984 1162/3092/2985
s off
f 676/665/2986 1111/660/2987 1160/680/2988 1163/681/2989
f 678/3622/2990 679/3621/2991 1165/3623/2992 1164/3624/2993
s 230
f 679/3106/1895 680/3105/1894 1166/3107/2994 1165/3108/2995
s off
f 680/580/2996 681/581/2997 1167/579/2998 1166/578/2999
s 231
f 681/3114/1903 678/3113/1902 1164/3115/3000 1167/3116/3001
s 300
f 1044/3247/3002 1045/3248/3003 1169/3249/3004 1168/3250/3005
s off
f 1045/2606/3006 682/2608/3007 1170/2611/3008 1169/2612/3009
s 233
f 682/3122/1911 684/3121/1910 1171/3123/3010 1170/3124/3011
s off
f 684/642/3012 1044/643/3013 1168/641/3014 1171/640/3015
f 686/3630/3016 878/3629/3017 1173/3633/3018 1172/3634/3019
s 301
f 878/3253/3020 879/3254/3021 1174/3255/3022 1173/3256/3023
s off
f 879/591/3024 689/592/3025 1175/600/3026 1174/601/3027
s 239
f 689/3144/1935 686/3143/1934 1172/3145/3028 1175/3146/3029
s 302
f 1114/1185/3030 1115/1186/3031 1177/1187/3032 1176/1188/3033
s off
f 1115/4037/3034 690/4040/3035 1178/4043/3036 1177/4044/3037
s 241
f 690/1191/1943 692/1192/1942 1179/1193/3038 1178/1194/3039
s off
f 692/2890/3040 1114/2891/3041 1176/2889/3042 1179/2888/3043
f 695/1330/3044 694/1333/3045 1180/1334/3046 1181/1326/3047
s 244
f 694/700/1959 696/669/1958 1182/688/3048 1180/701/3049
s off
f 696/669/3050 697/668/3051 1183/687/3052 1182/688/3053
s 245
f 697/1329/1967 695/1330/1966 1181/1326/3054 1183/1325/3055
s off
f 699/4054/3056 698/4053/3057 1184/4055/3058 1185/4056/3059
s 246
f 698/986/1975 700/985/1974 1186/987/3060 1184/988/3061
s off
f 700/2908/3062 701/2909/3063 1187/2907/3064 1186/2906/3065
s 247
f 701/994/1983 699/993/1982 1185/995/3066 1187/996/3067
s off
f 703/4062/3068 702/4061/3069 1188/4063/3070 1189/4064/3071
s 248
f 702/1002/1991 704/1001/1990 1190/1003/3072 1188/1004/3073
s off
f 704/2915/3074 705/2914/3075 1191/2916/3076 1190/2917/3077
s 249
f 705/1010/1999 703/1009/1998 1189/1011/3078 1191/1012/3079
s off
f 706/2545/3080 707/2546/3081 1193/2542/3082 1192/2541/3083
s 250
f 707/3908/2007 708/3907/2006 1194/3909/3084 1193/3910/3085
s off
f 708/605/3086 709/604/3087 1195/618/3088 1194/619/3089
s 251
f 709/3259/2015 706/3260/2014 1192/3261/3090 1195/3262/3091
s 303
f 836/1199/3092 837/1200/3093 1197/1201/3094 1196/1202/3095
s off
f 837/2557/3096 710/2558/3097 1198/2554/3098 1197/2553/3099
s 253
f 710/1207/2023 712/1208/2022 1199/1209/3100 1198/1210/3101
s off
f 712/2563/3102 836/2564/3103 1196/2560/3104 1199/2559/3105
f 711/2569/3106 837/2570/3107 1200/2566/3108 1201/2565/3109
s 304
f 837/1219/3110 836/1220/3111 1202/1221/3112 1200/1222/3113
s off
f 836/620/3114 713/621/3115 1203/627/3116 1202/628/3117
s 255
f 713/621/2031 711/629/2030 1201/630/3118 1203/627/3119
s 305
f 879/3267/3120 878/3268/3121 1204/3269/3122 1205/3270/3123
s off
f 878/3629/3124 687/3632/3125 1206/3635/3126 1204/3636/3127
s 237
f 687/3136/1927 688/3135/1926 1207/3137/3128 1206/3138/3129
s off
f 688/593/3130 879/591/3131 1205/602/3132 1207/603/3133
s 306
f 902/3273/3134 901/3274/3135 1208/3275/3136 1209/3276/3137
s off
f 901/2494/3138 671/2496/3139 1210/2499/3140 1208/2500/3141
s 223
f 671/3281/1863 672/3282/1862 1211/3283/3142 1210/3284/3143
s off
f 672/599/3144 902/598/3145 1209/612/3146 1211/613/3147
s 307
f 925/3963/3148 924/3964/3149 1212/3965/3150 1213/3966/3151
s off
f 924/2490/3152 901/2494/3153 1214/2497/3154 1212/2498/3155
s 308
f 901/3705/3156 902/3706/3157 1215/3704/3158 1214/3703/3159
s off
f 902/598/3160 925/595/3161 1213/610/3162 1215/611/3163
s 309
f 949/1225/3164 948/1226/3165 1216/1227/3166 1217/1228/3167
s off
f 948/2456/3168 663/2460/3169 1218/2461/3170 1216/2462/3171
s 217
f 663/962/1831 664/961/1830 1219/963/3172 1218/964/3173
s off
f 664/2930/3174 949/2928/3175 1217/2931/3176 1219/2932/3177
s 310
f 972/1231/3178 971/1232/3179 1220/1233/3180 1221/1234/3181
s off
f 971/2428/3182 659/2432/3183 1222/2433/3184 1220/2434/3185
s 213
f 659/946/1815 660/945/1814 1223/947/3186 1222/948/3187
s off
f 660/2446/3188 972/2441/3189 1221/2447/3190 1223/2448/3191
s 311
f 995/3955/3192 994/3956/3193 1224/3954/3194 1225/3953/3195
s off
f 994/2390/3196 651/2394/3197 1226/2395/3198 1224/2396/3199
s 205
f 651/3604/1783 652/3603/1782 1227/3605/3200 1226/3606/3201
s off
f 652/2587/3202 995/2588/3203 1225/2584/3204 1227/2583/3205
f 655/2414/3206 999/2409/3207 1228/2415/3208 1229/2416/3209
s 312
f 999/3715/3210 998/3716/3211 1230/3717/3212 1228/3718/3213
s off
f 998/682/3214 657/683/3215 1231/693/3216 1230/694/3217
s 211
f 657/683/1807 655/704/1806 1229/705/3218 1231/693/3219
s off
f 675/2520/3220 1022/2517/3221 1232/2523/3222 1233/2524/3223
s 313
f 1022/3289/3224 1021/3290/3225 1234/3291/3226 1232/3292/3227
s off
f 1021/658/3228 677/659/3229 1235/672/3230 1234/673/3231
s 229
f 677/3098/1887 675/3097/1886 1233/3099/3232 1235/3100/3233
s off
f 683/2601/3234 1106/2602/3235 1236/2598/3236 1237/2597/3237
s 314
f 1106/3295/3238 1107/3296/3239 1238/3297/3240 1236/3298/3241
s off
f 1107/648/3242 685/653/3243 1239/661/3244 1238/662/3245
s 235
f 685/3128/1919 683/3127/1918 1237/3129/3246 1239/3130/3247
s 315
f 1107/3301/3248 1106/3302/3249 1240/3303/3250 1241/3304/3251
s off
f 1106/2602/3252 1045/2606/3253 1242/2609/3254 1240/2610/3255
s 316
f 1045/3307/3256 1044/3308/3257 1243/3309/3258 1242/3310/3259
s off
f 1044/643/3260 1107/648/3261 1241/654/3262 1243/655/3263
s 317
f 1021/3313/3264 1022/3314/3265 1245/3315/3266 1244/3316/3267
s off
f 1022/2517/3268 1112/2513/3269 1246/2521/3270 1245/2522/3271
s 318
f 1112/3319/3272 1111/3320/3273 1247/3321/3274 1246/3322/3275
s off
f 1111/660/3276 1021/658/3277 1244/674/3278 1247/675/3279
f 691/4042/3280 1115/4037/3281 1248/4045/3282 1249/4046/3283
s 319
f 1115/1237/3284 1114/1238/3285 1250/1239/3286 1248/1240/3287
s off
f 1114/2891/3288 693/2895/3289 1251/2896/3290 1250/2897/3291
s 243
f 693/1243/1951 691/1244/1950 1249/1245/3292 1251/1246/3293
s off
f 618/2195/3294 990/2196/3295 1253/2197/3296 1252/2198/3297
f 990/3721/3298 991/3722/3299 1254/3723/3300 1253/3724/3301
f 991/2205/3302 621/2206/3303 1255/2207/3304 1254/2208/3305
s 185
f 621/896/1669 618/895/1668 1252/897/3306 1255/898/3307
s off
f 622/3886/3308 967/3885/3309 1257/3887/3310 1256/3888/3311
f 967/1251/3312 968/1252/3313 1258/1253/3314 1257/1254/3315
f 968/2812/3316 625/2813/3317 1259/2811/3318 1258/2810/3319
s 187
f 625/904/1685 622/903/1684 1256/907/3320 1259/908/3321
s off
f 614/3874/3322 944/3873/3323 1261/3877/3324 1260/3878/3325
f 944/1255/3326 945/1256/3327 1262/1257/3328 1261/1258/3329
f 945/2825/3330 617/2826/3331 1263/2832/3332 1262/2833/3333
f 617/890/3334 614/889/3335 1260/891/3336 1263/892/3337
f 610/2215/3338 611/2216/3339 1265/2217/3340 1264/2218/3341
s 177
f 611/868/1629 612/867/1628 1266/869/3342 1265/870/3343
s off
f 612/2221/3344 613/2222/3345 1267/2223/3346 1266/2224/3347
s 178
f 613/876/1637 610/875/1636 1264/877/3348 1267/878/3349
s off
f 634/2370/3350 1118/2363/3351 1269/2371/3352 1268/2372/3353
f 1118/2853/3354 1119/2854/3355 1270/2851/3356 1269/2850/3357
f 1119/4021/3358 637/4024/3359 1271/4025/3360 1270/4026/3361
s 196
f 637/920/1731 634/919/1730 1268/921/3362 1271/922/3363
s off
f 638/2859/3364 779/2860/3365 1273/2856/3366 1272/2855/3367
f 779/2860/3368 780/2861/3369 1274/2857/3370 1273/2856/3371
f 780/4027/3372 641/4030/3373 1275/4033/3374 1274/4034/3375
s 199
f 641/932/1747 638/931/1746 1272/933/3376 1275/934/3377
s off
f 586/2868/3378 798/2869/3379 1277/2865/3380 1276/2864/3381
f 798/1259/3382 799/1260/3383 1278/1261/3384 1277/1262/3385
s 161
f 799/2156/1534 589/2159/1537 1279/2162/3386 1278/2163/3387
s 162
f 589/858/1541 586/857/1540 1276/859/3388 1279/860/3389
s off
f 590/2227/3390 840/2228/3391 1281/2229/3392 1280/2230/3393
f 840/1263/3394 841/1264/3395 1282/1265/3396 1281/1266/3397
f 841/2237/3398 593/2238/3399 1283/2239/3400 1282/2240/3401
s 166
f 593/3862/1557 590/3861/1556 1280/3863/3402 1283/3864/3403
s off
f 595/3586/3404 594/3585/3405 1284/3587/3406 1285/3588/3407
s 167
f 594/3585/1565 596/3589/1564 1286/3590/3408 1284/3587/3409
s off
f 596/460/3410 597/461/3411 1287/459/3412 1286/458/3413
s 168
f 597/461/1573 595/462/1572 1285/456/3414 1287/459/3415
s off
f 599/2344/3416 874/2337/3417 1288/2345/3418 1289/2346/3419
f 874/3325/3420 875/3326/3421 1290/3327/3422 1288/3328/3423
f 875/475/3424 601/477/3425 1291/480/3426 1290/481/3427
f 601/3056/3428 599/3055/3429 1289/3057/3430 1291/3058/3431
f 603/3598/3432 602/3597/3433 1292/3599/3434 1293/3600/3435
f 602/3329/3436 604/3330/3437 1294/3331/3438 1292/3332/3439
f 604/483/3440 605/482/3441 1295/488/3442 1294/489/3443
s 172
f 605/3333/1605 603/3334/1604 1293/3335/3444 1295/3336/3445
s off
f 607/2247/3446 920/2248/3447 1296/2249/3448 1297/2250/3449
f 920/3725/3450 921/3726/3451 1298/3727/3452 1296/3728/3453
f 921/2261/3454 609/2262/3455 1299/2263/3456 1298/2264/3457
s 176
f 609/3868/1621 607/3867/1620 1297/3869/3458 1299/3870/3459
s off
f 642/2265/3460 643/2266/3461 1301/2267/3462 1300/2268/3463
s 200
f 643/513/1755 644/514/1754 1302/511/3464 1301/510/3465
s off
f 644/514/3466 645/515/3467 1303/512/3468 1302/511/3469
s 201
f 645/938/1761 642/937/1760 1300/941/3470 1303/942/3471
s off
f 1048/3339/3472 1049/3340/3473 1305/3341/3474 1304/3342/3475
f 1049/2269/3476 647/2270/3477 1306/2271/3478 1305/2272/3479
f 647/3343/3480 648/3344/3481 1307/3345/3482 1306/3346/3483
f 648/533/3484 1048/529/3485 1304/538/3486 1307/539/3487
f 1068/3347/3488 1069/3348/3489 1309/3349/3490 1308/3350/3491
f 1069/2283/3492 627/2284/3493 1310/2285/3494 1309/2286/3495
s 189
f 627/3070/1693 628/3069/1692 1311/3071/3496 1310/3072/3497
s off
f 628/2297/3498 1068/2298/3499 1308/2299/3500 1311/2300/3501
f 1002/3969/3502 1003/3970/3503 1313/3971/3504 1312/3972/3505
f 1003/2301/3506 631/2302/3507 1314/2303/3508 1313/2304/3509
s 192
f 631/3078/1709 632/3077/1708 1315/3079/3510 1314/3080/3511
s off
f 632/2311/3512 1002/2312/3513 1312/2313/3514 1315/2314/3515
f 493/2315/3516 494/2316/3517 1317/2317/3518 1316/2318/3519
f 494/3351/3520 510/3352/3521 1318/3353/3522 1317/3354/3523
f 510/2319/3524 509/2320/3525 1319/2321/3526 1318/2322/3527
f 509/3357/3528 493/3358/3529 1316/3359/3530 1319/3360/3531
f 497/2109/3532 498/2108/3533 1320/2119/3534 1321/2120/3535
f 498/3973/3536 514/3974/3537 1322/3975/3538 1320/3976/3539
f 514/2323/3540 513/2324/3541 1323/2325/3542 1322/2326/3543
f 513/3731/3544 497/3732/3545 1321/3733/3546 1323/3734/3547
f 951/1269/3548 952/1270/3549 1325/1271/3550 1324/1272/3551
f 952/2110/3552 500/2095/3553 1326/2122/3554 1325/2123/3555
f 500/1273/3556 516/1274/3557 1327/1275/3558 1326/1276/3559
f 516/2327/3560 951/2328/3561 1324/2329/3562 1327/2330/3563
f 294/3737/3564 966/3738/3565 1329/3739/3566 1328/3740/3567
f 966/1277/3568 967/1278/3569 1330/1279/3570 1329/1280/3571
f 967/3885/3572 622/3886/3573 1331/3884/3574 1330/3883/3575
s 187
f 622/903/1684 294/902/1683 1328/905/3576 1331/906/3577
s off
f 780/1281/3578 779/1282/3579 1332/1283/3580 1333/1284/3581
f 779/3195/3582 639/3196/3583 1334/3193/3584 1332/3192/3585
s 197
f 639/926/1739 640/925/1738 1335/927/3586 1334/928/3587
s off
f 640/4032/3588 780/4027/3589 1333/4035/3590 1335/4036/3591
f 832/1285/3592 833/1286/3593 1337/1287/3594 1336/1288/3595
f 833/3207/3596 587/3208/3597 1338/3205/3598 1337/3204/3599
s 160
f 587/852/1533 588/851/1532 1339/853/3600 1338/854/3601
s 161
f 588/2165/2283 832/2160/2282 1336/2168/3602 1339/2169/3603
s off
f 799/1289/3604 798/1290/3605 1340/1291/3606 1341/1292/3607
f 798/2331/3608 833/2332/3609 1342/2333/3610 1340/2334/3611
f 833/1293/3612 832/1294/3613 1343/1295/3614 1342/1296/3615
s 161
f 832/2160/2282 799/2156/1534 1341/2166/3616 1343/2167/3617
s off
f 841/1299/3618 840/1300/3619 1344/1301/3620 1345/1302/3621
f 840/2228/3622 591/2234/3623 1346/2235/3624 1344/2236/3625
s 164
f 591/1303/1549 592/1304/1548 1347/1305/3626 1346/1306/3627
s off
f 592/2244/3628 841/2237/3629 1345/2245/3630 1347/2246/3631
f 875/3361/3632 874/3362/3633 1348/3363/3634 1349/3364/3635
f 874/2337/3636 598/2338/3637 1350/2339/3638 1348/2340/3639
s 170
f 598/3048/1581 600/3047/1580 1351/3049/3640 1350/3050/3641
s off
f 600/2347/3642 875/2348/3643 1349/2349/3644 1351/2350/3645
f 898/3365/3646 897/3366/3647 1352/3367/3648 1353/3368/3649
f 897/2254/3650 606/2256/3651 1354/2259/3652 1352/2260/3653
s 174
f 606/508/1613 608/495/1612 1355/502/3654 1354/507/3655
s off
f 608/495/3656 898/494/3657 1353/501/3658 1355/502/3659
f 921/3977/3660 920/3978/3661 1356/3979/3662 1357/3980/3663
f 920/2248/3664 897/2254/3665 1358/2257/3666 1356/2258/3667
f 897/3697/3668 898/3698/3669 1359/3696/3670 1358/3695/3671
f 898/2351/3672 921/2352/3673 1357/2353/3674 1359/2354/3675
f 945/3981/3676 944/3982/3677 1360/3983/3678 1361/3984/3679
f 944/3873/3680 615/3876/3681 1362/3879/3682 1360/3880/3683
s 180
f 615/882/1645 616/881/1644 1363/883/3684 1362/884/3685
s off
f 616/2831/3686 945/2825/3687 1361/2834/3688 1363/2835/3689
f 968/1307/3690 967/1308/3691 1364/1309/3692 1365/1310/3693
f 967/3937/3694 623/3940/3695 1366/3941/3696 1364/3942/3697
f 623/1311/3698 624/1312/3699 1367/1313/3700 1366/1314/3701
s 320
f 1367/2821/3702 968/2812/3703 1365/2824/3704
s off
f 991/3985/3705 990/3986/3706 1368/3987/3707 1369/3988/3708
f 990/2196/3709 619/2202/3710 1370/2203/3711 1368/2204/3712
s 183
f 619/3062/1661 620/3061/1660 1371/3063/3713 1370/3064/3714
s off
f 620/2212/3715 991/2205/3716 1369/2213/3717 1371/2214/3718
f 630/2308/3719 1003/2301/3720 1373/2309/3721 1372/2310/3722
f 1003/3369/3723 1002/3370/3724 1374/3371/3725 1373/3372/3726
f 1002/2355/3727 633/2356/3728 1375/2357/3729 1374/2358/3730
s 194
f 633/3373/1717 630/3374/1716 1372/3375/3731 1375/3376/3732
s off
f 626/2292/3733 1026/2289/3734 1377/2295/3735 1376/2296/3736
f 1026/3379/3737 1025/3380/3738 1378/3381/3739 1377/3382/3740
f 1025/544/3741 629/545/3742 1379/552/3743 1378/553/3744
f 629/3383/3745 626/3384/3746 1376/3385/3747 1379/3386/3748
f 646/2278/3749 1102/2275/3750 1381/2281/3751 1380/2282/3752
f 1102/3387/3753 1103/3388/3754 1382/3389/3755 1381/3390/3756
f 1103/1112/3757 649/1113/3758 1383/1111/3759 1382/1110/3760
s 203
f 649/3391/1775 646/3392/1774 1380/3393/3761 1383/3394/3762
s off
f 1025/3397/3763 1026/3398/3764 1385/3399/3765 1384/3400/3766
f 1026/2289/3767 1069/2283/3768 1386/2293/3769 1385/2294/3770
f 1069/3401/3771 1068/3402/3772 1387/3403/3773 1386/3404/3774
f 1068/2359/3775 1025/2360/3776 1384/2361/3777 1387/2362/3778
f 1103/3405/3779 1102/3406/3780 1388/3407/3781 1389/3408/3782
f 1102/2275/3783 1049/2269/3784 1390/2279/3785 1388/2280/3786
f 1049/3409/3787 1048/3410/3788 1391/3411/3789 1390/3412/3790
f 1048/529/3791 1103/530/3792 1389/534/3793 1391/535/3794
f 1119/3961/3795 1118/3962/3796 1392/3958/3797 1393/3957/3798
f 1118/2363/3799 635/2364/3800 1394/2365/3801 1392/2366/3802
s 195
f 635/912/1723 636/911/1722 1395/915/3803 1394/916/3804
s off
f 636/2373/3805 1119/2374/3806 1393/2375/3807 1395/2376/3808
f 323/3741/3809 1120/3742/3810 1396/3743/3811 1397/3744/3812
f 1120/3989/3813 1119/3990/3814 1398/3991/3815 1396/3992/3816
f 1119/2374/3817 636/2373/3818 1399/2377/3819 1398/2378/3820
s 195
f 636/911/1722 323/910/1721 1397/913/3821 1399/914/3822
s off
f 1135/1317/3823 1134/1318/3824 1400/1319/3825 1401/1320/3826
f 1134/1931/3827 490/1917/3828 1402/1946/3829 1400/1947/3830
f 490/1321/3831 506/1322/3832 1403/1323/3833 1402/1324/3834
f 506/2381/3835 1135/2382/3836 1401/2383/3837 1403/2384/3838
f 1136/2385/3839 1137/2386/3840 1405/2387/3841 1404/2388/3842
s 294
f 1137/3413/2901 1138/3414/2900 1406/3415/3843 1405/3416/3844
s off
f 1138/2399/3845 1139/2400/3846 1407/2401/3847 1406/2402/3848
s 207
f 1139/3421/2907 1136/3422/2906 1404/3423/3849 1407/3424/3850
s 295
f 1140/3429/2911 1141/3430/2910 1409/3431/3851 1408/3432/3852
s off
f 1141/2405/3853 1142/2406/3854 1410/2407/3855 1409/2408/3856
s 209
f 1142/3435/2917 1143/3436/2916 1411/3437/3857 1410/3438/3858
s off
f 1143/2419/3859 1140/2420/3860 1408/2421/3861 1411/2422/3862
f 1144/2423/3863 1145/2424/3864 1413/2425/3865 1412/2426/3866
s 296
f 1145/1176/2929 1146/1175/2928 1414/1177/3867 1413/1178/3868
s off
f 1146/2437/3869 1147/2438/3870 1415/2439/3871 1414/2440/3872
s 215
f 1147/956/2935 1144/955/2934 1412/957/3873 1415/958/3874
s off
f 1148/2451/3875 1149/2452/3876 1417/2453/3877 1416/2454/3878
s 297
f 1149/1182/2943 1150/1181/2942 1418/1183/3879 1417/1184/3880
s off
f 1150/2465/3881 1151/2466/3882 1419/2467/3883 1418/2468/3884
s 219
f 1151/972/2949 1148/971/2948 1416/973/3885 1419/974/3886
s off
f 1152/2471/3887 1153/2472/3888 1421/2473/3889 1420/2474/3890
s 220
f 1153/3614/2955 1154/3613/2954 1422/3615/3891 1421/3616/3892
s off
f 1154/2479/3893 1155/2480/3894 1423/2481/3895 1422/2482/3896
s 221
f 1155/980/2961 1152/979/2960 1420/981/3897 1423/982/3898
s off
f 1156/2485/3899 1157/2486/3900 1425/2487/3901 1424/2488/3902
s 298
f 1157/3710/2969 1158/3709/2968 1426/3711/3903 1425/3712/3904
s off
f 1158/2505/3905 1159/2506/3906 1427/2507/3907 1426/2508/3908
s 225
f 1159/3898/2975 1156/3897/2974 1424/3899/3909 1427/3900/3910
s 299
f 1160/3244/2979 1161/3243/2978 1429/3245/3911 1428/3246/3912
s off
f 1161/2509/3913 1162/2510/3914 1430/2511/3915 1429/2512/3916
s 227
f 1162/3092/2985 1163/3091/2984 1431/3093/3917 1430/3094/3918
s off
f 1163/2529/3919 1160/2530/3920 1428/2531/3921 1431/2532/3922
f 1164/3624/3923 1165/3623/3924 1433/3625/3925 1432/3626/3926
s 230
f 1165/3108/2995 1166/3107/2994 1434/3109/3927 1433/3110/3928
s off
f 1166/578/3929 1167/579/3930 1435/577/3931 1434/576/3932
s 231
f 1167/3116/3001 1164/3115/3000 1432/3117/3933 1435/3118/3934
s 300
f 1168/3250/3005 1169/3249/3004 1437/3251/3935 1436/3252/3936
s off
f 1169/2612/3937 1170/2611/3938 1438/2615/3939 1437/2616/3940
s 233
f 1170/639/3011 1171/640/3010 1439/638/3941 1438/637/3942
s off
f 1171/640/3943 1168/641/3944 1436/635/3945 1439/638/3946
f 1172/3634/3947 1173/3633/3948 1441/3637/3949 1440/3638/3950
s 301
f 1173/3256/3023 1174/3255/3022 1442/3257/3951 1441/3258/3952
s off
f 1174/601/3953 1175/600/3954 1443/614/3955 1442/615/3956
s 239
f 1175/3146/3029 1172/3145/3028 1440/3147/3957 1443/3148/3958
s 302
f 1176/1188/3033 1177/1187/3032 1445/1189/3959 1444/1190/3960
s off
f 1177/4044/3961 1178/4043/3962 1446/4047/3963 1445/4048/3964
s 241
f 1178/1194/3039 1179/1193/3038 1447/1197/3965 1446/1198/3966
s off
f 1179/2888/3967 1176/2889/3968 1444/2884/3969 1447/2887/3970
f 1181/2533/3971 1180/2534/3972 1448/2535/3973 1449/2536/3974
s 244
f 1180/701/3049 1182/688/3048 1450/706/3975 1448/707/3976
s off
f 1182/2537/3977 1183/2538/3978 1451/2539/3979 1450/2540/3980
s 245
f 1183/1325/3055 1181/1326/3054 1449/1327/3981 1451/1328/3982
s off
f 1185/4056/3983 1184/4055/3984 1452/4057/3985 1453/4058/3986
s 246
f 1184/988/3061 1186/987/3060 1454/989/3987 1452/990/3988
s off
f 1186/2906/3989 1187/2907/3990 1455/2905/3991 1454/2904/3992
s 247
f 1187/996/3067 1185/995/3066 1453/997/3993 1455/998/3994
s off
f 1189/4064/3995 1188/4063/3996 1456/4065/3997 1457/4066/3998
s 248
f 1188/1004/3073 1190/1003/3072 1458/1005/3999 1456/1006/4000
s off
f 1190/2917/4001 1191/2916/4002 1459/2918/4003 1458/2919/4004
s 249
f 1191/1012/3079 1189/1011/3078 1457/1013/4005 1459/1014/4006
s off
f 1192/2541/4007 1193/2542/4008 1461/2543/4009 1460/2544/4010
s 250
f 1193/3910/3085 1194/3909/3084 1462/3911/4011 1461/3912/4012
s off
f 1194/2549/4013 1195/2550/4014 1463/2551/4015 1462/2552/4016
s 251
f 1195/3262/3091 1192/3261/3090 1460/3265/4017 1463/3266/4018
s 303
f 1196/1202/3095 1197/1201/3094 1465/1203/4019 1464/1204/4020
s off
f 1197/2553/4021 1198/2554/4022 1466/2555/4023 1465/2556/4024
s 253
f 1198/1210/3101 1199/1209/3100 1467/1213/4025 1466/1214/4026
s off
f 1199/2559/4027 1196/2560/4028 1464/2561/4029 1467/2562/4030
f 1201/2565/4031 1200/2566/4032 1468/2567/4033 1469/2568/4034
s 304
f 1200/1222/3113 1202/1221/3112 1470/1223/4035 1468/1224/4036
s off
f 1202/2571/4037 1203/2572/4038 1471/2573/4039 1470/2574/4040
s 255
f 1203/627/3119 1201/630/3118 1469/631/4041 1471/632/4042
s 305
f 1205/3270/3123 1204/3269/3122 1472/3271/4043 1473/3272/4044
s off
f 1204/3636/4045 1206/3635/4046 1474/3639/4047 1472/3640/4048
s 237
f 1206/3138/3129 1207/3137/3128 1475/3139/4049 1474/3140/4050
s off
f 1207/603/4051 1205/602/4052 1473/616/4053 1475/617/4054
s 306
f 1209/3276/3137 1208/3275/3136 1476/3277/4055 1477/3278/4056
s off
f 1208/2500/4057 1210/2499/4058 1478/2503/4059 1476/2504/4060
s 223
f 1210/3284/3143 1211/3283/3142 1479/3287/4061 1478/3288/4062
s off
f 1211/2575/4063 1209/2576/4064 1477/2577/4065 1479/2578/4066
s 307
f 1213/3966/3151 1212/3965/3150 1480/3967/4067 1481/3968/4068
s off
f 1212/2498/4069 1214/2497/4070 1482/2501/4071 1480/2502/4072
s 308
f 1214/3703/3159 1215/3704/3158 1483/3702/4073 1482/3701/4074
s off
f 1215/2579/4075 1213/2580/4076 1481/2581/4077 1483/2582/4078
s 309
f 1217/1228/3167 1216/1227/3166 1484/1229/4079 1485/1230/4080
s off
f 1216/2462/4081 1218/2461/4082 1486/2463/4083 1484/2464/4084
s 217
f 1218/964/3173 1219/963/3172 1487/965/4085 1486/966/4086
s off
f 1219/2932/4087 1217/2931/4088 1485/2933/4089 1487/2934/4090
s 310
f 1221/1234/3181 1220/1233/3180 1488/1235/4091 1489/1236/4092
s off
f 1220/2434/4093 1222/2433/4094 1490/2435/4095 1488/2436/4096
s 213
f 1222/948/3187 1223/947/3186 1491/949/4097 1490/950/4098
s off
f 1223/2448/4099 1221/2447/4100 1489/2449/4101 1491/2450/4102
s 311
f 1225/3953/3195 1224/3954/3194 1492/3950/4103 1493/3949/4104
s off
f 1224/2396/4105 1226/2395/4106 1494/2397/4107 1492/2398/4108
s 205
f 1226/3606/3201 1227/3605/3200 1495/3607/4109 1494/3608/4110
s off
f 1227/2583/4111 1225/2584/4112 1493/2585/4113 1495/2586/4114
f 1229/2416/4115 1228/2415/4116 1496/2417/4117 1497/2418/4118
s 312
f 1228/3718/3213 1230/3717/3212 1498/3719/4119 1496/3720/4120
s off
f 1230/2589/4121 1231/2590/4122 1499/2591/4123 1498/2592/4124
s 211
f 1231/693/3219 1229/705/3218 1497/708/4125 1499/709/4126
s off
f 1233/2524/4127 1232/2523/4128 1500/2527/4129 1501/2528/4130
s 313
f 1232/3292/3227 1234/3291/3226 1502/3293/4131 1500/3294/4132
s off
f 1234/2593/4133 1235/2594/4134 1503/2595/4135 1502/2596/4136
s 229
f 1235/3100/3233 1233/3099/3232 1501/3101/4137 1503/3102/4138
s off
f 1237/2597/4139 1236/2598/4140 1504/2599/4141 1505/2600/4142
s 314
f 1236/3298/3241 1238/3297/3240 1506/3299/4143 1504/3300/4144
s off
f 1238/662/4145 1239/661/4146 1507/676/4147 1506/677/4148
s 235
f 1239/3130/3247 1237/3129/3246 1505/3131/4149 1507/3132/4150
s 315
f 1241/3304/3251 1240/3303/3250 1508/3305/4151 1509/3306/4152
s off
f 1240/2610/4153 1242/2609/4154 1510/2613/4155 1508/2614/4156
s 316
f 1242/3310/3259 1243/3309/3258 1511/3311/4157 1510/3312/4158
s off
f 1243/655/4159 1241/654/4160 1509/663/4161 1511/664/4162
s 317
f 1244/3316/3267 1245/3315/3266 1513/3317/4163 1512/3318/4164
s off
f 1245/2522/4165 1246/2521/4166 1514/2525/4167 1513/2526/4168
s 318
f 1246/3322/3275 1247/3321/3274 1515/3323/4169 1514/3324/4170
s off
f 1247/675/4171 1244/674/4172 1512/689/4173 1515/690/4174
f 1249/4046/4175 1248/4045/4176 1516/4049/4177 1517/4050/4178
s 319
f 1248/1240/3287 1250/1239/3286 1518/1241/4179 1516/1242/4180
s off
f 1250/2897/4181 1251/2896/4182 1519/2898/4183 1518/2899/4184
s 243
f 1251/1246/3293 1249/1245/3292 1517/1249/4185 1519/1250/4186
s off
f 562/1424/4187 986/1425/4188 1521/1421/4189 1520/1420/4190
f 986/3745/4191 987/3746/4192 1522/3747/4193 1521/3748/4194
f 987/2617/4195 565/2618/4196 1523/2619/4197 1522/2620/4198
s 139
f 565/3838/1445 562/3837/1444 1520/3839/4199 1523/3840/4200
s 132
f 558/2131/1417 963/2130/1416 1525/2134/4201 1524/2135/4202
s off
f 963/1336/4203 964/1337/4204 1526/1338/4205 1525/1339/4206
s 134
f 964/2627/1422 561/2628/1425 1527/2629/4207 1526/2630/4208
s 135
f 561/846/1429 558/845/1428 1524/847/4209 1527/848/4210
s off
f 554/1438/4211 940/1439/4212 1529/1435/4213 1528/1434/4214
f 940/1340/4215 941/1341/4216 1530/1342/4217 1529/1343/4218
f 941/2637/4219 557/2638/4220 1531/2639/4221 1530/2640/4222
s 131
f 557/834/1413 554/833/1412 1528/835/4223 1531/836/4224
s off
f 550/1452/4225 551/1453/4226 1533/1449/4227 1532/1448/4228
s 126
f 551/2653/1389 552/2647/1388 1534/2650/4229 1533/2654/4230
s off
f 552/2647/4231 553/2648/4232 1535/2649/4233 1534/2650/4234
s 127
f 553/3832/1397 550/3831/1396 1532/3833/4235 1535/3834/4236
s 156
f 582/2655/1513 1122/2656/1512 1537/2657/4237 1536/2658/4238
s off
f 1122/3749/4239 1123/3750/4240 1538/3751/4241 1537/3752/4242
s 158
f 1123/2142/1518 585/2145/1521 1539/2148/4243 1538/2149/4244
s 159
f 585/3856/1525 582/3855/1524 1536/3857/4245 1539/3858/4246
s 100
f 522/2665/1273 783/2666/1272 1541/2667/4247 1540/2668/4248
s off
f 783/1344/4249 784/1345/4250 1542/1346/4251 1541/1347/4252
s 102
f 784/2702/1278 525/2703/1281 1543/2704/4253 1542/2705/4254
s 103
f 525/798/1285 522/797/1284 1540/799/4255 1543/800/4256
s 104
f 526/2682/1289 802/2681/1288 1545/2686/4257 1544/2687/4258
s off
f 802/1348/4259 803/1349/4260 1546/1350/4261 1545/1351/4262
f 803/1460/4263 529/1461/4264 1547/1459/4265 1546/1458/4266
s 107
f 529/810/1301 526/809/1300 1544/811/4267 1547/812/4268
s 108
f 530/2694/1305 844/2693/1304 1549/2698/4269 1548/2699/4270
s off
f 844/3753/4271 845/3754/4272 1550/3755/4273 1549/3756/4274
s 110
f 845/1477/1310 533/1478/1313 1551/1476/4275 1550/1475/4276
s 111
f 533/822/1317 530/821/1316 1548/823/4277 1551/824/4278
s off
f 535/1491/4279 534/1492/4280 1552/1488/4281 1553/1487/4282
s 112
f 534/2984/1325 536/2983/1324 1554/2985/4283 1552/2986/4284
s 113
f 536/2716/1329 537/2717/1328 1555/2718/4285 1554/2719/4286
s 114
f 537/2990/1333 535/2989/1332 1553/2991/4287 1555/2992/4288
s off
f 539/1499/4289 870/1500/4290 1556/1496/4291 1557/1495/4292
f 870/1500/4293 871/1501/4294 1558/1497/4295 1556/1496/4296
s 117
f 871/2720/1342 541/2721/1345 1559/2722/4297 1558/2723/4298
s 118
f 541/2721/1349 539/2724/1348 1557/2725/4299 1559/2722/4300
s off
f 543/1510/4301 542/1511/4302 1560/1507/4303 1561/1506/4304
s 119
f 542/3006/1357 544/3005/1356 1562/3007/4305 1560/3008/4306
s 120
f 544/2726/1361 545/2727/1360 1563/2728/4307 1562/2729/4308
s 121
f 545/3012/1365 543/3011/1364 1561/3013/4309 1563/3014/4310
s off
f 547/1518/4311 916/1519/4312 1564/1515/4313 1565/1514/4314
f 916/3757/4315 917/3758/4316 1566/3759/4317 1564/3760/4318
s 124
f 917/2730/1374 549/2731/1377 1567/2732/4319 1566/2733/4320
s 125
f 549/3826/1381 547/3825/1380 1565/3827/4321 1567/3828/4322
s 152
f 578/1538/1497 579/1539/1496 1569/1535/4323 1568/1534/4324
s 153
f 579/3850/1501 580/3849/1500 1570/3851/4325 1569/3852/4326
s 154
f 580/2734/1505 581/2735/1504 1571/2736/4327 1570/2737/4328
s 155
f 581/3574/1509 578/3573/1508 1568/3575/4329 1571/3576/4330
s off
f 1052/3445/4331 1053/3446/4332 1573/3447/4333 1572/3448/4334
f 1053/1546/4335 575/1547/4336 1574/1544/4337 1573/1543/4338
s 149
f 575/3028/1485 576/3027/1484 1575/3029/4339 1574/3030/4340
s 150
f 576/2738/1489 1052/2739/1488 1572/2740/4341 1575/2741/4342
s off
f 1072/3449/4343 1073/3450/4344 1577/3451/4345 1576/3452/4346
f 1073/1566/4347 571/1567/4348 1578/1564/4349 1577/1563/4350
s 145
f 571/3018/1469 572/3017/1468 1579/3019/4351 1578/3020/4352
s 146
f 572/2742/1473 1072/2743/1472 1576/2744/4353 1579/2745/4354
s off
f 1006/3993/4355 1007/3994/4356 1581/3995/4357 1580/3996/4358
f 1007/1586/4359 567/1587/4360 1582/1584/4361 1581/1583/4362
s 141
f 567/3568/1453 568/3567/1452 1583/3569/4363 1582/3570/4364
s 142
f 568/2746/1457 1006/2747/1456 1580/2748/4365 1583/2749/4366
s off
f 784/1352/4367 783/1353/4368 1584/1354/4369 1585/1355/4370
s 100
f 783/2666/1272 523/2672/2246 1586/2675/4371 1584/2676/4372
s 101
f 523/792/1277 524/791/1276 1587/793/4373 1586/794/4374
s 102
f 524/2711/2252 784/2702/1278 1585/2712/4375 1587/2713/4376
s off
f 828/1464/4377 829/1470/4378 1589/1471/4379 1588/1468/4380
s 104
f 829/2685/2286 527/2690/2289 1590/2695/4381 1589/2696/4382
s 105
f 527/804/1293 528/803/1292 1591/805/4383 1590/806/4384
s off
f 528/1467/4385 828/1464/4386 1588/1468/4387 1591/1469/4388
f 803/1356/4389 802/1357/4390 1592/1358/4391 1593/1359/4392
s 104
f 802/2750/1288 829/2751/2286 1594/2752/4393 1592/2753/4394
s off
f 829/1360/4395 828/1361/4396 1595/1362/4397 1594/1363/4398
f 828/2187/4399 803/2188/4400 1593/2183/4401 1595/2186/4402
f 845/3997/4403 844/3998/4404 1596/3999/4405 1597/4000/4406
s 108
f 844/2693/1304 531/2697/2364 1598/2700/4407 1596/2701/4408
s 109
f 531/816/1309 532/815/1308 1599/817/4409 1598/818/4410
s 110
f 532/1482/2370 845/1477/1310 1597/1483/4411 1599/1484/4412
s off
f 871/3453/4413 870/3454/4414 1600/3455/4415 1601/3456/4416
f 870/2193/4417 538/2194/4418 1602/2191/4419 1600/2190/4420
s 116
f 538/2996/1341 540/2995/1340 1603/2997/4421 1602/2998/4422
s 117
f 540/2754/2406 871/2755/1342 1601/2756/4423 1603/2757/4424
s off
f 894/4067/4425 893/4068/4426 1604/4069/4427 1605/4070/4428
f 893/1523/4429 546/1525/4430 1606/1528/4431 1604/1529/4432
s 123
f 546/2762/1373 548/2758/1372 1607/2761/4433 1606/2763/4434
s 124
f 548/2758/2463 894/2759/2462 1605/2760/4435 1607/2761/4436
s off
f 917/4001/4437 916/4002/4438 1608/4003/4439 1609/4004/4440
f 916/1519/4441 893/1523/4442 1610/1526/4443 1608/1527/4444
f 893/3761/4445 894/3762/4446 1611/3763/4447 1610/3764/4448
s 124
f 894/2764/2462 917/2765/1374 1609/2766/4449 1611/2767/4450
s off
f 941/1364/4451 940/1365/4452 1612/1366/4453 1613/1367/4454
f 940/1439/4455 555/1443/4456 1614/1444/4457 1612/1445/4458
s 129
f 555/828/1405 556/827/1404 1615/829/4459 1614/830/4460
s off
f 556/2644/4461 941/2637/4462 1613/2645/4463 1615/2646/4464
f 964/1368/4465 963/1369/4466 1616/1370/4467 1617/1371/4468
s 132
f 963/2130/1416 559/2133/2569 1618/2136/4469 1616/2137/4470
s 133
f 559/840/1421 560/839/1420 1619/841/4471 1618/842/4472
s 134
f 560/2634/2575 964/2627/1422 1617/2635/4473 1619/2636/4474
s off
f 987/4005/4475 986/4006/4476 1620/4007/4477 1621/4008/4478
f 986/1425/4479 563/1429/4480 1622/1430/4481 1620/1431/4482
s 137
f 563/3562/1437 564/3561/1436 1623/3563/4483 1622/3564/4484
s off
f 564/2624/4485 987/2617/4486 1621/2625/4487 1623/2626/4488
f 566/1591/4489 1007/1586/4490 1625/1592/4491 1624/1593/4492
f 1007/3765/4493 1006/3766/4494 1626/3767/4495 1625/3768/4496
s 142
f 1006/2768/1456 569/2769/2649 1627/2770/4497 1626/2771/4498
s 143
f 569/3844/1461 566/3843/1460 1624/3845/4499 1627/3846/4500
s off
f 570/1573/4501 1030/1570/4502 1629/1576/4503 1628/1577/4504
f 1030/3457/4505 1029/3458/4506 1630/3459/4507 1629/3460/4508
s 146
f 1029/2772/2698 573/2773/2701 1631/2774/4509 1630/2775/4510
s 147
f 573/2773/1477 570/2776/1476 1628/2777/4511 1631/2774/4512
s off
f 574/1553/4513 1098/1550/4514 1633/1556/4515 1632/1557/4516
f 1098/3461/4517 1099/3462/4518 1634/3463/4519 1633/3464/4520
s 150
f 1099/2778/2770 577/2779/2773 1635/2780/4521 1634/2781/4522
s 151
f 577/3034/1493 574/3033/1492 1632/3035/4523 1635/3036/4524
s off
f 1029/3465/4525 1030/3466/4526 1637/3467/4527 1636/3468/4528
f 1030/1570/4529 1073/1566/4530 1638/1574/4531 1637/1575/4532
f 1073/3469/4533 1072/3470/4534 1639/3471/4535 1638/3472/4536
s 146
f 1072/2782/1472 1029/2783/2698 1636/2784/4537 1639/2785/4538
s off
f 1099/3473/4539 1098/3474/4540 1640/3475/4541 1641/3476/4542
f 1098/1550/4543 1053/1546/4544 1642/1554/4545 1640/1555/4546
f 1053/3477/4547 1052/3478/4548 1643/3479/4549 1642/3480/4550
s 150
f 1052/2786/1488 1099/2787/2770 1641/2788/4551 1643/2789/4552
s off
f 1123/4009/4553 1122/4010/4554 1644/4011/4555 1645/4012/4556
s 156
f 1122/2656/1512 583/2662/2871 1646/2663/4557 1644/2664/4558
s 157
f 583/3580/1517 584/3579/1516 1647/3581/4559 1646/3582/4560
s 158
f 584/2147/2877 1123/2142/1518 1645/2150/4561 1647/2151/4562
s 31
f 714/1630/2033 1129/1629/2032 1649/1642/4563 1648/1643/4564
s off
f 1129/3769/4565 1130/3770/4566 1650/3771/4567 1649/3772/4568
f 1130/1921/4569 717/1933/4570 1651/1949/4571 1650/1950/4572
s 257
f 717/3797/2043 714/3798/2042 1648/3793/4573 1651/3796/4574
s 31
f 719/1645/2045 718/1644/2044 1652/1660/4575 1653/1661/4576
s 258
f 718/3648/2049 720/3647/2048 1654/3649/4577 1652/3650/4578
s off
f 720/1952/4579 721/1951/4580 1655/1963/4581 1654/1964/4582
s 259
f 721/3805/2055 719/3806/2054 1653/3801/4583 1655/3804/4584
s 31
f 722/1657/2057 790/1656/2056 1657/1675/4585 1656/1676/4586
s off
f 790/1372/4587 791/1373/4588 1658/1374/4589 1657/1375/4590
s 50
f 791/1902/2062 725/1903/2063 1659/1911/4591 1658/1912/4592
s 261
f 725/1024/2067 722/1023/2066 1656/1025/4593 1659/1026/4594
s 33
f 726/1691/2069 809/1690/2068 1661/1708/4595 1660/1709/4596
s off
f 809/1376/4597 810/1377/4598 1662/1378/4599 1661/1379/4600
f 810/1925/4601 729/1926/4602 1663/1939/4603 1662/1940/4604
s 263
f 729/1036/2079 726/1035/2078 1660/1037/4605 1663/1038/4606
s 33
f 730/1741/2081 851/1740/2080 1665/1758/4607 1664/1759/4608
s off
f 851/3773/4609 852/3774/4610 1666/3775/4611 1665/3776/4612
f 852/1971/4613 733/1972/4614 1667/1984/4615 1666/1985/4616
s 265
f 733/3916/2091 730/3915/2090 1664/3917/4617 1667/3918/4618
s 33
f 734/1775/2093 735/1774/2092 1669/1793/4619 1668/1794/4620
s 266
f 735/3662/2097 736/3661/2096 1670/3663/4621 1669/3664/4622
s 53
f 736/1999/2099 737/1998/2098 1671/2011/4623 1670/2012/4624
s 267
f 737/3922/2103 734/3921/2102 1668/3923/4625 1671/3924/4626
s 31
f 739/1694/2105 1059/1678/2104 1672/1710/4627 1673/1711/4628
s off
f 1059/3481/4629 1060/3482/4630 1674/3483/4631 1672/3484/4632
f 1060/1980/4633 741/1991/4634 1675/2005/4635 1674/2006/4636
s 269
f 741/3158/2115 739/3157/2114 1673/3159/4637 1675/3160/4638
s off
f 863/3485/4639 864/3486/4640 1677/3487/4641 1676/3488/4642
s 33
f 864/1791/2116 743/1809/2117 1678/1825/4643 1677/1826/4644
s 270
f 743/3489/2121 744/3490/2120 1679/3491/4645 1678/3492/4646
s off
f 744/2024/4647 863/2013/4648 1676/2036/4649 1679/2037/4650
s 37
f 747/1744/2129 1079/1728/2128 1680/1760/4651 1681/1761/4652
s off
f 1079/3495/4653 1080/3496/4654 1682/3497/4655 1680/3498/4656
f 1080/2021/4657 749/2031/4658 1683/2044/4659 1682/2045/4660
s 273
f 749/3176/2139 747/3175/2138 1681/3177/4661 1683/3178/4662
s 38
f 750/1824/2141 751/1823/2140 1685/1838/4663 1684/1839/4664
s 274
f 751/3182/2145 752/3181/2144 1686/3183/4665 1685/3184/4666
s off
f 752/2039/4667 753/2038/4668 1687/2050/4669 1686/2051/4670
s 275
f 753/3188/2151 750/3187/2150 1684/3189/4671 1687/3190/4672
s off
f 979/3779/4673 980/3780/4674 1689/3781/4675 1688/3782/4676
s 37
f 980/1798/2152 754/1799/2153 1690/1814/4677 1689/1815/4678
s 276
f 754/3813/2157 756/3814/2156 1691/3812/4679 1690/3811/4680
s off
f 756/2075/4681 979/2074/4682 1688/2088/4683 1691/2089/4684
s 37
f 759/1778/2165 1013/1763/2164 1692/1795/4685 1693/1796/4686
s off
f 1013/3821/4687 1014/3822/4688 1694/3819/4689 1692/3818/4690
f 1014/2048/4691 761/2058/4692 1695/2070/4693 1694/2071/4694
s 279
f 761/3676/2175 759/3675/2174 1693/3677/4695 1695/3678/4696
s off
f 956/1380/4697 957/1381/4698 1697/1382/4699 1696/1383/4700
s 37
f 957/1830/2176 762/1831/2177 1698/1842/4701 1697/1843/4702
s 280
f 762/1042/2181 764/1041/2180 1699/1043/4703 1698/1044/4704
s off
f 764/2102/4705 956/2101/4706 1696/2113/4707 1699/2114/4708
f 933/1384/4709 934/1385/4710 1701/1386/4711 1700/1387/4712
s 38
f 934/1852/2188 766/1853/2189 1702/1858/4713 1701/1859/4714
s 282
f 766/1054/2193 768/1053/2192 1703/1055/4715 1702/1056/4716
s off
f 768/2115/4717 933/2105/4718 1700/2126/4719 1703/2127/4720
f 909/3499/4721 910/3500/4722 1705/3501/4723 1704/3502/4724
s 38
f 910/2790/2200 771/2791/2201 1706/2792/4725 1705/2793/4726
s 284
f 771/3503/2205 772/3504/2204 1707/3505/4727 1706/3506/4728
s off
f 772/2794/4729 909/2795/4730 1704/2796/4731 1707/2797/4732
s 38
f 775/1861/2213 774/1860/2212 1708/1864/4733 1709/1865/4734
s 286
f 774/3934/2217 776/3933/2216 1710/3935/4735 1708/3936/4736
s off
f 776/2091/4737 777/2090/4738 1711/2103/4739 1710/2104/4740
s 287
f 777/3682/2223 775/3681/2222 1709/3683/4741 1711/3684/4742
s off
f 791/1388/4743 790/1389/4744 1712/1390/4745 1713/1391/4746
s 31
f 790/1656/2056 723/1674/2258 1714/1692/4747 1712/1693/4748
s 260
f 723/1018/2061 724/1017/2060 1715/1019/4749 1714/1020/4750
s 50
f 724/1910/2264 791/1902/2062 1713/1923/4751 1715/1924/4752
s off
f 821/1392/4753 822/1393/4754 1717/1394/4755 1716/1395/4756
s 33
f 822/1707/2303 727/1724/2304 1718/1742/4757 1717/1743/4758
s 262
f 727/1030/2073 728/1029/2072 1719/1031/4759 1718/1032/4760
s off
f 728/1955/4761 821/1938/4762 1716/1969/4763 1719/1970/4764
f 810/1396/4765 809/1397/4766 1720/1398/4767 1721/1399/4768
s 33
f 809/1690/2068 822/1707/2303 1722/1725/4769 1720/1726/4770
s off
f 822/1400/4771 821/1401/4772 1723/1402/4773 1722/1403/4774
f 821/1938/4775 810/1925/4776 1721/1956/4777 1723/1957/4778
f 852/4013/4779 851/4014/4780 1724/4015/4781 1725/4016/4782
s 33
f 851/1740/2080 731/1757/2371 1726/1776/4783 1724/1777/4784
s 264
f 731/3654/2085 732/3653/2084 1727/3655/4785 1726/3656/4786
s 52
f 732/1983/2377 852/1971/2086 1725/1996/4787 1727/1997/4788
s 33
f 742/1792/2398 864/1791/2116 1729/1810/4789 1728/1811/4790
s off
f 864/3511/4791 863/3512/4792 1730/3513/4793 1729/3514/4794
f 863/2013/4795 745/2014/4796 1731/2025/4797 1730/2026/4798
s 271
f 745/3164/2127 742/3163/2126 1728/3165/4799 1731/3166/4800
s 38
f 770/1837/2447 887/1836/2446 1733/1847/4801 1732/1848/4802
s off
f 887/3515/4803 886/3516/4804 1734/3517/4805 1733/3518/4806
f 886/2052/4807 773/2053/4808 1735/2064/4809 1734/2065/4810
s 285
f 773/3521/2211 770/3522/2210 1732/3523/4811 1735/3524/4812
s off
f 886/3691/4813 887/3692/4814 1737/3688/4815 1736/3687/4816
s 38
f 887/1836/2446 910/1846/2200 1738/1855/4817 1737/1856/4818
s off
f 910/4017/4819 909/4018/4820 1739/4019/4821 1738/4020/4822
f 909/2063/4823 886/2052/4824 1736/2077/4825 1739/2078/4826
s 38
f 767/1857/2522 934/1852/2188 1740/1862/4827 1741/1863/4828
s off
f 934/3227/4829 933/3228/4830 1742/3225/4831 1740/3224/4832
f 933/2105/4833 769/2106/4834 1743/2116/4835 1742/2117/4836
s 283
f 769/1060/2199 767/1059/2198 1741/1061/4837 1743/1062/4838
s 37
f 763/1840/2563 957/1830/2176 1744/1849/4839 1745/1850/4840
s off
f 957/1404/4841 956/1405/4842 1746/1406/4843 1744/1407/4844
f 956/2101/4845 765/2112/4846 1747/2124/4847 1746/2125/4848
s 281
f 765/1048/2187 763/1047/2186 1745/1049/4849 1747/1050/4850
s 37
f 755/1812/2607 980/1798/2152 1748/1827/4851 1749/1828/4852
s off
f 980/3947/4853 979/3948/4854 1750/3945/4855 1748/3944/4856
f 979/2074/4857 757/2085/4858 1751/2097/4859 1750/2098/4860
s 277
f 757/3670/2163 755/3669/2162 1749/3671/4861 1751/3672/4862
s off
f 1014/3783/4863 1013/3784/4864 1752/3785/4865 1753/3786/4866
s 37
f 1013/1763/2164 758/1764/2656 1754/1780/4867 1752/1781/4868
s 278
f 758/3928/2169 760/3927/2168 1755/3929/4869 1754/3930/4870
s off
f 760/2049/4871 1014/2048/4872 1753/2061/4873 1755/2062/4874
f 1037/3527/4875 1036/3528/4876 1756/3529/4877 1757/3530/4878
s 37
f 1036/1713/2720 746/1714/2721 1758/1729/4879 1756/1730/4880
s 272
f 746/3170/2133 748/3169/2132 1759/3171/4881 1758/3172/4882
s off
f 748/2010/4883 1037/2009/4884 1757/2022/4885 1759/2023/4886
f 1091/3531/4887 1092/3532/4888 1761/3533/4889 1760/3534/4890
s 31
f 1092/1663/2787 738/1664/2788 1762/1679/4891 1761/1680/4892
s 268
f 738/3152/2109 740/3151/2108 1763/3153/4893 1762/3154/4894
s off
f 740/1968/4895 1091/1967/4896 1760/1981/4897 1763/1982/4898
f 1080/3535/4899 1079/3536/4900 1764/3537/4901 1765/3538/4902
s 37
f 1079/1728/2128 1036/1713/2720 1766/1746/4903 1764/1747/4904
s off
f 1036/3539/4905 1037/3540/4906 1767/3541/4907 1766/3542/4908
f 1037/2009/4909 1080/2021/4910 1765/2034/4911 1767/2035/4912
f 1060/3543/4913 1059/3544/4914 1768/3545/4915 1769/3546/4916
s 31
f 1059/1678/2104 1092/1663/2787 1770/1696/4917 1768/1697/4918
s off
f 1092/3547/4919 1091/3548/4920 1771/3549/4921 1770/3550/4922
f 1091/1967/4923 1060/1980/4924 1769/1994/4925 1771/1995/4926
f 1130/1408/4927 1129/1409/4928 1772/1410/4929 1773/1411/4930
s 31
f 1129/1629/2032 715/1641/2878 1774/1658/4931 1772/1659/4932
s 256
f 715/1414/2037 716/1415/2036 1775/1416/4933 1774/1417/4934
s off
f 716/1922/4935 1130/1921/4936 1773/1936/4937 1775/1937/4938
s 320
f 624/2817/4939 968/2812/3703 1367/2821/3702
