# This file uses centimeters as units for non-parametric coordinates.

mtllib sticksbetterer.mtl
g default
v -1.679907 -0.500000 0.500000
v -0.559969 -0.500000 0.500000
v 0.559969 -0.500000 0.500000
v 1.679907 -0.500000 0.500000
v -1.679907 -0.166667 0.626441
v -0.559969 -0.166667 0.626441
v 0.559969 -0.166667 0.626441
v 1.679907 -0.166667 0.626441
v -1.679907 0.166667 0.631694
v -0.559969 0.166667 0.631694
v 0.559969 0.166667 0.631694
v 1.679907 0.166667 0.631694
v -1.679907 0.500000 0.500000
v -0.559969 0.500000 0.500000
v 0.559969 0.500000 0.500000
v 1.679907 0.500000 0.500000
v -1.679907 0.609411 0.166667
v -0.559969 0.609411 0.166667
v 0.559969 0.609411 0.166667
v 1.679907 0.609411 0.166667
v -1.679907 0.609411 -0.166667
v -0.559969 0.609411 -0.166667
v 0.559969 0.609411 -0.166667
v 1.679907 0.609411 -0.166667
v -1.679907 0.500000 -0.500000
v -0.559969 0.500000 -0.500000
v 0.501108 0.587324 -0.433416
v 1.679907 0.500000 -0.500000
v -1.679907 0.166667 -0.631694
v -0.559969 0.166667 -0.631694
v 0.482894 0.115741 -0.637754
v 1.679907 0.166667 -0.631694
v -1.679907 -0.166667 -0.626441
v -0.559969 -0.166667 -0.626441
v 0.559969 -0.166667 -0.626441
v 1.679907 -0.166667 -0.626441
v -1.679907 -0.500000 -0.500000
v -0.559969 -0.500000 -0.500000
v 0.559969 -0.500000 -0.500000
v 1.679907 -0.500000 -0.500000
v -1.679907 -0.609411 -0.166667
v -0.559969 -0.609411 -0.166667
v 0.559969 -0.609411 -0.166667
v 1.679907 -0.609411 -0.166667
v -1.679907 -0.609411 0.166667
v -0.559969 -0.609411 0.166667
v 0.559969 -0.609411 0.166667
v 1.679907 -0.609411 0.166667
v 1.527386 -0.162815 -0.183653
v 1.527386 -0.162815 0.183653
v 1.527386 0.162815 -0.185193
v 1.527386 0.162815 0.185193
v -1.527386 -0.162815 -0.183653
v -1.527386 -0.162815 0.183653
v -1.527386 0.162815 -0.185193
v -1.527386 0.162815 0.185193
v 1.679907 -0.488445 -0.146585
v 1.679907 -0.400752 -0.439754
v 1.679907 -0.133584 -0.550960
v 1.679907 -0.488445 0.146585
v 1.679907 -0.400752 0.439754
v 1.679907 -0.133584 0.550960
v 1.679907 0.133584 -0.555580
v 1.679907 0.133584 0.555580
v 1.679907 0.400752 -0.439754
v 1.679907 0.488445 -0.146585
v 1.679907 0.488445 0.146585
v 1.679907 0.400752 0.439754
v -1.679907 -0.400752 -0.439754
v -1.679907 -0.488445 -0.146585
v -1.679907 -0.133584 -0.550960
v -1.679907 -0.488445 0.146585
v -1.679907 -0.400752 0.439754
v -1.679907 -0.133584 0.550960
v -1.679907 0.133584 -0.555580
v -1.679907 0.133584 0.555580
v -1.679907 0.488445 -0.146585
v -1.679907 0.400752 -0.439754
v -1.679907 0.488445 0.146585
v -1.679907 0.400752 0.439754
v 1.527386 -0.488445 -0.146585
v 1.527386 -0.400752 -0.439754
v 1.527386 -0.133584 -0.550960
v 1.527386 -0.488445 0.146585
v 1.527386 -0.400752 0.439754
v 1.527386 -0.133584 0.550960
v 1.527386 0.133584 -0.555580
v 1.527386 0.133584 0.555580
v 1.527386 0.400752 -0.439754
v 1.527386 0.488445 -0.146585
v 1.527386 0.488445 0.146585
v 1.527386 0.400752 0.439754
v -1.527386 -0.400752 -0.439754
v -1.527386 -0.488445 -0.146585
v -1.527386 -0.133584 -0.550960
v -1.527386 -0.488445 0.146585
v -1.527386 -0.400752 0.439754
v -1.527386 -0.133584 0.550960
v -1.527386 0.133584 -0.555580
v -1.527386 0.133584 0.555580
v -1.527386 0.488445 -0.146585
v -1.527386 0.400752 -0.439754
v -1.527386 0.488445 0.146585
v -1.527386 0.400752 0.439754
v 0.895951 -0.500000 0.500000
v 0.895951 -0.166667 0.626441
v 0.895951 0.166667 0.631694
v 0.895951 0.500000 0.500000
v 0.895951 0.609411 0.166667
v 0.895951 0.609411 -0.166667
v 0.991586 0.549679 -0.403789
v 0.973372 0.078095 -0.608127
v 0.895951 -0.166667 -0.626441
v 0.895951 -0.500000 -0.500000
v 0.895951 -0.609411 -0.166667
v 0.895951 -0.609411 0.166667
v 0.859318 0.455390 -0.442780
v 0.591230 0.481318 -0.562312
v 0.883250 0.184102 -0.555302
v 0.615162 0.210030 -0.674834
v 0.720317 0.524539 -0.479242
v 0.926807 0.314376 -0.474285
v 0.754163 0.140880 -0.638372
v 0.547674 0.351044 -0.643329
v 0.926616 0.640957 -0.916676
v 0.844992 0.613628 -0.969202
v 1.014508 0.597233 -0.893620
v 1.057182 0.508067 -0.913541
v 1.029641 0.425693 -0.964770
v 0.948017 0.398363 -1.017296
v 0.860124 0.442088 -1.040352
v 0.817450 0.531253 -1.020431
v 0.782207 0.559465 -0.610472
v 0.667359 0.521011 -0.684379
v 0.628606 0.405107 -0.756460
v 0.688651 0.279647 -0.784490
v 0.812319 0.218125 -0.752050
v 0.927167 0.256579 -0.678142
v 0.965919 0.372483 -0.606062
v 0.905875 0.497943 -0.578032
v 0.868852 0.608360 -0.794194
v 0.773938 0.576581 -0.855273
v 0.741913 0.480795 -0.914842
v 0.791535 0.377112 -0.938007
v 0.893738 0.326268 -0.911198
v 0.988651 0.358047 -0.850119
v 1.020677 0.453834 -0.790550
v 0.971055 0.557517 -0.767385
v 0.889791 0.533193 -0.645681
v 0.836481 0.565376 -0.672161
v 0.925024 0.545027 -0.702228
v 0.871714 0.577210 -0.728708
v 0.855839 0.546834 -0.647209
v 0.918449 0.532445 -0.668470
v 0.905666 0.563570 -0.727179
v 0.843056 0.577959 -0.705919
v 0.912324 0.668285 -0.613319
v 0.901999 0.678174 -0.626627
v 0.930432 0.661010 -0.612503
v 0.945716 0.660610 -0.624658
v 0.949223 0.667321 -0.642663
v 0.938899 0.677211 -0.655971
v 0.920790 0.684486 -0.656786
v 0.905506 0.684885 -0.644632
vt 0.261233 0.418664
vt 0.373217 0.300786
vt 0.410190 0.333484
vt 0.299505 0.454353
vt 0.490672 0.190125
vt 0.528654 0.222611
vt 0.525719 0.158406
vt 0.564726 0.190020
vt 0.445675 0.362929
vt 0.337353 0.484175
vt 0.564134 0.253163
vt 0.600698 0.220654
vt 0.483255 0.395817
vt 0.376823 0.512916
vt 0.600970 0.287911
vt 0.637769 0.255579
vt 0.517854 0.430884
vt 0.412404 0.544175
vt 0.634510 0.324731
vt 0.671213 0.291436
vt 0.389102 0.581262
vt 0.004682 0.715029
vt 0.663027 0.362876
vt 0.593738 0.611543
vt 0.380624 0.630386
vt 0.045162 0.724732
vt 0.234629 0.072782
vt 0.277493 0.005894
vt 0.368966 0.679646
vt 0.084800 0.735977
vt 0.141775 0.084055
vt 0.315350 0.084763
vt 0.309882 0.072576
vt 0.309328 0.073702
vt 0.310964 0.071308
vt 0.309205 0.073997
vt 0.309449 0.073663
vt 0.308948 0.074434
vt 0.351979 0.062528
vt 0.360077 0.725643
vt 0.128074 0.738280
vt 0.520737 0.746040
vt 0.077405 0.114176
vt 0.567995 0.752616
vt 0.351322 0.774444
vt 0.186759 0.743106
vt 0.511421 0.795580
vt 0.557371 0.802936
vt 0.308303 0.230567
vt 0.201708 0.341604
vt 0.505072 0.845401
vt 0.454445 0.092903
vt 0.338593 0.266178
vt 0.224195 0.383445
vt 0.454621 0.156487
vt 0.488304 0.125646
vt 0.975391 0.037293
vt 0.822480 0.588616
vt 0.798150 0.617152
vt 0.778663 0.568381
vt 0.949747 0.073694
vt 0.873648 0.256582
vt 0.914182 0.101473
vt 0.880364 0.125647
vt 0.768427 0.638018
vt 0.739425 0.594164
vt 0.835179 0.228226
vt 0.849464 0.147912
vt 0.729819 0.644332
vt 0.705541 0.612272
vt 0.793869 0.200467
vt 0.817142 0.172490
vt 0.160977 0.777795
vt 0.185153 0.809815
vt 0.161477 0.318224
vt 0.122600 0.785262
vt 0.182641 0.387273
vt 0.139321 0.362540
vt 0.158571 0.414356
vt 0.125877 0.438065
vt 0.121666 0.291346
vt 0.092282 0.805390
vt 0.099309 0.338118
vt 0.094501 0.459722
vt 0.000000 0.549221
vt 0.070680 0.836800
vt 0.024137 0.511330
vt 0.060042 0.483583
vt 0.880197 0.716677
vt 0.843096 0.701878
vt 0.841744 0.595154
vt 0.845901 0.549692
vt 0.805157 0.688065
vt 0.813927 0.631902
vt 0.556629 0.042080
vt 0.934418 0.057707
vt 0.593134 0.073645
vt 0.901090 0.083886
vt 0.634390 0.102682
vt 0.867614 0.107914
vt 0.762095 0.684893
vt 0.777777 0.656276
vt 0.673493 0.133830
vt 0.836470 0.130285
vt 0.704956 0.678573
vt 0.721866 0.665678
vt 0.774070 0.245966
vt 0.777945 0.235100
vt 0.752447 0.204949
vt 0.768311 0.193046
vt 0.713261 0.170093
vt 0.802225 0.155762
vt 0.197394 0.351790
vt 0.168978 0.756184
vt 0.113031 0.766755
vt 0.207792 0.394761
vt 0.173061 0.431442
vt 0.138491 0.455967
vt 0.075586 0.792313
vt 0.106935 0.477685
vt 0.050888 0.831734
vt 0.049201 0.877184
vt 0.039698 0.527152
vt 0.072961 0.501307
vt 0.289383 0.041281
vt 0.269482 0.071736
vt 0.300534 0.120991
vt 0.359931 0.000020
vt 0.322556 0.008329
vt 0.111648 0.114324
vt 0.151341 0.115672
vt 0.187469 0.113303
vt 0.010439 0.042683
vt 0.310452 0.091794
vt 0.001713 0.035375
vt 0.337962 0.028327
vt 0.366609 0.025146
vt 0.390943 0.047507
vt 0.388745 0.083782
vt 0.353082 0.101820
vt 0.014281 0.053756
vt 0.327110 0.095694
vt 0.352352 0.090843
vt 0.370587 0.078472
vt 0.368607 0.058855
vt 0.350001 0.049370
vt 0.330494 0.052819
vt 0.021879 0.066428
vt 0.009442 0.006738
vt 0.006271 0.006031
vt 0.011461 0.006524
vt 0.012377 0.004800
vt 0.006275 0.002195
vt 0.013498 0.002481
vt 0.008906 0.000016
vt 0.021040 0.003304
vt 0.009468 0.029535
vt 0.021695 0.026898
vt 0.012210 0.034537
vt 0.004015 0.022911
vt 0.003667 0.026336
vt 0.023868 0.054866
vt 0.020641 0.049230
vt 0.015362 0.046755
vt 0.602578 0.649384
vt 0.586781 0.720007
vt 0.516859 0.705832
vt 0.531532 0.635436
vt 0.307865 0.081910
vt 0.308421 0.083587
vt 0.316717 0.058295
vt 0.306588 0.078192
vt 0.040522 0.011933
vt 0.028805 0.058629
vt 0.015357 0.005657
vt 0.018229 0.004542
vt 0.011972 0.000309
vt 0.023780 0.002117
vt 0.026503 0.001268
vt 0.029837 0.002278
vt 0.038961 0.006456
vt 0.012412 0.006485
vt 0.027339 0.024559
vt 0.032630 0.021530
vt 0.037358 0.017509
vt 0.015765 0.028695
vt 0.015108 0.042645
vt 0.000000 0.019570
vt 0.077353 0.143061
vt 0.000000 0.177173
vt 0.310957 0.069699
vt 0.309086 0.080163
vt 0.334911 0.093565
vt 0.343434 0.083775
vt 0.355170 0.074609
vt 0.308945 0.074452
vt 0.333737 0.058584
vt 0.309224 0.073778
vt 0.320002 0.039706
vt 0.290987 0.066936
vt 0.362204 0.130116
vt 0.412913 0.091706
vt 0.411890 0.031776
vt 0.226008 0.103535
vt 0.550050 0.853062
vt 0.422702 0.121650
vt 0.700494 0.328742
vt 0.544654 0.599237
vt 0.070980 0.878350
vt 0.433863 0.586308
vt 0.191516 0.795315
vt 0.190088 0.350408
vt 0.697578 0.626601
vt 0.784561 0.235998
vt 0.824099 0.546992
vt 0.533116 0.000006
vt 0.446480 0.575104
vt 0.194586 0.790119
vt 0.692774 0.632137
vt 0.520933 0.011448
vt 0.114871 0.854461
vt 0.151996 0.827765
vt 0.810306 0.270962
vt 0.849042 0.300961
vt 0.346007 0.824026
vt 0.547875 0.467847
vt 0.402571 0.557730
vt 0.366531 0.523449
vt 0.329744 0.492255
vt 0.018031 0.558361
vt 0.296104 0.465543
vt 0.254946 0.433011
vt 0.676799 0.122320
vt 0.719240 0.155424
vt 0.642036 0.094914
vt 0.604144 0.063771
vt 0.567287 0.028863
vt 0.957750 0.026860
vt 0.050103 0.349279
vt 0.060193 0.310888
vt 0.071096 0.381608
vt 0.077881 0.275961
vt 0.101913 0.400606
vt 0.139279 0.411907
vt 0.839700 0.178986
vt 0.876462 0.192820
vt 0.901396 0.215079
vt 0.922671 0.244276
vt 0.912895 0.282567
vt 0.894289 0.318512
vt 0.086720 0.747175
vt 0.045411 0.740601
vt 0.000000 0.729716
vt 0.124992 0.749244
vt 0.765555 0.673764
vt 0.803800 0.677092
vt 0.844055 0.686100
vt 0.887483 0.703642
vt 0.664935 0.827213
vt 0.654556 0.874990
vt 0.676141 0.778423
vt 0.201743 0.690454
vt 0.689172 0.732209
vt 0.214889 0.642423
vt 0.228536 0.592282
vt 0.241489 0.543386
vn 0.000000 -0.354665 0.934994
vn 0.000000 -0.354665 0.934994
vn 0.000000 -0.193796 0.981042
vn 0.000000 -0.193796 0.981042
vn 0.000000 -0.354665 0.934994
vn 0.000000 -0.193796 0.981042
vn 0.000000 -0.354665 0.934994
vn 0.000000 -0.193796 0.981042
vn 0.000000 0.186340 0.982485
vn 0.000000 0.186340 0.982485
vn 0.000000 0.186340 0.982485
vn 0.000000 0.186340 0.982485
vn 0.000000 0.367444 0.930046
vn 0.000000 0.367444 0.930046
vn 0.000000 0.367444 0.930046
vn 0.000000 0.367444 0.930046
vn 0.000000 0.950127 0.311864
vn 0.000000 0.950127 0.311864
vn 0.000000 0.986799 0.161950
vn 0.000000 0.986799 0.161950
vn 0.000000 0.950127 0.311864
vn 0.000000 0.986799 0.161950
vn 0.000000 0.950127 0.311864
vn 0.000000 0.986799 0.161950
vn -0.007479 0.991189 -0.132246
vn 0.000000 0.986799 -0.161950
vn -0.005366 0.995647 -0.093048
vn 0.012520 0.993959 -0.109032
vn -0.013493 0.962591 -0.270621
vn 0.000000 0.950127 -0.311864
vn -0.017242 0.979453 -0.200934
vn 0.023655 0.968134 -0.249314
vn 0.000000 0.367444 -0.930046
vn 0.011521 0.377526 -0.925927
vn 0.005834 0.212076 -0.977236
vn 0.000000 0.186340 -0.982485
vn 0.019889 0.384791 -0.922789
vn 0.011635 0.174016 -0.984674
vn 0.407057 0.380352 -0.830444
vn 0.407056 0.380353 -0.830444
vn 0.407057 0.380353 -0.830444
vn 0.407056 0.380353 -0.830444
vn 0.407057 0.380353 -0.830444
vn 0.407057 0.380352 -0.830444
vn 0.407058 0.380353 -0.830443
vn 0.407057 0.380351 -0.830445
vn -0.000772 -0.201168 -0.979557
vn 0.000000 -0.193796 -0.981042
vn 0.003307 -0.204586 -0.978843
vn -0.035245 0.161757 -0.986201
vn 0.001042 -0.192191 -0.981357
vn 0.000000 -0.354665 -0.934994
vn 0.000000 -0.354665 -0.934994
vn 0.000000 -0.354665 -0.934994
vn 0.000000 -0.354665 -0.934994
vn 0.000000 -0.950127 -0.311864
vn 0.000000 -0.950127 -0.311864
vn 0.000000 -0.986799 -0.161950
vn 0.000000 -0.986799 -0.161950
vn 0.000000 -0.950127 -0.311864
vn 0.000000 -0.986799 -0.161950
vn 0.000000 -0.950127 -0.311864
vn 0.000000 -0.986799 -0.161950
vn 0.000000 -0.986799 0.161950
vn 0.000000 -0.986799 0.161950
vn 0.000000 -0.986799 0.161950
vn 0.000000 -0.986799 0.161950
vn 0.000000 -0.950127 0.311864
vn 0.000000 -0.950127 0.311864
vn 0.000000 -0.950127 0.311864
vn 0.000000 -0.950127 0.311864
vn 1.000000 -0.000000 0.000000
vn 1.000000 -0.000001 0.000000
vn 1.000000 -0.000000 0.000000
vn 1.000000 -0.000000 0.000000
vn 1.000000 0.000000 0.000000
vn 1.000000 0.000000 0.000000
vn 1.000000 0.000000 0.000000
vn 1.000000 0.000000 0.000000
vn 1.000000 -0.000000 0.000000
vn 1.000000 -0.000000 0.000000
vn 1.000000 0.000000 0.000000
vn 1.000000 0.000000 0.000000
vn 1.000000 -0.000001 0.000000
vn 1.000000 -0.000000 0.000000
vn 1.000000 0.000000 0.000000
vn 1.000000 0.000000 0.000000
vn -1.000000 -0.000000 0.000000
vn -1.000000 -0.000000 0.000000
vn -1.000000 -0.000000 0.000000
vn -1.000000 -0.000000 0.000000
vn -1.000000 0.000000 0.000000
vn -1.000000 -0.000000 0.000000
vn -1.000000 -0.000000 0.000000
vn -1.000000 -0.000000 0.000000
vn -1.000000 -0.000000 0.000000
vn -1.000000 -0.000000 0.000000
vn -1.000000 -0.000000 0.000000
vn -1.000000 0.000000 0.000000
vn -1.000000 -0.000000 0.000000
vn -1.000000 -0.000000 0.000000
vn -1.000000 0.000000 0.000000
vn -1.000000 0.000000 0.000000
vn 1.000000 0.000001 0.000000
vn 1.000000 0.000001 0.000000
vn 1.000000 0.000001 0.000000
vn 1.000000 0.000001 0.000000
vn 1.000000 0.000000 0.000000
vn 1.000000 0.000000 0.000000
vn 1.000000 0.000000 0.000000
vn 1.000000 0.000000 0.000000
vn 1.000000 0.000001 0.000000
vn 1.000000 0.000001 0.000000
vn 1.000000 0.000001 0.000000
vn 1.000000 0.000001 0.000000
vn 1.000000 0.000000 0.000000
vn 1.000000 0.000000 0.000000
vn 1.000000 0.000000 0.000000
vn 1.000000 0.000000 0.000000
vn 1.000000 0.000000 0.000000
vn 1.000000 0.000000 0.000000
vn 1.000000 0.000000 0.000000
vn 1.000000 0.000000 0.000000
vn 1.000000 0.000000 0.000000
vn 1.000000 0.000000 0.000000
vn 1.000000 0.000000 0.000000
vn 1.000000 0.000000 0.000000
vn 1.000000 0.000000 0.000000
vn 1.000000 0.000000 0.000000
vn 1.000000 0.000000 0.000000
vn 1.000000 0.000000 0.000000
vn 1.000000 0.000000 0.000000
vn 1.000000 0.000000 0.000000
vn 1.000000 0.000000 0.000000
vn 1.000000 0.000000 0.000000
vn 1.000000 0.000000 0.000000
vn 1.000000 0.000000 0.000000
vn 1.000000 0.000000 0.000000
vn 1.000000 0.000000 0.000000
vn 1.000000 -0.000001 0.000000
vn 1.000000 -0.000001 0.000000
vn 1.000000 -0.000001 0.000000
vn 1.000000 -0.000001 0.000000
vn 1.000000 -0.000001 0.000000
vn 1.000000 -0.000001 0.000000
vn 1.000000 -0.000001 0.000000
vn 1.000000 -0.000001 0.000000
vn 1.000000 0.000000 0.000000
vn 1.000000 0.000000 0.000000
vn 1.000000 0.000000 0.000000
vn 1.000000 0.000000 0.000000
vn -1.000000 0.000000 0.000000
vn -1.000000 0.000000 0.000000
vn -1.000000 0.000000 0.000000
vn -1.000000 0.000000 0.000000
vn -1.000000 0.000000 0.000000
vn -1.000000 0.000000 0.000000
vn -1.000000 0.000000 0.000000
vn -1.000000 0.000000 0.000000
vn -1.000000 0.000001 0.000000
vn -1.000000 0.000001 0.000000
vn -1.000000 0.000001 0.000000
vn -1.000000 0.000001 0.000000
vn -1.000000 -0.000001 0.000000
vn -1.000000 -0.000001 0.000000
vn -1.000000 -0.000001 0.000000
vn -1.000000 -0.000001 0.000000
vn -1.000000 0.000000 0.000000
vn -1.000000 0.000000 0.000000
vn -1.000000 0.000000 0.000000
vn -1.000000 0.000000 0.000000
vn -1.000000 0.000000 0.000000
vn -1.000000 0.000000 0.000000
vn -1.000000 0.000000 0.000000
vn -1.000000 0.000000 0.000000
vn -1.000000 0.000000 0.000000
vn -1.000000 0.000000 0.000000
vn -1.000000 0.000000 0.000000
vn -1.000000 0.000000 0.000000
vn -1.000000 0.000001 0.000000
vn -1.000000 0.000001 0.000000
vn -1.000000 0.000001 0.000000
vn -1.000000 0.000001 0.000000
vn -1.000000 0.000000 0.000000
vn -1.000000 0.000000 0.000000
vn -1.000000 0.000000 0.000000
vn -1.000000 0.000000 0.000000
vn -1.000000 -0.000001 0.000000
vn -1.000000 -0.000001 0.000000
vn -1.000000 -0.000001 0.000000
vn -1.000000 -0.000001 0.000000
vn -1.000000 0.000000 0.000000
vn -1.000000 0.000000 0.000000
vn -1.000000 0.000000 0.000000
vn -1.000000 0.000000 0.000000
vn -1.000000 0.000000 0.000000
vn -1.000000 0.000000 0.000000
vn -1.000000 0.000000 0.000000
vn -1.000000 0.000000 0.000000
vn 0.000000 0.958057 0.286577
vn 0.000000 0.958057 0.286577
vn 0.000000 0.958057 0.286577
vn 0.000000 0.958057 0.286577
vn 0.000000 0.384280 0.923217
vn 0.000000 0.384280 0.923217
vn 0.000000 0.384280 0.923217
vn 0.000000 0.384280 0.923217
vn 0.000000 1.000000 0.000000
vn 0.000000 1.000000 0.000000
vn 0.000000 1.000000 0.000000
vn 0.000000 1.000000 0.000000
vn 0.000000 0.958057 -0.286577
vn 0.000000 0.958057 -0.286577
vn 0.000000 0.958057 -0.286577
vn 0.000000 0.958057 -0.286577
vn 0.000000 0.384280 -0.923217
vn 0.000000 0.384280 -0.923217
vn 0.000000 0.384280 -0.923217
vn 0.000000 0.384280 -0.923217
vn 0.000000 0.017290 0.999851
vn 0.000000 0.017290 0.999851
vn 0.000000 0.017290 0.999851
vn 0.000000 0.017290 0.999851
vn 0.000000 0.017290 -0.999851
vn 0.000000 0.017290 -0.999851
vn 0.000000 0.017290 -0.999851
vn 0.000000 0.017290 -0.999851
vn 0.000000 -0.397761 0.917489
vn 0.000000 -0.397761 0.917489
vn 0.000000 -0.397761 0.917489
vn 0.000000 -0.397761 0.917489
vn 0.000000 -0.958057 0.286577
vn 0.000000 -0.958057 0.286577
vn 0.000000 -0.958057 0.286577
vn 0.000000 -0.958057 0.286577
vn 0.000000 -1.000000 0.000000
vn 0.000000 -1.000000 0.000000
vn 0.000000 -1.000000 0.000000
vn 0.000000 -1.000000 0.000000
vn 0.000000 -0.958057 -0.286577
vn 0.000000 -0.958057 -0.286577
vn 0.000000 -0.958057 -0.286577
vn 0.000000 -0.958057 -0.286577
vn 0.000000 -0.397761 -0.917489
vn 0.000000 -0.397761 -0.917489
vn 0.000000 -0.397761 -0.917489
vn 0.000000 -0.397761 -0.917489
vn 0.000000 0.958057 0.286577
vn 0.000000 0.958057 0.286577
vn 0.000000 0.958057 0.286577
vn 0.000000 0.958057 0.286577
vn 0.000000 0.384280 0.923217
vn 0.000000 0.384280 0.923217
vn 0.000000 0.384280 0.923217
vn 0.000000 0.384280 0.923217
vn 0.000000 1.000000 0.000000
vn 0.000000 1.000000 0.000000
vn 0.000000 1.000000 0.000000
vn 0.000000 1.000000 0.000000
vn 0.000000 0.958057 -0.286577
vn 0.000000 0.958057 -0.286577
vn 0.000000 0.958057 -0.286577
vn 0.000000 0.958057 -0.286577
vn 0.000000 0.384280 -0.923217
vn 0.000000 0.384280 -0.923217
vn 0.000000 0.384280 -0.923217
vn 0.000000 0.384280 -0.923217
vn 0.000000 0.017290 0.999851
vn 0.000000 0.017290 0.999851
vn 0.000000 0.017290 0.999851
vn 0.000000 0.017290 0.999851
vn 0.000000 0.017290 -0.999851
vn 0.000000 0.017290 -0.999851
vn 0.000000 0.017290 -0.999851
vn 0.000000 0.017290 -0.999851
vn 0.000000 -0.958057 0.286577
vn 0.000000 -0.958057 0.286577
vn 0.000000 -0.958057 0.286577
vn 0.000000 -0.958057 0.286577
vn 0.000000 -0.397761 0.917489
vn 0.000000 -0.397761 0.917489
vn 0.000000 -0.397761 0.917489
vn 0.000000 -0.397761 0.917489
vn 0.000000 -1.000000 0.000000
vn 0.000000 -1.000000 0.000000
vn 0.000000 -1.000000 0.000000
vn 0.000000 -1.000000 0.000000
vn 0.000000 -0.397761 -0.917489
vn 0.000000 -0.397761 -0.917489
vn 0.000000 -0.397761 -0.917489
vn 0.000000 -0.397761 -0.917489
vn 0.000000 -0.958057 -0.286577
vn 0.000000 -0.958057 -0.286577
vn 0.000000 -0.958057 -0.286577
vn 0.000000 -0.958057 -0.286577
vn 0.000000 -0.354665 0.934994
vn 0.000000 -0.193796 0.981042
vn 0.000000 0.186340 0.982485
vn 0.000000 0.367444 0.930046
vn 0.000000 0.950127 0.311864
vn 0.000000 0.986799 0.161950
vn 0.006378 0.991608 -0.129122
vn 0.013934 0.959284 -0.282098
vn -0.089609 0.385427 -0.918377
vn -0.089609 0.385427 -0.918377
vn -0.068809 0.280807 -0.957295
vn -0.007632 -0.193723 -0.981027
vn 0.000000 -0.354665 -0.934994
vn 0.000000 -0.950127 -0.311864
vn 0.000000 -0.986799 -0.161950
vn 0.000000 -0.986799 0.161950
vn 0.000000 -0.950127 0.311864
vn 0.063443 0.289765 -0.954993
vn 0.111059 0.329893 -0.937463
vn -0.070694 0.546774 -0.834291
vn 0.219700 0.944719 -0.243389
vn -0.535076 0.608146 -0.586389
vn 0.138220 0.333379 -0.932606
vn -0.032918 0.432895 -0.900843
vn -0.962674 0.270127 -0.017016
vn 0.112279 -0.114531 -0.987054
vn -0.329514 0.103124 -0.938502
vn -0.489125 0.262397 -0.831808
vn -0.998251 0.045365 -0.037897
vn -0.360855 0.929424 0.077172
vn -0.360855 0.929424 0.077172
vn -0.360855 0.929424 0.077172
vn -0.360855 0.929424 0.077172
vn 0.328355 0.862766 0.384471
vn 0.328355 0.862766 0.384471
vn 0.328356 0.862766 0.384471
vn 0.328355 0.862766 0.384471
vn 0.859206 0.322468 0.397215
vn 0.859206 0.322468 0.397215
vn 0.859206 0.322468 0.397215
vn 0.859206 0.322468 0.397215
vn 0.920732 -0.374970 0.107938
vn 0.920732 -0.374970 0.107938
vn 0.920732 -0.374970 0.107938
vn 0.920732 -0.374970 0.107938
vn 0.476893 -0.820998 -0.313904
vn 0.476893 -0.820998 -0.313904
vn 0.476893 -0.820998 -0.313904
vn 0.476893 -0.820998 -0.313904
vn -0.212317 -0.754341 -0.621202
vn -0.212317 -0.754340 -0.621202
vn -0.212317 -0.754340 -0.621202
vn -0.212317 -0.754341 -0.621202
vn -0.743168 -0.214043 -0.633945
vn -0.743168 -0.214043 -0.633945
vn -0.743168 -0.214043 -0.633946
vn -0.743168 -0.214043 -0.633946
vn -0.804694 0.483395 -0.344669
vn -0.804694 0.483395 -0.344669
vn -0.360855 0.929424 0.077172
vn -0.360855 0.929424 0.077172
vn -0.804694 0.483395 -0.344669
vn -0.804694 0.483395 -0.344669
vn -0.743168 -0.214043 -0.633946
vn -0.743168 -0.214043 -0.633946
vn -0.212318 -0.754340 -0.621202
vn -0.212318 -0.754340 -0.621202
vn 0.476892 -0.820998 -0.313904
vn 0.476893 -0.820998 -0.313904
vn 0.920732 -0.374970 0.107938
vn 0.920732 -0.374970 0.107938
vn 0.859206 0.322469 0.397215
vn 0.859206 0.322469 0.397214
vn 0.328995 0.862101 0.385414
vn 0.329001 0.862102 0.385407
vn 0.329001 0.862103 0.385405
vn 0.329001 0.862102 0.385406
vn 0.329001 0.862102 0.385407
vn 0.329001 0.862102 0.385407
vn 0.329002 0.862102 0.385407
vn 0.329000 0.862101 0.385410
vn -0.360854 0.929424 0.077172
vn -0.360854 0.929424 0.077172
vn -0.804694 0.483395 -0.344669
vn -0.804694 0.483395 -0.344669
vn -0.743168 -0.214043 -0.633945
vn -0.743168 -0.214043 -0.633945
vn -0.212318 -0.754340 -0.621202
vn -0.212318 -0.754340 -0.621202
vn 0.476892 -0.820998 -0.313904
vn 0.476892 -0.820998 -0.313904
vn 0.920732 -0.374970 0.107938
vn 0.920732 -0.374970 0.107938
vn 0.859206 0.322469 0.397215
vn 0.859206 0.322469 0.397215
vn 0.328356 0.862766 0.384471
vn 0.328356 0.862766 0.384471
vn 0.328356 0.862766 0.384471
vn 0.328356 0.862766 0.384471
vn 0.330691 0.867017 0.372726
vn 0.329336 0.867311 0.373242
vn 0.334634 0.865164 0.373511
vn 0.343040 0.857262 0.383959
vn 0.335358 0.864230 0.375021
vn 0.322240 0.860880 0.393760
vn 0.299846 0.875212 0.379599
vn 0.269110 0.886787 0.375750
vn 0.322559 0.860148 0.395097
vn 0.326665 0.858735 0.394796
vn 0.328271 0.858156 0.394723
vn 0.363553 0.843073 0.396304
vn -0.724500 0.149167 0.672941
vn -0.724499 0.149167 0.672941
vn -0.724500 0.149167 0.672941
vn -0.724499 0.149167 0.672941
vn -0.128308 -0.210746 0.969084
vn -0.128308 -0.210746 0.969084
vn -0.128308 -0.210746 0.969084
vn -0.128308 -0.210746 0.969084
vn 0.571869 -0.371662 0.731323
vn 0.571869 -0.371662 0.731323
vn 0.571869 -0.371662 0.731323
vn 0.571869 -0.371662 0.731323
vn 0.965888 -0.239316 0.098932
vn 0.965888 -0.239316 0.098932
vn 0.965888 -0.239316 0.098932
vn 0.965888 -0.239316 0.098932
vn 0.822932 0.108762 -0.557632
vn 0.822932 0.108762 -0.557632
vn 0.822932 0.108762 -0.557632
vn 0.822932 0.108762 -0.557632
vn 0.226739 0.468677 -0.853775
vn 0.226739 0.468677 -0.853775
vn 0.226739 0.468677 -0.853775
vn 0.226739 0.468677 -0.853775
vn -0.473438 0.629589 -0.616014
vn -0.473438 0.629589 -0.616014
vn -0.473438 0.629589 -0.616015
vn -0.473438 0.629589 -0.616015
vn -0.867455 0.497247 0.016373
vn -0.867455 0.497247 0.016373
vn -0.867455 0.497247 0.016373
vn -0.867455 0.497247 0.016373
s 1
g pCube1
usemtl initialShadingGroup
f 1/1/1 2/2/2 6/3/3 5/4/4
f 2/2/2 3/5/5 7/6/6 6/3/3
f 3/5/5 105/7/7 106/8/8 7/6/6
f 5/4/4 6/3/3 10/9/9 9/10/10
f 6/3/3 7/6/6 11/11/11 10/9/9
f 7/6/6 106/8/8 107/12/12 11/11/11
f 9/10/10 10/9/9 14/13/13 13/14/14
f 10/9/9 11/11/11 15/15/15 14/13/13
f 11/11/11 107/12/12 108/16/16 15/15/15
s 2
f 13/14/17 14/13/18 18/17/19 17/18/20
f 14/13/18 15/15/21 19/19/22 18/17/19
f 15/15/21 108/16/23 109/20/24 19/19/22
f 17/18/20 18/17/19 22/226/25 21/217/26
f 18/17/19 19/19/22 23/23/27 22/226/25
f 19/19/22 109/20/24 110/207/28 23/23/27
f 21/266/26 22/21/25 26/25/29 25/265/30
f 22/21/25 23/208/27 27/168/31 26/25/29
f 23/208/27 110/24/28 111/165/32 27/168/31
s 3
f 25/265/33 26/25/34 30/29/35 29/264/36
f 26/25/34 27/168/37 31/167/38 30/29/35
s 4
f 125/198/39 127/33/40 126/34/41
f 127/33/40 128/35/42 126/34/41
f 126/34/41 128/35/42 132/36/43
f 128/35/42 129/37/44 132/36/43
f 132/36/43 129/37/44 131/38/45
f 129/37/44 130/196/46 131/38/45
s 3
f 29/264/36 30/29/35 34/40/47 33/262/48
f 30/29/35 31/167/38 35/42/49 34/40/47
f 31/167/38 112/166/50 113/44/51 35/42/49
f 33/262/48 34/40/47 38/45/52 37/46/53
f 34/40/47 35/42/49 39/47/54 38/45/52
f 35/42/49 113/44/51 114/48/55 39/47/54
s 5
f 37/46/56 38/45/57 42/225/58 41/218/59
f 38/45/57 39/47/60 43/51/61 42/225/58
f 39/47/60 114/48/62 115/205/63 43/51/61
f 41/50/59 42/49/58 46/53/64 45/54/65
f 42/49/58 43/206/61 47/55/66 46/53/64
f 43/206/61 115/52/63 116/56/67 47/55/66
f 45/54/65 46/53/64 2/2/68 1/1/69
f 46/53/64 47/55/66 3/5/70 2/2/68
f 47/55/66 116/56/67 105/7/71 3/5/70
s 6
f 81/215/72 82/58/73 83/59/74 49/60/75
f 84/249/76 81/250/72 49/224/75 50/62/77
f 85/248/78 84/249/76 50/62/77 86/247/79
f 49/60/75 83/59/74 87/65/80 51/66/81
f 50/62/77 49/224/75 51/223/81 52/67/82
f 86/247/79 50/62/77 52/67/82 88/246/83
f 51/66/81 87/65/80 89/69/84 90/70/85
f 52/67/82 51/223/81 90/214/85 91/71/86
f 88/246/83 52/67/82 91/71/86 92/245/87
s 7
f 93/73/88 94/74/89 53/222/90 95/76/91
f 94/212/89 96/77/92 54/78/93 53/75/90
f 96/77/92 97/244/94 98/243/95 54/78/93
f 95/76/91 53/222/90 55/221/96 99/82/97
f 53/75/90 54/78/93 56/83/98 55/81/96
f 54/78/93 98/243/95 100/241/99 56/83/98
f 99/82/97 55/221/96 101/209/100 102/86/101
f 55/81/96 56/83/98 103/240/102 101/242/100
f 56/83/98 100/241/99 104/239/103 103/240/102
s off
f 44/89/104 40/90/105 58/257/106 57/258/107
f 40/90/108 36/93/109 59/256/110 58/257/111
f 48/95/112 44/220/113 57/216/114 60/237/115
f 4/97/116 48/95/117 60/237/118 61/236/119
f 8/99/120 4/97/121 61/236/122 62/235/123
f 36/93/124 32/101/125 63/255/126 59/256/127
f 12/103/128 8/99/129 62/235/130 64/233/131
f 32/101/132 28/105/133 65/106/134 63/255/135
f 28/105/136 24/219/137 66/213/138 65/106/139
f 24/107/140 20/109/141 67/110/142 66/108/143
f 20/109/144 16/111/145 68/234/146 67/110/147
f 16/111/148 12/103/149 64/233/150 68/234/151
f 37/46/152 41/218/153 70/211/154 69/114/155
f 33/41/156 37/46/157 69/114/158 71/254/159
f 41/50/160 45/54/161 72/116/162 70/113/163
f 45/54/164 1/1/165 73/232/166 72/116/167
f 1/1/168 5/4/169 74/231/170 73/232/171
f 29/30/172 33/41/173 71/254/174 75/251/175
f 5/4/176 9/10/177 76/229/178 74/231/179
f 21/22/180 25/26/181 78/252/182 77/253/183
f 25/26/184 29/30/185 75/251/186 78/252/187
f 17/18/188 21/217/189 77/210/190 79/227/191
f 9/10/192 13/14/193 80/228/194 76/229/195
f 13/14/196 17/18/197 79/227/198 80/228/199
f 57/92/200 58/91/201 82/58/202 81/215/203
f 58/91/204 59/94/205 83/59/206 82/58/207
f 60/96/208 57/238/209 81/57/210 84/61/211
f 61/98/212 60/96/213 84/61/214 85/63/215
f 62/100/216 61/98/217 85/63/218 86/64/219
f 59/94/220 63/102/221 87/65/222 83/59/223
f 64/104/224 62/100/225 86/64/226 88/68/227
f 63/102/228 65/106/229 89/69/230 87/65/231
f 65/106/232 66/213/233 90/70/234 89/69/235
f 66/108/236 67/110/237 91/71/238 90/214/239
f 67/110/240 68/112/241 92/72/242 91/71/243
f 68/112/244 64/104/245 88/68/246 92/72/247
f 69/114/248 70/211/249 94/74/250 93/73/251
f 71/115/252 69/114/253 93/73/254 95/76/255
f 70/113/256 72/116/257 96/77/258 94/212/259
f 72/116/260 73/117/261 97/79/262 96/77/263
f 73/117/264 74/118/265 98/80/266 97/79/267
f 75/119/268 71/115/269 95/76/270 99/82/271
f 74/118/272 76/120/273 100/84/274 98/80/275
f 77/122/276 78/121/277 102/86/278 101/209/279
f 78/121/280 75/119/281 99/82/282 102/86/283
f 79/123/284 77/230/285 101/85/286 103/87/287
f 76/120/288 80/124/289 104/88/290 100/84/291
f 80/124/292 79/123/293 103/87/294 104/88/295
s 1
f 106/8/8 105/7/7 4/97/296 8/99/297
f 107/12/12 106/8/8 8/99/297 12/103/298
f 108/16/16 107/12/12 12/103/298 16/111/299
s 2
f 109/20/24 108/16/23 16/111/300 20/109/301
f 110/207/28 109/20/24 20/109/301 24/107/302
f 111/165/32 110/24/28 24/219/302 28/105/303
s 3
f 112/166/50 111/165/304 28/105/305 32/263/306
f 113/44/51 112/166/50 32/263/306 36/261/307
f 114/48/55 113/44/51 36/261/307 40/259/308
s 5
f 115/205/63 114/48/62 40/259/309 44/260/310
f 116/56/67 115/52/63 44/220/310 48/95/311
f 105/7/71 116/56/67 48/95/311 4/97/312
s 8
f 111/28/313 117/125/314 27/27/315
f 117/125/314 121/126/316 27/27/315
f 27/27/315 121/126/316 118/204/317
f 112/43/318 119/189/319 111/190/313
f 119/128/319 122/129/320 111/28/313
f 111/28/313 122/129/320 117/125/314
f 119/189/319 112/43/318 123/130/321
f 112/43/318 31/31/322 123/130/321
f 31/31/322 120/131/323 123/130/321
f 31/31/322 27/27/315 120/131/323
f 120/131/323 27/27/315 124/132/324
f 27/27/315 118/204/317 124/132/324
s 10
f 118/127/325 121/126/326 133/172/327 134/134/328
s off
f 121/126/329 117/125/330 140/200/331 133/172/332
s 11
f 117/199/333 122/129/334 139/136/335 140/171/336
s 12
f 122/129/337 119/128/338 138/137/339 139/136/340
s 13
f 119/128/341 123/203/342 137/138/343 138/137/344
s 14
f 123/203/345 120/202/346 136/139/347 137/138/348
s 15
f 120/202/349 124/201/350 135/140/351 136/139/352
s 8
f 124/201/324 118/127/317 134/134/353 135/140/354
s 10
f 134/134/328 133/172/327 141/170/355 142/142/356
s 8
f 135/140/354 134/134/353 142/142/357 143/143/358
s 15
f 136/139/352 135/140/351 143/143/359 144/144/360
s 14
f 137/138/348 136/139/347 144/144/361 145/145/362
s 13
f 138/137/344 137/138/343 145/145/363 146/146/364
s 12
f 139/136/340 138/137/339 146/146/365 147/147/366
s 11
f 140/171/336 139/136/335 147/147/367 148/191/368
s 16
f 159/149/369 160/150/370 157/151/371
f 157/151/371 160/150/370 158/152/372
f 160/150/370 161/153/373 158/152/372
f 158/152/372 161/153/373 164/154/374
f 161/153/373 162/155/375 164/154/374
f 162/155/375 163/177/376 164/154/374
s 10
f 142/142/356 141/170/355 125/32/377 126/193/378
s 8
f 143/143/358 142/142/357 126/193/379 132/194/380
s 15
f 144/144/360 143/143/359 132/194/381 131/195/382
s 14
f 145/145/362 144/144/361 131/195/383 130/39/384
s 13
f 146/146/364 145/145/363 130/39/385 129/197/386
s 12
f 147/147/366 146/146/365 129/197/387 128/35/388
s 11
f 148/191/368 147/147/367 128/35/389 127/33/390
s off
f 141/170/391 148/169/392 127/192/393 125/32/394
s 17
f 140/135/395 149/157/396 133/133/397
f 150/187/398 133/133/397 153/159/399
f 133/133/397 149/157/396 153/159/399
f 148/188/400 151/160/401 140/135/395
f 151/160/401 154/161/402 140/135/395
f 140/135/395 154/161/402 149/157/396
f 151/174/401 148/148/400 155/162/403
f 141/141/404 152/163/405 148/148/400
f 148/148/400 152/163/405 155/162/403
f 152/163/405 141/141/404 156/164/406
f 141/141/404 133/133/397 156/164/406
f 133/133/397 150/187/398 156/164/406
s off
f 150/158/407 153/186/408 157/182/409 158/175/410
f 153/186/411 149/157/412 159/149/413 157/182/414
f 149/157/415 154/161/416 160/150/417 159/149/418
f 154/181/419 151/173/420 161/179/421 160/180/422
f 151/173/423 155/185/424 162/178/425 161/179/426
f 155/185/427 152/184/428 163/156/429 162/178/430
f 152/184/431 156/183/432 164/176/433 163/156/434
f 156/183/435 150/158/436 158/175/437 164/176/438
g default
v 0.194632 -0.561412 2.534830
v 0.461031 0.016677 1.336829
v 0.737607 0.608965 0.148336
v 1.019060 1.230657 -1.024223
v 0.224140 -0.569165 2.537762
v 0.501899 0.006829 1.341338
v 0.779128 0.597742 0.152303
v 1.048569 1.222905 -1.021291
v 0.247222 -0.560227 2.547609
v 0.534253 0.019095 1.355008
v 0.811470 0.610358 0.166147
v 1.071651 1.231842 -1.011444
v 0.267491 -0.543985 2.560483
v 0.562880 0.041038 1.372688
v 0.839794 0.633407 0.184314
v 1.091920 1.248084 -0.998571
v 0.262189 -0.509850 2.576442
v 0.556379 0.086390 1.394018
v 0.832036 0.682119 0.207044
v 1.086618 1.282219 -0.982611
v 0.250903 -0.477147 2.590295
v 0.541513 0.129740 1.412403
v 0.815885 0.728823 0.226819
v 1.075332 1.314922 -0.968759
v 0.230043 -0.446734 2.600776
v 0.513263 0.169890 1.426075
v 0.786306 0.772314 0.241866
v 1.054471 1.345335 -0.958277
v 0.201739 -0.442110 2.596548
v 0.473991 0.175593 1.419849
v 0.746505 0.779069 0.236048
v 1.026168 1.349960 -0.962505
v 0.176248 -0.444791 2.589293
v 0.438445 0.171617 1.409614
v 0.710722 0.775390 0.225907
v 1.000677 1.347279 -0.969760
v 0.157184 -0.464161 2.575124
v 0.411414 0.145528 1.390216
v 0.684119 0.747872 0.205888
v 0.981612 1.327908 -0.983929
v 0.161289 -0.498582 2.558743
v 0.416242 0.099777 1.368297
v 0.690198 0.698760 0.182567
v 0.985717 1.293487 -1.000310
v 0.174968 -0.530713 2.545733
v 0.434454 0.057226 1.351091
v 0.709706 0.652859 0.163974
v 0.999397 1.261357 -1.013320
v 1.013848 1.305153 -0.987920
v 1.030211 1.263790 -1.004957
v 1.044121 1.311255 -0.977835
v 1.058883 1.271787 -0.994288
v 0.189420 -0.486917 2.571133
v 0.205783 -0.528279 2.554096
v 0.219693 -0.480814 2.581218
v 0.234455 -0.520282 2.564765
v 0.850188 0.857642 -0.320688
v 0.886905 0.847807 -0.317135
v 0.915542 0.858952 -0.304890
v 0.940644 0.879278 -0.288840
v 0.933869 0.922159 -0.268818
v 0.919664 0.963262 -0.251412
v 0.893572 1.001523 -0.238191
v 0.858370 1.007425 -0.243373
v 0.826704 1.004146 -0.252360
v 0.803116 0.979887 -0.270039
v 0.808406 0.936651 -0.290584
v 0.825583 0.896258 -0.306944
v 0.896463 0.781159 -0.196964
v 0.908399 0.829475 -0.270248
v 0.933501 0.849802 -0.254198
v 0.924787 0.804208 -0.178797
v 1.205624 0.909346 -0.845168
v 1.188021 0.981372 -0.893643
v 1.205355 1.002757 -0.870339
v 1.225147 0.933550 -0.818776
v 0.257357 -0.552106 2.554046
v 0.248322 -0.515066 2.570603
v 0.235298 -0.478981 2.585756
v 0.215891 -0.444422 2.598662
v 0.493627 0.172741 1.422962
v 0.766405 0.775692 0.238957
v 0.875971 1.004474 -0.240782
v 1.040320 1.347648 -0.960391
v 1.059727 1.313089 -0.973297
v 1.072750 1.277003 -0.988450
v 1.081785 1.239963 -1.005007
v 0.928093 0.869115 -0.296865
v 0.914479 0.844635 -0.263520
v 1.190217 0.997061 -0.883287
v 1.221574 0.915165 -0.829080
v 0.916813 0.786400 -0.184988
v 0.825632 0.621882 0.175230
v 0.548566 0.030066 1.363848
v 0.793898 0.733304 -0.086176
v 0.833016 0.722775 -0.082416
v 0.863506 0.734655 -0.069372
v 0.890409 0.797831 -0.239932
v 1.184801 0.937873 -0.875732
v 1.206037 0.956756 -0.856982
v 1.222840 0.974093 -0.837632
v 0.936733 0.832945 -0.209572
v 0.890219 0.756343 -0.052263
v 0.882952 0.802139 -0.030887
v 0.867774 0.846042 -0.012296
v 0.839939 0.886919 0.001838
v 0.821188 0.890083 -0.000912
v 0.802438 0.893247 -0.003662
v 0.768713 0.889768 -0.013227
v 0.743618 0.863880 -0.032075
v 0.749302 0.817705 -0.054008
v 0.767644 0.774558 -0.071485
vt 0.959832 0.911180
vt 0.923823 0.708883
vt 0.929676 0.707673
vt 0.958717 0.915369
vt 0.886546 0.520942
vt 0.692259 0.131430
vt 0.879897 0.483345
vt 0.687469 0.081732
vt 0.934834 0.706644
vt 0.955701 0.917624
vt 0.696809 0.128289
vt 0.686238 0.078692
vt 0.937620 0.706097
vt 0.974374 0.894248
vt 0.900518 0.518220
vt 0.585661 0.008678
vt 0.588750 0.003743
vt 0.592707 0.007112
vt 0.586674 0.011817
vt 0.951851 0.919034
vt 0.940406 0.705549
vt 0.947428 0.704236
vt 0.947371 0.916055
vt 0.903340 0.517666
vt 0.910850 0.516152
vt 0.895789 0.480305
vt 0.902874 0.478789
vt 0.954292 0.702961
vt 0.943545 0.912430
vt 0.918212 0.514671
vt 0.909814 0.477295
vt 0.961379 0.701660
vt 0.992226 0.891039
vt 0.925781 0.513143
vt 0.916940 0.475745
vt 0.994251 0.890718
vt 0.964177 0.701172
vt 0.966974 0.700684
vt 0.942240 0.903947
vt 0.928602 0.512563
vt 0.931425 0.511984
vt 0.919589 0.475123
vt 0.922237 0.474502
vt 0.897147 0.714729
vt 0.944544 0.900967
vt 0.858037 0.526290
vt 0.852853 0.487687
vt 0.902978 0.713405
vt 0.948750 0.899919
vt 0.864040 0.525179
vt 0.858547 0.486856
vt 0.910018 0.711864
vt 0.953362 0.902770
vt 0.871631 0.523750
vt 0.865744 0.485692
vt 0.916839 0.710387
vt 0.956925 0.906653
vt 0.879014 0.522358
vt 0.872749 0.484537
vt 0.842912 0.333864
vt 0.837552 0.334684
vt 0.833258 0.335272
vt 0.876744 0.318499
vt 0.848119 0.333046
vt 0.870009 0.318430
vt 0.853433 0.332197
vt 0.857703 0.331445
vt 0.885108 0.325511
vt 0.876486 0.323086
vt 0.870092 0.322901
vt 0.861403 0.330736
vt 0.882007 0.324629
vt 0.876159 0.325375
vt 0.870331 0.325140
vt 0.863414 0.330337
vt 0.949575 0.905466
vt 0.954255 0.910310
vt 0.946421 0.908807
vt 0.950952 0.913323
vt 0.944983 0.910619
vt 0.949161 0.914689
vt 0.684193 0.078507
vt 0.873261 0.445582
vt 0.680803 0.077821
vt 0.681501 0.079607
vt 0.894810 0.441326
vt 0.888195 0.442759
vt 0.865425 0.329939
vt 0.870571 0.327379
vt 0.901288 0.439906
vt 0.875833 0.327665
vt 0.907940 0.438423
vt 0.881124 0.326479
vt 0.912900 0.437224
vt 0.910420 0.437823
vt 0.847952 0.449475
vt 0.853299 0.448736
vt 0.860034 0.447696
vt 0.866581 0.446658
vt 0.686446 0.078950
vt 0.672573 0.082311
vt 0.673342 0.059480
vt 0.678218 0.067394
vt 0.675708 0.071404
vt 0.677082 0.077289
vt 0.675072 0.079701
vt 0.594982 0.000546
vt 0.592662 0.000269
vt 0.596688 0.009938
vt 0.595864 0.016489
vt 0.674065 0.064760
vt 0.596744 0.002770
vt 0.927084 0.473331
vt 0.917440 0.436096
vt 0.864515 0.324292
vt 0.865326 0.326174
vt 0.883116 0.325995
vt 0.882890 0.322780
vt 0.941505 0.905860
vt 0.996276 0.890397
vt 0.953776 0.918329
vt 0.976387 0.893852
vt 0.883470 0.319058
vt 0.888763 0.324600
vt 0.870829 0.313977
vt 0.865542 0.314979
vt 0.959170 0.897494
vt 0.964421 0.896297
vt 0.876098 0.313895
vt 0.954031 0.898679
vt 0.881339 0.315283
vt 1.000000 0.889825
vt 0.940769 0.907773
vt 0.986880 0.891970
vt 0.870685 0.328796
vt 0.981688 0.892895
vt 0.863704 0.322410
vt 0.972361 0.894645
vt 0.863268 0.318668
vt 0.968664 0.895390
vt 0.936598 0.510920
vt 0.972160 0.699796
vt 0.686908 0.093742
vt 0.679569 0.075849
vt 0.885587 0.482323
vt 0.878582 0.444639
vt 0.699252 0.127036
vt 0.701661 0.125770
vt 0.885687 0.443256
vt 0.883180 0.443753
vt 0.897698 0.518781
vt 0.892527 0.519790
vt 0.717780 0.030703
vt 0.713326 0.025189
vt 0.598021 0.000000
vt 0.711346 0.023410
vt 0.593683 0.018755
vt 0.589427 0.013438
vt 0.591206 0.021054
vt 0.666961 0.081752
vt 0.585820 0.024370
vt 0.679678 0.099124
vt 0.675731 0.102585
vn -0.169596 -0.872148 -0.458907
vn -0.171486 -0.868079 -0.465867
vn 0.114205 -0.902251 -0.415812
vn 0.142164 -0.904450 -0.402193
vn -0.174099 -0.863074 -0.474124
vn 0.128212 -0.897724 -0.421490
vn -0.181389 -0.850110 -0.494379
vn 0.124769 -0.887324 -0.443947
vn 0.539334 -0.799081 -0.265685
vn 0.529043 -0.806358 -0.264385
vn 0.529396 -0.802603 -0.274899
vn 0.462360 -0.822260 -0.331830
vn 0.677429 -0.710761 -0.189495
vn 0.674061 -0.715159 -0.184904
vn 0.681916 -0.707403 -0.185933
vn 0.371407 -0.923455 -0.096372
vn 0.788045 -0.158708 -0.594808
vn 0.796762 -0.147910 -0.585912
vn 0.668784 -0.737744 0.091986
vn 0.967147 0.024920 0.252992
vn 0.968660 0.030077 0.246563
vn 0.953074 0.108118 0.282773
vn 0.951442 0.104748 0.289457
vn 0.969955 0.035407 0.240696
vn 0.955344 0.109826 0.274330
vn 0.971787 0.046323 0.231265
vn 0.956420 0.121067 0.265714
vn 0.878068 0.308106 0.366153
vn 0.877391 0.302654 0.372272
vn 0.877904 0.315639 0.360079
vn 0.883909 0.314619 0.346005
vn 0.810002 0.421821 0.407386
vn 0.807174 0.419676 0.415141
vn 0.813015 0.423401 0.399673
vn 0.819203 0.424389 0.385746
vn 0.060654 0.877831 0.475114
vn 0.064722 0.880413 0.469770
vn -0.112298 0.893176 0.435461
vn -0.124210 0.890105 0.438504
vn 0.071078 0.884102 0.461857
vn -0.114011 0.897326 0.426388
vn 0.085249 0.891625 0.444676
vn -0.101357 0.907143 0.408434
vn -0.538400 0.792534 0.286382
vn -0.514713 0.801430 0.304598
vn -0.526270 0.801939 0.282726
vn -0.528300 0.808670 0.258749
vn -0.752065 0.639664 0.158831
vn -0.751291 0.638495 0.166993
vn -0.753168 0.640744 0.148948
vn -0.756153 0.642528 0.124060
vn -0.977018 -0.007085 -0.213038
vn -0.975224 -0.005187 -0.221157
vn -0.951773 -0.129574 -0.278099
vn -0.952744 -0.135096 -0.272083
vn -0.973354 -0.003881 -0.229274
vn -0.951089 -0.121838 -0.283874
vn -0.969742 -0.003509 -0.244107
vn -0.946450 -0.123183 -0.298428
vn -0.873067 -0.328677 -0.360176
vn -0.874555 -0.332013 -0.353441
vn -0.870298 -0.326849 -0.368443
vn -0.870461 -0.315904 -0.377495
vn -0.830678 -0.400306 -0.386948
vn -0.831373 -0.405268 -0.380232
vn -0.830236 -0.395180 -0.393116
vn -0.830305 -0.384720 -0.403218
vn 0.202604 0.440403 -0.874641
vn 0.202607 0.440404 -0.874640
vn 0.202605 0.440403 -0.874641
vn 0.202604 0.440403 -0.874641
vn 0.202604 0.440403 -0.874641
vn 0.202605 0.440403 -0.874641
vn 0.202607 0.440404 -0.874640
vn 0.202606 0.440403 -0.874640
vn 0.202603 0.440403 -0.874641
vn 0.202604 0.440403 -0.874641
vn 0.202606 0.440403 -0.874640
vn 0.202607 0.440404 -0.874640
vn 0.202599 0.440402 -0.874643
vn 0.202599 0.440402 -0.874643
vn 0.202602 0.440403 -0.874642
vn 0.202606 0.440403 -0.874640
vn -0.202602 -0.440402 0.874642
vn -0.202605 -0.440403 0.874641
vn -0.202603 -0.440403 0.874641
vn -0.202602 -0.440402 0.874642
vn -0.202605 -0.440403 0.874641
vn -0.202604 -0.440403 0.874641
vn -0.202601 -0.440402 0.874642
vn -0.202603 -0.440403 0.874641
vn -0.202602 -0.440403 0.874642
vn -0.202602 -0.440402 0.874642
vn -0.202604 -0.440403 0.874641
vn -0.202605 -0.440403 0.874641
vn -0.202606 -0.440403 0.874640
vn -0.202602 -0.440403 0.874642
vn -0.202609 -0.440404 0.874639
vn -0.202610 -0.440404 0.874639
vn 0.120131 -0.887413 -0.445048
vn -0.178673 -0.850832 -0.494126
vn -0.177650 -0.851103 -0.494029
vn 0.137430 -0.886996 -0.440853
vn 0.531355 -0.792022 -0.300607
vn 0.545843 -0.784773 -0.293576
vn 0.691549 -0.690642 -0.211598
vn 0.691548 -0.690645 -0.211591
vn 0.957023 0.118660 0.264625
vn 0.971966 0.045212 0.230733
vn 0.972042 0.044739 0.230508
vn 0.955841 0.123356 0.266742
vn 0.882056 0.318275 0.347388
vn 0.886339 0.309777 0.344153
vn 0.818426 0.425538 0.386131
vn 0.818104 0.426012 0.386289
vn -0.101665 0.907141 0.408361
vn 0.082790 0.892038 0.444313
vn 0.082064 0.892161 0.444200
vn -0.105644 0.907111 0.407417
vn -0.532214 0.806701 0.256869
vn -0.517545 0.813946 0.263892
vn -0.754407 0.644325 0.125358
vn -0.753749 0.645000 0.125846
vn -0.947470 -0.119329 -0.296752
vn -0.969898 -0.002211 -0.243503
vn -0.969961 -0.001675 -0.243254
vn -0.945068 -0.128277 -0.300650
vn -0.869255 -0.318167 -0.378372
vn -0.871599 -0.313749 -0.376664
vn -0.829662 -0.385720 -0.403585
vn -0.829389 -0.386145 -0.403741
vn -0.771455 -0.507240 -0.384141
vn -0.967293 -0.082153 -0.239988
vn -0.807401 -0.388394 -0.444133
vn -0.447788 -0.813152 -0.371846
vn 0.837238 -0.523063 -0.159490
vn 0.582576 -0.713834 -0.388646
vn 0.807532 -0.556596 -0.195173
vn 0.837238 -0.523063 -0.159490
vn 0.664300 0.606196 0.437300
vn 0.794190 0.454812 0.402999
vn 0.924824 0.195198 0.326493
vn 0.877875 0.197911 0.436082
vn 0.622057 -0.782014 0.038713
vn 0.412442 -0.902846 -0.121492
vn -0.575765 -0.704708 -0.414585
vn -0.406539 -0.837132 -0.365973
vn -0.870778 0.395426 -0.292205
vn -0.696288 0.704594 -0.136863
vn -0.642298 0.760059 -0.098815
vn -0.870778 0.395426 -0.292205
vn 0.839306 0.299134 0.453966
vn 0.872880 0.198020 0.445947
vn -0.202618 -0.440406 0.874636
vn -0.202614 -0.440405 0.874637
vn -0.202611 -0.440405 0.874638
vn -0.202610 -0.440404 0.874639
vn 0.060628 0.877769 0.475233
vn 0.065152 0.880707 0.469159
vn 0.070609 0.883916 0.462285
vn 0.085338 0.891593 0.444725
vn 0.082990 0.891985 0.444381
vn 0.082056 0.892140 0.444244
vn 0.202591 0.440400 -0.874646
vn 0.202594 0.440400 -0.874645
vn 0.202597 0.440401 -0.874644
vn 0.202598 0.440402 -0.874643
vn 0.691542 -0.690663 -0.211552
vn 0.691542 -0.690663 -0.211552
vn 0.568327 -0.720139 -0.398000
vn 0.568327 -0.720139 -0.398000
vn -0.347392 0.934553 0.077001
vn -0.347392 0.934553 0.077001
vn 0.819835 -0.129097 -0.557857
vn 0.882383 -0.398783 0.249744
vn 0.853580 -0.499449 0.148162
vn 0.706766 -0.686217 -0.172014
vn 0.677788 -0.710276 -0.190028
vn 0.674033 -0.715217 -0.184783
vn -0.942826 0.328617 -0.055588
vn -0.930895 0.047142 -0.362231
vn -0.908895 -0.011005 -0.416879
vn 0.846944 -0.142875 -0.512126
vn 0.805996 -0.157196 -0.570666
vn 0.758853 -0.171209 -0.628355
vn 0.421608 0.820080 0.386932
vn 0.408281 0.830297 0.379359
vn 0.530996 0.719893 0.446988
s 1
g pCube2
usemtl initialShadingGroup
f 165/394/439 166/268/440 170/269/441 169/406/442
f 166/268/440 167/271/443 171/418/444 170/269/441
f 167/271/443 259/273/445 260/411/446 171/418/444
f 169/406/442 170/269/441 174/275/447 173/404/448
f 170/269/441 171/418/444 175/417/449 174/275/447
f 171/272/444 260/429/446 261/428/450 175/277/449
f 173/404/448 174/275/447 258/279/451 241/280/452
f 174/275/447 175/417/449 257/281/453 258/279/451
f 237/282/454 263/283/455 264/284/456 255/285/457
s 3
f 177/388/458 178/287/459 182/288/460 181/402/461
f 178/287/459 179/290/462 183/291/463 182/288/460
f 179/290/462 267/292/464 268/293/465 183/291/463
f 181/402/461 182/288/460 186/294/466 185/400/467
f 182/288/460 183/291/463 187/296/468 186/294/466
f 183/291/463 268/293/465 269/297/469 187/296/468
f 185/400/467 186/294/466 190/298/470 189/299/471
f 186/294/466 187/296/468 191/300/472 190/298/470
f 187/296/468 269/297/469 270/301/473 191/300/472
s 4
f 244/302/474 245/303/475 194/304/476 193/386/477
f 245/303/475 246/306/478 195/307/479 194/304/476
f 246/306/478 271/308/480 272/309/481 195/307/479
f 193/386/477 194/304/476 198/408/482 197/398/483
f 194/304/476 195/307/479 199/407/484 198/408/482
f 195/307/479 272/309/481 273/379/485 199/407/484
f 197/311/483 198/310/482 202/314/486 201/315/487
f 198/310/482 199/312/484 203/316/488 202/314/486
f 199/312/484 273/313/485 274/317/489 203/316/488
s 5
f 201/315/490 202/314/491 206/318/492 205/396/493
f 202/314/491 203/316/494 207/320/495 206/318/492
f 203/316/494 274/317/496 275/321/497 207/320/495
f 205/396/493 206/318/492 210/322/498 209/393/499
f 206/318/492 207/320/495 211/324/500 210/322/498
f 207/320/495 275/321/497 276/325/501 211/324/500
f 209/393/499 210/322/498 166/268/502 165/394/503
f 210/322/498 211/324/500 167/271/504 166/268/502
f 211/324/500 276/325/501 259/273/505 167/271/504
s 6
f 208/395/506 204/397/507 200/389/508 213/329/509
f 212/391/510 208/395/506 213/329/509 214/331/511
f 168/392/512 212/391/510 214/331/511 172/405/513
f 213/329/509 200/389/508 196/384/514 215/335/515
f 214/331/511 213/329/509 215/335/515 216/336/516
f 172/405/513 214/331/511 216/336/516 176/403/517
f 215/335/515 196/384/514 248/338/518 249/339/519
f 216/336/516 215/335/515 249/339/519 250/340/520
f 176/403/517 216/336/516 250/340/520 251/381/521
s 7
f 201/315/522 205/319/523 217/342/524 197/311/525
f 205/319/523 209/323/526 218/343/527 217/342/524
f 209/323/526 165/267/528 169/270/529 218/343/527
f 197/311/525 217/342/524 219/344/530 193/305/531
f 217/342/524 218/343/527 220/345/532 219/344/530
f 218/343/527 169/270/529 173/276/533 220/345/532
f 193/305/531 219/344/530 243/346/534 244/385/535
f 219/344/530 220/345/532 242/347/536 243/346/534
f 220/345/532 173/276/533 241/387/537 242/347/536
s 1
f 222/412/538 221/349/539 168/332/540 172/333/541
f 223/416/542 222/412/538 172/333/541 176/337/543
f 251/341/544 252/415/545 223/416/542 176/337/543
s 3
f 225/352/546 224/353/547 180/354/548 184/401/549
f 226/356/550 225/352/546 184/401/549 188/357/551
f 227/358/552 226/356/550 188/357/551 192/359/553
s 4
f 228/360/554 247/361/555 248/383/556 196/334/557
f 229/380/558 228/360/554 196/334/557 200/390/559
f 230/363/560 229/362/558 200/328/559 204/327/561
s 5
f 231/364/562 230/363/563 204/327/564 208/326/565
f 232/365/566 231/364/562 208/326/565 212/330/567
f 221/349/568 232/365/566 212/330/567 168/332/569
s 8
f 175/277/570 261/428/571 262/426/572 233/367/573
s 9
f 223/350/574 252/351/575 253/368/576 234/369/577
s 10
f 266/370/578 267/409/579 179/414/580 236/371/581
s 1
f 256/372/582 257/413/453 175/277/449 233/367/583
s 8
f 233/367/573 262/426/572 263/427/584 237/425/585
s 11
f 234/369/586 253/368/587 254/422/588 238/420/589
s 10
f 265/375/590 266/370/578 236/371/581 240/376/591
s 1
f 255/423/457 256/372/582 233/367/583 237/425/454
s 7
f 242/347/536 241/387/537 177/286/592 181/289/593
f 243/346/534 242/347/536 181/289/593 185/295/594
f 244/385/535 243/346/534 185/295/594 189/399/595
s 4
f 189/299/596 190/298/597 245/303/475 244/302/474
f 190/298/597 191/300/598 246/306/478 245/303/475
f 191/300/598 270/301/599 271/308/480 246/306/478
f 248/383/556 247/361/555 227/358/600 192/359/601
s 6
f 249/339/519 248/338/518 192/359/602 188/357/603
f 250/340/520 249/339/519 188/357/603 184/355/604
f 251/381/521 250/340/520 184/355/604 180/382/605
s 1
f 224/353/606 252/415/545 251/341/544 180/354/607
s 9
f 253/368/576 252/351/575 224/410/608 235/377/609
s 11
f 254/421/588 253/368/587 235/377/610 239/378/611
s 1
f 255/285/457 264/284/456 265/375/612 240/424/613
f 236/371/614 256/372/582 255/423/457 240/376/613
f 179/414/615 257/413/453 256/372/582 236/371/614
f 258/279/451 257/281/453 179/290/615 178/287/616
f 241/280/452 258/279/451 178/287/616 177/388/617
f 260/411/446 259/273/445 221/349/539 222/412/538
f 261/278/450 260/274/446 222/348/538 223/350/542
s 8
f 262/366/572 261/278/571 223/350/618 234/369/619
f 263/419/584 262/366/572 234/369/619 238/420/620
s 1
f 264/284/456 263/283/455 238/374/621 254/373/622
f 265/375/612 264/284/456 254/373/622 239/378/623
s 10
f 235/377/624 266/370/578 265/375/590 239/378/625
f 224/410/626 267/409/579 266/370/578 235/377/624
s 3
f 268/293/465 267/292/464 224/353/547 225/352/546
f 269/297/469 268/293/465 225/352/546 226/356/550
f 270/301/473 269/297/469 226/356/550 227/358/552
s 4
f 271/308/480 270/301/599 227/358/600 247/361/555
f 272/309/481 271/308/480 247/361/555 228/360/554
f 273/379/485 272/309/481 228/360/554 229/380/558
f 274/317/489 273/313/485 229/362/558 230/363/560
s 5
f 275/321/497 274/317/496 230/363/563 231/364/562
f 276/325/501 275/321/497 231/364/562 232/365/566
f 259/273/505 276/325/501 232/365/566 221/349/568
g default
v -1.556684 -0.543025 1.694493
v -0.653163 0.071223 0.980385
v 0.250358 0.685471 0.266277
v 1.153879 1.299719 -0.447831
v -1.564489 -0.425483 1.785722
v -0.660969 0.188766 1.071614
v 0.242552 0.803014 0.357506
v 1.146073 1.417262 -0.356602
v -1.608394 -0.305017 1.833792
v -0.704873 0.309231 1.119684
v 0.198648 0.923480 0.405577
v 1.102169 1.537728 -0.308531
v -1.693091 -0.181247 1.833091
v -0.789570 0.433001 1.118984
v 0.113951 1.047249 0.404876
v 1.017472 1.661497 -0.309232
v -1.807306 -0.133624 1.729545
v -0.903785 0.480625 1.015438
v -0.000264 1.094873 0.301330
v 0.903256 1.709121 -0.412778
v -1.906597 -0.125582 1.610835
v -1.003076 0.488666 0.896727
v -0.099555 1.102914 0.182619
v 0.803966 1.717162 -0.531488
v -1.990963 -0.157124 1.476961
v -1.087442 0.457124 0.762853
v -0.223486 1.069075 0.122093
v 0.719600 1.685621 -0.665363
v -1.984722 -0.274539 1.383861
v -1.081201 0.339709 0.669753
v -0.234720 0.893406 -0.004426
v 0.725841 1.568205 -0.758463
v -1.937688 -0.395259 1.339532
v -1.034167 0.218990 0.625424
v -0.130646 0.833238 -0.088684
v 0.772874 1.447486 -0.802792
v -1.854556 -0.518901 1.338362
v -0.951035 0.095347 0.624254
v -0.047514 0.709595 -0.089854
v 0.856007 1.323843 -0.803962
v -1.740341 -0.566525 1.441908
v -0.836820 0.047723 0.727800
v 0.066701 0.661971 0.013692
v 0.970222 1.276219 -0.700416
v -1.641050 -0.574566 1.560618
v -0.737529 0.039682 0.846510
v 0.165992 0.653930 0.132402
v 1.069513 1.268178 -0.581705
v 0.781195 1.354545 -0.547315
v 0.890605 1.345684 -0.416506
v 0.736318 1.472388 -0.502731
v 0.846646 1.463453 -0.370825
v -1.683271 -0.320894 1.400503
v -1.573861 -0.329755 1.531313
v -1.728148 -0.203051 1.445087
v -1.617820 -0.211986 1.576993
v 0.959703 1.319498 -0.676498
v 0.860414 1.358295 -0.768750
v 0.790845 1.457634 -0.771325
v 1.047030 1.312425 -0.572091
v 1.122395 1.337079 -0.455531
v 1.119077 1.431051 -0.378898
v 0.753026 1.554400 -0.735941
v 1.084009 1.527595 -0.340223
v 0.751083 1.648262 -0.657663
v 0.826448 1.672915 -0.541102
v 0.913775 1.665843 -0.436696
v 1.013064 1.627045 -0.344443
v -1.850148 -0.484449 1.373573
v -1.750859 -0.523247 1.465825
v -1.919717 -0.385111 1.370998
v -1.663532 -0.530319 1.570232
v -1.588167 -0.505666 1.686793
v -1.591486 -0.411693 1.763426
v -1.957537 -0.288344 1.406382
v -1.626553 -0.315149 1.802100
v -1.884114 -0.169830 1.601221
v -1.959479 -0.194483 1.484660
v -1.796787 -0.176902 1.705628
v -1.697498 -0.215700 1.797880
v 0.836655 1.235845 -0.579246
v 0.737366 1.274643 -0.671498
v 0.667797 1.373981 -0.674073
v 0.923982 1.228772 -0.474839
v 0.999347 1.253426 -0.358278
v 0.996028 1.347398 -0.281645
v 0.629977 1.470748 -0.638689
v 0.960961 1.443942 -0.242971
v 0.628035 1.564609 -0.560411
v 0.703400 1.589262 -0.443850
v 0.790727 1.582190 -0.339443
v 0.890016 1.543392 -0.247191
v -1.727100 -0.400796 1.276320
v -1.627811 -0.439594 1.368573
v -1.796669 -0.301458 1.273746
v -1.540484 -0.446666 1.472979
v -1.465119 -0.422013 1.589540
v -1.468438 -0.328040 1.666173
v -1.834489 -0.204691 1.309129
v -1.503505 -0.231496 1.704848
v -1.761066 -0.086177 1.503969
v -1.836431 -0.110830 1.387408
v -1.673739 -0.093249 1.608375
v -1.574450 -0.132047 1.700628
v 0.521414 0.869746 0.052045
v 0.513609 0.987288 0.143274
v 0.469704 1.107754 0.191344
v 0.385007 1.231524 0.190643
v 0.270792 1.279147 0.087097
v 0.171501 1.287188 -0.031613
v 0.186172 1.323752 -0.185318
v 0.174939 1.148083 -0.311837
v 0.140410 1.017512 -0.302916
v 0.223542 0.893869 -0.304086
v 0.337757 0.846246 -0.200540
v 0.437048 0.838204 -0.081830
v 0.080710 1.218036 -0.127934
v -0.174714 1.083263 0.004031
v 0.103506 1.135730 -0.220867
v -0.151918 1.000957 -0.088902
v -0.051723 1.167695 -0.042704
v 0.145009 1.204796 -0.201732
v -0.019484 1.051298 -0.174131
v -0.216216 1.014198 -0.015104
v -0.031469 1.333513 -0.313895
v -0.109239 1.280125 -0.284343
v 0.052270 1.365344 -0.367787
v 0.092927 1.356972 -0.414451
v 0.066685 1.313301 -0.426550
v -0.011085 1.259913 -0.396998
v -0.094824 1.228082 -0.343106
v -0.135481 1.236454 -0.296443
v -0.045647 1.217441 -0.124062
v -0.155071 1.142321 -0.082481
v -0.191996 1.080874 -0.099506
v -0.134790 1.069095 -0.165163
v -0.016964 1.113882 -0.240991
v 0.092460 1.189001 -0.282572
v 0.129384 1.250448 -0.265547
v 0.072178 1.262228 -0.199890
v -0.037140 1.287084 -0.237962
v -0.127572 1.225003 -0.203598
v -0.158087 1.174222 -0.217668
v -0.110811 1.164487 -0.271929
v -0.013437 1.201500 -0.334596
v 0.076995 1.263581 -0.368959
v 0.107510 1.314362 -0.354889
v 0.060234 1.324098 -0.300628
v 0.034244 1.267792 -0.208841
v -0.021042 1.250835 -0.179819
v 0.044210 1.292761 -0.249804
v -0.011076 1.275804 -0.220782
v 0.004537 1.254142 -0.185846
v 0.050677 1.283789 -0.235333
v 0.018631 1.289454 -0.243777
v -0.027510 1.259808 -0.194290
v 0.043634 1.328243 -0.192960
v 0.029992 1.326479 -0.189745
v 0.059479 1.335523 -0.205224
v 0.068243 1.344054 -0.219354
v 0.064794 1.348840 -0.227072
v 0.051151 1.347076 -0.223857
v 0.035307 1.339796 -0.211593
v 0.026542 1.331264 -0.197463
vt 0.261233 0.418664
vt 0.373217 0.300786
vt 0.410190 0.333484
vt 0.299505 0.454353
vt 0.490672 0.190125
vt 0.528654 0.222611
vt 0.525719 0.158406
vt 0.564726 0.190020
vt 0.445675 0.362929
vt 0.337353 0.484175
vt 0.564134 0.253163
vt 0.600698 0.220654
vt 0.483255 0.395817
vt 0.376823 0.512916
vt 0.600970 0.287911
vt 0.637769 0.255579
vt 0.517854 0.430884
vt 0.412404 0.544175
vt 0.634510 0.324731
vt 0.671213 0.291436
vt 0.389102 0.581262
vt 0.004682 0.715029
vt 0.663027 0.362876
vt 0.593738 0.611543
vt 0.380624 0.630386
vt 0.045162 0.724732
vt 0.234629 0.072782
vt 0.277493 0.005894
vt 0.368966 0.679646
vt 0.084800 0.735977
vt 0.141775 0.084055
vt 0.315350 0.084763
vt 0.309882 0.072576
vt 0.309328 0.073702
vt 0.310964 0.071308
vt 0.309205 0.073997
vt 0.309449 0.073663
vt 0.308948 0.074434
vt 0.351979 0.062528
vt 0.360077 0.725643
vt 0.128074 0.738280
vt 0.520737 0.746040
vt 0.077405 0.114176
vt 0.567995 0.752616
vt 0.351322 0.774444
vt 0.186759 0.743106
vt 0.511421 0.795580
vt 0.557371 0.802936
vt 0.308303 0.230567
vt 0.201708 0.341604
vt 0.505072 0.845401
vt 0.454445 0.092903
vt 0.338593 0.266178
vt 0.224195 0.383445
vt 0.454621 0.156487
vt 0.488304 0.125646
vt 0.975391 0.037293
vt 0.822480 0.588616
vt 0.798150 0.617152
vt 0.778663 0.568381
vt 0.949747 0.073694
vt 0.873648 0.256582
vt 0.914182 0.101473
vt 0.880364 0.125647
vt 0.768427 0.638018
vt 0.739425 0.594164
vt 0.835179 0.228226
vt 0.849464 0.147912
vt 0.729819 0.644332
vt 0.705541 0.612272
vt 0.793869 0.200467
vt 0.817142 0.172490
vt 0.160977 0.777795
vt 0.185153 0.809815
vt 0.161477 0.318224
vt 0.122600 0.785262
vt 0.182641 0.387273
vt 0.139321 0.362540
vt 0.158571 0.414356
vt 0.125877 0.438065
vt 0.121666 0.291346
vt 0.092282 0.805390
vt 0.099309 0.338118
vt 0.094501 0.459722
vt 0.000000 0.549221
vt 0.070680 0.836800
vt 0.024137 0.511330
vt 0.060042 0.483583
vt 0.880197 0.716677
vt 0.843096 0.701878
vt 0.841744 0.595154
vt 0.845901 0.549692
vt 0.805157 0.688065
vt 0.813927 0.631902
vt 0.556629 0.042080
vt 0.934418 0.057707
vt 0.593134 0.073645
vt 0.901090 0.083886
vt 0.634390 0.102682
vt 0.867614 0.107914
vt 0.762095 0.684893
vt 0.777777 0.656276
vt 0.673493 0.133830
vt 0.836470 0.130285
vt 0.704956 0.678573
vt 0.721866 0.665678
vt 0.774070 0.245966
vt 0.777945 0.235100
vt 0.752447 0.204949
vt 0.768311 0.193046
vt 0.713261 0.170093
vt 0.802225 0.155762
vt 0.197394 0.351790
vt 0.168978 0.756184
vt 0.113031 0.766755
vt 0.207792 0.394761
vt 0.173061 0.431442
vt 0.138491 0.455967
vt 0.075586 0.792313
vt 0.106935 0.477685
vt 0.050888 0.831734
vt 0.049201 0.877184
vt 0.039698 0.527152
vt 0.072961 0.501307
vt 0.289383 0.041281
vt 0.269482 0.071736
vt 0.300534 0.120991
vt 0.359931 0.000020
vt 0.322556 0.008329
vt 0.111648 0.114324
vt 0.151341 0.115672
vt 0.187469 0.113303
vt 0.010439 0.042683
vt 0.310452 0.091794
vt 0.001713 0.035375
vt 0.337962 0.028327
vt 0.366609 0.025146
vt 0.390943 0.047507
vt 0.388745 0.083782
vt 0.353082 0.101820
vt 0.014281 0.053756
vt 0.327110 0.095694
vt 0.352352 0.090843
vt 0.370587 0.078472
vt 0.368607 0.058855
vt 0.350001 0.049370
vt 0.330494 0.052819
vt 0.021879 0.066428
vt 0.009442 0.006738
vt 0.006271 0.006031
vt 0.011461 0.006524
vt 0.012377 0.004800
vt 0.006275 0.002195
vt 0.013498 0.002481
vt 0.008906 0.000016
vt 0.021040 0.003304
vt 0.009468 0.029535
vt 0.021695 0.026898
vt 0.012210 0.034537
vt 0.004015 0.022911
vt 0.003667 0.026336
vt 0.023868 0.054866
vt 0.020641 0.049230
vt 0.015362 0.046755
vt 0.602578 0.649384
vt 0.586781 0.720007
vt 0.516859 0.705832
vt 0.531532 0.635436
vt 0.307865 0.081910
vt 0.308421 0.083587
vt 0.316717 0.058295
vt 0.306588 0.078192
vt 0.040522 0.011933
vt 0.028805 0.058629
vt 0.015357 0.005657
vt 0.018229 0.004542
vt 0.011972 0.000309
vt 0.023780 0.002117
vt 0.026503 0.001268
vt 0.029837 0.002278
vt 0.038961 0.006456
vt 0.012412 0.006485
vt 0.027339 0.024559
vt 0.032630 0.021530
vt 0.037358 0.017509
vt 0.015765 0.028695
vt 0.015108 0.042645
vt 0.000000 0.019570
vt 0.077353 0.143061
vt 0.000000 0.177173
vt 0.310957 0.069699
vt 0.309086 0.080163
vt 0.334911 0.093565
vt 0.343434 0.083775
vt 0.355170 0.074609
vt 0.308945 0.074452
vt 0.333737 0.058584
vt 0.309224 0.073778
vt 0.320002 0.039706
vt 0.290987 0.066936
vt 0.362204 0.130116
vt 0.412913 0.091706
vt 0.411890 0.031776
vt 0.226008 0.103535
vt 0.550050 0.853062
vt 0.422702 0.121650
vt 0.700494 0.328742
vt 0.544654 0.599237
vt 0.070980 0.878350
vt 0.433863 0.586308
vt 0.191516 0.795315
vt 0.190088 0.350408
vt 0.697578 0.626601
vt 0.784561 0.235998
vt 0.824099 0.546992
vt 0.533116 0.000006
vt 0.446480 0.575104
vt 0.194586 0.790119
vt 0.692774 0.632137
vt 0.520933 0.011448
vt 0.114871 0.854461
vt 0.151996 0.827765
vt 0.810306 0.270962
vt 0.849042 0.300961
vt 0.346007 0.824026
vt 0.547875 0.467847
vt 0.402571 0.557730
vt 0.366531 0.523449
vt 0.329744 0.492255
vt 0.018031 0.558361
vt 0.296104 0.465543
vt 0.254946 0.433011
vt 0.676799 0.122320
vt 0.719240 0.155424
vt 0.642036 0.094914
vt 0.604144 0.063771
vt 0.567287 0.028863
vt 0.957750 0.026860
vt 0.050103 0.349279
vt 0.060193 0.310888
vt 0.071096 0.381608
vt 0.077881 0.275961
vt 0.101913 0.400606
vt 0.139279 0.411907
vt 0.839700 0.178986
vt 0.876462 0.192820
vt 0.901396 0.215079
vt 0.922671 0.244276
vt 0.912895 0.282567
vt 0.894289 0.318512
vt 0.086720 0.747175
vt 0.045411 0.740601
vt 0.000000 0.729716
vt 0.124992 0.749244
vt 0.765555 0.673764
vt 0.803800 0.677092
vt 0.844055 0.686100
vt 0.887483 0.703642
vt 0.664935 0.827213
vt 0.654556 0.874990
vt 0.676141 0.778423
vt 0.201743 0.690454
vt 0.689172 0.732209
vt 0.214889 0.642423
vt 0.228536 0.592282
vt 0.241489 0.543386
vn 0.719767 -0.395187 0.570756
vn 0.719767 -0.395187 0.570756
vn 0.697742 -0.242840 0.673932
vn 0.697742 -0.242840 0.673932
vn 0.719767 -0.395187 0.570756
vn 0.697742 -0.242840 0.673932
vn 0.719767 -0.395187 0.570756
vn 0.697742 -0.242840 0.673932
vn 0.556732 0.134147 0.819789
vn 0.556732 0.134147 0.819789
vn 0.556731 0.134147 0.819789
vn 0.556732 0.134147 0.819789
vn 0.449314 0.312210 0.837043
vn 0.449314 0.312210 0.837043
vn 0.449314 0.312210 0.837043
vn 0.449314 0.312210 0.837043
vn -0.140523 0.831512 0.537439
vn -0.140523 0.831512 0.537439
vn -0.236735 0.864254 0.443871
vn -0.236735 0.864254 0.443871
vn -0.140523 0.831512 0.537439
vn -0.236735 0.864254 0.443871
vn -0.140523 0.831512 0.537439
vn -0.236735 0.864254 0.443870
vn -0.406656 0.879587 0.246895
vn -0.420609 0.879146 0.224034
vn -0.385013 0.881205 0.274303
vn -0.389301 0.883784 0.259560
vn -0.480074 0.865083 0.145463
vn -0.497413 0.860416 0.110747
vn -0.445265 0.873060 0.198761
vn -0.460142 0.874299 0.154500
vn -0.720470 0.406947 -0.561531
vn -0.717786 0.418323 -0.556587
vn -0.699837 0.261597 -0.664676
vn -0.696148 0.235613 -0.678133
vn -0.715767 0.426533 -0.552944
vn -0.690202 0.225825 -0.687477
vn -0.592641 0.525301 -0.610603
vn -0.592641 0.525301 -0.610602
vn -0.592641 0.525301 -0.610603
vn -0.592641 0.525301 -0.610603
vn -0.592641 0.525301 -0.610603
vn -0.592641 0.525301 -0.610603
vn -0.592641 0.525301 -0.610603
vn -0.592641 0.525299 -0.610604
vn -0.549090 -0.149035 -0.822368
vn -0.552804 -0.141563 -0.821199
vn -0.546135 -0.151670 -0.823852
vn -0.700204 0.205181 -0.683823
vn -0.553367 -0.139772 -0.821127
vn -0.457714 -0.299827 -0.837020
vn -0.457714 -0.299827 -0.837020
vn -0.457714 -0.299827 -0.837020
vn -0.457714 -0.299827 -0.837020
vn 0.140523 -0.831512 -0.537439
vn 0.140523 -0.831512 -0.537439
vn 0.236735 -0.864254 -0.443871
vn 0.236735 -0.864254 -0.443871
vn 0.140523 -0.831512 -0.537439
vn 0.236735 -0.864254 -0.443871
vn 0.140523 -0.831512 -0.537439
vn 0.236735 -0.864254 -0.443870
vn 0.420609 -0.879146 -0.224034
vn 0.420609 -0.879146 -0.224034
vn 0.420609 -0.879146 -0.224034
vn 0.420609 -0.879146 -0.224034
vn 0.497413 -0.860416 -0.110747
vn 0.497413 -0.860416 -0.110747
vn 0.497413 -0.860416 -0.110747
vn 0.497413 -0.860416 -0.110747
vn 0.692236 0.470608 -0.547117
vn 0.692237 0.470607 -0.547117
vn 0.692236 0.470608 -0.547117
vn 0.692236 0.470608 -0.547117
vn 0.692236 0.470609 -0.547117
vn 0.692236 0.470609 -0.547116
vn 0.692236 0.470609 -0.547116
vn 0.692236 0.470609 -0.547116
vn 0.692236 0.470609 -0.547117
vn 0.692236 0.470608 -0.547117
vn 0.692236 0.470609 -0.547117
vn 0.692236 0.470609 -0.547116
vn 0.692237 0.470607 -0.547117
vn 0.692236 0.470608 -0.547117
vn 0.692236 0.470609 -0.547117
vn 0.692236 0.470609 -0.547116
vn -0.692236 -0.470610 0.547116
vn -0.692236 -0.470609 0.547117
vn -0.692236 -0.470609 0.547117
vn -0.692236 -0.470609 0.547117
vn -0.692236 -0.470609 0.547117
vn -0.692236 -0.470609 0.547117
vn -0.692236 -0.470609 0.547117
vn -0.692236 -0.470609 0.547117
vn -0.692236 -0.470609 0.547117
vn -0.692236 -0.470609 0.547117
vn -0.692236 -0.470609 0.547117
vn -0.692236 -0.470609 0.547117
vn -0.692236 -0.470609 0.547116
vn -0.692236 -0.470610 0.547116
vn -0.692236 -0.470609 0.547117
vn -0.692236 -0.470609 0.547117
vn 0.692236 0.470610 -0.547116
vn 0.692236 0.470610 -0.547116
vn 0.692236 0.470610 -0.547116
vn 0.692236 0.470610 -0.547116
vn 0.692236 0.470609 -0.547117
vn 0.692236 0.470609 -0.547117
vn 0.692236 0.470609 -0.547117
vn 0.692236 0.470609 -0.547117
vn 0.692236 0.470610 -0.547116
vn 0.692236 0.470610 -0.547116
vn 0.692236 0.470610 -0.547116
vn 0.692236 0.470610 -0.547116
vn 0.692236 0.470609 -0.547117
vn 0.692236 0.470609 -0.547117
vn 0.692236 0.470609 -0.547117
vn 0.692236 0.470609 -0.547117
vn 0.692236 0.470609 -0.547117
vn 0.692236 0.470609 -0.547117
vn 0.692236 0.470609 -0.547117
vn 0.692236 0.470609 -0.547117
vn 0.692236 0.470609 -0.547117
vn 0.692236 0.470609 -0.547117
vn 0.692236 0.470609 -0.547117
vn 0.692236 0.470609 -0.547117
vn 0.692236 0.470609 -0.547117
vn 0.692236 0.470609 -0.547117
vn 0.692236 0.470609 -0.547117
vn 0.692236 0.470609 -0.547117
vn 0.692236 0.470609 -0.547117
vn 0.692236 0.470609 -0.547117
vn 0.692236 0.470609 -0.547117
vn 0.692236 0.470609 -0.547117
vn 0.692236 0.470609 -0.547117
vn 0.692236 0.470609 -0.547117
vn 0.692236 0.470609 -0.547117
vn 0.692236 0.470609 -0.547117
vn 0.692237 0.470607 -0.547117
vn 0.692237 0.470607 -0.547117
vn 0.692237 0.470607 -0.547117
vn 0.692237 0.470607 -0.547117
vn 0.692237 0.470607 -0.547117
vn 0.692237 0.470607 -0.547117
vn 0.692237 0.470607 -0.547117
vn 0.692237 0.470607 -0.547117
vn 0.692236 0.470609 -0.547117
vn 0.692236 0.470609 -0.547117
vn 0.692236 0.470609 -0.547117
vn 0.692236 0.470609 -0.547117
vn -0.692236 -0.470609 0.547117
vn -0.692236 -0.470609 0.547117
vn -0.692236 -0.470609 0.547117
vn -0.692236 -0.470609 0.547117
vn -0.692236 -0.470609 0.547117
vn -0.692236 -0.470609 0.547117
vn -0.692236 -0.470609 0.547117
vn -0.692236 -0.470609 0.547117
vn -0.692237 -0.470607 0.547117
vn -0.692237 -0.470607 0.547117
vn -0.692237 -0.470607 0.547117
vn -0.692237 -0.470607 0.547117
vn -0.692236 -0.470610 0.547116
vn -0.692236 -0.470610 0.547116
vn -0.692236 -0.470610 0.547116
vn -0.692236 -0.470610 0.547116
vn -0.692236 -0.470609 0.547117
vn -0.692236 -0.470609 0.547117
vn -0.692236 -0.470609 0.547117
vn -0.692236 -0.470609 0.547117
vn -0.692236 -0.470609 0.547117
vn -0.692236 -0.470609 0.547117
vn -0.692236 -0.470609 0.547117
vn -0.692236 -0.470609 0.547117
vn -0.692236 -0.470609 0.547117
vn -0.692236 -0.470609 0.547117
vn -0.692236 -0.470609 0.547117
vn -0.692236 -0.470609 0.547117
vn -0.692237 -0.470607 0.547117
vn -0.692237 -0.470607 0.547117
vn -0.692237 -0.470607 0.547117
vn -0.692237 -0.470607 0.547117
vn -0.692236 -0.470609 0.547117
vn -0.692236 -0.470609 0.547117
vn -0.692236 -0.470609 0.547117
vn -0.692236 -0.470609 0.547117
vn -0.692236 -0.470610 0.547116
vn -0.692236 -0.470610 0.547116
vn -0.692236 -0.470610 0.547116
vn -0.692236 -0.470610 0.547116
vn -0.692236 -0.470609 0.547117
vn -0.692236 -0.470609 0.547117
vn -0.692236 -0.470609 0.547117
vn -0.692236 -0.470609 0.547117
vn -0.692236 -0.470609 0.547117
vn -0.692236 -0.470609 0.547117
vn -0.692236 -0.470609 0.547117
vn -0.692236 -0.470609 0.547117
vn -0.157388 0.838324 0.521960
vn -0.157388 0.838324 0.521960
vn -0.157388 0.838324 0.521960
vn -0.157388 0.838324 0.521960
vn 0.438057 0.328471 0.836787
vn 0.438057 0.328471 0.836787
vn 0.438057 0.328471 0.836787
vn 0.438057 0.328471 0.836787
vn -0.332109 0.880815 0.337444
vn -0.332109 0.880815 0.337444
vn -0.332109 0.880815 0.337444
vn -0.332109 0.880815 0.337444
vn -0.484785 0.864839 0.130530
vn -0.484785 0.864839 0.130530
vn -0.484785 0.864839 0.130530
vn -0.484785 0.864839 0.130530
vn -0.721152 0.422351 -0.549144
vn -0.721152 0.422351 -0.549144
vn -0.721152 0.422351 -0.549144
vn -0.721152 0.422351 -0.549144
vn 0.634091 -0.034642 0.772482
vn 0.634091 -0.034642 0.772482
vn 0.634091 -0.034642 0.772482
vn 0.634091 -0.034642 0.772482
vn -0.647089 0.069116 -0.759275
vn -0.647089 0.069116 -0.759275
vn -0.647089 0.069116 -0.759275
vn -0.647089 0.069116 -0.759275
vn 0.721496 -0.434612 0.539033
vn 0.721496 -0.434612 0.539033
vn 0.721496 -0.434612 0.539033
vn 0.721496 -0.434612 0.539033
vn 0.484785 -0.864839 -0.130530
vn 0.484785 -0.864839 -0.130530
vn 0.484785 -0.864839 -0.130530
vn 0.484785 -0.864839 -0.130530
vn 0.332109 -0.880815 -0.337444
vn 0.332109 -0.880815 -0.337444
vn 0.332109 -0.880815 -0.337444
vn 0.332109 -0.880815 -0.337444
vn 0.157388 -0.838324 -0.521960
vn 0.157388 -0.838324 -0.521960
vn 0.157388 -0.838324 -0.521960
vn 0.157388 -0.838324 -0.521960
vn -0.428886 -0.341446 -0.836344
vn -0.428886 -0.341446 -0.836344
vn -0.428886 -0.341446 -0.836344
vn -0.428886 -0.341446 -0.836344
vn -0.157388 0.838324 0.521960
vn -0.157388 0.838324 0.521960
vn -0.157388 0.838324 0.521960
vn -0.157388 0.838324 0.521960
vn 0.438057 0.328471 0.836787
vn 0.438057 0.328471 0.836787
vn 0.438057 0.328471 0.836787
vn 0.438057 0.328471 0.836787
vn -0.332109 0.880815 0.337444
vn -0.332109 0.880815 0.337444
vn -0.332109 0.880815 0.337444
vn -0.332109 0.880815 0.337444
vn -0.484785 0.864839 0.130530
vn -0.484785 0.864839 0.130530
vn -0.484785 0.864839 0.130530
vn -0.484785 0.864839 0.130530
vn -0.721152 0.422351 -0.549144
vn -0.721152 0.422351 -0.549144
vn -0.721152 0.422351 -0.549144
vn -0.721152 0.422351 -0.549144
vn 0.634091 -0.034642 0.772482
vn 0.634091 -0.034642 0.772482
vn 0.634091 -0.034642 0.772482
vn 0.634091 -0.034642 0.772482
vn -0.647089 0.069116 -0.759275
vn -0.647089 0.069116 -0.759275
vn -0.647089 0.069116 -0.759275
vn -0.647089 0.069116 -0.759275
vn 0.484785 -0.864839 -0.130530
vn 0.484785 -0.864839 -0.130530
vn 0.484785 -0.864839 -0.130530
vn 0.484785 -0.864839 -0.130530
vn 0.721496 -0.434612 0.539033
vn 0.721496 -0.434612 0.539033
vn 0.721496 -0.434612 0.539033
vn 0.721496 -0.434612 0.539033
vn 0.332109 -0.880815 -0.337444
vn 0.332109 -0.880815 -0.337444
vn 0.332109 -0.880815 -0.337444
vn 0.332109 -0.880815 -0.337444
vn -0.428886 -0.341446 -0.836344
vn -0.428886 -0.341446 -0.836344
vn -0.428886 -0.341446 -0.836344
vn -0.428886 -0.341446 -0.836344
vn 0.157388 -0.838324 -0.521960
vn 0.157388 -0.838324 -0.521960
vn 0.157388 -0.838324 -0.521960
vn 0.157388 -0.838324 -0.521960
vn 0.719767 -0.395187 0.570756
vn 0.697742 -0.242840 0.673932
vn 0.556731 0.134147 0.819789
vn 0.449314 0.312210 0.837043
vn -0.140523 0.831512 0.537439
vn -0.236735 0.864254 0.443870
vn -0.401598 0.882031 0.246454
vn -0.479113 0.867882 0.131269
vn -0.745113 0.408017 -0.527569
vn -0.745113 0.408017 -0.527568
vn -0.731289 0.313877 -0.605555
vn -0.554933 -0.142921 -0.819526
vn -0.457714 -0.299828 -0.837020
vn 0.140523 -0.831512 -0.537439
vn 0.236735 -0.864254 -0.443870
vn 0.420609 -0.879146 -0.224034
vn 0.497413 -0.860416 -0.110747
vn -0.696277 0.346869 -0.628394
vn -0.687073 0.394426 -0.610213
vn -0.730973 0.553473 -0.399181
vn -0.409397 0.905088 0.114934
vn -0.809453 0.577212 -0.107762
vn -0.679545 0.403664 -0.612596
vn -0.730331 0.460389 -0.504637
vn -0.770159 0.182166 0.611286
vn -0.560299 -0.042037 -0.827223
vn -0.765658 0.093894 -0.636359
vn -0.847567 0.235420 -0.475613
vn -0.786005 -0.347654 0.511206
vn -0.375332 0.802994 0.462954
vn -0.375332 0.802994 0.462954
vn -0.375332 0.802994 0.462954
vn -0.375332 0.802994 0.462954
vn 0.011990 0.852696 0.522270
vn 0.011990 0.852696 0.522270
vn 0.011990 0.852696 0.522270
vn 0.011990 0.852696 0.522270
vn 0.579763 0.723157 0.375390
vn 0.579763 0.723157 0.375390
vn 0.579763 0.723158 0.375390
vn 0.579763 0.723158 0.375390
vn 0.812438 -0.361451 -0.457492
vn 0.812438 -0.361450 -0.457492
vn 0.812438 -0.361450 -0.457492
vn 0.812438 -0.361450 -0.457492
vn 0.239396 -0.713321 -0.658682
vn 0.239396 -0.713321 -0.658682
vn 0.239396 -0.713321 -0.658682
vn 0.239396 -0.713321 -0.658682
vn -0.163385 -0.717175 -0.677470
vn -0.163385 -0.717175 -0.677470
vn -0.163385 -0.717175 -0.677470
vn -0.163385 -0.717175 -0.677470
vn -0.716908 -0.432117 -0.547099
vn -0.716908 -0.432117 -0.547099
vn -0.716908 -0.432117 -0.547099
vn -0.716908 -0.432117 -0.547099
vn -0.865370 0.483080 0.133298
vn -0.865370 0.483080 0.133298
vn -0.375332 0.802994 0.462954
vn -0.375332 0.802994 0.462954
vn -0.865370 0.483080 0.133298
vn -0.865370 0.483080 0.133298
vn -0.716908 -0.432117 -0.547099
vn -0.716908 -0.432117 -0.547099
vn -0.163386 -0.717175 -0.677470
vn -0.163385 -0.717175 -0.677470
vn 0.239396 -0.713321 -0.658682
vn 0.239396 -0.713321 -0.658682
vn 0.812438 -0.361450 -0.457492
vn 0.812438 -0.361450 -0.457492
vn 0.579763 0.723158 0.375391
vn 0.579763 0.723158 0.375391
vn 0.012968 0.852394 0.522739
vn 0.012965 0.852398 0.522734
vn 0.012964 0.852398 0.522733
vn 0.012965 0.852398 0.522733
vn 0.012965 0.852397 0.522734
vn 0.012965 0.852397 0.522734
vn 0.012965 0.852397 0.522734
vn 0.012967 0.852396 0.522736
vn -0.375332 0.802994 0.462954
vn -0.375332 0.802994 0.462954
vn -0.865370 0.483080 0.133298
vn -0.865370 0.483080 0.133298
vn -0.716908 -0.432118 -0.547099
vn -0.716908 -0.432118 -0.547099
vn -0.163386 -0.717175 -0.677470
vn -0.163386 -0.717175 -0.677470
vn 0.239396 -0.713322 -0.658682
vn 0.239396 -0.713322 -0.658682
vn 0.812438 -0.361451 -0.457491
vn 0.812438 -0.361451 -0.457491
vn 0.579762 0.723158 0.375391
vn 0.579762 0.723158 0.375391
vn 0.011990 0.852696 0.522270
vn 0.011990 0.852696 0.522270
vn 0.011990 0.852696 0.522270
vn 0.011990 0.852696 0.522270
vn 0.003973 0.857397 0.514639
vn 0.003826 0.857066 0.515192
vn 0.006144 0.857504 0.514440
vn 0.017556 0.854332 0.519431
vn 0.007584 0.857008 0.515247
vn 0.016672 0.848456 0.529004
vn -0.002802 0.851597 0.524189
vn -0.016986 0.849605 0.527146
vn 0.017828 0.847957 0.529766
vn 0.019245 0.848477 0.528883
vn 0.019836 0.848661 0.528564
vn 0.035829 0.851263 0.523515
vn 0.232872 -0.029551 0.972058
vn 0.232872 -0.029551 0.972058
vn 0.232872 -0.029551 0.972058
vn 0.232872 -0.029551 0.972058
vn 0.665146 -0.284679 0.690318
vn 0.665146 -0.284679 0.690318
vn 0.665146 -0.284679 0.690318
vn 0.665146 -0.284679 0.690318
vn 0.876671 -0.344555 0.335753
vn 0.876671 -0.344555 0.335753
vn 0.876671 -0.344555 0.335753
vn 0.876671 -0.344555 0.335752
vn 0.872832 -0.129664 -0.470481
vn 0.872832 -0.129664 -0.470481
vn 0.872832 -0.129664 -0.470481
vn 0.872832 -0.129664 -0.470481
vn -0.259486 0.443091 -0.858101
vn -0.259486 0.443091 -0.858101
vn -0.259486 0.443091 -0.858101
vn -0.259486 0.443091 -0.858101
vn -0.654555 0.549071 -0.519690
vn -0.654555 0.549071 -0.519690
vn -0.654555 0.549071 -0.519690
vn -0.654555 0.549071 -0.519690
vn -0.793252 0.594119 -0.133316
vn -0.793252 0.594119 -0.133316
vn -0.793252 0.594119 -0.133316
vn -0.793252 0.594119 -0.133316
vn -0.629399 0.502427 0.592810
vn -0.629399 0.502427 0.592810
vn -0.629399 0.502427 0.592810
vn -0.629399 0.502427 0.592810
s 1
g pCube3
usemtl initialShadingGroup
f 277/430/627 278/431/628 282/432/629 281/433/630
f 278/431/628 279/434/631 283/435/632 282/432/629
f 279/434/631 381/436/633 382/437/634 283/435/632
f 281/433/630 282/432/629 286/438/635 285/439/636
f 282/432/629 283/435/632 287/440/637 286/438/635
f 283/435/632 382/437/634 383/441/638 287/440/637
f 285/439/636 286/438/635 290/442/639 289/443/640
f 286/438/635 287/440/637 291/444/641 290/442/639
f 287/440/637 383/441/638 384/445/642 291/444/641
s 2
f 289/443/643 290/442/644 294/446/645 293/447/646
f 290/442/644 291/444/647 295/448/648 294/446/645
f 291/444/647 384/445/649 385/449/650 295/448/648
f 293/447/646 294/446/645 298/655/651 297/646/652
f 294/446/645 295/448/648 299/452/653 298/655/651
f 295/448/648 385/449/650 386/636/654 299/452/653
f 297/695/652 298/450/651 302/454/655 301/694/656
f 298/450/651 299/637/653 303/597/657 302/454/655
f 299/637/653 386/453/654 387/594/658 303/597/657
s 3
f 301/694/659 302/454/660 306/458/661 305/693/662
f 302/454/660 303/597/663 307/596/664 306/458/661
s 4
f 401/627/665 403/462/666 402/463/667
f 403/462/666 404/464/668 402/463/667
f 402/463/667 404/464/668 408/465/669
f 404/464/668 405/466/670 408/465/669
f 408/465/669 405/466/670 407/467/671
f 405/466/670 406/625/672 407/467/671
s 3
f 305/693/662 306/458/661 310/469/673 309/691/674
f 306/458/661 307/596/664 311/471/675 310/469/673
f 307/596/664 388/595/676 389/473/677 311/471/675
f 309/691/674 310/469/673 314/474/678 313/475/679
f 310/469/673 311/471/675 315/476/680 314/474/678
f 311/471/675 389/473/677 390/477/681 315/476/680
s 5
f 313/475/682 314/474/683 318/654/684 317/647/685
f 314/474/683 315/476/686 319/480/687 318/654/684
f 315/476/686 390/477/688 391/634/689 319/480/687
f 317/479/685 318/478/684 322/482/690 321/483/691
f 318/478/684 319/635/687 323/484/692 322/482/690
f 319/635/687 391/481/689 392/485/693 323/484/692
f 321/483/691 322/482/690 278/431/694 277/430/695
f 322/482/690 323/484/692 279/434/696 278/431/694
f 323/484/692 392/485/693 381/436/697 279/434/696
s 6
f 357/644/698 358/487/699 359/488/700 325/489/701
f 360/678/702 357/679/698 325/653/701 326/491/703
f 361/677/704 360/678/702 326/491/703 362/676/705
f 325/489/701 359/488/700 363/494/706 327/495/707
f 326/491/703 325/653/701 327/652/707 328/496/708
f 362/676/705 326/491/703 328/496/708 364/675/709
f 327/495/707 363/494/706 365/498/710 366/499/711
f 328/496/708 327/652/707 366/643/711 367/500/712
f 364/675/709 328/496/708 367/500/712 368/674/713
s 7
f 369/502/714 370/503/715 329/651/716 371/505/717
f 370/641/715 372/506/718 330/507/719 329/504/716
f 372/506/718 373/673/720 374/672/721 330/507/719
f 371/505/717 329/651/716 331/650/722 375/511/723
f 329/504/716 330/507/719 332/512/724 331/510/722
f 330/507/719 374/672/721 376/670/725 332/512/724
f 375/511/723 331/650/722 377/638/726 378/515/727
f 331/510/722 332/512/724 379/669/728 377/671/726
f 332/512/724 376/670/725 380/668/729 379/669/728
s off
f 320/518/730 316/519/731 334/686/732 333/687/733
f 316/519/734 312/522/735 335/685/736 334/686/737
f 324/524/738 320/649/739 333/645/740 336/666/741
f 280/526/742 324/524/743 336/666/744 337/665/745
f 284/528/746 280/526/747 337/665/748 338/664/749
f 312/522/750 308/530/751 339/684/752 335/685/753
f 288/532/754 284/528/755 338/664/756 340/662/757
f 308/530/758 304/534/759 341/535/760 339/684/761
f 304/534/762 300/648/763 342/642/764 341/535/765
f 300/536/766 296/538/767 343/539/768 342/537/769
f 296/538/770 292/540/771 344/663/772 343/539/773
f 292/540/774 288/532/775 340/662/776 344/663/777
f 313/475/778 317/647/779 346/640/780 345/543/781
f 309/470/782 313/475/783 345/543/784 347/683/785
f 317/479/786 321/483/787 348/545/788 346/542/789
f 321/483/790 277/430/791 349/661/792 348/545/793
f 277/430/794 281/433/795 350/660/796 349/661/797
f 305/459/798 309/470/799 347/683/800 351/680/801
f 281/433/802 285/439/803 352/658/804 350/660/805
f 297/451/806 301/455/807 354/681/808 353/682/809
f 301/455/810 305/459/811 351/680/812 354/681/813
f 293/447/814 297/646/815 353/639/816 355/656/817
f 285/439/818 289/443/819 356/657/820 352/658/821
f 289/443/822 293/447/823 355/656/824 356/657/825
f 333/521/826 334/520/827 358/487/828 357/644/829
f 334/520/830 335/523/831 359/488/832 358/487/833
f 336/525/834 333/667/835 357/486/836 360/490/837
f 337/527/838 336/525/839 360/490/840 361/492/841
f 338/529/842 337/527/843 361/492/844 362/493/845
f 335/523/846 339/531/847 363/494/848 359/488/849
f 340/533/850 338/529/851 362/493/852 364/497/853
f 339/531/854 341/535/855 365/498/856 363/494/857
f 341/535/858 342/642/859 366/499/860 365/498/861
f 342/537/862 343/539/863 367/500/864 366/643/865
f 343/539/866 344/541/867 368/501/868 367/500/869
f 344/541/870 340/533/871 364/497/872 368/501/873
f 345/543/874 346/640/875 370/503/876 369/502/877
f 347/544/878 345/543/879 369/502/880 371/505/881
f 346/542/882 348/545/883 372/506/884 370/641/885
f 348/545/886 349/546/887 373/508/888 372/506/889
f 349/546/890 350/547/891 374/509/892 373/508/893
f 351/548/894 347/544/895 371/505/896 375/511/897
f 350/547/898 352/549/899 376/513/900 374/509/901
f 353/551/902 354/550/903 378/515/904 377/638/905
f 354/550/906 351/548/907 375/511/908 378/515/909
f 355/552/910 353/659/911 377/514/912 379/516/913
f 352/549/914 356/553/915 380/517/916 376/513/917
f 356/553/918 355/552/919 379/516/920 380/517/921
s 1
f 382/437/634 381/436/633 280/526/922 284/528/923
f 383/441/638 382/437/634 284/528/923 288/532/924
f 384/445/642 383/441/638 288/532/924 292/540/925
s 2
f 385/449/650 384/445/649 292/540/926 296/538/927
f 386/636/654 385/449/650 296/538/927 300/536/928
f 387/594/658 386/453/654 300/648/928 304/534/929
s 3
f 388/595/676 387/594/930 304/534/931 308/692/932
f 389/473/677 388/595/676 308/692/932 312/690/933
f 390/477/681 389/473/677 312/690/933 316/688/934
s 5
f 391/634/689 390/477/688 316/688/935 320/689/936
f 392/485/693 391/481/689 320/649/936 324/524/937
f 381/436/697 392/485/693 324/524/937 280/526/938
s 8
f 387/457/939 393/554/940 303/456/941
f 393/554/940 397/555/942 303/456/941
f 303/456/941 397/555/942 394/633/943
f 388/472/944 395/618/945 387/619/939
f 395/557/945 398/558/946 387/457/939
f 387/457/939 398/558/946 393/554/940
f 395/618/945 388/472/944 399/559/947
f 388/472/944 307/460/948 399/559/947
f 307/460/948 396/560/949 399/559/947
f 307/460/948 303/456/941 396/560/949
f 396/560/949 303/456/941 400/561/950
f 303/456/941 394/633/943 400/561/950
s 10
f 394/556/951 397/555/952 409/601/953 410/563/954
s off
f 397/555/955 393/554/956 416/629/957 409/601/958
s 11
f 393/628/959 398/558/960 415/565/961 416/600/962
s 12
f 398/558/963 395/557/964 414/566/965 415/565/966
s 13
f 395/557/967 399/632/968 413/567/969 414/566/970
s 14
f 399/632/971 396/631/972 412/568/973 413/567/974
s 15
f 396/631/975 400/630/976 411/569/977 412/568/978
s 8
f 400/630/950 394/556/943 410/563/979 411/569/980
s 10
f 410/563/954 409/601/953 417/599/981 418/571/982
s 8
f 411/569/980 410/563/979 418/571/983 419/572/984
s 15
f 412/568/978 411/569/977 419/572/985 420/573/986
s 14
f 413/567/974 412/568/973 420/573/987 421/574/988
s 13
f 414/566/970 413/567/969 421/574/989 422/575/990
s 12
f 415/565/966 414/566/965 422/575/991 423/576/992
s 11
f 416/600/962 415/565/961 423/576/993 424/620/994
s 16
f 435/578/995 436/579/996 433/580/997
f 433/580/997 436/579/996 434/581/998
f 436/579/996 437/582/999 434/581/998
f 434/581/998 437/582/999 440/583/1000
f 437/582/999 438/584/1001 440/583/1000
f 438/584/1001 439/606/1002 440/583/1000
s 10
f 418/571/982 417/599/981 401/461/1003 402/622/1004
s 8
f 419/572/984 418/571/983 402/622/1005 408/623/1006
s 15
f 420/573/986 419/572/985 408/623/1007 407/624/1008
s 14
f 421/574/988 420/573/987 407/624/1009 406/468/1010
s 13
f 422/575/990 421/574/989 406/468/1011 405/626/1012
s 12
f 423/576/992 422/575/991 405/626/1013 404/464/1014
s 11
f 424/620/994 423/576/993 404/464/1015 403/462/1016
s off
f 417/599/1017 424/598/1018 403/621/1019 401/461/1020
s 17
f 416/564/1021 425/586/1022 409/562/1023
f 426/616/1024 409/562/1023 429/588/1025
f 409/562/1023 425/586/1022 429/588/1025
f 424/617/1026 427/589/1027 416/564/1021
f 427/589/1027 430/590/1028 416/564/1021
f 416/564/1021 430/590/1028 425/586/1022
f 427/603/1027 424/577/1026 431/591/1029
f 417/570/1030 428/592/1031 424/577/1026
f 424/577/1026 428/592/1031 431/591/1029
f 428/592/1031 417/570/1030 432/593/1032
f 417/570/1030 409/562/1023 432/593/1032
f 409/562/1023 426/616/1024 432/593/1032
s off
f 426/587/1033 429/615/1034 433/611/1035 434/604/1036
f 429/615/1037 425/586/1038 435/578/1039 433/611/1040
f 425/586/1041 430/590/1042 436/579/1043 435/578/1044
f 430/610/1045 427/602/1046 437/608/1047 436/609/1048
f 427/602/1049 431/614/1050 438/607/1051 437/608/1052
f 431/614/1053 428/613/1054 439/585/1055 438/607/1056
f 428/613/1057 432/612/1058 440/605/1059 439/585/1060
f 432/612/1061 426/587/1062 434/604/1063 440/605/1064
g default
v 0.633899 -0.491151 -1.568810
v 0.431263 0.206223 -1.081306
v 0.234384 0.898551 -0.584536
v 0.039541 1.579862 -0.071718
v 0.652162 -0.487163 -1.567076
v 0.456527 0.211407 -1.078447
v 0.260091 0.904282 -0.582258
v 0.057803 1.583850 -0.069984
v 0.665966 -0.489752 -1.558014
v 0.475885 0.207878 -1.065879
v 0.279431 0.900619 -0.569512
v 0.071608 1.581261 -0.060922
v 0.677819 -0.495220 -1.545744
v 0.492658 0.200534 -1.049062
v 0.295983 0.892844 -0.552185
v 0.083461 1.575793 -0.048652
v 0.673489 -0.508396 -1.529236
v 0.487236 0.183048 -1.027025
v 0.289686 0.874035 -0.528666
v 0.079130 1.562617 -0.032144
v 0.665551 -0.521237 -1.514624
v 0.476772 0.166029 -1.007636
v 0.278330 0.855695 -0.507804
v 0.071193 1.549776 -0.017532
v 0.651842 -0.533544 -1.503042
v 0.458239 0.149758 -0.992485
v 0.258879 0.838105 -0.491193
v 0.057483 1.537469 -0.005950
v 0.634415 -0.536299 -1.506150
v 0.434082 0.146207 -0.997163
v 0.234365 0.834135 -0.495433
v 0.040057 1.534714 -0.009058
v 0.618939 -0.536175 -1.512465
v 0.412510 0.146470 -1.006091
v 0.212639 0.834277 -0.504255
v 0.024581 1.534838 -0.015373
v 0.607922 -0.529474 -1.526108
v 0.396844 0.155447 -1.024729
v 0.197280 0.843813 -0.523544
v 0.013563 1.541539 -0.029016
v 0.611531 -0.516232 -1.542994
v 0.401257 0.173026 -1.047296
v 0.202565 0.862715 -0.547595
v 0.017172 1.554781 -0.045903
v 0.620911 -0.503524 -1.556849
v 0.413739 0.189858 -1.065625
v 0.215945 0.880868 -0.567394
v 0.026553 1.567489 -0.059757
v 0.033972 1.551331 -0.034461
v 0.045286 1.567646 -0.052538
v 0.052257 1.550074 -0.025462
v 0.062534 1.565611 -0.042876
v 0.628330 -0.519682 -1.531553
v 0.639645 -0.503367 -1.549630
v 0.646615 -0.520939 -1.522554
v 0.656892 -0.505402 -1.539968
v 0.156447 1.171076 -0.379409
v 0.179176 1.176109 -0.377348
v 0.196302 1.172875 -0.366076
v 0.210974 1.166023 -0.350772
v 0.205464 1.149468 -0.330058
v 0.195475 1.133327 -0.311695
v 0.178321 1.117851 -0.297096
v 0.156642 1.114367 -0.300883
v 0.137416 1.114501 -0.308702
v 0.123793 1.122903 -0.325733
v 0.128408 1.139542 -0.346918
v 0.140188 1.155516 -0.364340
v 0.221024 1.113094 -0.423308
v 0.204319 1.153899 -0.387183
v 0.218992 1.147047 -0.371879
v 0.237577 1.105320 -0.405981
v 0.230275 1.534430 -0.227295
v 0.199186 1.553632 -0.186479
v 0.210987 1.541115 -0.172899
v 0.243583 1.520238 -0.211947
v 0.671893 -0.492486 -1.551879
v 0.665190 -0.506899 -1.534602
v 0.656083 -0.521088 -1.518589
v 0.643128 -0.534921 -1.504596
v 0.446161 0.147982 -0.994824
v 0.246622 0.836120 -0.493313
v 0.167481 1.116109 -0.298989
v 0.048770 1.536092 -0.007504
v 0.061725 1.549925 -0.021497
v 0.070832 1.564114 -0.037510
v 0.077534 1.578527 -0.054787
v 0.203638 1.169449 -0.358424
v 0.207028 1.149699 -0.378011
v 0.200459 1.546599 -0.178169
v 0.241942 1.527236 -0.222064
v 0.234313 1.109109 -0.417087
v 0.287707 0.896731 -0.560849
v 0.484271 0.204206 -1.057471
v 0.195416 1.034813 -0.481973
v 0.219634 1.040196 -0.479803
v 0.237866 1.036747 -0.467794
v 0.205624 1.135790 -0.411440
v 0.207682 1.546324 -0.213082
v 0.221008 1.537354 -0.199655
v 0.232214 1.527408 -0.188097
v 0.233214 1.122915 -0.384604
v 0.253479 1.029433 -0.451479
v 0.247575 1.011751 -0.429362
v 0.236902 0.994511 -0.409749
v 0.218600 0.977978 -0.394144
v 0.207051 0.976114 -0.396151
v 0.195503 0.974251 -0.398158
v 0.175027 0.974389 -0.406479
v 0.160537 0.983358 -0.424638
v 0.165487 1.001128 -0.447256
v 0.178067 1.018192 -0.465867
vt 0.959832 0.911180
vt 0.923823 0.708883
vt 0.929676 0.707673
vt 0.958717 0.915369
vt 0.886546 0.520942
vt 0.692259 0.131430
vt 0.879897 0.483345
vt 0.687469 0.081732
vt 0.934834 0.706644
vt 0.955701 0.917624
vt 0.696809 0.128289
vt 0.686238 0.078692
vt 0.937620 0.706097
vt 0.974374 0.894248
vt 0.900518 0.518220
vt 0.585661 0.008678
vt 0.588750 0.003743
vt 0.592707 0.007112
vt 0.586674 0.011817
vt 0.951851 0.919034
vt 0.940406 0.705549
vt 0.947428 0.704236
vt 0.947371 0.916055
vt 0.903340 0.517666
vt 0.910850 0.516152
vt 0.895789 0.480305
vt 0.902874 0.478789
vt 0.954292 0.702961
vt 0.943545 0.912430
vt 0.918212 0.514671
vt 0.909814 0.477295
vt 0.961379 0.701660
vt 0.992226 0.891039
vt 0.925781 0.513143
vt 0.916940 0.475745
vt 0.994251 0.890718
vt 0.964177 0.701172
vt 0.966974 0.700684
vt 0.942240 0.903947
vt 0.928602 0.512563
vt 0.931425 0.511984
vt 0.919589 0.475123
vt 0.922237 0.474502
vt 0.897147 0.714729
vt 0.944544 0.900967
vt 0.858037 0.526290
vt 0.852853 0.487687
vt 0.902978 0.713405
vt 0.948750 0.899919
vt 0.864040 0.525179
vt 0.858547 0.486856
vt 0.910018 0.711864
vt 0.953362 0.902770
vt 0.871631 0.523750
vt 0.865744 0.485692
vt 0.916839 0.710387
vt 0.956925 0.906653
vt 0.879014 0.522358
vt 0.872749 0.484537
vt 0.842912 0.333864
vt 0.837552 0.334684
vt 0.833258 0.335272
vt 0.876744 0.318499
vt 0.848119 0.333046
vt 0.870009 0.318430
vt 0.853433 0.332197
vt 0.857703 0.331445
vt 0.885108 0.325511
vt 0.876486 0.323086
vt 0.870092 0.322901
vt 0.861403 0.330736
vt 0.882007 0.324629
vt 0.876159 0.325375
vt 0.870331 0.325140
vt 0.863414 0.330337
vt 0.949575 0.905466
vt 0.954255 0.910310
vt 0.946421 0.908807
vt 0.950952 0.913323
vt 0.944983 0.910619
vt 0.949161 0.914689
vt 0.684193 0.078507
vt 0.873261 0.445582
vt 0.680803 0.077821
vt 0.681501 0.079607
vt 0.894810 0.441326
vt 0.888195 0.442759
vt 0.865425 0.329939
vt 0.870571 0.327379
vt 0.901288 0.439906
vt 0.875833 0.327665
vt 0.907940 0.438423
vt 0.881124 0.326479
vt 0.912900 0.437224
vt 0.910420 0.437823
vt 0.847952 0.449475
vt 0.853299 0.448736
vt 0.860034 0.447696
vt 0.866581 0.446658
vt 0.686446 0.078950
vt 0.672573 0.082311
vt 0.673342 0.059480
vt 0.678218 0.067394
vt 0.675708 0.071404
vt 0.677082 0.077289
vt 0.675072 0.079701
vt 0.594982 0.000546
vt 0.592662 0.000269
vt 0.596688 0.009938
vt 0.595864 0.016489
vt 0.674065 0.064760
vt 0.596744 0.002770
vt 0.927084 0.473331
vt 0.917440 0.436096
vt 0.864515 0.324292
vt 0.865326 0.326174
vt 0.883116 0.325995
vt 0.882890 0.322780
vt 0.941505 0.905860
vt 0.996276 0.890397
vt 0.953776 0.918329
vt 0.976387 0.893852
vt 0.883470 0.319058
vt 0.888763 0.324600
vt 0.870829 0.313977
vt 0.865542 0.314979
vt 0.959170 0.897494
vt 0.964421 0.896297
vt 0.876098 0.313895
vt 0.954031 0.898679
vt 0.881339 0.315283
vt 1.000000 0.889825
vt 0.940769 0.907773
vt 0.986880 0.891970
vt 0.870685 0.328796
vt 0.981688 0.892895
vt 0.863704 0.322410
vt 0.972361 0.894645
vt 0.863268 0.318668
vt 0.968664 0.895390
vt 0.936598 0.510920
vt 0.972160 0.699796
vt 0.686908 0.093742
vt 0.679569 0.075849
vt 0.885587 0.482323
vt 0.878582 0.444639
vt 0.699252 0.127036
vt 0.701661 0.125770
vt 0.885687 0.443256
vt 0.883180 0.443753
vt 0.897698 0.518781
vt 0.892527 0.519790
vt 0.717780 0.030703
vt 0.713326 0.025189
vt 0.598021 0.000000
vt 0.711346 0.023410
vt 0.593683 0.018755
vt 0.589427 0.013438
vt 0.591206 0.021054
vt 0.666961 0.081752
vt 0.585820 0.024370
vt 0.679678 0.099124
vt 0.675731 0.102585
vn -0.032498 0.566511 -0.823413
vn -0.037248 0.571176 -0.819982
vn 0.224210 0.604941 -0.764052
vn 0.251566 0.600911 -0.758696
vn -0.043253 0.576594 -0.815885
vn 0.232876 0.612231 -0.755607
vn -0.058952 0.589585 -0.805552
vn 0.220932 0.628115 -0.746097
vn 0.591582 0.570308 -0.569894
vn 0.585122 0.567850 -0.578946
vn 0.581346 0.575908 -0.574776
vn 0.513496 0.608729 -0.604790
vn 0.711400 0.528085 -0.463721
vn 0.710963 0.524168 -0.468806
vn 0.715613 0.525716 -0.459914
vn 0.535511 0.410968 -0.737789
vn 0.567235 0.817469 0.099948
vn 0.575263 0.810206 0.112421
vn 0.804771 0.294690 -0.515268
vn 0.957500 0.052084 0.283692
vn 0.955404 0.057206 0.289709
vn 0.932076 -0.002522 0.362253
vn 0.933690 -0.008416 0.357983
vn 0.953253 0.061691 0.295808
vn 0.930941 0.005674 0.365126
vn 0.948962 0.068202 0.307927
vn 0.926012 0.011101 0.377330
vn 0.829004 -0.158079 0.536437
vn 0.831998 -0.162601 0.530415
vn 0.824574 -0.154413 0.544274
vn 0.826182 -0.139051 0.545975
vn 0.740553 -0.247101 0.624917
vn 0.740946 -0.254636 0.621418
vn 0.740538 -0.239404 0.627925
vn 0.741838 -0.224798 0.631777
vn -0.056200 -0.607595 0.792256
vn -0.055035 -0.602602 0.796142
vn -0.214658 -0.619103 0.755403
vn -0.222751 -0.623967 0.749030
vn -0.052993 -0.595106 0.801898
vn -0.219739 -0.612754 0.759109
vn -0.048115 -0.578655 0.814152
vn -0.217077 -0.596597 0.772625
vn -0.583009 -0.585915 0.562854
vn -0.559943 -0.596272 0.575260
vn -0.576227 -0.581404 0.574397
vn -0.586761 -0.563441 0.581589
vn -0.769844 -0.509593 0.384260
vn -0.766287 -0.516019 0.382792
vn -0.774234 -0.501792 0.385702
vn -0.785334 -0.482015 0.388474
vn -0.957737 -0.097238 -0.270711
vn -0.959293 -0.089596 -0.267823
vn -0.923369 0.004293 -0.383890
vn -0.920765 -0.000192 -0.390117
vn -0.960633 -0.081775 -0.265511
vn -0.926781 0.007865 -0.375519
vn -0.962401 -0.066885 -0.263270
vn -0.926852 0.023383 -0.374697
vn -0.815905 0.159444 -0.555767
vn -0.814162 0.153538 -0.559969
vn -0.816439 0.167584 -0.552578
vn -0.822891 0.173152 -0.541174
vn -0.760958 0.216242 -0.611705
vn -0.757944 0.211035 -0.617240
vn -0.764100 0.220819 -0.606127
vn -0.770680 0.227543 -0.595212
vn -0.226537 0.789357 0.570610
vn -0.226534 0.789357 0.570611
vn -0.226536 0.789357 0.570610
vn -0.226537 0.789357 0.570610
vn -0.226537 0.789357 0.570610
vn -0.226536 0.789357 0.570610
vn -0.226534 0.789357 0.570611
vn -0.226535 0.789357 0.570611
vn -0.226538 0.789357 0.570610
vn -0.226537 0.789357 0.570610
vn -0.226535 0.789357 0.570611
vn -0.226535 0.789357 0.570611
vn -0.226542 0.789358 0.570607
vn -0.226542 0.789358 0.570607
vn -0.226539 0.789358 0.570609
vn -0.226535 0.789357 0.570611
vn 0.226540 -0.789358 -0.570609
vn 0.226537 -0.789357 -0.570610
vn 0.226538 -0.789357 -0.570610
vn 0.226539 -0.789358 -0.570609
vn 0.226537 -0.789357 -0.570610
vn 0.226537 -0.789357 -0.570610
vn 0.226540 -0.789358 -0.570609
vn 0.226538 -0.789357 -0.570610
vn 0.226539 -0.789358 -0.570609
vn 0.226539 -0.789358 -0.570609
vn 0.226537 -0.789357 -0.570610
vn 0.226536 -0.789357 -0.570610
vn 0.226535 -0.789357 -0.570611
vn 0.226539 -0.789358 -0.570609
vn 0.226532 -0.789357 -0.570613
vn 0.226531 -0.789357 -0.570613
vn 0.216839 0.627916 -0.747464
vn -0.056358 0.590163 -0.805315
vn -0.055383 0.590379 -0.805224
vn 0.232101 0.628573 -0.742311
vn 0.572751 0.595678 -0.563138
vn 0.585229 0.592412 -0.553674
vn 0.712020 0.546619 -0.440721
vn 0.712022 0.546614 -0.440724
vn 0.926883 0.012961 0.375127
vn 0.949240 0.069050 0.306881
vn 0.949357 0.069411 0.306437
vn 0.925176 0.009339 0.379424
vn 0.823712 -0.141894 0.548968
vn 0.829420 -0.135271 0.542001
vn 0.740842 -0.225686 0.632629
vn 0.740430 -0.226053 0.632980
vn -0.217349 -0.596612 0.772537
vn -0.050391 -0.579023 0.813753
vn -0.051064 -0.579127 0.813637
vn -0.220872 -0.596795 0.771396
vn -0.590126 -0.562566 0.579026
vn -0.577505 -0.565804 0.588518
vn -0.783780 -0.482971 0.390420
vn -0.783194 -0.483330 0.391152
vn -0.928333 0.020448 -0.371186
vn -0.962670 -0.067841 -0.262037
vn -0.962781 -0.068236 -0.261527
vn -0.924860 0.027279 -0.379327
vn -0.821305 0.174946 -0.543002
vn -0.824391 0.171452 -0.539429
vn -0.769857 0.228340 -0.595970
vn -0.769508 0.228679 -0.596292
vn -0.668801 0.258604 -0.697014
vn -0.938244 -0.049093 -0.342475
vn -0.760365 0.273650 -0.589034
vn -0.267237 0.409381 -0.872348
vn 0.819630 0.511846 -0.257334
vn 0.571379 0.668523 -0.476028
vn 0.788923 0.540188 -0.292913
vn 0.819630 0.511846 -0.257334
vn 0.550867 -0.362398 0.751806
vn 0.713352 -0.256143 0.652319
vn 0.894995 -0.075990 0.439557
vn 0.885450 -0.194708 0.421980
vn 0.756078 0.336429 -0.561393
vn 0.556209 0.438257 -0.706090
vn -0.429839 0.389060 -0.814783
vn -0.221529 0.420191 -0.879980
vn -0.982110 -0.095908 0.162053
vn -0.837258 -0.256634 0.482843
vn -0.789503 -0.286400 0.542826
vn -0.982110 -0.095908 0.162053
vn 0.822789 -0.250173 0.510325
vn 0.883912 -0.205595 0.420037
vn 0.226524 -0.789356 -0.570617
vn 0.226527 -0.789356 -0.570615
vn 0.226530 -0.789357 -0.570614
vn 0.226531 -0.789357 -0.570613
vn -0.056171 -0.607690 0.792186
vn -0.054931 -0.602039 0.796575
vn -0.053212 -0.595544 0.801558
vn -0.048018 -0.578668 0.814148
vn -0.050189 -0.579022 0.813766
vn -0.051053 -0.579162 0.813612
vn -0.226550 0.789359 0.570603
vn -0.226547 0.789358 0.570605
vn -0.226544 0.789358 0.570606
vn -0.226543 0.789358 0.570607
vn 0.712034 0.546583 -0.440744
vn 0.712034 0.546583 -0.440744
vn 0.558156 0.673565 -0.484533
vn 0.558156 0.673565 -0.484533
vn -0.524721 -0.390954 0.756190
vn -0.524721 -0.390954 0.756190
vn 0.600110 0.788335 0.135630
vn 0.977496 0.138657 -0.158985
vn 0.935581 0.244998 -0.254292
vn 0.736649 0.516934 -0.436037
vn 0.711429 0.528535 -0.463162
vn 0.710990 0.524071 -0.468874
vn -0.947427 -0.313919 0.061940
vn -0.980007 0.042292 -0.194417
vn -0.962841 0.116375 -0.243711
vn 0.641114 0.756918 0.126681
vn 0.590098 0.800490 0.104886
vn 0.534087 0.841470 0.081732
vn 0.246104 -0.430903 0.868191
vn 0.228986 -0.429937 0.873338
vn 0.393353 -0.433413 0.810819
s 1
g pCube4
usemtl initialShadingGroup
f 441/823/1065 442/697/1066 446/698/1067 445/835/1068
f 442/697/1066 443/700/1069 447/847/1070 446/698/1067
f 443/700/1069 535/702/1071 536/840/1072 447/847/1070
f 445/835/1068 446/698/1067 450/704/1073 449/833/1074
f 446/698/1067 447/847/1070 451/846/1075 450/704/1073
f 447/701/1070 536/858/1072 537/857/1076 451/706/1075
f 449/833/1074 450/704/1073 534/708/1077 517/709/1078
f 450/704/1073 451/846/1075 533/710/1079 534/708/1077
f 513/711/1080 539/712/1081 540/713/1082 531/714/1083
s 3
f 453/817/1084 454/716/1085 458/717/1086 457/831/1087
f 454/716/1085 455/719/1088 459/720/1089 458/717/1086
f 455/719/1088 543/721/1090 544/722/1091 459/720/1089
f 457/831/1087 458/717/1086 462/723/1092 461/829/1093
f 458/717/1086 459/720/1089 463/725/1094 462/723/1092
f 459/720/1089 544/722/1091 545/726/1095 463/725/1094
f 461/829/1093 462/723/1092 466/727/1096 465/728/1097
f 462/723/1092 463/725/1094 467/729/1098 466/727/1096
f 463/725/1094 545/726/1095 546/730/1099 467/729/1098
s 4
f 520/731/1100 521/732/1101 470/733/1102 469/815/1103
f 521/732/1101 522/735/1104 471/736/1105 470/733/1102
f 522/735/1104 547/737/1106 548/738/1107 471/736/1105
f 469/815/1103 470/733/1102 474/837/1108 473/827/1109
f 470/733/1102 471/736/1105 475/836/1110 474/837/1108
f 471/736/1105 548/738/1107 549/808/1111 475/836/1110
f 473/740/1109 474/739/1108 478/743/1112 477/744/1113
f 474/739/1108 475/741/1110 479/745/1114 478/743/1112
f 475/741/1110 549/742/1111 550/746/1115 479/745/1114
s 5
f 477/744/1116 478/743/1117 482/747/1118 481/825/1119
f 478/743/1117 479/745/1120 483/749/1121 482/747/1118
f 479/745/1120 550/746/1122 551/750/1123 483/749/1121
f 481/825/1119 482/747/1118 486/751/1124 485/822/1125
f 482/747/1118 483/749/1121 487/753/1126 486/751/1124
f 483/749/1121 551/750/1123 552/754/1127 487/753/1126
f 485/822/1125 486/751/1124 442/697/1128 441/823/1129
f 486/751/1124 487/753/1126 443/700/1130 442/697/1128
f 487/753/1126 552/754/1127 535/702/1131 443/700/1130
s 6
f 484/824/1132 480/826/1133 476/818/1134 489/758/1135
f 488/820/1136 484/824/1132 489/758/1135 490/760/1137
f 444/821/1138 488/820/1136 490/760/1137 448/834/1139
f 489/758/1135 476/818/1134 472/813/1140 491/764/1141
f 490/760/1137 489/758/1135 491/764/1141 492/765/1142
f 448/834/1139 490/760/1137 492/765/1142 452/832/1143
f 491/764/1141 472/813/1140 524/767/1144 525/768/1145
f 492/765/1142 491/764/1141 525/768/1145 526/769/1146
f 452/832/1143 492/765/1142 526/769/1146 527/810/1147
s 7
f 477/744/1148 481/748/1149 493/771/1150 473/740/1151
f 481/748/1149 485/752/1152 494/772/1153 493/771/1150
f 485/752/1152 441/696/1154 445/699/1155 494/772/1153
f 473/740/1151 493/771/1150 495/773/1156 469/734/1157
f 493/771/1150 494/772/1153 496/774/1158 495/773/1156
f 494/772/1153 445/699/1155 449/705/1159 496/774/1158
f 469/734/1157 495/773/1156 519/775/1160 520/814/1161
f 495/773/1156 496/774/1158 518/776/1162 519/775/1160
f 496/774/1158 449/705/1159 517/816/1163 518/776/1162
s 1
f 498/841/1164 497/778/1165 444/761/1166 448/762/1167
f 499/845/1168 498/841/1164 448/762/1167 452/766/1169
f 527/770/1170 528/844/1171 499/845/1168 452/766/1169
s 3
f 501/781/1172 500/782/1173 456/783/1174 460/830/1175
f 502/785/1176 501/781/1172 460/830/1175 464/786/1177
f 503/787/1178 502/785/1176 464/786/1177 468/788/1179
s 4
f 504/789/1180 523/790/1181 524/812/1182 472/763/1183
f 505/809/1184 504/789/1180 472/763/1183 476/819/1185
f 506/792/1186 505/791/1184 476/757/1185 480/756/1187
s 5
f 507/793/1188 506/792/1189 480/756/1190 484/755/1191
f 508/794/1192 507/793/1188 484/755/1191 488/759/1193
f 497/778/1194 508/794/1192 488/759/1193 444/761/1195
s 8
f 451/706/1196 537/857/1197 538/855/1198 509/796/1199
s 9
f 499/779/1200 528/780/1201 529/797/1202 510/798/1203
s 10
f 542/799/1204 543/838/1205 455/843/1206 512/800/1207
s 1
f 532/801/1208 533/842/1079 451/706/1075 509/796/1209
s 8
f 509/796/1199 538/855/1198 539/856/1210 513/854/1211
s 11
f 510/798/1212 529/797/1213 530/851/1214 514/849/1215
s 10
f 541/804/1216 542/799/1204 512/800/1207 516/805/1217
s 1
f 531/852/1083 532/801/1208 509/796/1209 513/854/1080
s 7
f 518/776/1162 517/816/1163 453/715/1218 457/718/1219
f 519/775/1160 518/776/1162 457/718/1219 461/724/1220
f 520/814/1161 519/775/1160 461/724/1220 465/828/1221
s 4
f 465/728/1222 466/727/1223 521/732/1101 520/731/1100
f 466/727/1223 467/729/1224 522/735/1104 521/732/1101
f 467/729/1224 546/730/1225 547/737/1106 522/735/1104
f 524/812/1182 523/790/1181 503/787/1226 468/788/1227
s 6
f 525/768/1145 524/767/1144 468/788/1228 464/786/1229
f 526/769/1146 525/768/1145 464/786/1229 460/784/1230
f 527/810/1147 526/769/1146 460/784/1230 456/811/1231
s 1
f 500/782/1232 528/844/1171 527/770/1170 456/783/1233
s 9
f 529/797/1202 528/780/1201 500/839/1234 511/806/1235
s 11
f 530/850/1214 529/797/1213 511/806/1236 515/807/1237
s 1
f 531/714/1083 540/713/1082 541/804/1238 516/853/1239
f 512/800/1240 532/801/1208 531/852/1083 516/805/1239
f 455/843/1241 533/842/1079 532/801/1208 512/800/1240
f 534/708/1077 533/710/1079 455/719/1241 454/716/1242
f 517/709/1078 534/708/1077 454/716/1242 453/817/1243
f 536/840/1072 535/702/1071 497/778/1165 498/841/1164
f 537/707/1076 536/703/1072 498/777/1164 499/779/1168
s 8
f 538/795/1198 537/707/1197 499/779/1244 510/798/1245
f 539/848/1210 538/795/1198 510/798/1245 514/849/1246
s 1
f 540/713/1082 539/712/1081 514/803/1247 530/802/1248
f 541/804/1238 540/713/1082 530/802/1248 515/807/1249
s 10
f 511/806/1250 542/799/1204 541/804/1216 515/807/1251
f 500/839/1252 543/838/1205 542/799/1204 511/806/1250
s 3
f 544/722/1091 543/721/1090 500/782/1173 501/781/1172
f 545/726/1095 544/722/1091 501/781/1172 502/785/1176
f 546/730/1099 545/726/1095 502/785/1176 503/787/1178
s 4
f 547/737/1106 546/730/1225 503/787/1226 523/790/1181
f 548/738/1107 547/737/1106 523/790/1181 504/789/1180
f 549/808/1111 548/738/1107 504/789/1180 505/809/1184
f 550/746/1115 549/742/1111 505/791/1184 506/792/1186
s 5
f 551/750/1123 550/746/1122 506/792/1189 507/793/1188
f 552/754/1127 551/750/1123 507/793/1188 508/794/1192
f 535/702/1131 552/754/1127 508/794/1192 497/778/1194
g default
v -1.407799 -0.551133 0.878716
v -0.051362 -0.557979 0.858896
v 1.304717 -0.546298 0.831849
v 2.659987 -0.510453 0.781187
v -1.407462 -0.530509 0.901388
v -0.050920 -0.528815 0.889503
v 1.305200 -0.517492 0.864031
v 2.660325 -0.489829 0.803859
v -1.407620 -0.504230 0.905745
v -0.051135 -0.492156 0.895844
v 1.304976 -0.480607 0.870054
v 2.660166 -0.463550 0.808216
v -1.407996 -0.475475 0.902086
v -0.051637 -0.452218 0.891564
v 1.304441 -0.440187 0.864626
v 2.659791 -0.434795 0.804557
v -1.408978 -0.457033 0.868816
v -0.052939 -0.427239 0.847652
v 1.303039 -0.414037 0.817046
v 2.658809 -0.416353 0.771287
v -1.409944 -0.444804 0.833627
v -0.054219 -0.410947 0.801056
v 1.301659 -0.396603 0.766774
v 2.657843 -0.404124 0.736097
v -1.410884 -0.442518 0.795366
v -0.055463 -0.408552 0.750167
v 1.300316 -0.393113 0.712194
v 2.656903 -0.401838 0.697837
v -1.411128 -0.464202 0.776127
v -0.055782 -0.439121 0.724108
v 1.299965 -0.423433 0.684915
v 2.656658 -0.423522 0.678598
v -1.411156 -0.488361 0.764904
v -0.055814 -0.472970 0.708671
v 1.299924 -0.457289 0.669087
v 2.656631 -0.447681 0.667375
v -1.410688 -0.518176 0.771996
v -0.055189 -0.514313 0.717499
v 1.300591 -0.499224 0.679417
v 2.657099 -0.477495 0.674467
v -1.409702 -0.537861 0.804883
v -0.053882 -0.541029 0.760875
v 1.301998 -0.527117 0.726459
v 2.658084 -0.497181 0.707353
v -1.408743 -0.547604 0.840840
v -0.052611 -0.553847 0.808544
v 1.303369 -0.541065 0.777808
v 2.659044 -0.506924 0.743310
v 2.657870 -0.464630 0.711974
v 2.659100 -0.478265 0.757597
v 2.657820 -0.433965 0.722700
v 2.658990 -0.447722 0.765778
v -1.409917 -0.505310 0.809503
v -1.408687 -0.518945 0.855126
v -1.409967 -0.474645 0.820229
v -1.408796 -0.488402 0.863307
v 1.846825 -0.531960 0.811584
v 1.847250 -0.506427 0.839962
v 1.847052 -0.473785 0.845319
v 1.846581 -0.438030 0.840598
v 1.845347 -0.414964 0.798743
v 1.844133 -0.399612 0.754503
v 1.842951 -0.396603 0.706451
v 1.842642 -0.423468 0.682388
v 1.842607 -0.453446 0.668402
v 1.843194 -0.490533 0.677437
v 1.844432 -0.515142 0.718817
v 1.845639 -0.527408 0.764009
v 1.715153 -0.481441 0.869970
v 1.802622 -0.479164 0.856135
v 1.802151 -0.443410 0.851415
v 1.714618 -0.441021 0.864543
v 2.406541 -0.443077 1.099516
v 2.475788 -0.442629 1.044270
v 2.467720 -0.409499 1.032516
v 2.397375 -0.405648 1.086152
v -1.407808 -0.489853 0.903916
v -1.408887 -0.472717 0.866062
v -1.409955 -0.459725 0.826928
v -1.411006 -0.453360 0.785747
v -0.055623 -0.423837 0.737138
v 1.300140 -0.408273 0.698555
v 1.842796 -0.410036 0.694420
v 2.656780 -0.412680 0.688217
v 2.657831 -0.419045 0.729399
v 2.658900 -0.432037 0.768532
v 2.659979 -0.449173 0.806386
v 1.846817 -0.455907 0.842959
v 1.804266 -0.464522 0.846391
v 2.473634 -0.429299 1.031009
v 2.398072 -0.421306 1.100688
v 1.710999 -0.458174 0.875111
v 1.304708 -0.460397 0.867340
v -0.051386 -0.472187 0.893704
v 1.575771 -0.539129 0.821717
v 1.576225 -0.511960 0.851997
v 1.576014 -0.477196 0.857686
v 1.758848 -0.495812 0.863256
v 2.441126 -0.458363 1.072097
v 2.436856 -0.425214 1.065614
v 2.430485 -0.396017 1.057594
v 1.756323 -0.430658 0.856239
v 1.575511 -0.439109 0.852612
v 1.574193 -0.414501 0.807894
v 1.572896 -0.398107 0.760638
v 1.571633 -0.394858 0.709323
v 1.571468 -0.409154 0.696487
v 1.571304 -0.423451 0.683652
v 1.571265 -0.455368 0.668744
v 1.571893 -0.494878 0.678427
v 1.573215 -0.521129 0.722638
v 1.574504 -0.534237 0.770909
vt 0.959832 0.911180
vt 0.923823 0.708883
vt 0.929676 0.707673
vt 0.958717 0.915369
vt 0.886546 0.520942
vt 0.692259 0.131430
vt 0.879897 0.483345
vt 0.687469 0.081732
vt 0.934834 0.706644
vt 0.955701 0.917624
vt 0.696809 0.128289
vt 0.686238 0.078692
vt 0.937620 0.706097
vt 0.974374 0.894248
vt 0.900518 0.518220
vt 0.585661 0.008678
vt 0.588750 0.003743
vt 0.592707 0.007112
vt 0.586674 0.011817
vt 0.951851 0.919034
vt 0.940406 0.705549
vt 0.947428 0.704236
vt 0.947371 0.916055
vt 0.903340 0.517666
vt 0.910850 0.516152
vt 0.895789 0.480305
vt 0.902874 0.478789
vt 0.954292 0.702961
vt 0.943545 0.912430
vt 0.918212 0.514671
vt 0.909814 0.477295
vt 0.961379 0.701660
vt 0.992226 0.891039
vt 0.925781 0.513143
vt 0.916940 0.475745
vt 0.994251 0.890718
vt 0.964177 0.701172
vt 0.966974 0.700684
vt 0.942240 0.903947
vt 0.928602 0.512563
vt 0.931425 0.511984
vt 0.919589 0.475123
vt 0.922237 0.474502
vt 0.897147 0.714729
vt 0.944544 0.900967
vt 0.858037 0.526290
vt 0.852853 0.487687
vt 0.902978 0.713405
vt 0.948750 0.899919
vt 0.864040 0.525179
vt 0.858547 0.486856
vt 0.910018 0.711864
vt 0.953362 0.902770
vt 0.871631 0.523750
vt 0.865744 0.485692
vt 0.916839 0.710387
vt 0.956925 0.906653
vt 0.879014 0.522358
vt 0.872749 0.484537
vt 0.842912 0.333864
vt 0.837552 0.334684
vt 0.833258 0.335272
vt 0.876744 0.318499
vt 0.848119 0.333046
vt 0.870009 0.318430
vt 0.853433 0.332197
vt 0.857703 0.331445
vt 0.885108 0.325511
vt 0.876486 0.323086
vt 0.870092 0.322901
vt 0.861403 0.330736
vt 0.882007 0.324629
vt 0.876159 0.325375
vt 0.870331 0.325140
vt 0.863414 0.330337
vt 0.949575 0.905466
vt 0.954255 0.910310
vt 0.946421 0.908807
vt 0.950952 0.913323
vt 0.944983 0.910619
vt 0.949161 0.914689
vt 0.684193 0.078507
vt 0.873261 0.445582
vt 0.680803 0.077821
vt 0.681501 0.079607
vt 0.894810 0.441326
vt 0.888195 0.442759
vt 0.865425 0.329939
vt 0.870571 0.327379
vt 0.901288 0.439906
vt 0.875833 0.327665
vt 0.907940 0.438423
vt 0.881124 0.326479
vt 0.912900 0.437224
vt 0.910420 0.437823
vt 0.847952 0.449475
vt 0.853299 0.448736
vt 0.860034 0.447696
vt 0.866581 0.446658
vt 0.686446 0.078950
vt 0.672573 0.082311
vt 0.673342 0.059480
vt 0.678218 0.067394
vt 0.675708 0.071404
vt 0.677082 0.077289
vt 0.675072 0.079701
vt 0.594982 0.000546
vt 0.592662 0.000269
vt 0.596688 0.009938
vt 0.595864 0.016489
vt 0.674065 0.064760
vt 0.596744 0.002770
vt 0.927084 0.473331
vt 0.917440 0.436096
vt 0.864515 0.324292
vt 0.865326 0.326174
vt 0.883116 0.325995
vt 0.882890 0.322780
vt 0.941505 0.905860
vt 0.996276 0.890397
vt 0.953776 0.918329
vt 0.976387 0.893852
vt 0.883470 0.319058
vt 0.888763 0.324600
vt 0.870829 0.313977
vt 0.865542 0.314979
vt 0.959170 0.897494
vt 0.964421 0.896297
vt 0.876098 0.313895
vt 0.954031 0.898679
vt 0.881339 0.315283
vt 1.000000 0.889825
vt 0.940769 0.907773
vt 0.986880 0.891970
vt 0.870685 0.328796
vt 0.981688 0.892895
vt 0.863704 0.322410
vt 0.972361 0.894645
vt 0.863268 0.318668
vt 0.968664 0.895390
vt 0.936598 0.510920
vt 0.972160 0.699796
vt 0.686908 0.093742
vt 0.679569 0.075849
vt 0.885587 0.482323
vt 0.878582 0.444639
vt 0.699252 0.127036
vt 0.701661 0.125770
vt 0.885687 0.443256
vt 0.883180 0.443753
vt 0.897698 0.518781
vt 0.892527 0.519790
vt 0.717780 0.030703
vt 0.713326 0.025189
vt 0.598021 0.000000
vt 0.711346 0.023410
vt 0.593683 0.018755
vt 0.589427 0.013438
vt 0.591206 0.021054
vt 0.666961 0.081752
vt 0.585820 0.024370
vt 0.679678 0.099124
vt 0.675731 0.102585
vn 0.006591 -0.730674 0.682694
vn 0.014050 -0.733068 0.680010
vn 0.015207 -0.505305 0.862807
vn 0.008085 -0.478925 0.877819
vn 0.022895 -0.736115 0.676469
vn 0.025044 -0.494524 0.868803
vn 0.044696 -0.743954 0.666735
vn 0.048526 -0.501459 0.863820
vn 0.014285 -0.062968 0.997913
vn 0.007949 -0.073919 0.997232
vn 0.018889 -0.076154 0.996917
vn 0.047036 -0.161042 0.985826
vn 0.012596 0.117721 0.992967
vn 0.005996 0.114882 0.993361
vn 0.011783 0.124264 0.992179
vn -0.222440 -0.184031 0.957420
vn 0.624514 0.299482 0.721313
vn 0.622972 0.315013 0.716011
vn -0.249430 0.212845 0.944713
vn -0.011312 0.871346 0.490538
vn -0.003158 0.872343 0.488883
vn -0.005882 0.911684 0.410849
vn -0.013540 0.911540 0.410987
vn 0.004526 0.873480 0.486839
vn 0.002773 0.910827 0.412778
vn 0.017804 0.876220 0.481582
vn 0.015308 0.913461 0.406639
vn -0.011862 0.981236 0.192446
vn -0.019691 0.980627 0.194890
vn -0.003382 0.982186 0.187881
vn 0.009895 0.980673 0.195405
vn -0.015110 0.998386 0.054752
vn -0.023455 0.998319 0.052992
vn -0.006998 0.998347 0.057051
vn 0.007024 0.997983 0.063087
vn -0.041315 0.654729 -0.754734
vn -0.034661 0.656952 -0.753136
vn -0.035974 0.510519 -0.859114
vn -0.042435 0.500991 -0.864411
vn -0.024795 0.660441 -0.750468
vn -0.026576 0.507441 -0.861276
vn -0.003500 0.668079 -0.744082
vn -0.003956 0.514657 -0.857387
vn -0.035127 0.069039 -0.996995
vn -0.042579 0.099179 -0.994158
vn -0.025435 0.081473 -0.996351
vn -0.001844 0.073295 -0.997309
vn -0.030729 -0.222110 -0.974537
vn -0.038274 -0.218733 -0.975034
vn -0.021768 -0.226487 -0.973771
vn 0.000365 -0.238115 -0.971237
vn -0.018648 -0.854393 -0.519293
vn -0.010300 -0.855401 -0.517864
vn -0.006932 -0.918878 -0.394481
vn -0.014760 -0.919791 -0.392131
vn -0.002185 -0.856627 -0.515932
vn 0.001546 -0.917048 -0.398774
vn 0.011844 -0.859665 -0.510721
vn 0.014827 -0.919978 -0.391689
vn -0.000962 -0.984587 -0.174890
vn -0.008621 -0.984583 -0.174706
vn 0.007692 -0.984927 -0.172802
vn 0.020230 -0.983579 -0.179338
vn 0.001689 -0.996096 -0.088259
vn -0.006466 -0.996245 -0.086342
vn 0.009376 -0.995845 -0.090577
vn 0.022660 -0.995081 -0.096443
vn 0.999663 0.009997 -0.023968
vn 0.999663 0.010000 -0.023967
vn 0.999663 0.009998 -0.023968
vn 0.999663 0.009997 -0.023968
vn 0.999663 0.009997 -0.023968
vn 0.999663 0.009998 -0.023968
vn 0.999663 0.010000 -0.023967
vn 0.999663 0.009999 -0.023967
vn 0.999663 0.009996 -0.023968
vn 0.999663 0.009997 -0.023968
vn 0.999663 0.009999 -0.023967
vn 0.999663 0.010000 -0.023967
vn 0.999663 0.009991 -0.023970
vn 0.999663 0.009992 -0.023970
vn 0.999663 0.009995 -0.023969
vn 0.999663 0.009999 -0.023967
vn -0.999663 -0.009994 0.023969
vn -0.999663 -0.009998 0.023968
vn -0.999663 -0.009996 0.023968
vn -0.999663 -0.009995 0.023969
vn -0.999663 -0.009998 0.023968
vn -0.999663 -0.009997 0.023968
vn -0.999663 -0.009994 0.023969
vn -0.999663 -0.009996 0.023968
vn -0.999663 -0.009995 0.023969
vn -0.999663 -0.009995 0.023969
vn -0.999663 -0.009997 0.023968
vn -0.999663 -0.009998 0.023968
vn -0.999663 -0.009999 0.023967
vn -0.999663 -0.009995 0.023968
vn -0.999663 -0.010003 0.023966
vn -0.999663 -0.010003 0.023966
vn 0.048494 -0.505577 0.861417
vn 0.044738 -0.742066 0.668832
vn 0.044753 -0.741354 0.669620
vn 0.048571 -0.490140 0.870290
vn 0.046450 -0.080100 0.995704
vn 0.046282 -0.062487 0.996972
vn 0.043488 0.129251 0.990658
vn 0.043481 0.129252 0.990658
vn 0.015393 0.912354 0.409112
vn 0.017848 0.875619 0.482672
vn 0.017866 0.875364 0.483135
vn 0.015233 0.914505 0.404287
vn 0.009810 0.981510 0.191162
vn 0.010021 0.979537 0.201015
vn 0.007001 0.998073 0.061651
vn 0.006991 0.998110 0.061058
vn -0.003957 0.514386 -0.857549
vn -0.003520 0.666202 -0.745763
vn -0.003520 0.665646 -0.746259
vn -0.003966 0.510875 -0.859646
vn -0.001821 0.068540 -0.997647
vn -0.001946 0.086290 -0.996268
vn 0.000332 -0.235374 -0.971905
vn 0.000320 -0.234342 -0.972154
vn 0.014739 -0.918277 -0.395664
vn 0.011819 -0.858929 -0.511958
vn 0.011809 -0.858624 -0.512469
vn 0.014956 -0.922204 -0.386414
vn 0.020314 -0.984060 -0.176672
vn 0.020156 -0.983116 -0.181870
vn 0.022702 -0.995199 -0.095205
vn 0.022719 -0.995249 -0.094679
vn -0.033034 -0.999035 0.028940
vn -0.024098 -0.893147 -0.449118
vn 0.062100 -0.995554 -0.070824
vn -0.103918 -0.885042 0.453764
vn 0.097753 0.343441 0.934073
vn 0.167640 -0.039017 0.985076
vn 0.109117 0.289865 0.950827
vn 0.097753 0.343441 0.934073
vn 0.004915 0.983503 -0.180823
vn -0.000769 0.999782 0.020840
vn -0.014122 0.948438 0.316649
vn -0.119727 0.957608 0.262016
vn -0.230544 0.133729 0.963829
vn -0.183051 -0.152442 0.971212
vn -0.047610 -0.951436 0.304144
vn -0.110500 -0.861687 0.495263
vn 0.241500 -0.613761 -0.751648
vn 0.269546 -0.268260 -0.924868
vn 0.270313 -0.184385 -0.944951
vn 0.241500 -0.613761 -0.751648
vn -0.101371 0.982437 0.156658
vn -0.129451 0.957769 0.256752
vn -0.999663 -0.010011 0.023964
vn -0.999663 -0.010008 0.023965
vn -0.999663 -0.010005 0.023966
vn -0.999663 -0.010003 0.023966
vn -0.041452 0.654727 -0.754728
vn -0.033908 0.657178 -0.752973
vn -0.025350 0.660161 -0.750697
vn -0.003538 0.668152 -0.744016
vn -0.003561 0.666361 -0.745621
vn -0.003570 0.665648 -0.746258
vn 0.999663 0.009983 -0.023972
vn 0.999663 0.009987 -0.023971
vn 0.999663 0.009990 -0.023970
vn 0.999663 0.009991 -0.023970
vn 0.043438 0.129256 0.990659
vn 0.043438 0.129256 0.990659
vn 0.170306 -0.056944 0.983744
vn 0.170306 -0.056944 0.983744
vn 0.249221 0.200163 -0.947536
vn 0.249221 0.200163 -0.947536
vn 0.610828 0.353355 0.708541
vn -0.202920 0.603969 0.770743
vn -0.161090 0.492619 0.855205
vn 0.013503 0.159359 0.987128
vn 0.013344 0.118013 0.992922
vn 0.005859 0.114882 0.993362
vn -0.010707 -0.605279 -0.795942
vn 0.145569 -0.853492 -0.500360
vn 0.174241 -0.885944 -0.429817
vn 0.570295 0.386686 0.724733
vn 0.607542 0.324067 0.725171
vn 0.642871 0.257092 0.721540
vn 0.087995 0.873970 -0.477947
vn 0.096172 0.865278 -0.491981
vn 0.015932 0.936764 -0.349598
s 1
g pCube5
usemtl initialShadingGroup
f 553/986/1253 554/860/1254 558/861/1255 557/998/1256
f 554/860/1254 555/863/1257 559/1010/1258 558/861/1255
f 555/863/1257 647/865/1259 648/1003/1260 559/1010/1258
f 557/998/1256 558/861/1255 562/867/1261 561/996/1262
f 558/861/1255 559/1010/1258 563/1009/1263 562/867/1261
f 559/864/1258 648/1021/1260 649/1020/1264 563/869/1263
f 561/996/1262 562/867/1261 646/871/1265 629/872/1266
f 562/867/1261 563/1009/1263 645/873/1267 646/871/1265
f 625/874/1268 651/875/1269 652/876/1270 643/877/1271
s 3
f 565/980/1272 566/879/1273 570/880/1274 569/994/1275
f 566/879/1273 567/882/1276 571/883/1277 570/880/1274
f 567/882/1276 655/884/1278 656/885/1279 571/883/1277
f 569/994/1275 570/880/1274 574/886/1280 573/992/1281
f 570/880/1274 571/883/1277 575/888/1282 574/886/1280
f 571/883/1277 656/885/1279 657/889/1283 575/888/1282
f 573/992/1281 574/886/1280 578/890/1284 577/891/1285
f 574/886/1280 575/888/1282 579/892/1286 578/890/1284
f 575/888/1282 657/889/1283 658/893/1287 579/892/1286
s 4
f 632/894/1288 633/895/1289 582/896/1290 581/978/1291
f 633/895/1289 634/898/1292 583/899/1293 582/896/1290
f 634/898/1292 659/900/1294 660/901/1295 583/899/1293
f 581/978/1291 582/896/1290 586/1000/1296 585/990/1297
f 582/896/1290 583/899/1293 587/999/1298 586/1000/1296
f 583/899/1293 660/901/1295 661/971/1299 587/999/1298
f 585/903/1297 586/902/1296 590/906/1300 589/907/1301
f 586/902/1296 587/904/1298 591/908/1302 590/906/1300
f 587/904/1298 661/905/1299 662/909/1303 591/908/1302
s 5
f 589/907/1304 590/906/1305 594/910/1306 593/988/1307
f 590/906/1305 591/908/1308 595/912/1309 594/910/1306
f 591/908/1308 662/909/1310 663/913/1311 595/912/1309
f 593/988/1307 594/910/1306 598/914/1312 597/985/1313
f 594/910/1306 595/912/1309 599/916/1314 598/914/1312
f 595/912/1309 663/913/1311 664/917/1315 599/916/1314
f 597/985/1313 598/914/1312 554/860/1316 553/986/1317
f 598/914/1312 599/916/1314 555/863/1318 554/860/1316
f 599/916/1314 664/917/1315 647/865/1319 555/863/1318
s 6
f 596/987/1320 592/989/1321 588/981/1322 601/921/1323
f 600/983/1324 596/987/1320 601/921/1323 602/923/1325
f 556/984/1326 600/983/1324 602/923/1325 560/997/1327
f 601/921/1323 588/981/1322 584/976/1328 603/927/1329
f 602/923/1325 601/921/1323 603/927/1329 604/928/1330
f 560/997/1327 602/923/1325 604/928/1330 564/995/1331
f 603/927/1329 584/976/1328 636/930/1332 637/931/1333
f 604/928/1330 603/927/1329 637/931/1333 638/932/1334
f 564/995/1331 604/928/1330 638/932/1334 639/973/1335
s 7
f 589/907/1336 593/911/1337 605/934/1338 585/903/1339
f 593/911/1337 597/915/1340 606/935/1341 605/934/1338
f 597/915/1340 553/859/1342 557/862/1343 606/935/1341
f 585/903/1339 605/934/1338 607/936/1344 581/897/1345
f 605/934/1338 606/935/1341 608/937/1346 607/936/1344
f 606/935/1341 557/862/1343 561/868/1347 608/937/1346
f 581/897/1345 607/936/1344 631/938/1348 632/977/1349
f 607/936/1344 608/937/1346 630/939/1350 631/938/1348
f 608/937/1346 561/868/1347 629/979/1351 630/939/1350
s 1
f 610/1004/1352 609/941/1353 556/924/1354 560/925/1355
f 611/1008/1356 610/1004/1352 560/925/1355 564/929/1357
f 639/933/1358 640/1007/1359 611/1008/1356 564/929/1357
s 3
f 613/944/1360 612/945/1361 568/946/1362 572/993/1363
f 614/948/1364 613/944/1360 572/993/1363 576/949/1365
f 615/950/1366 614/948/1364 576/949/1365 580/951/1367
s 4
f 616/952/1368 635/953/1369 636/975/1370 584/926/1371
f 617/972/1372 616/952/1368 584/926/1371 588/982/1373
f 618/955/1374 617/954/1372 588/920/1373 592/919/1375
s 5
f 619/956/1376 618/955/1377 592/919/1378 596/918/1379
f 620/957/1380 619/956/1376 596/918/1379 600/922/1381
f 609/941/1382 620/957/1380 600/922/1381 556/924/1383
s 8
f 563/869/1384 649/1020/1385 650/1018/1386 621/959/1387
s 9
f 611/942/1388 640/943/1389 641/960/1390 622/961/1391
s 10
f 654/962/1392 655/1001/1393 567/1006/1394 624/963/1395
s 1
f 644/964/1396 645/1005/1267 563/869/1263 621/959/1397
s 8
f 621/959/1387 650/1018/1386 651/1019/1398 625/1017/1399
s 11
f 622/961/1400 641/960/1401 642/1014/1402 626/1012/1403
s 10
f 653/967/1404 654/962/1392 624/963/1395 628/968/1405
s 1
f 643/1015/1271 644/964/1396 621/959/1397 625/1017/1268
s 7
f 630/939/1350 629/979/1351 565/878/1406 569/881/1407
f 631/938/1348 630/939/1350 569/881/1407 573/887/1408
f 632/977/1349 631/938/1348 573/887/1408 577/991/1409
s 4
f 577/891/1410 578/890/1411 633/895/1289 632/894/1288
f 578/890/1411 579/892/1412 634/898/1292 633/895/1289
f 579/892/1412 658/893/1413 659/900/1294 634/898/1292
f 636/975/1370 635/953/1369 615/950/1414 580/951/1415
s 6
f 637/931/1333 636/930/1332 580/951/1416 576/949/1417
f 638/932/1334 637/931/1333 576/949/1417 572/947/1418
f 639/973/1335 638/932/1334 572/947/1418 568/974/1419
s 1
f 612/945/1420 640/1007/1359 639/933/1358 568/946/1421
s 9
f 641/960/1390 640/943/1389 612/1002/1422 623/969/1423
s 11
f 642/1013/1402 641/960/1401 623/969/1424 627/970/1425
s 1
f 643/877/1271 652/876/1270 653/967/1426 628/1016/1427
f 624/963/1428 644/964/1396 643/1015/1271 628/968/1427
f 567/1006/1429 645/1005/1267 644/964/1396 624/963/1428
f 646/871/1265 645/873/1267 567/882/1429 566/879/1430
f 629/872/1266 646/871/1265 566/879/1430 565/980/1431
f 648/1003/1260 647/865/1259 609/941/1353 610/1004/1352
f 649/870/1264 648/866/1260 610/940/1352 611/942/1356
s 8
f 650/958/1386 649/870/1385 611/942/1432 622/961/1433
f 651/1011/1398 650/958/1386 622/961/1433 626/1012/1434
s 1
f 652/876/1270 651/875/1269 626/966/1435 642/965/1436
f 653/967/1426 652/876/1270 642/965/1436 627/970/1437
s 10
f 623/969/1438 654/962/1392 653/967/1404 627/970/1439
f 612/1002/1440 655/1001/1393 654/962/1392 623/969/1438
s 3
f 656/885/1279 655/884/1278 612/945/1361 613/944/1360
f 657/889/1283 656/885/1279 613/944/1360 614/948/1364
f 658/893/1287 657/889/1283 614/948/1364 615/950/1366
s 4
f 659/900/1294 658/893/1413 615/950/1414 635/953/1369
f 660/901/1295 659/900/1294 635/953/1369 616/952/1368
f 661/971/1299 660/901/1295 616/952/1368 617/972/1372
f 662/909/1303 661/905/1299 617/954/1372 618/955/1374
s 5
f 663/913/1311 662/909/1310 618/955/1377 619/956/1376
f 664/917/1315 663/913/1311 619/956/1376 620/957/1380
f 647/865/1319 664/917/1315 620/957/1380 609/941/1382
g default
v -1.343811 -0.569593 1.272222
v -0.521414 -0.487926 1.086896
v 0.304063 -0.415243 0.912498
v 1.133762 -0.348217 0.755932
v -1.340825 -0.592715 1.276635
v -0.517171 -0.520003 1.093504
v 0.308226 -0.447760 0.918532
v 1.136747 -0.371339 0.760345
v -1.336667 -0.611699 1.288449
v -0.511374 -0.546597 1.109917
v 0.314064 -0.474364 0.935137
v 1.140905 -0.390322 0.772159
v -1.331996 -0.628871 1.303502
v -0.504898 -0.570790 1.130622
v 0.320634 -0.498382 0.956368
v 1.145576 -0.407494 0.787212
v -1.328554 -0.626674 1.320959
v -0.500253 -0.568306 1.153976
v 0.325520 -0.495094 0.981223
v 1.149018 -0.405298 0.804669
v -1.326083 -0.619609 1.335847
v -0.496965 -0.559016 1.173739
v 0.329044 -0.484977 1.002475
v 1.151489 -0.398233 0.819557
v -1.325165 -0.604754 1.346624
v -0.495847 -0.538837 1.187756
v 0.330391 -0.463935 1.017962
v 1.152408 -0.383378 0.830334
v -1.328370 -0.582408 1.340824
v -0.500381 -0.507788 1.179311
v 0.325914 -0.432527 1.009946
v 1.149202 -0.361031 0.824534
v -1.332089 -0.561873 1.331784
v -0.505595 -0.479139 1.166573
v 0.320705 -0.403706 0.997303
v 1.145484 -0.340496 0.815494
v -1.336980 -0.545476 1.315344
v -0.512363 -0.455973 1.144030
v 0.313821 -0.380797 0.974091
v 1.140593 -0.324100 0.799054
v -1.340615 -0.546699 1.297373
v -0.517279 -0.457096 1.119958
v 0.308663 -0.382719 0.948515
v 1.136957 -0.325323 0.781083
v -1.342698 -0.555712 1.283513
v -0.520025 -0.469108 1.101631
v 0.305682 -0.395567 0.928705
v 1.134874 -0.334335 0.767223
v 1.142119 -0.348505 0.795912
v 1.139271 -0.359111 0.777700
v 1.146889 -0.373067 0.808274
v 1.144059 -0.382506 0.790645
v -1.335454 -0.569882 1.312202
v -1.338301 -0.580487 1.293991
v -1.330683 -0.594444 1.324564
v -1.333513 -0.603883 1.306935
v 0.635943 -0.388433 0.849871
v 0.639635 -0.417191 0.855257
v 0.644800 -0.440748 0.869946
v 0.650611 -0.462027 0.888706
v 0.654919 -0.459176 0.910601
v 0.658022 -0.450280 0.929308
v 0.659198 -0.431712 0.942911
v 0.655230 -0.403929 0.935781
v 0.650616 -0.378422 0.924580
v 0.644529 -0.358118 0.904076
v 0.639980 -0.359761 0.881542
v 0.637359 -0.371074 0.864112
v 0.562786 -0.453006 0.878230
v 0.616634 -0.444130 0.870738
v 0.622445 -0.465409 0.889498
v 0.569356 -0.477023 0.899461
v 0.982006 -0.541295 0.744600
v 1.025693 -0.514411 0.749035
v 1.026661 -0.531353 0.769307
v 0.983071 -0.560402 0.767531
v -1.334332 -0.620285 1.295975
v -1.331034 -0.615278 1.313947
v -1.328383 -0.607026 1.330206
v -1.326767 -0.593581 1.343724
v -0.498114 -0.523312 1.183533
v 0.328153 -0.448231 1.013954
v 0.657214 -0.417821 0.939346
v 1.150805 -0.372205 0.827434
v 1.149189 -0.385650 0.813915
v 1.146539 -0.393902 0.797657
v 1.143241 -0.398908 0.779685
v 0.647706 -0.451387 0.879326
v 0.620354 -0.449405 0.880113
v 1.026992 -0.517517 0.759166
v 0.980462 -0.556400 0.756143
v 0.563995 -0.470566 0.888923
v 0.317349 -0.486373 0.945753
v -0.508136 -0.558693 1.120270
v 0.470003 -0.401838 0.881184
v 0.473930 -0.432475 0.886895
v 0.479432 -0.457556 0.902541
v 0.587095 -0.438560 0.866839
v 1.001235 -0.517844 0.739172
v 1.004358 -0.536865 0.757618
v 1.005591 -0.552760 0.774799
v 0.596626 -0.478099 0.900860
v 0.485622 -0.480204 0.922537
v 0.490219 -0.477135 0.945912
v 0.493533 -0.467628 0.965891
v 0.494794 -0.447824 0.980436
v 0.492683 -0.433026 0.976650
v 0.490572 -0.418228 0.972863
v 0.485660 -0.391064 0.960941
v 0.479175 -0.369458 0.939083
v 0.474322 -0.371240 0.915029
v 0.471521 -0.383321 0.896408
vt 0.959832 0.911180
vt 0.923823 0.708883
vt 0.929676 0.707673
vt 0.958717 0.915369
vt 0.886546 0.520942
vt 0.692259 0.131430
vt 0.879897 0.483345
vt 0.687469 0.081732
vt 0.934834 0.706644
vt 0.955701 0.917624
vt 0.696809 0.128289
vt 0.686238 0.078692
vt 0.937620 0.706097
vt 0.974374 0.894248
vt 0.900518 0.518220
vt 0.585661 0.008678
vt 0.588750 0.003743
vt 0.592707 0.007112
vt 0.586674 0.011817
vt 0.951851 0.919034
vt 0.940406 0.705549
vt 0.947428 0.704236
vt 0.947371 0.916055
vt 0.903340 0.517666
vt 0.910850 0.516152
vt 0.895789 0.480305
vt 0.902874 0.478789
vt 0.954292 0.702961
vt 0.943545 0.912430
vt 0.918212 0.514671
vt 0.909814 0.477295
vt 0.961379 0.701660
vt 0.992226 0.891039
vt 0.925781 0.513143
vt 0.916940 0.475745
vt 0.994251 0.890718
vt 0.964177 0.701172
vt 0.966974 0.700684
vt 0.942240 0.903947
vt 0.928602 0.512563
vt 0.931425 0.511984
vt 0.919589 0.475123
vt 0.922237 0.474502
vt 0.897147 0.714729
vt 0.944544 0.900967
vt 0.858037 0.526290
vt 0.852853 0.487687
vt 0.902978 0.713405
vt 0.948750 0.899919
vt 0.864040 0.525179
vt 0.858547 0.486856
vt 0.910018 0.711864
vt 0.953362 0.902770
vt 0.871631 0.523750
vt 0.865744 0.485692
vt 0.916839 0.710387
vt 0.956925 0.906653
vt 0.879014 0.522358
vt 0.872749 0.484537
vt 0.842912 0.333864
vt 0.837552 0.334684
vt 0.833258 0.335272
vt 0.876744 0.318499
vt 0.848119 0.333046
vt 0.870009 0.318430
vt 0.853433 0.332197
vt 0.857703 0.331445
vt 0.885108 0.325511
vt 0.876486 0.323086
vt 0.870092 0.322901
vt 0.861403 0.330736
vt 0.882007 0.324629
vt 0.876159 0.325375
vt 0.870331 0.325140
vt 0.863414 0.330337
vt 0.949575 0.905466
vt 0.954255 0.910310
vt 0.946421 0.908807
vt 0.950952 0.913323
vt 0.944983 0.910619
vt 0.949161 0.914689
vt 0.684193 0.078507
vt 0.873261 0.445582
vt 0.680803 0.077821
vt 0.681501 0.079607
vt 0.894810 0.441326
vt 0.888195 0.442759
vt 0.865425 0.329939
vt 0.870571 0.327379
vt 0.901288 0.439906
vt 0.875833 0.327665
vt 0.907940 0.438423
vt 0.881124 0.326479
vt 0.912900 0.437224
vt 0.910420 0.437823
vt 0.847952 0.449475
vt 0.853299 0.448736
vt 0.860034 0.447696
vt 0.866581 0.446658
vt 0.686446 0.078950
vt 0.672573 0.082311
vt 0.673342 0.059480
vt 0.678218 0.067394
vt 0.675708 0.071404
vt 0.677082 0.077289
vt 0.675072 0.079701
vt 0.594982 0.000546
vt 0.592662 0.000269
vt 0.596688 0.009938
vt 0.595864 0.016489
vt 0.674065 0.064760
vt 0.596744 0.002770
vt 0.927084 0.473331
vt 0.917440 0.436096
vt 0.864515 0.324292
vt 0.865326 0.326174
vt 0.883116 0.325995
vt 0.882890 0.322780
vt 0.941505 0.905860
vt 0.996276 0.890397
vt 0.953776 0.918329
vt 0.976387 0.893852
vt 0.883470 0.319058
vt 0.888763 0.324600
vt 0.870829 0.313977
vt 0.865542 0.314979
vt 0.959170 0.897494
vt 0.964421 0.896297
vt 0.876098 0.313895
vt 0.954031 0.898679
vt 0.881339 0.315283
vt 1.000000 0.889825
vt 0.940769 0.907773
vt 0.986880 0.891970
vt 0.870685 0.328796
vt 0.981688 0.892895
vt 0.863704 0.322410
vt 0.972361 0.894645
vt 0.863268 0.318668
vt 0.968664 0.895390
vt 0.936598 0.510920
vt 0.972160 0.699796
vt 0.686908 0.093742
vt 0.679569 0.075849
vt 0.885587 0.482323
vt 0.878582 0.444639
vt 0.699252 0.127036
vt 0.701661 0.125770
vt 0.885687 0.443256
vt 0.883180 0.443753
vt 0.897698 0.518781
vt 0.892527 0.519790
vt 0.717780 0.030703
vt 0.713326 0.025189
vt 0.598021 0.000000
vt 0.711346 0.023410
vt 0.593683 0.018755
vt 0.589427 0.013438
vt 0.591206 0.021054
vt 0.666961 0.081752
vt 0.585820 0.024370
vt 0.679678 0.099124
vt 0.675731 0.102585
vn -0.193885 -0.216439 -0.956851
vn -0.188415 -0.213767 -0.958542
vn -0.164416 -0.375367 -0.912177
vn -0.166919 -0.390792 -0.905218
vn -0.181929 -0.210328 -0.960554
vn -0.156412 -0.380898 -0.911292
vn -0.165850 -0.201137 -0.965421
vn -0.140384 -0.375175 -0.916262
vn -0.121637 -0.588601 -0.799221
vn -0.127299 -0.584228 -0.801544
vn -0.119783 -0.582553 -0.803918
vn -0.108857 -0.543238 -0.832492
vn -0.101936 -0.667382 -0.737706
vn -0.107181 -0.666572 -0.737695
vn -0.101712 -0.670313 -0.735074
vn -0.300371 -0.539993 -0.786247
vn 0.483181 -0.607798 -0.630173
vn 0.488715 -0.613917 -0.619890
vn -0.290351 -0.715958 -0.634902
vn 0.089441 -0.991358 0.095971
vn 0.100418 -0.990235 0.096701
vn 0.128249 -0.960347 0.247560
vn 0.118155 -0.961101 0.249649
vn 0.110960 -0.988957 0.098248
vn 0.138814 -0.960516 0.241122
vn 0.129903 -0.986051 0.104059
vn 0.157564 -0.955674 0.248717
vn 0.188760 -0.756839 0.625752
vn 0.177850 -0.760456 0.624560
vn 0.200951 -0.750444 0.629645
vn 0.216744 -0.758457 0.614626
vn 0.207795 -0.575726 0.790797
vn 0.197590 -0.573922 0.794715
vn 0.217645 -0.578217 0.786318
vn 0.234451 -0.585177 0.776273
vn 0.159820 0.276036 0.947767
vn 0.164979 0.274920 0.947207
vn 0.150151 0.370903 0.916453
vn 0.144672 0.375925 0.915287
vn 0.172659 0.273054 0.946377
vn 0.156546 0.373369 0.914379
vn 0.189305 0.268666 0.944448
vn 0.173313 0.370621 0.912470
vn 0.107486 0.584539 0.804214
vn 0.105471 0.570839 0.814259
vn 0.115712 0.579794 0.806505
vn 0.131558 0.584873 0.800385
vn 0.073964 0.712522 0.697741
vn 0.068653 0.710409 0.700433
vn 0.080228 0.715176 0.694325
vn 0.095639 0.722009 0.685242
vn -0.114696 0.992883 -0.032063
vn -0.105026 0.993766 -0.037399
vn -0.151347 0.949549 -0.274682
vn -0.162503 0.947168 -0.276525
vn -0.095808 0.994447 -0.043552
vn -0.138578 0.953046 -0.269259
vn -0.080517 0.995087 -0.057608
vn -0.123763 0.949942 -0.286866
vn -0.209403 0.733724 -0.646374
vn -0.219450 0.732734 -0.644160
vn -0.198498 0.731852 -0.651914
vn -0.180626 0.741099 -0.646642
vn -0.220521 0.619986 -0.752986
vn -0.231060 0.616662 -0.752555
vn -0.210475 0.623750 -0.752752
vn -0.192723 0.632627 -0.750094
vn 0.975246 0.087141 -0.203227
vn 0.975247 0.087139 -0.203226
vn 0.975246 0.087140 -0.203227
vn 0.975246 0.087140 -0.203227
vn 0.975246 0.087141 -0.203227
vn 0.975246 0.087140 -0.203227
vn 0.975247 0.087139 -0.203226
vn 0.975247 0.087139 -0.203226
vn 0.975246 0.087141 -0.203227
vn 0.975246 0.087140 -0.203227
vn 0.975247 0.087139 -0.203227
vn 0.975247 0.087139 -0.203226
vn 0.975246 0.087144 -0.203229
vn 0.975246 0.087144 -0.203229
vn 0.975246 0.087142 -0.203228
vn 0.975246 0.087139 -0.203227
vn -0.975246 -0.087142 0.203228
vn -0.975246 -0.087140 0.203227
vn -0.975246 -0.087141 0.203227
vn -0.975246 -0.087142 0.203228
vn -0.975246 -0.087140 0.203227
vn -0.975246 -0.087140 0.203227
vn -0.975246 -0.087142 0.203228
vn -0.975246 -0.087141 0.203227
vn -0.975246 -0.087142 0.203228
vn -0.975246 -0.087142 0.203228
vn -0.975246 -0.087140 0.203227
vn -0.975246 -0.087140 0.203227
vn -0.975247 -0.087139 0.203226
vn -0.975246 -0.087142 0.203228
vn -0.975247 -0.087137 0.203225
vn -0.975247 -0.087136 0.203225
vn -0.140783 -0.372800 -0.917169
vn -0.165634 -0.202908 -0.965088
vn -0.165553 -0.203573 -0.964961
vn -0.139316 -0.381639 -0.913752
vn -0.100650 -0.578886 -0.809173
vn -0.098822 -0.586572 -0.803845
vn -0.077441 -0.670200 -0.738130
vn -0.077447 -0.670200 -0.738128
vn 0.156700 -0.957040 0.243965
vn 0.129492 -0.986324 0.101959
vn 0.129318 -0.986439 0.101067
vn 0.158392 -0.954351 0.253232
vn 0.217561 -0.753226 0.620740
vn 0.215657 -0.765321 0.606446
vn 0.234574 -0.583235 0.777697
vn 0.234625 -0.582432 0.778283
vn 0.173286 0.370780 0.912411
vn 0.189088 0.270104 0.944081
vn 0.189028 0.270529 0.943972
vn 0.172936 0.372828 0.911643
vn 0.131074 0.586949 0.798943
vn 0.132847 0.579192 0.804294
vn 0.096002 0.720759 0.686506
vn 0.096139 0.720289 0.686980
vn -0.122389 0.952378 -0.279279
vn -0.080041 0.995259 -0.055250
vn -0.079845 0.995329 -0.054276
vn -0.125556 0.946614 -0.296915
vn -0.181093 0.737739 -0.650343
vn -0.180169 0.744279 -0.643108
vn -0.192856 0.630964 -0.751460
vn -0.192912 0.630257 -0.752038
vn -0.271778 0.458803 -0.845953
vn -0.151617 0.974696 -0.164254
vn -0.146432 0.599977 -0.786502
vn -0.310532 -0.025775 -0.950213
vn 0.000801 -0.762337 -0.647180
vn -0.008333 -0.584983 -0.811003
vn -0.000701 -0.736171 -0.676795
vn 0.000801 -0.762337 -0.647180
vn 0.239864 -0.269675 0.932599
vn 0.228797 -0.528682 0.817402
vn 0.151133 -0.892293 0.425408
vn 0.025155 -0.839151 0.543317
vn -0.281336 -0.680808 -0.676277
vn -0.269566 -0.554917 -0.787021
vn -0.276161 0.127694 -0.952591
vn -0.310330 -0.064392 -0.948445
vn 0.251742 0.910991 0.326683
vn 0.302742 0.740716 0.599739
vn 0.308429 0.702466 0.641415
vn 0.251742 0.910991 0.326683
vn 0.078322 -0.714316 0.695427
vn 0.013511 -0.832881 0.553287
vn -0.975248 -0.087131 0.203222
vn -0.975248 -0.087133 0.203223
vn -0.975247 -0.087135 0.203225
vn -0.975247 -0.087136 0.203225
vn 0.159718 0.276025 0.947787
vn 0.165561 0.274810 0.947137
vn 0.172219 0.273225 0.946409
vn 0.189285 0.268607 0.944469
vn 0.189075 0.269980 0.944119
vn 0.188991 0.270525 0.943980
vn 0.975244 0.087150 -0.203232
vn 0.975245 0.087147 -0.203231
vn 0.975245 0.087145 -0.203230
vn 0.975245 0.087144 -0.203229
vn -0.077478 -0.670205 -0.738121
vn -0.077478 -0.670205 -0.738121
vn -0.008701 -0.576890 -0.816776
vn -0.008701 -0.576890 -0.816776
vn 0.320981 0.531771 0.783704
vn 0.320981 0.531771 0.783704
vn 0.493507 -0.633077 -0.596377
vn -0.215843 -0.908282 -0.358381
vn -0.192371 -0.851517 -0.487763
vn -0.095879 -0.685698 -0.721544
vn -0.101344 -0.667460 -0.737717
vn -0.107283 -0.666581 -0.737672
vn 0.011130 0.903101 0.429283
vn 0.085092 0.990673 -0.106425
vn 0.100748 0.964105 -0.245663
vn 0.463486 -0.664480 -0.586214
vn 0.475141 -0.624834 -0.619534
vn 0.485429 -0.583555 -0.651016
vn 0.293725 0.046355 0.954765
vn 0.298783 0.059916 0.952438
vn 0.242406 -0.083231 0.966598
s 1
g pCube6
usemtl initialShadingGroup
f 665/1149/1441 666/1023/1442 670/1024/1443 669/1161/1444
f 666/1023/1442 667/1026/1445 671/1173/1446 670/1024/1443
f 667/1026/1445 759/1028/1447 760/1166/1448 671/1173/1446
f 669/1161/1444 670/1024/1443 674/1030/1449 673/1159/1450
f 670/1024/1443 671/1173/1446 675/1172/1451 674/1030/1449
f 671/1027/1446 760/1184/1448 761/1183/1452 675/1032/1451
f 673/1159/1450 674/1030/1449 758/1034/1453 741/1035/1454
f 674/1030/1449 675/1172/1451 757/1036/1455 758/1034/1453
f 737/1037/1456 763/1038/1457 764/1039/1458 755/1040/1459
s 3
f 677/1143/1460 678/1042/1461 682/1043/1462 681/1157/1463
f 678/1042/1461 679/1045/1464 683/1046/1465 682/1043/1462
f 679/1045/1464 767/1047/1466 768/1048/1467 683/1046/1465
f 681/1157/1463 682/1043/1462 686/1049/1468 685/1155/1469
f 682/1043/1462 683/1046/1465 687/1051/1470 686/1049/1468
f 683/1046/1465 768/1048/1467 769/1052/1471 687/1051/1470
f 685/1155/1469 686/1049/1468 690/1053/1472 689/1054/1473
f 686/1049/1468 687/1051/1470 691/1055/1474 690/1053/1472
f 687/1051/1470 769/1052/1471 770/1056/1475 691/1055/1474
s 4
f 744/1057/1476 745/1058/1477 694/1059/1478 693/1141/1479
f 745/1058/1477 746/1061/1480 695/1062/1481 694/1059/1478
f 746/1061/1480 771/1063/1482 772/1064/1483 695/1062/1481
f 693/1141/1479 694/1059/1478 698/1163/1484 697/1153/1485
f 694/1059/1478 695/1062/1481 699/1162/1486 698/1163/1484
f 695/1062/1481 772/1064/1483 773/1134/1487 699/1162/1486
f 697/1066/1485 698/1065/1484 702/1069/1488 701/1070/1489
f 698/1065/1484 699/1067/1486 703/1071/1490 702/1069/1488
f 699/1067/1486 773/1068/1487 774/1072/1491 703/1071/1490
s 5
f 701/1070/1492 702/1069/1493 706/1073/1494 705/1151/1495
f 702/1069/1493 703/1071/1496 707/1075/1497 706/1073/1494
f 703/1071/1496 774/1072/1498 775/1076/1499 707/1075/1497
f 705/1151/1495 706/1073/1494 710/1077/1500 709/1148/1501
f 706/1073/1494 707/1075/1497 711/1079/1502 710/1077/1500
f 707/1075/1497 775/1076/1499 776/1080/1503 711/1079/1502
f 709/1148/1501 710/1077/1500 666/1023/1504 665/1149/1505
f 710/1077/1500 711/1079/1502 667/1026/1506 666/1023/1504
f 711/1079/1502 776/1080/1503 759/1028/1507 667/1026/1506
s 6
f 708/1150/1508 704/1152/1509 700/1144/1510 713/1084/1511
f 712/1146/1512 708/1150/1508 713/1084/1511 714/1086/1513
f 668/1147/1514 712/1146/1512 714/1086/1513 672/1160/1515
f 713/1084/1511 700/1144/1510 696/1139/1516 715/1090/1517
f 714/1086/1513 713/1084/1511 715/1090/1517 716/1091/1518
f 672/1160/1515 714/1086/1513 716/1091/1518 676/1158/1519
f 715/1090/1517 696/1139/1516 748/1093/1520 749/1094/1521
f 716/1091/1518 715/1090/1517 749/1094/1521 750/1095/1522
f 676/1158/1519 716/1091/1518 750/1095/1522 751/1136/1523
s 7
f 701/1070/1524 705/1074/1525 717/1097/1526 697/1066/1527
f 705/1074/1525 709/1078/1528 718/1098/1529 717/1097/1526
f 709/1078/1528 665/1022/1530 669/1025/1531 718/1098/1529
f 697/1066/1527 717/1097/1526 719/1099/1532 693/1060/1533
f 717/1097/1526 718/1098/1529 720/1100/1534 719/1099/1532
f 718/1098/1529 669/1025/1531 673/1031/1535 720/1100/1534
f 693/1060/1533 719/1099/1532 743/1101/1536 744/1140/1537
f 719/1099/1532 720/1100/1534 742/1102/1538 743/1101/1536
f 720/1100/1534 673/1031/1535 741/1142/1539 742/1102/1538
s 1
f 722/1167/1540 721/1104/1541 668/1087/1542 672/1088/1543
f 723/1171/1544 722/1167/1540 672/1088/1543 676/1092/1545
f 751/1096/1546 752/1170/1547 723/1171/1544 676/1092/1545
s 3
f 725/1107/1548 724/1108/1549 680/1109/1550 684/1156/1551
f 726/1111/1552 725/1107/1548 684/1156/1551 688/1112/1553
f 727/1113/1554 726/1111/1552 688/1112/1553 692/1114/1555
s 4
f 728/1115/1556 747/1116/1557 748/1138/1558 696/1089/1559
f 729/1135/1560 728/1115/1556 696/1089/1559 700/1145/1561
f 730/1118/1562 729/1117/1560 700/1083/1561 704/1082/1563
s 5
f 731/1119/1564 730/1118/1565 704/1082/1566 708/1081/1567
f 732/1120/1568 731/1119/1564 708/1081/1567 712/1085/1569
f 721/1104/1570 732/1120/1568 712/1085/1569 668/1087/1571
s 8
f 675/1032/1572 761/1183/1573 762/1181/1574 733/1122/1575
s 9
f 723/1105/1576 752/1106/1577 753/1123/1578 734/1124/1579
s 10
f 766/1125/1580 767/1164/1581 679/1169/1582 736/1126/1583
s 1
f 756/1127/1584 757/1168/1455 675/1032/1451 733/1122/1585
s 8
f 733/1122/1575 762/1181/1574 763/1182/1586 737/1180/1587
s 11
f 734/1124/1588 753/1123/1589 754/1177/1590 738/1175/1591
s 10
f 765/1130/1592 766/1125/1580 736/1126/1583 740/1131/1593
s 1
f 755/1178/1459 756/1127/1584 733/1122/1585 737/1180/1456
s 7
f 742/1102/1538 741/1142/1539 677/1041/1594 681/1044/1595
f 743/1101/1536 742/1102/1538 681/1044/1595 685/1050/1596
f 744/1140/1537 743/1101/1536 685/1050/1596 689/1154/1597
s 4
f 689/1054/1598 690/1053/1599 745/1058/1477 744/1057/1476
f 690/1053/1599 691/1055/1600 746/1061/1480 745/1058/1477
f 691/1055/1600 770/1056/1601 771/1063/1482 746/1061/1480
f 748/1138/1558 747/1116/1557 727/1113/1602 692/1114/1603
s 6
f 749/1094/1521 748/1093/1520 692/1114/1604 688/1112/1605
f 750/1095/1522 749/1094/1521 688/1112/1605 684/1110/1606
f 751/1136/1523 750/1095/1522 684/1110/1606 680/1137/1607
s 1
f 724/1108/1608 752/1170/1547 751/1096/1546 680/1109/1609
s 9
f 753/1123/1578 752/1106/1577 724/1165/1610 735/1132/1611
s 11
f 754/1176/1590 753/1123/1589 735/1132/1612 739/1133/1613
s 1
f 755/1040/1459 764/1039/1458 765/1130/1614 740/1179/1615
f 736/1126/1616 756/1127/1584 755/1178/1459 740/1131/1615
f 679/1169/1617 757/1168/1455 756/1127/1584 736/1126/1616
f 758/1034/1453 757/1036/1455 679/1045/1617 678/1042/1618
f 741/1035/1454 758/1034/1453 678/1042/1618 677/1143/1619
f 760/1166/1448 759/1028/1447 721/1104/1541 722/1167/1540
f 761/1033/1452 760/1029/1448 722/1103/1540 723/1105/1544
s 8
f 762/1121/1574 761/1033/1573 723/1105/1620 734/1124/1621
f 763/1174/1586 762/1121/1574 734/1124/1621 738/1175/1622
s 1
f 764/1039/1458 763/1038/1457 738/1129/1623 754/1128/1624
f 765/1130/1614 764/1039/1458 754/1128/1624 739/1133/1625
s 10
f 735/1132/1626 766/1125/1580 765/1130/1592 739/1133/1627
f 724/1165/1628 767/1164/1581 766/1125/1580 735/1132/1626
s 3
f 768/1048/1467 767/1047/1466 724/1108/1549 725/1107/1548
f 769/1052/1471 768/1048/1467 725/1107/1548 726/1111/1552
f 770/1056/1475 769/1052/1471 726/1111/1552 727/1113/1554
s 4
f 771/1063/1482 770/1056/1601 727/1113/1602 747/1116/1557
f 772/1064/1483 771/1063/1482 747/1116/1557 728/1115/1556
f 773/1134/1487 772/1064/1483 728/1115/1556 729/1135/1560
f 774/1072/1491 773/1068/1487 729/1117/1560 730/1118/1562
s 5
f 775/1076/1499 774/1072/1498 730/1118/1565 731/1119/1564
f 776/1080/1503 775/1076/1499 731/1119/1564 732/1120/1568
f 759/1028/1507 776/1080/1503 732/1120/1568 721/1104/1570
g default
v -0.711587 -0.569326 -0.506460
v 0.147749 -0.576292 -0.665422
v 1.007084 -0.583257 -0.824385
v 1.866419 -0.590223 -0.983347
v -0.704193 -0.434039 -0.472415
v 0.155143 -0.441004 -0.631378
v 1.014478 -0.447970 -0.790340
v 1.873814 -0.454935 -0.949303
v -0.704736 -0.302236 -0.481127
v 0.154600 -0.309201 -0.640090
v 1.013935 -0.316167 -0.799053
v 1.873270 -0.323132 -0.958015
v -0.714249 -0.174371 -0.538156
v 0.145087 -0.181337 -0.697119
v 1.004422 -0.188302 -0.856081
v 1.863758 -0.195268 -1.015044
v -0.736373 -0.140744 -0.659228
v 0.122963 -0.147709 -0.818191
v 0.982298 -0.154675 -0.977154
v 1.841634 -0.161640 -1.136116
v -0.758205 -0.150329 -0.776833
v 0.101130 -0.157295 -0.935795
v 0.960466 -0.164260 -1.094758
v 1.819801 -0.171226 -1.253720
v -0.779746 -0.203127 -0.890969
v 0.079589 -0.210093 -1.049932
v 0.897888 -0.180288 -1.179816
v 1.798260 -0.224024 -1.367857
v -0.787485 -0.338566 -0.926867
v 0.071851 -0.345531 -1.085829
v 0.871785 -0.372305 -1.234376
v 1.790522 -0.359462 -1.403755
v -0.786253 -0.470066 -0.914448
v 0.073082 -0.477032 -1.073411
v 0.932418 -0.483997 -1.232373
v 1.791753 -0.490963 -1.391336
v -0.777084 -0.598082 -0.859273
v 0.082251 -0.605048 -1.018235
v 0.941587 -0.612013 -1.177198
v 1.800922 -0.618979 -1.336160
v -0.754961 -0.631710 -0.738200
v 0.104375 -0.638675 -0.897163
v 0.963710 -0.645640 -1.056125
v 1.823046 -0.652606 -1.215088
v -0.733128 -0.622124 -0.620596
v 0.126207 -0.629090 -0.779559
v 0.985543 -0.636055 -0.938521
v 1.844878 -0.643021 -1.097484
v 1.703714 -0.475760 -1.213588
v 1.727771 -0.465198 -1.083997
v 1.702746 -0.347195 -1.224453
v 1.727005 -0.336545 -1.093775
v -0.640231 -0.456761 -0.779998
v -0.616174 -0.446199 -0.650407
v -0.641199 -0.328196 -0.790862
v -0.616940 -0.317545 -0.660185
v 1.824039 -0.604252 -1.211837
v 1.804604 -0.578048 -1.318050
v 1.796609 -0.475726 -1.365754
v 1.843241 -0.595822 -1.108403
v 1.862209 -0.552757 -1.007749
v 1.868782 -0.444040 -0.976982
v 1.795595 -0.370340 -1.375852
v 1.868373 -0.338387 -0.983821
v 1.802470 -0.261490 -1.343455
v 1.821439 -0.218424 -1.242801
v 1.840640 -0.209994 -1.139367
v 1.860076 -0.236199 -1.033154
v -0.773403 -0.557151 -0.841163
v -0.753967 -0.583356 -0.734949
v -0.781398 -0.454830 -0.888866
v -0.734765 -0.574926 -0.631515
v -0.715797 -0.531860 -0.530861
v -0.709225 -0.423143 -0.500095
v -0.782411 -0.349443 -0.898964
v -0.709633 -0.317491 -0.506933
v -0.756568 -0.197528 -0.765913
v -0.775536 -0.240593 -0.866568
v -0.737366 -0.189098 -0.662479
v -0.717931 -0.215302 -0.556266
v 1.707008 -0.603304 -1.190188
v 1.687573 -0.577099 -1.296402
v 1.679578 -0.474778 -1.344105
v 1.726210 -0.594873 -1.086754
v 1.745179 -0.551808 -0.986100
v 1.751751 -0.443091 -0.955334
v 1.678564 -0.369391 -1.354203
v 1.751343 -0.337439 -0.962172
v 1.685439 -0.260541 -1.321807
v 1.704408 -0.217476 -1.221152
v 1.723610 -0.209045 -1.117718
v 1.743045 -0.235250 -1.011505
v -0.656372 -0.558100 -0.862812
v -0.636937 -0.584305 -0.756598
v -0.664367 -0.455778 -0.910515
v -0.617735 -0.575874 -0.653164
v -0.598766 -0.532809 -0.552510
v -0.592194 -0.424092 -0.521743
v -0.665381 -0.350392 -0.920613
v -0.592602 -0.318440 -0.528582
v -0.639537 -0.198476 -0.787562
v -0.658505 -0.241542 -0.888216
v -0.620335 -0.190046 -0.684128
v -0.600900 -0.216251 -0.577915
v 1.264885 -0.585347 -0.872074
v 1.272279 -0.450059 -0.838029
v 1.271736 -0.318257 -0.846741
v 1.262223 -0.190392 -0.903770
v 1.240099 -0.156765 -1.024842
v 1.218266 -0.166350 -1.142447
v 1.276276 -0.197355 -1.237787
v 1.250173 -0.389372 -1.292348
v 1.190218 -0.486087 -1.280062
v 1.199387 -0.614103 -1.224886
v 1.221511 -0.647730 -1.103814
v 1.243343 -0.638145 -0.986210
v 1.172483 -0.234894 -1.229781
v 0.958880 -0.226423 -1.234724
v 1.184199 -0.345425 -1.264279
v 0.970595 -0.336954 -1.269221
v 1.063255 -0.207766 -1.225108
v 1.222580 -0.291913 -1.246006
v 1.079823 -0.364081 -1.273894
v 0.920499 -0.279934 -1.252996
v 1.192588 -0.175648 -1.412412
v 1.126590 -0.187445 -1.418492
v 1.261655 -0.192801 -1.415367
v 1.293332 -0.228856 -1.425626
v 1.269063 -0.262692 -1.437180
v 1.203065 -0.274489 -1.443260
v 1.133998 -0.257336 -1.440305
v 1.102321 -0.221281 -1.430046
v 1.102055 -0.198131 -1.281299
v 1.009193 -0.214730 -1.289854
v 0.975046 -0.262338 -1.306111
v 1.019616 -0.313069 -1.320546
v 1.116796 -0.337203 -1.324704
v 1.209658 -0.320605 -1.316149
v 1.243805 -0.272996 -1.299892
v 1.199235 -0.222266 -1.285457
v 1.156375 -0.184642 -1.359967
v 1.079631 -0.198359 -1.367037
v 1.051411 -0.237704 -1.380472
v 1.088245 -0.279629 -1.392402
v 1.168557 -0.299575 -1.395838
v 1.245301 -0.285857 -1.388768
v 1.273521 -0.246512 -1.375333
v 1.236687 -0.204587 -1.363403
v 1.182369 -0.210189 -1.308159
v 1.139644 -0.197908 -1.310955
v 1.205668 -0.207360 -1.333485
v 1.162943 -0.195079 -1.336281
v 1.156181 -0.204634 -1.304311
v 1.202867 -0.211318 -1.320243
v 1.189131 -0.200634 -1.340129
v 1.142445 -0.193950 -1.324197
v 1.201418 -0.156043 -1.304221
v 1.192598 -0.152456 -1.307764
v 1.215386 -0.159006 -1.306273
v 1.226319 -0.159608 -1.312718
v 1.227812 -0.157497 -1.319781
v 1.218992 -0.153910 -1.323324
v 1.205025 -0.150947 -1.321272
v 1.194092 -0.150345 -1.314827
vt 0.261233 0.418664
vt 0.373217 0.300786
vt 0.410190 0.333484
vt 0.299505 0.454353
vt 0.490672 0.190125
vt 0.528654 0.222611
vt 0.525719 0.158406
vt 0.564726 0.190020
vt 0.445675 0.362929
vt 0.337353 0.484175
vt 0.564134 0.253163
vt 0.600698 0.220654
vt 0.483255 0.395817
vt 0.376823 0.512916
vt 0.600970 0.287911
vt 0.637769 0.255579
vt 0.517854 0.430884
vt 0.412404 0.544175
vt 0.634510 0.324731
vt 0.671213 0.291436
vt 0.389102 0.581262
vt 0.004682 0.715029
vt 0.663027 0.362876
vt 0.593738 0.611543
vt 0.380624 0.630386
vt 0.045162 0.724732
vt 0.234629 0.072782
vt 0.277493 0.005894
vt 0.368966 0.679646
vt 0.084800 0.735977
vt 0.141775 0.084055
vt 0.315350 0.084763
vt 0.309882 0.072576
vt 0.309328 0.073702
vt 0.310964 0.071308
vt 0.309205 0.073997
vt 0.309449 0.073663
vt 0.308948 0.074434
vt 0.351979 0.062528
vt 0.360077 0.725643
vt 0.128074 0.738280
vt 0.520737 0.746040
vt 0.077405 0.114176
vt 0.567995 0.752616
vt 0.351322 0.774444
vt 0.186759 0.743106
vt 0.511421 0.795580
vt 0.557371 0.802936
vt 0.308303 0.230567
vt 0.201708 0.341604
vt 0.505072 0.845401
vt 0.454445 0.092903
vt 0.338593 0.266178
vt 0.224195 0.383445
vt 0.454621 0.156487
vt 0.488304 0.125646
vt 0.975391 0.037293
vt 0.822480 0.588616
vt 0.798150 0.617152
vt 0.778663 0.568381
vt 0.949747 0.073694
vt 0.873648 0.256582
vt 0.914182 0.101473
vt 0.880364 0.125647
vt 0.768427 0.638018
vt 0.739425 0.594164
vt 0.835179 0.228226
vt 0.849464 0.147912
vt 0.729819 0.644332
vt 0.705541 0.612272
vt 0.793869 0.200467
vt 0.817142 0.172490
vt 0.160977 0.777795
vt 0.185153 0.809815
vt 0.161477 0.318224
vt 0.122600 0.785262
vt 0.182641 0.387273
vt 0.139321 0.362540
vt 0.158571 0.414356
vt 0.125877 0.438065
vt 0.121666 0.291346
vt 0.092282 0.805390
vt 0.099309 0.338118
vt 0.094501 0.459722
vt 0.000000 0.549221
vt 0.070680 0.836800
vt 0.024137 0.511330
vt 0.060042 0.483583
vt 0.880197 0.716677
vt 0.843096 0.701878
vt 0.841744 0.595154
vt 0.845901 0.549692
vt 0.805157 0.688065
vt 0.813927 0.631902
vt 0.556629 0.042080
vt 0.934418 0.057707
vt 0.593134 0.073645
vt 0.901090 0.083886
vt 0.634390 0.102682
vt 0.867614 0.107914
vt 0.762095 0.684893
vt 0.777777 0.656276
vt 0.673493 0.133830
vt 0.836470 0.130285
vt 0.704956 0.678573
vt 0.721866 0.665678
vt 0.774070 0.245966
vt 0.777945 0.235100
vt 0.752447 0.204949
vt 0.768311 0.193046
vt 0.713261 0.170093
vt 0.802225 0.155762
vt 0.197394 0.351790
vt 0.168978 0.756184
vt 0.113031 0.766755
vt 0.207792 0.394761
vt 0.173061 0.431442
vt 0.138491 0.455967
vt 0.075586 0.792313
vt 0.106935 0.477685
vt 0.050888 0.831734
vt 0.049201 0.877184
vt 0.039698 0.527152
vt 0.072961 0.501307
vt 0.289383 0.041281
vt 0.269482 0.071736
vt 0.300534 0.120991
vt 0.359931 0.000020
vt 0.322556 0.008329
vt 0.111648 0.114324
vt 0.151341 0.115672
vt 0.187469 0.113303
vt 0.010439 0.042683
vt 0.310452 0.091794
vt 0.001713 0.035375
vt 0.337962 0.028327
vt 0.366609 0.025146
vt 0.390943 0.047507
vt 0.388745 0.083782
vt 0.353082 0.101820
vt 0.014281 0.053756
vt 0.327110 0.095694
vt 0.352352 0.090843
vt 0.370587 0.078472
vt 0.368607 0.058855
vt 0.350001 0.049370
vt 0.330494 0.052819
vt 0.021879 0.066428
vt 0.009442 0.006738
vt 0.006271 0.006031
vt 0.011461 0.006524
vt 0.012377 0.004800
vt 0.006275 0.002195
vt 0.013498 0.002481
vt 0.008906 0.000016
vt 0.021040 0.003304
vt 0.009468 0.029535
vt 0.021695 0.026898
vt 0.012210 0.034537
vt 0.004015 0.022911
vt 0.003667 0.026336
vt 0.023868 0.054866
vt 0.020641 0.049230
vt 0.015362 0.046755
vt 0.602578 0.649384
vt 0.586781 0.720007
vt 0.516859 0.705832
vt 0.531532 0.635436
vt 0.307865 0.081910
vt 0.308421 0.083587
vt 0.316717 0.058295
vt 0.306588 0.078192
vt 0.040522 0.011933
vt 0.028805 0.058629
vt 0.015357 0.005657
vt 0.018229 0.004542
vt 0.011972 0.000309
vt 0.023780 0.002117
vt 0.026503 0.001268
vt 0.029837 0.002278
vt 0.038961 0.006456
vt 0.012412 0.006485
vt 0.027339 0.024559
vt 0.032630 0.021530
vt 0.037358 0.017509
vt 0.015765 0.028695
vt 0.015108 0.042645
vt 0.000000 0.019570
vt 0.077353 0.143061
vt 0.000000 0.177173
vt 0.310957 0.069699
vt 0.309086 0.080163
vt 0.334911 0.093565
vt 0.343434 0.083775
vt 0.355170 0.074609
vt 0.308945 0.074452
vt 0.333737 0.058584
vt 0.309224 0.073778
vt 0.320002 0.039706
vt 0.290987 0.066936
vt 0.362204 0.130116
vt 0.412913 0.091706
vt 0.411890 0.031776
vt 0.226008 0.103535
vt 0.550050 0.853062
vt 0.422702 0.121650
vt 0.700494 0.328742
vt 0.544654 0.599237
vt 0.070980 0.878350
vt 0.433863 0.586308
vt 0.191516 0.795315
vt 0.190088 0.350408
vt 0.697578 0.626601
vt 0.784561 0.235998
vt 0.824099 0.546992
vt 0.533116 0.000006
vt 0.446480 0.575104
vt 0.194586 0.790119
vt 0.692774 0.632137
vt 0.520933 0.011448
vt 0.114871 0.854461
vt 0.151996 0.827765
vt 0.810306 0.270962
vt 0.849042 0.300961
vt 0.346007 0.824026
vt 0.547875 0.467847
vt 0.402571 0.557730
vt 0.366531 0.523449
vt 0.329744 0.492255
vt 0.018031 0.558361
vt 0.296104 0.465543
vt 0.254946 0.433011
vt 0.676799 0.122320
vt 0.719240 0.155424
vt 0.642036 0.094914
vt 0.604144 0.063771
vt 0.567287 0.028863
vt 0.957750 0.026860
vt 0.050103 0.349279
vt 0.060193 0.310888
vt 0.071096 0.381608
vt 0.077881 0.275961
vt 0.101913 0.400606
vt 0.139279 0.411907
vt 0.839700 0.178986
vt 0.876462 0.192820
vt 0.901396 0.215079
vt 0.922671 0.244276
vt 0.912895 0.282567
vt 0.894289 0.318512
vt 0.086720 0.747175
vt 0.045411 0.740601
vt 0.000000 0.729716
vt 0.124992 0.749244
vt 0.765555 0.673764
vt 0.803800 0.677092
vt 0.844055 0.686100
vt 0.887483 0.703642
vt 0.664935 0.827213
vt 0.654556 0.874990
vt 0.676141 0.778423
vt 0.201743 0.690454
vt 0.689172 0.732209
vt 0.214889 0.642423
vt 0.228536 0.592282
vt 0.241489 0.543386
vn 0.174202 -0.249250 0.952643
vn 0.174202 -0.249250 0.952643
vn 0.180267 -0.097457 0.978778
vn 0.180267 -0.097457 0.978778
vn 0.174203 -0.249250 0.952643
vn 0.180267 -0.097457 0.978778
vn 0.174202 -0.249250 0.952643
vn 0.180267 -0.097457 0.978778
vn 0.178159 0.247982 0.952242
vn 0.178159 0.247982 0.952242
vn 0.178159 0.247982 0.952242
vn 0.178159 0.247982 0.952242
vn 0.168975 0.411932 0.895410
vn 0.168975 0.411932 0.895410
vn 0.168975 0.411932 0.895410
vn 0.168975 0.411932 0.895410
vn 0.055503 0.964610 0.257774
vn 0.055503 0.964610 0.257774
vn 0.025731 0.995097 0.095498
vn 0.025731 0.995097 0.095498
vn 0.055503 0.964610 0.257774
vn 0.025731 0.995097 0.095498
vn 0.055503 0.964610 0.257774
vn 0.025731 0.995097 0.095498
vn -0.036809 0.974612 -0.220853
vn -0.038954 0.966698 -0.252938
vn -0.027977 0.983385 -0.179362
vn -0.022235 0.979941 -0.198046
vn -0.066886 0.928644 -0.364892
vn -0.068139 0.910326 -0.408244
vn -0.055198 0.954733 -0.292298
vn -0.044340 0.937048 -0.346374
vn -0.173514 0.261567 -0.949461
vn -0.167651 0.271294 -0.947783
vn -0.177147 0.114425 -0.977510
vn -0.180440 0.090544 -0.979410
vn -0.163372 0.278347 -0.946484
vn -0.175412 0.079105 -0.981312
vn 0.033989 0.301040 -0.953006
vn 0.033989 0.301041 -0.953005
vn 0.033989 0.301041 -0.953005
vn 0.033989 0.301040 -0.953005
vn 0.033989 0.301041 -0.953005
vn 0.033989 0.301040 -0.953005
vn 0.033989 0.301041 -0.953005
vn 0.033989 0.301038 -0.953006
vn -0.177974 -0.261346 -0.948696
vn -0.177894 -0.254703 -0.950516
vn -0.175989 -0.264443 -0.948208
vn -0.196953 0.068029 -0.978050
vn -0.177478 -0.253260 -0.950979
vn -0.169825 -0.400290 -0.900515
vn -0.169825 -0.400290 -0.900515
vn -0.169825 -0.400290 -0.900515
vn -0.169825 -0.400290 -0.900515
vn -0.055503 -0.964610 -0.257774
vn -0.055503 -0.964610 -0.257774
vn -0.025731 -0.995097 -0.095498
vn -0.025731 -0.995097 -0.095498
vn -0.055503 -0.964610 -0.257774
vn -0.025731 -0.995097 -0.095498
vn -0.055503 -0.964610 -0.257774
vn -0.025731 -0.995097 -0.095498
vn 0.038954 -0.966698 0.252938
vn 0.038954 -0.966698 0.252938
vn 0.038954 -0.966698 0.252938
vn 0.038954 -0.966698 0.252938
vn 0.068139 -0.910326 0.408244
vn 0.068139 -0.910326 0.408244
vn 0.068139 -0.910326 0.408244
vn 0.068139 -0.910326 0.408244
vn 0.983286 -0.007971 -0.181891
vn 0.983286 -0.007971 -0.181891
vn 0.983286 -0.007970 -0.181891
vn 0.983286 -0.007970 -0.181891
vn 0.983286 -0.007970 -0.181891
vn 0.983286 -0.007970 -0.181891
vn 0.983286 -0.007970 -0.181891
vn 0.983286 -0.007970 -0.181891
vn 0.983286 -0.007970 -0.181891
vn 0.983286 -0.007970 -0.181891
vn 0.983286 -0.007970 -0.181891
vn 0.983286 -0.007970 -0.181891
vn 0.983286 -0.007971 -0.181891
vn 0.983286 -0.007971 -0.181891
vn 0.983286 -0.007970 -0.181891
vn 0.983286 -0.007970 -0.181891
vn -0.983286 0.007969 0.181891
vn -0.983286 0.007970 0.181891
vn -0.983286 0.007970 0.181891
vn -0.983286 0.007970 0.181891
vn -0.983286 0.007970 0.181891
vn -0.983286 0.007970 0.181891
vn -0.983286 0.007970 0.181891
vn -0.983286 0.007970 0.181891
vn -0.983286 0.007970 0.181891
vn -0.983286 0.007970 0.181891
vn -0.983286 0.007970 0.181891
vn -0.983286 0.007970 0.181891
vn -0.983286 0.007970 0.181891
vn -0.983286 0.007969 0.181891
vn -0.983286 0.007970 0.181891
vn -0.983286 0.007970 0.181891
vn 0.983286 -0.007969 -0.181891
vn 0.983286 -0.007969 -0.181891
vn 0.983286 -0.007969 -0.181891
vn 0.983286 -0.007969 -0.181891
vn 0.983286 -0.007970 -0.181891
vn 0.983286 -0.007970 -0.181891
vn 0.983286 -0.007970 -0.181891
vn 0.983286 -0.007970 -0.181891
vn 0.983286 -0.007969 -0.181891
vn 0.983286 -0.007969 -0.181891
vn 0.983286 -0.007969 -0.181891
vn 0.983286 -0.007969 -0.181891
vn 0.983286 -0.007970 -0.181891
vn 0.983286 -0.007970 -0.181891
vn 0.983286 -0.007970 -0.181891
vn 0.983286 -0.007970 -0.181891
vn 0.983286 -0.007970 -0.181891
vn 0.983286 -0.007970 -0.181891
vn 0.983286 -0.007970 -0.181891
vn 0.983286 -0.007970 -0.181891
vn 0.983286 -0.007970 -0.181891
vn 0.983286 -0.007970 -0.181891
vn 0.983286 -0.007970 -0.181891
vn 0.983286 -0.007970 -0.181891
vn 0.983286 -0.007970 -0.181891
vn 0.983286 -0.007970 -0.181891
vn 0.983286 -0.007970 -0.181891
vn 0.983286 -0.007970 -0.181891
vn 0.983286 -0.007970 -0.181891
vn 0.983286 -0.007970 -0.181891
vn 0.983286 -0.007970 -0.181891
vn 0.983286 -0.007970 -0.181891
vn 0.983286 -0.007970 -0.181891
vn 0.983286 -0.007970 -0.181891
vn 0.983286 -0.007970 -0.181891
vn 0.983286 -0.007970 -0.181891
vn 0.983286 -0.007971 -0.181891
vn 0.983286 -0.007971 -0.181891
vn 0.983286 -0.007971 -0.181891
vn 0.983286 -0.007971 -0.181891
vn 0.983286 -0.007971 -0.181891
vn 0.983286 -0.007971 -0.181891
vn 0.983286 -0.007971 -0.181891
vn 0.983286 -0.007971 -0.181891
vn 0.983286 -0.007970 -0.181891
vn 0.983286 -0.007970 -0.181891
vn 0.983286 -0.007970 -0.181891
vn 0.983286 -0.007970 -0.181891
vn -0.983286 0.007970 0.181891
vn -0.983286 0.007970 0.181891
vn -0.983286 0.007970 0.181891
vn -0.983286 0.007970 0.181891
vn -0.983286 0.007970 0.181891
vn -0.983286 0.007970 0.181891
vn -0.983286 0.007970 0.181891
vn -0.983286 0.007970 0.181891
vn -0.983286 0.007971 0.181891
vn -0.983286 0.007971 0.181891
vn -0.983286 0.007971 0.181891
vn -0.983286 0.007971 0.181891
vn -0.983286 0.007969 0.181891
vn -0.983286 0.007969 0.181891
vn -0.983286 0.007969 0.181891
vn -0.983286 0.007969 0.181891
vn -0.983286 0.007970 0.181891
vn -0.983286 0.007970 0.181891
vn -0.983286 0.007970 0.181891
vn -0.983286 0.007970 0.181891
vn -0.983286 0.007970 0.181891
vn -0.983286 0.007970 0.181891
vn -0.983286 0.007970 0.181891
vn -0.983286 0.007970 0.181891
vn -0.983286 0.007970 0.181891
vn -0.983286 0.007970 0.181891
vn -0.983286 0.007970 0.181891
vn -0.983286 0.007970 0.181891
vn -0.983286 0.007971 0.181891
vn -0.983286 0.007971 0.181891
vn -0.983286 0.007971 0.181891
vn -0.983286 0.007971 0.181891
vn -0.983286 0.007970 0.181891
vn -0.983286 0.007970 0.181891
vn -0.983286 0.007970 0.181891
vn -0.983286 0.007970 0.181891
vn -0.983286 0.007969 0.181891
vn -0.983286 0.007969 0.181891
vn -0.983286 0.007969 0.181891
vn -0.983286 0.007969 0.181891
vn -0.983286 0.007970 0.181891
vn -0.983286 0.007970 0.181891
vn -0.983286 0.007970 0.181891
vn -0.983286 0.007970 0.181891
vn -0.983286 0.007970 0.181891
vn -0.983286 0.007970 0.181891
vn -0.983286 0.007970 0.181891
vn -0.983286 0.007970 0.181891
vn 0.050516 0.971759 0.230506
vn 0.050516 0.971759 0.230506
vn 0.050516 0.971759 0.230506
vn 0.050516 0.971759 0.230506
vn 0.167803 0.427293 0.888405
vn 0.167803 0.427293 0.888405
vn 0.167803 0.427293 0.888405
vn 0.167803 0.427293 0.888405
vn -0.006718 0.996773 -0.079994
vn -0.006718 0.996773 -0.079994
vn -0.006718 0.996773 -0.079994
vn -0.006718 0.996773 -0.079994
vn -0.063279 0.921799 -0.382470
vn -0.063279 0.921799 -0.382470
vn -0.063279 0.921799 -0.382470
vn -0.063279 0.921799 -0.382470
vn -0.172556 0.277863 -0.944996
vn -0.172556 0.277863 -0.944996
vn -0.172556 0.277863 -0.944996
vn -0.172556 0.277863 -0.944996
vn 0.181814 0.095527 0.978682
vn 0.181814 0.095527 0.978682
vn 0.181814 0.095527 0.978682
vn 0.181814 0.095527 0.978682
vn -0.182025 -0.064211 -0.981195
vn -0.182025 -0.064211 -0.981195
vn -0.182025 -0.064211 -0.981195
vn -0.182025 -0.064211 -0.981195
vn 0.171746 -0.290971 0.941191
vn 0.171746 -0.290971 0.941191
vn 0.171746 -0.290971 0.941191
vn 0.171746 -0.290971 0.941191
vn 0.063279 -0.921799 0.382470
vn 0.063279 -0.921799 0.382470
vn 0.063279 -0.921799 0.382470
vn 0.063279 -0.921799 0.382470
vn 0.006718 -0.996773 0.079994
vn 0.006718 -0.996773 0.079994
vn 0.006718 -0.996773 0.079994
vn 0.006718 -0.996773 0.079994
vn -0.050516 -0.971759 -0.230506
vn -0.050516 -0.971759 -0.230506
vn -0.050516 -0.971759 -0.230506
vn -0.050516 -0.971759 -0.230506
vn -0.166822 -0.439614 -0.882559
vn -0.166822 -0.439614 -0.882559
vn -0.166822 -0.439614 -0.882559
vn -0.166822 -0.439614 -0.882559
vn 0.050516 0.971759 0.230506
vn 0.050516 0.971759 0.230506
vn 0.050516 0.971759 0.230506
vn 0.050516 0.971759 0.230506
vn 0.167803 0.427293 0.888405
vn 0.167803 0.427293 0.888405
vn 0.167803 0.427293 0.888405
vn 0.167803 0.427293 0.888405
vn -0.006718 0.996773 -0.079994
vn -0.006718 0.996773 -0.079994
vn -0.006718 0.996773 -0.079994
vn -0.006718 0.996773 -0.079994
vn -0.063279 0.921799 -0.382470
vn -0.063279 0.921799 -0.382470
vn -0.063279 0.921799 -0.382470
vn -0.063279 0.921799 -0.382470
vn -0.172556 0.277863 -0.944996
vn -0.172556 0.277863 -0.944996
vn -0.172556 0.277863 -0.944996
vn -0.172556 0.277863 -0.944996
vn 0.181814 0.095527 0.978682
vn 0.181814 0.095527 0.978682
vn 0.181814 0.095527 0.978682
vn 0.181814 0.095527 0.978682
vn -0.182025 -0.064211 -0.981195
vn -0.182025 -0.064211 -0.981195
vn -0.182025 -0.064211 -0.981195
vn -0.182025 -0.064211 -0.981195
vn 0.063279 -0.921799 0.382470
vn 0.063279 -0.921799 0.382470
vn 0.063279 -0.921799 0.382470
vn 0.063279 -0.921799 0.382470
vn 0.171746 -0.290971 0.941191
vn 0.171746 -0.290971 0.941191
vn 0.171746 -0.290971 0.941191
vn 0.171746 -0.290971 0.941191
vn 0.006718 -0.996773 0.079994
vn 0.006718 -0.996773 0.079994
vn 0.006718 -0.996773 0.079994
vn 0.006718 -0.996773 0.079994
vn -0.166822 -0.439614 -0.882559
vn -0.166822 -0.439614 -0.882559
vn -0.166822 -0.439614 -0.882559
vn -0.166822 -0.439614 -0.882559
vn -0.050516 -0.971759 -0.230506
vn -0.050516 -0.971759 -0.230506
vn -0.050516 -0.971759 -0.230506
vn -0.050516 -0.971759 -0.230506
vn 0.174202 -0.249250 0.952643
vn 0.180267 -0.097457 0.978778
vn 0.178159 0.247982 0.952242
vn 0.168975 0.411932 0.895410
vn 0.055503 0.964610 0.257774
vn 0.025731 0.995097 0.095498
vn -0.029284 0.975326 -0.218818
vn -0.055519 0.923655 -0.379181
vn -0.213564 0.280575 -0.935772
vn -0.213564 0.280574 -0.935772
vn -0.208934 0.179662 -0.961285
vn -0.181368 -0.254612 -0.949883
vn -0.169825 -0.400291 -0.900515
vn -0.055503 -0.964610 -0.257774
vn -0.025731 -0.995097 -0.095498
vn 0.038954 -0.966698 0.252938
vn 0.068139 -0.910326 0.408244
vn -0.148069 0.187574 -0.971026
vn -0.123993 0.226737 -0.966031
vn -0.192683 0.441339 -0.876409
vn 0.055251 0.930281 -0.362663
vn -0.419055 0.600324 -0.681178
vn -0.110944 0.230915 -0.966628
vn -0.184600 0.325705 -0.927275
vn -0.869480 0.486140 0.087593
vn -0.128745 -0.184105 -0.974438
vn -0.335853 0.020552 -0.941690
vn -0.419147 0.193441 -0.887072
vn -0.991558 0.089945 0.093393
vn -0.179744 0.982711 0.044398
vn -0.179744 0.982711 0.044398
vn -0.179744 0.982711 0.044398
vn -0.179744 0.982711 0.044398
vn 0.241089 0.915042 0.323379
vn 0.241089 0.915042 0.323379
vn 0.241089 0.915042 0.323379
vn 0.241089 0.915042 0.323379
vn 0.726743 0.506452 0.464059
vn 0.726743 0.506452 0.464059
vn 0.726743 0.506452 0.464059
vn 0.726743 0.506452 0.464059
vn 0.791911 -0.602311 0.100486
vn 0.791911 -0.602311 0.100486
vn 0.791912 -0.602311 0.100486
vn 0.791912 -0.602311 0.100486
vn 0.195821 -0.918546 -0.343406
vn 0.195821 -0.918546 -0.343406
vn 0.195821 -0.918546 -0.343407
vn 0.195821 -0.918546 -0.343406
vn -0.220102 -0.786939 -0.576440
vn -0.220102 -0.786939 -0.576440
vn -0.220102 -0.786939 -0.576440
vn -0.220102 -0.786939 -0.576440
vn -0.604357 -0.323842 -0.727928
vn -0.604357 -0.323842 -0.727928
vn -0.604356 -0.323842 -0.727928
vn -0.604356 -0.323842 -0.727928
vn -0.642387 0.616301 -0.455535
vn -0.642387 0.616301 -0.455535
vn -0.179744 0.982711 0.044397
vn -0.179744 0.982711 0.044397
vn -0.642387 0.616301 -0.455535
vn -0.642387 0.616301 -0.455535
vn -0.604356 -0.323842 -0.727928
vn -0.604356 -0.323842 -0.727928
vn -0.220102 -0.786938 -0.576440
vn -0.220102 -0.786939 -0.576440
vn 0.195821 -0.918546 -0.343406
vn 0.195821 -0.918546 -0.343407
vn 0.791912 -0.602311 0.100486
vn 0.791912 -0.602311 0.100486
vn 0.726743 0.506453 0.464059
vn 0.726743 0.506453 0.464059
vn 0.241635 0.914521 0.324443
vn 0.241638 0.914523 0.324435
vn 0.241637 0.914524 0.324433
vn 0.241637 0.914524 0.324435
vn 0.241638 0.914523 0.324436
vn 0.241637 0.914523 0.324436
vn 0.241638 0.914523 0.324436
vn 0.241637 0.914522 0.324439
vn -0.179744 0.982711 0.044397
vn -0.179744 0.982711 0.044397
vn -0.642387 0.616301 -0.455535
vn -0.642387 0.616301 -0.455535
vn -0.604357 -0.323843 -0.727928
vn -0.604357 -0.323843 -0.727928
vn -0.220103 -0.786938 -0.576440
vn -0.220103 -0.786938 -0.576440
vn 0.195821 -0.918546 -0.343406
vn 0.195821 -0.918546 -0.343406
vn 0.791911 -0.602311 0.100486
vn 0.791911 -0.602311 0.100486
vn 0.726742 0.506453 0.464059
vn 0.726742 0.506453 0.464059
vn 0.241090 0.915042 0.323379
vn 0.241090 0.915042 0.323379
vn 0.241090 0.915042 0.323379
vn 0.241090 0.915042 0.323379
vn 0.240227 0.919781 0.310313
vn 0.239542 0.919773 0.310867
vn 0.242656 0.918823 0.311260
vn 0.249512 0.912868 0.323133
vn 0.243360 0.918058 0.312962
vn 0.239316 0.911832 0.333602
vn 0.223942 0.921405 0.317589
vn 0.206128 0.927012 0.313305
vn 0.239749 0.911171 0.335094
vn 0.242051 0.910653 0.334846
vn 0.242962 0.910428 0.334800
vn 0.263919 0.903526 0.337622
vn -0.271273 0.250825 0.929246
vn -0.271272 0.250825 0.929246
vn -0.271273 0.250825 0.929246
vn -0.271272 0.250825 0.929246
vn 0.120658 -0.114159 0.986108
vn 0.120658 -0.114159 0.986108
vn 0.120658 -0.114159 0.986108
vn 0.120658 -0.114159 0.986108
vn 0.465698 -0.330648 0.820851
vn 0.465698 -0.330648 0.820851
vn 0.465698 -0.330648 0.820851
vn 0.465698 -0.330648 0.820851
vn 0.905101 -0.420062 0.065873
vn 0.905101 -0.420062 0.065873
vn 0.905101 -0.420062 0.065873
vn 0.905101 -0.420062 0.065873
vn 0.397732 0.074694 -0.914456
vn 0.397732 0.074694 -0.914456
vn 0.397732 0.074694 -0.914456
vn 0.397732 0.074694 -0.914456
vn -0.057666 0.370293 -0.927123
vn -0.057666 0.370293 -0.927123
vn -0.057666 0.370293 -0.927123
vn -0.057666 0.370293 -0.927123
vn -0.380729 0.601803 -0.702053
vn -0.380729 0.601803 -0.702053
vn -0.380729 0.601803 -0.702053
vn -0.380729 0.601803 -0.702053
vn -0.651844 0.753314 0.087283
vn -0.651844 0.753313 0.087283
vn -0.651844 0.753314 0.087283
vn -0.651844 0.753314 0.087283
s 1
g pCube7
usemtl initialShadingGroup
f 777/1185/1629 778/1186/1630 782/1187/1631 781/1188/1632
f 778/1186/1630 779/1189/1633 783/1190/1634 782/1187/1631
f 779/1189/1633 881/1191/1635 882/1192/1636 783/1190/1634
f 781/1188/1632 782/1187/1631 786/1193/1637 785/1194/1638
f 782/1187/1631 783/1190/1634 787/1195/1639 786/1193/1637
f 783/1190/1634 882/1192/1636 883/1196/1640 787/1195/1639
f 785/1194/1638 786/1193/1637 790/1197/1641 789/1198/1642
f 786/1193/1637 787/1195/1639 791/1199/1643 790/1197/1641
f 787/1195/1639 883/1196/1640 884/1200/1644 791/1199/1643
s 2
f 789/1198/1645 790/1197/1646 794/1201/1647 793/1202/1648
f 790/1197/1646 791/1199/1649 795/1203/1650 794/1201/1647
f 791/1199/1649 884/1200/1651 885/1204/1652 795/1203/1650
f 793/1202/1648 794/1201/1647 798/1410/1653 797/1401/1654
f 794/1201/1647 795/1203/1650 799/1207/1655 798/1410/1653
f 795/1203/1650 885/1204/1652 886/1391/1656 799/1207/1655
f 797/1450/1654 798/1205/1653 802/1209/1657 801/1449/1658
f 798/1205/1653 799/1392/1655 803/1352/1659 802/1209/1657
f 799/1392/1655 886/1208/1656 887/1349/1660 803/1352/1659
s 3
f 801/1449/1661 802/1209/1662 806/1213/1663 805/1448/1664
f 802/1209/1662 803/1352/1665 807/1351/1666 806/1213/1663
s 4
f 901/1382/1667 903/1217/1668 902/1218/1669
f 903/1217/1668 904/1219/1670 902/1218/1669
f 902/1218/1669 904/1219/1670 908/1220/1671
f 904/1219/1670 905/1221/1672 908/1220/1671
f 908/1220/1671 905/1221/1672 907/1222/1673
f 905/1221/1672 906/1380/1674 907/1222/1673
s 3
f 805/1448/1664 806/1213/1663 810/1224/1675 809/1446/1676
f 806/1213/1663 807/1351/1666 811/1226/1677 810/1224/1675
f 807/1351/1666 888/1350/1678 889/1228/1679 811/1226/1677
f 809/1446/1676 810/1224/1675 814/1229/1680 813/1230/1681
f 810/1224/1675 811/1226/1677 815/1231/1682 814/1229/1680
f 811/1226/1677 889/1228/1679 890/1232/1683 815/1231/1682
s 5
f 813/1230/1684 814/1229/1685 818/1409/1686 817/1402/1687
f 814/1229/1685 815/1231/1688 819/1235/1689 818/1409/1686
f 815/1231/1688 890/1232/1690 891/1389/1691 819/1235/1689
f 817/1234/1687 818/1233/1686 822/1237/1692 821/1238/1693
f 818/1233/1686 819/1390/1689 823/1239/1694 822/1237/1692
f 819/1390/1689 891/1236/1691 892/1240/1695 823/1239/1694
f 821/1238/1693 822/1237/1692 778/1186/1696 777/1185/1697
f 822/1237/1692 823/1239/1694 779/1189/1698 778/1186/1696
f 823/1239/1694 892/1240/1695 881/1191/1699 779/1189/1698
s 6
f 857/1399/1700 858/1242/1701 859/1243/1702 825/1244/1703
f 860/1433/1704 857/1434/1700 825/1408/1703 826/1246/1705
f 861/1432/1706 860/1433/1704 826/1246/1705 862/1431/1707
f 825/1244/1703 859/1243/1702 863/1249/1708 827/1250/1709
f 826/1246/1705 825/1408/1703 827/1407/1709 828/1251/1710
f 862/1431/1707 826/1246/1705 828/1251/1710 864/1430/1711
f 827/1250/1709 863/1249/1708 865/1253/1712 866/1254/1713
f 828/1251/1710 827/1407/1709 866/1398/1713 867/1255/1714
f 864/1430/1711 828/1251/1710 867/1255/1714 868/1429/1715
s 7
f 869/1257/1716 870/1258/1717 829/1406/1718 871/1260/1719
f 870/1396/1717 872/1261/1720 830/1262/1721 829/1259/1718
f 872/1261/1720 873/1428/1722 874/1427/1723 830/1262/1721
f 871/1260/1719 829/1406/1718 831/1405/1724 875/1266/1725
f 829/1259/1718 830/1262/1721 832/1267/1726 831/1265/1724
f 830/1262/1721 874/1427/1723 876/1425/1727 832/1267/1726
f 875/1266/1725 831/1405/1724 877/1393/1728 878/1270/1729
f 831/1265/1724 832/1267/1726 879/1424/1730 877/1426/1728
f 832/1267/1726 876/1425/1727 880/1423/1731 879/1424/1730
s off
f 820/1273/1732 816/1274/1733 834/1441/1734 833/1442/1735
f 816/1274/1736 812/1277/1737 835/1440/1738 834/1441/1739
f 824/1279/1740 820/1404/1741 833/1400/1742 836/1421/1743
f 780/1281/1744 824/1279/1745 836/1421/1746 837/1420/1747
f 784/1283/1748 780/1281/1749 837/1420/1750 838/1419/1751
f 812/1277/1752 808/1285/1753 839/1439/1754 835/1440/1755
f 788/1287/1756 784/1283/1757 838/1419/1758 840/1417/1759
f 808/1285/1760 804/1289/1761 841/1290/1762 839/1439/1763
f 804/1289/1764 800/1403/1765 842/1397/1766 841/1290/1767
f 800/1291/1768 796/1293/1769 843/1294/1770 842/1292/1771
f 796/1293/1772 792/1295/1773 844/1418/1774 843/1294/1775
f 792/1295/1776 788/1287/1777 840/1417/1778 844/1418/1779
f 813/1230/1780 817/1402/1781 846/1395/1782 845/1298/1783
f 809/1225/1784 813/1230/1785 845/1298/1786 847/1438/1787
f 817/1234/1788 821/1238/1789 848/1300/1790 846/1297/1791
f 821/1238/1792 777/1185/1793 849/1416/1794 848/1300/1795
f 777/1185/1796 781/1188/1797 850/1415/1798 849/1416/1799
f 805/1214/1800 809/1225/1801 847/1438/1802 851/1435/1803
f 781/1188/1804 785/1194/1805 852/1413/1806 850/1415/1807
f 797/1206/1808 801/1210/1809 854/1436/1810 853/1437/1811
f 801/1210/1812 805/1214/1813 851/1435/1814 854/1436/1815
f 793/1202/1816 797/1401/1817 853/1394/1818 855/1411/1819
f 785/1194/1820 789/1198/1821 856/1412/1822 852/1413/1823
f 789/1198/1824 793/1202/1825 855/1411/1826 856/1412/1827
f 833/1276/1828 834/1275/1829 858/1242/1830 857/1399/1831
f 834/1275/1832 835/1278/1833 859/1243/1834 858/1242/1835
f 836/1280/1836 833/1422/1837 857/1241/1838 860/1245/1839
f 837/1282/1840 836/1280/1841 860/1245/1842 861/1247/1843
f 838/1284/1844 837/1282/1845 861/1247/1846 862/1248/1847
f 835/1278/1848 839/1286/1849 863/1249/1850 859/1243/1851
f 840/1288/1852 838/1284/1853 862/1248/1854 864/1252/1855
f 839/1286/1856 841/1290/1857 865/1253/1858 863/1249/1859
f 841/1290/1860 842/1397/1861 866/1254/1862 865/1253/1863
f 842/1292/1864 843/1294/1865 867/1255/1866 866/1398/1867
f 843/1294/1868 844/1296/1869 868/1256/1870 867/1255/1871
f 844/1296/1872 840/1288/1873 864/1252/1874 868/1256/1875
f 845/1298/1876 846/1395/1877 870/1258/1878 869/1257/1879
f 847/1299/1880 845/1298/1881 869/1257/1882 871/1260/1883
f 846/1297/1884 848/1300/1885 872/1261/1886 870/1396/1887
f 848/1300/1888 849/1301/1889 873/1263/1890 872/1261/1891
f 849/1301/1892 850/1302/1893 874/1264/1894 873/1263/1895
f 851/1303/1896 847/1299/1897 871/1260/1898 875/1266/1899
f 850/1302/1900 852/1304/1901 876/1268/1902 874/1264/1903
f 853/1306/1904 854/1305/1905 878/1270/1906 877/1393/1907
f 854/1305/1908 851/1303/1909 875/1266/1910 878/1270/1911
f 855/1307/1912 853/1414/1913 877/1269/1914 879/1271/1915
f 852/1304/1916 856/1308/1917 880/1272/1918 876/1268/1919
f 856/1308/1920 855/1307/1921 879/1271/1922 880/1272/1923
s 1
f 882/1192/1636 881/1191/1635 780/1281/1924 784/1283/1925
f 883/1196/1640 882/1192/1636 784/1283/1925 788/1287/1926
f 884/1200/1644 883/1196/1640 788/1287/1926 792/1295/1927
s 2
f 885/1204/1652 884/1200/1651 792/1295/1928 796/1293/1929
f 886/1391/1656 885/1204/1652 796/1293/1929 800/1291/1930
f 887/1349/1660 886/1208/1656 800/1403/1930 804/1289/1931
s 3
f 888/1350/1678 887/1349/1932 804/1289/1933 808/1447/1934
f 889/1228/1679 888/1350/1678 808/1447/1934 812/1445/1935
f 890/1232/1683 889/1228/1679 812/1445/1935 816/1443/1936
s 5
f 891/1389/1691 890/1232/1690 816/1443/1937 820/1444/1938
f 892/1240/1695 891/1236/1691 820/1404/1938 824/1279/1939
f 881/1191/1699 892/1240/1695 824/1279/1939 780/1281/1940
s 8
f 887/1212/1941 893/1309/1942 803/1211/1943
f 893/1309/1942 897/1310/1944 803/1211/1943
f 803/1211/1943 897/1310/1944 894/1388/1945
f 888/1227/1946 895/1373/1947 887/1374/1941
f 895/1312/1947 898/1313/1948 887/1212/1941
f 887/1212/1941 898/1313/1948 893/1309/1942
f 895/1373/1947 888/1227/1946 899/1314/1949
f 888/1227/1946 807/1215/1950 899/1314/1949
f 807/1215/1950 896/1315/1951 899/1314/1949
f 807/1215/1950 803/1211/1943 896/1315/1951
f 896/1315/1951 803/1211/1943 900/1316/1952
f 803/1211/1943 894/1388/1945 900/1316/1952
s 10
f 894/1311/1953 897/1310/1954 909/1356/1955 910/1318/1956
s off
f 897/1310/1957 893/1309/1958 916/1384/1959 909/1356/1960
s 11
f 893/1383/1961 898/1313/1962 915/1320/1963 916/1355/1964
s 12
f 898/1313/1965 895/1312/1966 914/1321/1967 915/1320/1968
s 13
f 895/1312/1969 899/1387/1970 913/1322/1971 914/1321/1972
s 14
f 899/1387/1973 896/1386/1974 912/1323/1975 913/1322/1976
s 15
f 896/1386/1977 900/1385/1978 911/1324/1979 912/1323/1980
s 8
f 900/1385/1952 894/1311/1945 910/1318/1981 911/1324/1982
s 10
f 910/1318/1956 909/1356/1955 917/1354/1983 918/1326/1984
s 8
f 911/1324/1982 910/1318/1981 918/1326/1985 919/1327/1986
s 15
f 912/1323/1980 911/1324/1979 919/1327/1987 920/1328/1988
s 14
f 913/1322/1976 912/1323/1975 920/1328/1989 921/1329/1990
s 13
f 914/1321/1972 913/1322/1971 921/1329/1991 922/1330/1992
s 12
f 915/1320/1968 914/1321/1967 922/1330/1993 923/1331/1994
s 11
f 916/1355/1964 915/1320/1963 923/1331/1995 924/1375/1996
s 16
f 935/1333/1997 936/1334/1998 933/1335/1999
f 933/1335/1999 936/1334/1998 934/1336/2000
f 936/1334/1998 937/1337/2001 934/1336/2000
f 934/1336/2000 937/1337/2001 940/1338/2002
f 937/1337/2001 938/1339/2003 940/1338/2002
f 938/1339/2003 939/1361/2004 940/1338/2002
s 10
f 918/1326/1984 917/1354/1983 901/1216/2005 902/1377/2006
s 8
f 919/1327/1986 918/1326/1985 902/1377/2007 908/1378/2008
s 15
f 920/1328/1988 919/1327/1987 908/1378/2009 907/1379/2010
s 14
f 921/1329/1990 920/1328/1989 907/1379/2011 906/1223/2012
s 13
f 922/1330/1992 921/1329/1991 906/1223/2013 905/1381/2014
s 12
f 923/1331/1994 922/1330/1993 905/1381/2015 904/1219/2016
s 11
f 924/1375/1996 923/1331/1995 904/1219/2017 903/1217/2018
s off
f 917/1354/2019 924/1353/2020 903/1376/2021 901/1216/2022
s 17
f 916/1319/2023 925/1341/2024 909/1317/2025
f 926/1371/2026 909/1317/2025 929/1343/2027
f 909/1317/2025 925/1341/2024 929/1343/2027
f 924/1372/2028 927/1344/2029 916/1319/2023
f 927/1344/2029 930/1345/2030 916/1319/2023
f 916/1319/2023 930/1345/2030 925/1341/2024
f 927/1358/2029 924/1332/2028 931/1346/2031
f 917/1325/2032 928/1347/2033 924/1332/2028
f 924/1332/2028 928/1347/2033 931/1346/2031
f 928/1347/2033 917/1325/2032 932/1348/2034
f 917/1325/2032 909/1317/2025 932/1348/2034
f 909/1317/2025 926/1371/2026 932/1348/2034
s off
f 926/1342/2035 929/1370/2036 933/1366/2037 934/1359/2038
f 929/1370/2039 925/1341/2040 935/1333/2041 933/1366/2042
f 925/1341/2043 930/1345/2044 936/1334/2045 935/1333/2046
f 930/1365/2047 927/1357/2048 937/1363/2049 936/1364/2050
f 927/1357/2051 931/1369/2052 938/1362/2053 937/1363/2054
f 931/1369/2055 928/1368/2056 939/1340/2057 938/1362/2058
f 928/1368/2059 932/1367/2060 940/1360/2061 939/1340/2062
f 932/1367/2063 926/1342/2064 934/1359/2065 940/1360/2066
g default
v -0.866740 -0.595788 -0.958716
v -0.427731 0.404977 -0.578802
v -0.006795 1.410662 -0.192200
v 0.383087 2.429631 0.193208
v -0.870665 -0.605175 -0.929803
v -0.434047 0.392406 -0.538932
v -0.012005 1.397302 -0.151457
v 0.379162 2.420244 0.222120
v -0.888600 -0.605265 -0.910107
v -0.458927 0.392153 -0.511273
v -0.037227 1.397220 -0.123877
v 0.361227 2.420154 0.241816
v -0.912667 -0.601286 -0.894445
v -0.491931 0.397292 -0.488959
v -0.071208 1.402951 -0.102059
v 0.337160 2.424133 0.257478
v -0.944406 -0.583770 -0.906012
v -0.534314 0.420459 -0.503822
v -0.116426 1.427984 -0.118744
v 0.305420 2.441649 0.245912
v -0.972374 -0.565803 -0.922857
v -0.571424 0.444258 -0.526064
v -0.156353 1.453650 -0.142832
v 0.277453 2.459616 0.229066
v -0.994306 -0.547113 -0.948148
v -0.600097 0.469068 -0.560113
v -0.187816 1.480329 -0.178766
v 0.255521 2.478306 0.203775
v -0.987755 -0.539468 -0.975333
v -0.590301 0.479330 -0.597694
v -0.178854 1.491200 -0.217042
v 0.262072 2.485951 0.176590
v -0.975072 -0.535893 -0.998484
v -0.572381 0.484201 -0.629930
v -0.161134 1.496260 -0.249557
v 0.274755 2.489526 0.153439
v -0.948379 -0.541615 -1.012419
v -0.535897 0.476753 -0.649956
v -0.123402 1.488040 -0.268907
v 0.301448 2.483804 0.139504
v -0.915885 -0.559040 -1.001908
v -0.492459 0.453712 -0.636569
v -0.077126 1.463134 -0.253703
v 0.333942 2.466379 0.150015
v -0.889427 -0.577188 -0.982951
v -0.457458 0.429660 -0.611375
v -0.039315 1.437215 -0.226653
v 0.360400 2.448231 0.168972
v 0.311317 2.466643 0.173869
v 0.345868 2.443519 0.197115
v 0.293363 2.463808 0.200795
v 0.326666 2.441905 0.222186
v -0.938509 -0.558776 -0.978054
v -0.903958 -0.581901 -0.954808
v -0.956464 -0.561611 -0.951128
v -0.923160 -0.583514 -0.929738
v 0.149158 1.818250 -0.038037
v 0.144462 1.806479 -0.002026
v 0.122155 1.806394 0.022400
v 0.092139 1.811424 0.041756
v 0.052313 1.833450 0.027118
v 0.017169 1.856036 0.005927
v -0.010481 1.879520 -0.025750
v -0.002484 1.889100 -0.059589
v 0.013221 1.893566 -0.088358
v 0.046538 1.886346 -0.105542
v 0.087301 1.864432 -0.092216
v 0.120571 1.841621 -0.068403
v 0.097648 1.696985 -0.004118
v 0.117352 1.768044 0.013423
v 0.087336 1.773075 0.032778
v 0.063667 1.702716 0.017700
v 0.413797 2.090439 0.381972
v 0.407429 2.168790 0.364352
v 0.373285 2.171574 0.374941
v 0.375162 2.093589 0.393862
v -0.900633 -0.603276 -0.902276
v -0.933783 -0.583642 -0.917875
v -0.964419 -0.563707 -0.936992
v -0.991030 -0.543291 -0.961741
v -0.595199 0.474199 -0.578903
v -0.183335 1.485764 -0.197904
v -0.006482 1.884310 -0.042669
v 0.258796 2.482128 0.190182
v 0.285408 2.461712 0.214931
v 0.316043 2.441777 0.234049
v 0.349193 2.422143 0.249647
v 0.107147 1.808909 0.032078
v 0.101604 1.775364 0.016484
v 0.389617 2.174986 0.363030
v 0.394943 2.085492 0.394156
v 0.081121 1.693329 0.013030
v -0.054217 1.400086 -0.112968
v -0.475429 0.394722 -0.500116
v 0.071182 1.614456 -0.115119
v 0.066228 1.601890 -0.076741
v 0.042464 1.601807 -0.050738
v 0.119483 1.731080 -0.005091
v 0.422596 2.128179 0.363419
v 0.392418 2.131098 0.378782
v 0.363785 2.132919 0.389949
v 0.065063 1.738233 0.030787
v 0.010466 1.607187 -0.030152
v -0.032056 1.630717 -0.045813
v -0.069592 1.654843 -0.068452
v -0.099148 1.679924 -0.102258
v -0.094909 1.685037 -0.120287
v -0.090669 1.690150 -0.138316
v -0.073956 1.694913 -0.168958
v -0.038432 1.687193 -0.187225
v 0.005087 1.663783 -0.172959
v 0.040628 1.639418 -0.147528
vt 0.959832 0.911180
vt 0.923823 0.708883
vt 0.929676 0.707673
vt 0.958717 0.915369
vt 0.886546 0.520942
vt 0.692259 0.131430
vt 0.879897 0.483345
vt 0.687469 0.081732
vt 0.934834 0.706644
vt 0.955701 0.917624
vt 0.696809 0.128289
vt 0.686238 0.078692
vt 0.937620 0.706097
vt 0.974374 0.894248
vt 0.900518 0.518220
vt 0.585661 0.008678
vt 0.588750 0.003743
vt 0.592707 0.007112
vt 0.586674 0.011817
vt 0.951851 0.919034
vt 0.940406 0.705549
vt 0.947428 0.704236
vt 0.947371 0.916055
vt 0.903340 0.517666
vt 0.910850 0.516152
vt 0.895789 0.480305
vt 0.902874 0.478789
vt 0.954292 0.702961
vt 0.943545 0.912430
vt 0.918212 0.514671
vt 0.909814 0.477295
vt 0.961379 0.701660
vt 0.992226 0.891039
vt 0.925781 0.513143
vt 0.916940 0.475745
vt 0.994251 0.890718
vt 0.964177 0.701172
vt 0.966974 0.700684
vt 0.942240 0.903947
vt 0.928602 0.512563
vt 0.931425 0.511984
vt 0.919589 0.475123
vt 0.922237 0.474502
vt 0.897147 0.714729
vt 0.944544 0.900967
vt 0.858037 0.526290
vt 0.852853 0.487687
vt 0.902978 0.713405
vt 0.948750 0.899919
vt 0.864040 0.525179
vt 0.858547 0.486856
vt 0.910018 0.711864
vt 0.953362 0.902770
vt 0.871631 0.523750
vt 0.865744 0.485692
vt 0.916839 0.710387
vt 0.956925 0.906653
vt 0.879014 0.522358
vt 0.872749 0.484537
vt 0.842912 0.333864
vt 0.837552 0.334684
vt 0.833258 0.335272
vt 0.876744 0.318499
vt 0.848119 0.333046
vt 0.870009 0.318430
vt 0.853433 0.332197
vt 0.857703 0.331445
vt 0.885108 0.325511
vt 0.876486 0.323086
vt 0.870092 0.322901
vt 0.861403 0.330736
vt 0.882007 0.324629
vt 0.876159 0.325375
vt 0.870331 0.325140
vt 0.863414 0.330337
vt 0.949575 0.905466
vt 0.954255 0.910310
vt 0.946421 0.908807
vt 0.950952 0.913323
vt 0.944983 0.910619
vt 0.949161 0.914689
vt 0.684193 0.078507
vt 0.873261 0.445582
vt 0.680803 0.077821
vt 0.681501 0.079607
vt 0.894810 0.441326
vt 0.888195 0.442759
vt 0.865425 0.329939
vt 0.870571 0.327379
vt 0.901288 0.439906
vt 0.875833 0.327665
vt 0.907940 0.438423
vt 0.881124 0.326479
vt 0.912900 0.437224
vt 0.910420 0.437823
vt 0.847952 0.449475
vt 0.853299 0.448736
vt 0.860034 0.447696
vt 0.866581 0.446658
vt 0.686446 0.078950
vt 0.672573 0.082311
vt 0.673342 0.059480
vt 0.678218 0.067394
vt 0.675708 0.071404
vt 0.677082 0.077289
vt 0.675072 0.079701
vt 0.594982 0.000546
vt 0.592662 0.000269
vt 0.596688 0.009938
vt 0.595864 0.016489
vt 0.674065 0.064760
vt 0.596744 0.002770
vt 0.927084 0.473331
vt 0.917440 0.436096
vt 0.864515 0.324292
vt 0.865326 0.326174
vt 0.883116 0.325995
vt 0.882890 0.322780
vt 0.941505 0.905860
vt 0.996276 0.890397
vt 0.953776 0.918329
vt 0.976387 0.893852
vt 0.883470 0.319058
vt 0.888763 0.324600
vt 0.870829 0.313977
vt 0.865542 0.314979
vt 0.959170 0.897494
vt 0.964421 0.896297
vt 0.876098 0.313895
vt 0.954031 0.898679
vt 0.881339 0.315283
vt 1.000000 0.889825
vt 0.940769 0.907773
vt 0.986880 0.891970
vt 0.870685 0.328796
vt 0.981688 0.892895
vt 0.863704 0.322410
vt 0.972361 0.894645
vt 0.863268 0.318668
vt 0.968664 0.895390
vt 0.936598 0.510920
vt 0.972160 0.699796
vt 0.686908 0.093742
vt 0.679569 0.075849
vt 0.885587 0.482323
vt 0.878582 0.444639
vt 0.699252 0.127036
vt 0.701661 0.125770
vt 0.885687 0.443256
vt 0.883180 0.443753
vt 0.897698 0.518781
vt 0.892527 0.519790
vt 0.717780 0.030703
vt 0.713326 0.025189
vt 0.598021 0.000000
vt 0.711346 0.023410
vt 0.593683 0.018755
vt 0.589427 0.013438
vt 0.591206 0.021054
vt 0.666961 0.081752
vt 0.585820 0.024370
vt 0.679678 0.099124
vt 0.675731 0.102585
vn 0.914862 -0.403700 0.007337
vn 0.918643 -0.395029 0.006940
vn 0.839243 -0.466946 0.278625
vn 0.823623 -0.479453 0.302936
vn 0.923075 -0.384571 0.006091
vn 0.838459 -0.459134 0.293568
vn 0.933615 -0.358265 0.003093
vn 0.851501 -0.433455 0.295065
vn 0.570045 -0.498088 0.653420
vn 0.575254 -0.505074 0.643416
vn 0.581669 -0.494086 0.646174
vn 0.653319 -0.467371 0.595600
vn 0.428434 -0.481579 0.764543
vn 0.427876 -0.488673 0.760342
vn 0.422658 -0.481430 0.767845
vn 0.531005 -0.718857 0.448641
vn 0.393212 0.271698 0.878387
vn 0.378966 0.274096 0.883887
vn 0.211876 -0.703803 0.678063
vn -0.418557 -0.184942 0.889160
vn -0.416581 -0.175789 0.891941
vn -0.488212 -0.135470 0.862147
vn -0.491405 -0.143281 0.859064
vn -0.415109 -0.166895 0.894332
vn -0.482734 -0.127787 0.866394
vn -0.414029 -0.150573 0.897724
vn -0.482355 -0.111780 0.868815
vn -0.656927 -0.024492 0.753557
vn -0.658642 -0.033690 0.751702
vn -0.656265 -0.013529 0.754410
vn -0.645317 -0.004078 0.763904
vn -0.742625 0.043682 0.668281
vn -0.747152 0.036144 0.663670
vn -0.737824 0.050700 0.673086
vn -0.728190 0.061756 0.682588
vn -0.909313 0.398648 -0.119286
vn -0.907275 0.404760 -0.114112
vn -0.850516 0.444557 -0.281053
vn -0.848792 0.439884 -0.293351
vn -0.904219 0.413676 -0.106109
vn -0.845136 0.454886 -0.280756
vn -0.897269 0.432560 -0.088322
vn -0.838567 0.476331 -0.264413
vn -0.583440 0.477106 -0.657242
vn -0.608319 0.470743 -0.639022
vn -0.588348 0.487655 -0.645011
vn -0.572088 0.511198 -0.641398
vn -0.347033 0.444838 -0.825644
vn -0.353200 0.437750 -0.826816
vn -0.339327 0.453123 -0.824340
vn -0.319296 0.473131 -0.821095
vn 0.377469 0.170779 -0.910139
vn 0.382684 0.178399 -0.906491
vn 0.496505 0.113591 -0.860570
vn 0.494938 0.104412 -0.862632
vn 0.388214 0.185504 -0.902706
vn 0.496641 0.124492 -0.858982
vn 0.399422 0.196748 -0.895406
vn 0.508400 0.134040 -0.850625
vn 0.662887 0.002334 -0.748716
vn 0.659569 -0.005491 -0.751624
vn 0.668060 0.009980 -0.744041
vn 0.669173 0.026076 -0.742649
vn 0.717625 -0.040007 -0.695280
vn 0.715097 -0.049226 -0.697290
vn 0.719641 -0.031048 -0.693652
vn 0.721874 -0.014589 -0.691871
vn 0.360162 0.871833 0.331949
vn 0.360160 0.871833 0.331951
vn 0.360161 0.871833 0.331950
vn 0.360162 0.871833 0.331949
vn 0.360162 0.871833 0.331949
vn 0.360161 0.871833 0.331950
vn 0.360160 0.871833 0.331951
vn 0.360161 0.871833 0.331951
vn 0.360162 0.871833 0.331948
vn 0.360162 0.871833 0.331949
vn 0.360161 0.871833 0.331950
vn 0.360161 0.871833 0.331951
vn 0.360165 0.871834 0.331945
vn 0.360165 0.871834 0.331945
vn 0.360163 0.871833 0.331948
vn 0.360161 0.871833 0.331950
vn -0.360163 -0.871833 -0.331947
vn -0.360162 -0.871833 -0.331949
vn -0.360162 -0.871833 -0.331949
vn -0.360163 -0.871833 -0.331948
vn -0.360162 -0.871833 -0.331949
vn -0.360162 -0.871833 -0.331949
vn -0.360163 -0.871834 -0.331947
vn -0.360162 -0.871833 -0.331948
vn -0.360163 -0.871833 -0.331948
vn -0.360163 -0.871834 -0.331947
vn -0.360162 -0.871833 -0.331949
vn -0.360161 -0.871833 -0.331950
vn -0.360161 -0.871833 -0.331951
vn -0.360163 -0.871833 -0.331948
vn -0.360159 -0.871833 -0.331953
vn -0.360159 -0.871833 -0.331953
vn 0.853398 -0.432625 0.290771
vn 0.933272 -0.359125 0.005758
vn 0.933141 -0.359448 0.006761
vn 0.846199 -0.435713 0.306759
vn 0.596210 -0.465948 0.653779
vn 0.583309 -0.465231 0.665816
vn 0.432057 -0.448187 0.782595
vn 0.432054 -0.448194 0.782593
vn -0.480193 -0.113046 0.869848
vn -0.412987 -0.151135 0.898109
vn -0.412544 -0.151374 0.898272
vn -0.484403 -0.110570 0.867830
vn -0.648187 -0.001936 0.761479
vn -0.641494 -0.006900 0.767097
vn -0.729011 0.062470 0.681646
vn -0.729349 0.062765 0.681256
vn -0.838443 0.476390 -0.264699
vn -0.896710 0.433230 -0.090686
vn -0.896540 0.433434 -0.091381
vn -0.836843 0.477141 -0.268386
vn -0.568613 0.510981 -0.644654
vn -0.581542 0.511697 -0.632437
vn -0.321754 0.473675 -0.819821
vn -0.322678 0.473879 -0.819340
vn 0.505006 0.136119 -0.852315
vn 0.398209 0.197415 -0.895800
vn 0.397707 0.197691 -0.895962
vn 0.512886 0.131297 -0.848357
vn 0.670956 0.024764 -0.741084
vn 0.667478 0.027328 -0.744128
vn 0.722622 -0.015185 -0.691076
vn 0.722940 -0.015439 -0.690738
vn 0.764786 -0.134822 -0.630020
vn 0.440949 0.126247 -0.888609
vn 0.752546 0.012166 -0.658428
vn 0.863435 -0.411209 -0.292209
vn 0.262614 -0.345672 0.900858
vn 0.610596 -0.333378 0.718353
vn 0.317141 -0.347251 0.882518
vn 0.262614 -0.345672 0.900858
vn -0.844021 0.182292 0.504378
vn -0.754863 0.075513 0.651521
vn -0.568645 -0.092730 0.817339
vn -0.648990 -0.170364 0.741477
vn 0.290103 -0.702537 0.649832
vn 0.533129 -0.686007 0.495144
vn 0.863677 -0.285061 -0.415694
vn 0.863781 -0.436686 -0.251371
vn 0.186143 0.565642 -0.803368
vn -0.150834 0.707765 -0.690157
vn -0.223889 0.725594 -0.650682
vn 0.186143 0.565642 -0.803368
vn -0.714733 -0.096410 0.692720
vn -0.655833 -0.177398 0.733766
vn -0.360154 -0.871832 -0.331959
vn -0.360156 -0.871833 -0.331957
vn -0.360158 -0.871833 -0.331954
vn -0.360159 -0.871833 -0.331953
vn -0.909368 0.398507 -0.119337
vn -0.907033 0.405459 -0.113555
vn -0.904368 0.413208 -0.106667
vn -0.897308 0.432494 -0.088244
vn -0.896776 0.433130 -0.090502
vn -0.896563 0.433383 -0.091400
vn 0.360169 0.871834 0.331939
vn 0.360167 0.871834 0.331941
vn 0.360166 0.871834 0.331944
vn 0.360165 0.871834 0.331945
vn 0.432033 -0.448238 0.782579
vn 0.432033 -0.448238 0.782579
vn 0.624672 -0.331530 0.707017
vn 0.624672 -0.331530 0.707017
vn -0.525111 0.740126 -0.420085
vn -0.525111 0.740126 -0.420085
vn 0.343604 0.269907 0.899493
vn -0.152616 -0.539342 0.828142
vn -0.006520 -0.551154 0.834378
vn 0.393949 -0.474081 0.787433
vn 0.428519 -0.480778 0.765000
vn 0.427816 -0.488811 0.760287
vn 0.047389 0.341017 -0.938862
vn 0.457344 0.325687 -0.827505
vn 0.530157 0.315503 -0.787014
vn 0.313086 0.228241 0.921891
vn 0.371653 0.256667 0.892186
vn 0.429762 0.284464 0.856963
vn -0.875052 0.406745 0.262379
vn -0.871729 0.421194 0.250368
vn -0.890429 0.275063 0.362597
s 1
g pCube8
usemtl initialShadingGroup
f 941/1578/2067 942/1452/2068 946/1453/2069 945/1590/2070
f 942/1452/2068 943/1455/2071 947/1602/2072 946/1453/2069
f 943/1455/2071 1035/1457/2073 1036/1595/2074 947/1602/2072
f 945/1590/2070 946/1453/2069 950/1459/2075 949/1588/2076
f 946/1453/2069 947/1602/2072 951/1601/2077 950/1459/2075
f 947/1456/2072 1036/1613/2074 1037/1612/2078 951/1461/2077
f 949/1588/2076 950/1459/2075 1034/1463/2079 1017/1464/2080
f 950/1459/2075 951/1601/2077 1033/1465/2081 1034/1463/2079
f 1013/1466/2082 1039/1467/2083 1040/1468/2084 1031/1469/2085
s 3
f 953/1572/2086 954/1471/2087 958/1472/2088 957/1586/2089
f 954/1471/2087 955/1474/2090 959/1475/2091 958/1472/2088
f 955/1474/2090 1043/1476/2092 1044/1477/2093 959/1475/2091
f 957/1586/2089 958/1472/2088 962/1478/2094 961/1584/2095
f 958/1472/2088 959/1475/2091 963/1480/2096 962/1478/2094
f 959/1475/2091 1044/1477/2093 1045/1481/2097 963/1480/2096
f 961/1584/2095 962/1478/2094 966/1482/2098 965/1483/2099
f 962/1478/2094 963/1480/2096 967/1484/2100 966/1482/2098
f 963/1480/2096 1045/1481/2097 1046/1485/2101 967/1484/2100
s 4
f 1020/1486/2102 1021/1487/2103 970/1488/2104 969/1570/2105
f 1021/1487/2103 1022/1490/2106 971/1491/2107 970/1488/2104
f 1022/1490/2106 1047/1492/2108 1048/1493/2109 971/1491/2107
f 969/1570/2105 970/1488/2104 974/1592/2110 973/1582/2111
f 970/1488/2104 971/1491/2107 975/1591/2112 974/1592/2110
f 971/1491/2107 1048/1493/2109 1049/1563/2113 975/1591/2112
f 973/1495/2111 974/1494/2110 978/1498/2114 977/1499/2115
f 974/1494/2110 975/1496/2112 979/1500/2116 978/1498/2114
f 975/1496/2112 1049/1497/2113 1050/1501/2117 979/1500/2116
s 5
f 977/1499/2118 978/1498/2119 982/1502/2120 981/1580/2121
f 978/1498/2119 979/1500/2122 983/1504/2123 982/1502/2120
f 979/1500/2122 1050/1501/2124 1051/1505/2125 983/1504/2123
f 981/1580/2121 982/1502/2120 986/1506/2126 985/1577/2127
f 982/1502/2120 983/1504/2123 987/1508/2128 986/1506/2126
f 983/1504/2123 1051/1505/2125 1052/1509/2129 987/1508/2128
f 985/1577/2127 986/1506/2126 942/1452/2130 941/1578/2131
f 986/1506/2126 987/1508/2128 943/1455/2132 942/1452/2130
f 987/1508/2128 1052/1509/2129 1035/1457/2133 943/1455/2132
s 6
f 984/1579/2134 980/1581/2135 976/1573/2136 989/1513/2137
f 988/1575/2138 984/1579/2134 989/1513/2137 990/1515/2139
f 944/1576/2140 988/1575/2138 990/1515/2139 948/1589/2141
f 989/1513/2137 976/1573/2136 972/1568/2142 991/1519/2143
f 990/1515/2139 989/1513/2137 991/1519/2143 992/1520/2144
f 948/1589/2141 990/1515/2139 992/1520/2144 952/1587/2145
f 991/1519/2143 972/1568/2142 1024/1522/2146 1025/1523/2147
f 992/1520/2144 991/1519/2143 1025/1523/2147 1026/1524/2148
f 952/1587/2145 992/1520/2144 1026/1524/2148 1027/1565/2149
s 7
f 977/1499/2150 981/1503/2151 993/1526/2152 973/1495/2153
f 981/1503/2151 985/1507/2154 994/1527/2155 993/1526/2152
f 985/1507/2154 941/1451/2156 945/1454/2157 994/1527/2155
f 973/1495/2153 993/1526/2152 995/1528/2158 969/1489/2159
f 993/1526/2152 994/1527/2155 996/1529/2160 995/1528/2158
f 994/1527/2155 945/1454/2157 949/1460/2161 996/1529/2160
f 969/1489/2159 995/1528/2158 1019/1530/2162 1020/1569/2163
f 995/1528/2158 996/1529/2160 1018/1531/2164 1019/1530/2162
f 996/1529/2160 949/1460/2161 1017/1571/2165 1018/1531/2164
s 1
f 998/1596/2166 997/1533/2167 944/1516/2168 948/1517/2169
f 999/1600/2170 998/1596/2166 948/1517/2169 952/1521/2171
f 1027/1525/2172 1028/1599/2173 999/1600/2170 952/1521/2171
s 3
f 1001/1536/2174 1000/1537/2175 956/1538/2176 960/1585/2177
f 1002/1540/2178 1001/1536/2174 960/1585/2177 964/1541/2179
f 1003/1542/2180 1002/1540/2178 964/1541/2179 968/1543/2181
s 4
f 1004/1544/2182 1023/1545/2183 1024/1567/2184 972/1518/2185
f 1005/1564/2186 1004/1544/2182 972/1518/2185 976/1574/2187
f 1006/1547/2188 1005/1546/2186 976/1512/2187 980/1511/2189
s 5
f 1007/1548/2190 1006/1547/2191 980/1511/2192 984/1510/2193
f 1008/1549/2194 1007/1548/2190 984/1510/2193 988/1514/2195
f 997/1533/2196 1008/1549/2194 988/1514/2195 944/1516/2197
s 8
f 951/1461/2198 1037/1612/2199 1038/1610/2200 1009/1551/2201
s 9
f 999/1534/2202 1028/1535/2203 1029/1552/2204 1010/1553/2205
s 10
f 1042/1554/2206 1043/1593/2207 955/1598/2208 1012/1555/2209
s 1
f 1032/1556/2210 1033/1597/2081 951/1461/2077 1009/1551/2211
s 8
f 1009/1551/2201 1038/1610/2200 1039/1611/2212 1013/1609/2213
s 11
f 1010/1553/2214 1029/1552/2215 1030/1606/2216 1014/1604/2217
s 10
f 1041/1559/2218 1042/1554/2206 1012/1555/2209 1016/1560/2219
s 1
f 1031/1607/2085 1032/1556/2210 1009/1551/2211 1013/1609/2082
s 7
f 1018/1531/2164 1017/1571/2165 953/1470/2220 957/1473/2221
f 1019/1530/2162 1018/1531/2164 957/1473/2221 961/1479/2222
f 1020/1569/2163 1019/1530/2162 961/1479/2222 965/1583/2223
s 4
f 965/1483/2224 966/1482/2225 1021/1487/2103 1020/1486/2102
f 966/1482/2225 967/1484/2226 1022/1490/2106 1021/1487/2103
f 967/1484/2226 1046/1485/2227 1047/1492/2108 1022/1490/2106
f 1024/1567/2184 1023/1545/2183 1003/1542/2228 968/1543/2229
s 6
f 1025/1523/2147 1024/1522/2146 968/1543/2230 964/1541/2231
f 1026/1524/2148 1025/1523/2147 964/1541/2231 960/1539/2232
f 1027/1565/2149 1026/1524/2148 960/1539/2232 956/1566/2233
s 1
f 1000/1537/2234 1028/1599/2173 1027/1525/2172 956/1538/2235
s 9
f 1029/1552/2204 1028/1535/2203 1000/1594/2236 1011/1561/2237
s 11
f 1030/1605/2216 1029/1552/2215 1011/1561/2238 1015/1562/2239
s 1
f 1031/1469/2085 1040/1468/2084 1041/1559/2240 1016/1608/2241
f 1012/1555/2242 1032/1556/2210 1031/1607/2085 1016/1560/2241
f 955/1598/2243 1033/1597/2081 1032/1556/2210 1012/1555/2242
f 1034/1463/2079 1033/1465/2081 955/1474/2243 954/1471/2244
f 1017/1464/2080 1034/1463/2079 954/1471/2244 953/1572/2245
f 1036/1595/2074 1035/1457/2073 997/1533/2167 998/1596/2166
f 1037/1462/2078 1036/1458/2074 998/1532/2166 999/1534/2170
s 8
f 1038/1550/2200 1037/1462/2199 999/1534/2246 1010/1553/2247
f 1039/1603/2212 1038/1550/2200 1010/1553/2247 1014/1604/2248
s 1
f 1040/1468/2084 1039/1467/2083 1014/1558/2249 1030/1557/2250
f 1041/1559/2240 1040/1468/2084 1030/1557/2250 1015/1562/2251
s 10
f 1011/1561/2252 1042/1554/2206 1041/1559/2218 1015/1562/2253
f 1000/1594/2254 1043/1593/2207 1042/1554/2206 1011/1561/2252
s 3
f 1044/1477/2093 1043/1476/2092 1000/1537/2175 1001/1536/2174
f 1045/1481/2097 1044/1477/2093 1001/1536/2174 1002/1540/2178
f 1046/1485/2101 1045/1481/2097 1002/1540/2178 1003/1542/2180
s 4
f 1047/1492/2108 1046/1485/2227 1003/1542/2228 1023/1545/2183
f 1048/1493/2109 1047/1492/2108 1023/1545/2183 1004/1544/2182
f 1049/1563/2113 1048/1493/2109 1004/1544/2182 1005/1564/2186
f 1050/1501/2117 1049/1497/2113 1005/1546/2186 1006/1547/2188
s 5
f 1051/1505/2125 1050/1501/2124 1006/1547/2191 1007/1548/2190
f 1052/1509/2129 1051/1505/2125 1007/1548/2190 1008/1549/2194
f 1035/1457/2133 1052/1509/2129 1008/1549/2194 997/1533/2196
